group,label,note,overrides,policy,seed,N,M,R,complete,green,makespan_h,green_per_h,steady_green_per_h,lat_p50_min,lat_p95_min,lat_mean_min,busy_pct,rework_pct,blocked_pct,idle_pct,busy_agent_h,rework_agent_h,blocked_agent_h,idle_agent_h,idle_placement_agent_h,idle_paused_agent_h,ci_min,ci_util_pct,ci_runs,ci_aborted,ci_max_busy,conflicts,dissolved,reds,culprits,false_blames,fixes,overlap_starts,max_red_age_min,mean_red_age_min,green_staleness_min,green_gap_max_min,paused_min,max_open_reds,bisect_rounds,cancelled_units,searches,search_runs,suspect_hits,val_runs,events,stop_reason,wall_s
main,batched-aimd,,{},batched-aimd,2,1000,10000,100,True,10000,1176.274,8.5014,8.4578,7042.171,7304.299,6613.601,0.36,0.24,93.47,5.93,4278.23,2778.7,1099488.06,69729.03,12400.7,0.0,1304756.7,18.49,135607,47285,20,14968,3187,43228,4627,151,4627,0,0.0,0.0,10.6,101.85,0.0,0,1789,120215,0,0,0,0,165353,,3.3
main,batched-aimd,,{},batched-aimd,0,1000,10000,100,True,10000,1170.2191,8.5454,8.4947,6959.164,7378.365,6586.814,0.36,0.25,93.57,5.82,4259.32,2877.75,1094924.62,68157.43,13289.81,0.0,1297041.1,18.47,134556,45894,20,16079,3326,43706,4607,143,4607,0,0.0,0.0,10.39,67.69,0.0,0,1766,119289,0,0,0,0,165385,,3.45
main,batched-aimd,,{},batched-aimd,1,1000,10000,100,True,10000,1186.5648,8.4277,8.4462,7092.861,7305.954,6675.734,0.36,0.24,93.53,5.87,4291.95,2876.1,1109746.3,69650.47,12028.75,0.0,1316456.6,18.49,136785,47379,20,15624,3208,44348,4705,154,4705,0,0.0,0.0,10.16,65.43,0.0,0,1764,121218,0,0,0,0,167268,,3.45
fair,beanstalk quarantine,,"{""green_mode"": ""quarantine""}",beanstalk,1,1000,10000,100,True,10000,94.0978,106.2724,109.9846,453.179,1154.324,525.239,4.56,5.7,0.81,88.93,4291.95,5365.05,759.14,83681.67,45.66,83439.76,194436.7,34.44,19344,0,100,23268,2263,4503,9443,187,9443,9824,656.89,181.72,46.68,297.16,5350.5,765,0,0,2860,13537,6879,5807,72046,,13.29
fair,beanstalk-noplace quarantine,,"{""green_mode"": ""quarantine""}",beanstalk-noplace,0,1000,10000,100,True,10000,93.3092,107.1706,110.9707,454.688,1350.609,574.973,4.56,5.77,0.99,88.67,4259.32,5387.75,927.68,82734.41,126.12,82131.65,202532.1,36.18,20159,0,100,23864,2214,4554,9842,255,9842,0,776.53,201.44,52.22,462.67,5344.3,1028,0,0,3076,14659,7078,5500,73918,,9.89
fair,beanstalk quarantine,,"{""green_mode"": ""quarantine""}",beanstalk,0,1000,10000,100,True,10000,95.6076,104.5941,107.0741,449.343,1029.235,488.995,4.45,5.09,0.59,89.86,4259.32,4869.06,563.55,85915.72,821.51,84281.4,201975.6,35.21,20093,0,100,20838,1937,4588,8683,199,8683,9818,501.38,173.34,38.95,235.61,5403.5,533,0,0,2724,14017,6253,6076,70300,,13.9
fair,beanstalk no-budget,,"{""budget"": false}",beanstalk,2,1000,10000,100,True,10000,78.3127,127.6932,,4340.342,4678.584,4327.197,5.46,16.83,8.23,69.47,4278.23,13183.71,6444.23,54406.56,2144.79,0.0,433041.6,92.16,43100,0,100,66703,3440,406,11391,764,11391,9983,3360.76,709.68,2335.11,4684.45,0.0,3629,0,0,3663,42687,8492,413,138551,,14.22
qsem,beanstalk quarantine,,"{""green_mode"": ""quarantine"", ""q_sem"": 0.2}",beanstalk,0,100,1000,10,True,1000,106.4947,9.3901,10.0029,648.397,1966.146,808.064,3.8,6.84,0.16,89.2,404.84,728.78,17.02,9498.82,8.43,9436.13,54711.1,85.62,5428,0,10,869,94,737,2688,77,2688,844,681.92,158.98,70.64,381.16,6069.5,120,0,0,851,4370,1924,1058,14110,,0.57
qsem,beanstalk quarantine,,"{""green_mode"": ""quarantine"", ""q_sem"": 0.2}",beanstalk,1,100,1000,10,True,1000,128.4219,7.7868,8.3451,1226.988,2951.155,1281.04,3.2,6.32,0.15,90.33,410.92,812.05,18.85,11600.36,6.32,11486.08,62211.4,80.74,6194,0,10,795,76,543,3090,94,3090,880,1038.4,233.92,86.49,424.88,7361.4,172,0,0,987,5212,2214,982,15379,,0.59
qsem,beanstalk quarantine,,"{""green_mode"": ""quarantine"", ""q_sem"": 0.2}",beanstalk,2,100,1000,10,True,1000,130.5961,7.6572,8.8418,757.731,2860.765,1016.903,3.34,6.58,0.14,89.94,435.97,859.02,18.27,11746.35,5.4,11593.68,56992.0,72.73,5669,0,10,725,110,664,3085,92,3085,838,921.66,196.29,71.47,471.87,7541.9,203,0,0,989,4600,2201,1069,14792,,0.71
fair,beanstalk no-budget,,"{""budget"": false}",beanstalk,1,1000,10000,100,True,10000,89.8539,111.2917,,5079.123,5372.289,4998.027,4.78,15.78,7.67,71.77,4291.95,14180.77,6896.06,64485.15,2170.89,0.0,465271.1,86.3,46288,0,100,71572,3353,621,12368,835,12368,9983,3461.43,713.46,2695.62,5391.24,0.0,3725,0,0,3977,45666,9226,622,148061,,15.48
fair,beanstalk no-budget,,"{""budget"": false}",beanstalk,0,1000,10000,100,True,10000,82.1407,121.7424,,4565.155,4909.533,4516.512,5.19,17.67,8.14,69.01,4259.32,14513.43,6682.73,56685.19,2156.85,0.0,451664.3,91.64,44922,0,100,72515,3671,526,12416,743,12416,9989,3324.5,675.33,2450.8,4914.99,0.0,3111,0,0,3877,44394,9282,528,147923,,16.37
main,batched k=4,,{},batched,2,1000,10000,100,True,10000,2429.9983,4.1152,4.098,14565.139,15375.785,13681.603,0.18,0.11,93.72,5.99,4278.23,2767.59,2277499.55,145452.88,28375.61,0.0,2728782.3,18.72,280088,119471,20,15131,3165,139215,4572,47,4572,0,0.0,0.0,20.81,148.57,0.0,0,9320,260987,0,0,0,0,309838,,18.99
main,batched k=4,,{},batched,1,1000,10000,100,True,10000,2483.1369,4.0272,4.057,14765.464,15788.202,13996.014,0.17,0.11,93.83,5.89,4291.95,2828.8,2329840.15,146175.97,25350.12,0.0,2791580.7,18.74,286428,121499,20,15604,3138,143990,4657,58,4657,0,0.0,0.0,20.32,158.99,0.0,0,9528,266935,0,0,0,0,316747,,19.59
main,batched-aimd,,{},batched-aimd,0,500,5000,50,True,5000,592.9922,8.4318,8.3727,3536.366,3804.398,3342.79,0.72,0.44,93.51,5.33,2131.67,1305.41,277260.46,15798.56,2460.94,0.0,655255.4,36.83,67968,23250,20,6883,1302,22244,2300,87,2300,0,0.0,0.0,10.61,70.54,0.0,0,913,60267,0,0,0,0,82238,,3.31
main,batched k=4,,{},batched,0,1000,10000,100,True,10000,2431.3733,4.1129,4.0985,14413.551,15542.483,13691.011,0.18,0.12,93.73,5.98,4259.32,2893.99,2278941.16,145278.83,30102.05,0.0,2730491.2,18.72,280051,118104,20,16288,3273,139387,4570,51,4570,0,0.0,0.0,20.63,189.91,0.0,0,9319,260938,0,0,0,0,310960,,19.95
main,batched-aimd,,{},batched-aimd,1,500,5000,50,True,5000,595.1923,8.4006,8.3254,3566.943,3727.04,3357.631,0.72,0.42,93.6,5.26,2133.27,1247.26,278555.29,15660.35,2137.23,0.0,660504.5,36.99,68529,23685,20,6446,1219,22391,2358,78,2358,0,0.0,0.0,10.26,73.55,0.0,0,884,60788,0,0,0,0,82411,,2.86
fair,beanstalk quarantine,,"{""green_mode"": ""quarantine""}",beanstalk,2,1000,10000,100,True,10000,86.5824,115.4969,117.372,497.791,1241.943,571.338,4.94,6.0,0.99,88.06,4278.23,5198.92,860.21,76245.03,26.05,76112.0,174890.2,33.67,17422,0,100,22485,2251,4030,9340,173,9340,9834,786.6,205.95,36.83,262.95,5014.0,1093,0,0,2890,11639,6684,5783,69007,,22.0
qsem,beanstalk quarantine,,"{""green_mode"": ""quarantine"", ""q_sem"": 0.1}",beanstalk,0,100,1000,10,True,1000,62.1741,16.0839,15.7787,459.135,1160.86,533.376,6.51,6.54,0.19,86.76,404.84,406.54,11.87,5394.16,12.02,5334.66,32088.9,86.02,3189,0,10,623,69,422,1514,47,1514,868,621.62,145.29,61.07,269.14,3483.0,88,0,0,488,2550,1081,639,9147,,0.39
main,batched-aimd,,{},batched-aimd,2,500,5000,50,True,5000,599.5094,8.3402,8.2944,3591.33,3793.745,3373.303,0.71,0.42,93.36,5.51,2122.33,1253.27,279855.29,16523.83,2843.61,0.0,663972.1,36.92,68959,23679,20,6333,1208,22763,2389,67,2389,0,0.0,0.0,10.09,64.14,0.0,0,886,61173,0,0,0,0,82748,,3.03
qsem,beanstalk quarantine,,"{""green_mode"": ""quarantine"", ""q_sem"": 0.1}",beanstalk,1,100,1000,10,True,1000,72.726,13.7502,15.2524,519.106,1869.824,650.785,5.65,7.02,0.19,87.14,410.92,510.63,13.5,6337.55,5.54,6211.76,35896.7,82.26,3570,0,10,667,55,534,1838,48,1838,834,932.53,160.55,83.94,492.65,4057.0,144,0,0,559,2786,1333,784,10154,,0.52
qsem,beanstalk quarantine,,"{""green_mode"": ""quarantine"", ""q_sem"": 0.1}",beanstalk,2,100,1000,10,True,1000,76.0079,13.1565,17.6015,348.215,1301.808,470.019,5.74,7.38,0.17,86.71,435.97,560.94,12.95,6590.93,2.49,6504.78,27731.9,60.81,2768,0,10,502,88,603,1924,32,1924,862,518.89,134.13,44.45,369.63,4270.2,126,0,0,615,1756,1350,1012,9261,,0.54
fair,beanstalk-noplace quarantine,,"{""green_mode"": ""quarantine""}",beanstalk-noplace,2,1000,10000,100,True,10000,88.3824,113.1448,113.554,457.164,1033.972,534.38,4.84,5.57,0.89,88.69,4278.23,4927.08,787.06,78389.97,40.07,78227.07,169888.9,32.04,16916,0,100,21491,2342,4429,9053,173,9053,0,629.44,201.88,41.98,289.84,5086.3,777,0,0,2799,11078,6489,5838,67133,,9.89
main,serial,,{},serial,0,1000,10000,100,True,10000,2271.4199,4.4025,4.3964,13578.562,13852.435,12828.494,0.19,0.07,94.06,5.68,4259.32,1650.73,2136431.55,129078.29,15710.17,0.0,136280.5,1.0,13300,0,1,8322,2260,3300,3096,204,3096,0,0.0,0.0,8.52,65.02,0.0,0,0,0,0,0,0,0,34922,,1.65
fair,beanstalk-noplace quarantine,,"{""green_mode"": ""quarantine""}",beanstalk-noplace,1,1000,10000,100,True,10000,83.1529,120.2604,130.8311,428.889,1284.941,569.64,5.16,7.12,1.33,86.39,4291.95,5918.17,1109.51,71833.25,54.81,71532.0,169390.7,33.95,16853,0,100,25206,2592,3934,11094,181,11094,0,663.23,199.41,41.21,314.56,4813.3,1060,0,0,3411,11551,7919,5302,72968,,11.42
main,serial,,{},serial,2,1000,10000,100,True,10000,2284.4608,4.3774,4.3882,13659.82,13887.183,12881.971,0.19,0.07,93.91,5.83,4278.23,1654.44,2145340.67,133187.43,14776.87,0.0,137006.1,1.0,13393,0,1,8183,2259,3393,3198,195,3198,0,0.0,0.0,8.58,76.97,0.0,0,0,0,0,0,0,0,34969,,1.48
main,serial,,{},serial,1,1000,10000,100,True,10000,2288.4512,4.3698,4.3861,13631.289,13958.744,12915.419,0.19,0.07,93.99,5.75,4291.95,1663.26,2150906.49,131589.5,14454.1,0.0,137289.3,1.0,13430,0,1,8229,2197,3430,3214,216,3214,0,0.0,0.0,8.64,79.45,0.0,0,0,0,0,0,0,0,35089,,1.76
main,batched k=4,,{},batched,0,500,5000,50,True,5000,1240.8533,4.0295,3.9486,7460.21,8285.415,7071.198,0.34,0.22,94.76,4.68,2131.67,1357.09,587909.39,29028.51,6565.56,0.0,1390065.9,37.34,142500,59892,20,7344,1351,71901,2327,29,2327,0,0.0,0.0,20.54,140.49,0.0,0,4746,132775,0,0,0,0,157200,,11.0
main,batched k=4,,{},batched,2,500,5000,50,True,5000,1275.3161,3.9206,3.8935,7671.43,8180.237,7203.846,0.33,0.21,93.94,5.52,2122.33,1323.21,598997.27,35215.23,6778.6,0.0,1427960.4,37.32,146602,62154,20,6867,1293,74464,2398,29,2398,0,0.0,0.0,20.34,139.39,0.0,0,4891,136617,0,0,0,0,160896,,11.18
main,batched k=4,,{},batched,1,500,5000,50,True,5000,1255.7061,3.9818,3.9312,7473.572,8349.754,7129.891,0.34,0.21,94.43,5.03,2133.27,1306.99,592850.62,31562.17,5401.2,0.0,1406304.6,37.33,144216,61028,20,6943,1276,73163,2368,18,2368,0,0.0,0.0,20.48,139.88,0.0,0,4808,134379,0,0,0,0,158545,,11.65
main,beanstalk-noplace,,{},beanstalk-noplace,0,1000,10000,100,True,10000,75.552,132.3592,126.6139,737.142,2226.756,1037.388,5.64,7.58,1.03,85.75,4259.32,5728.37,779.77,64784.54,195.13,63786.15,202081.1,44.58,20131,0,100,26780,2084,3781,8851,327,8851,0,490.17,55.03,736.66,2231.27,4287.5,365,0,0,2708,16331,6470,3800,76098,,4.59
main,beanstalk-noplace,,{},beanstalk-noplace,1,1000,10000,100,True,10000,70.0927,142.6682,213.2752,1351.861,2241.485,1279.296,6.12,7.86,0.99,85.02,4291.95,5512.34,694.29,59594.11,62.5,59292.64,191279.7,45.48,19030,0,100,25684,2160,4123,8601,292,8601,0,453.77,52.78,994.22,2244.97,4019.9,351,0,0,2644,14897,6249,4133,73415,,5.1
main,batched+place,,{},batched+place,2,1000,10000,100,True,10000,2450.2351,4.0812,4.0463,14783.737,15507.345,13864.904,0.17,0.11,94.2,5.52,4278.23,2742.08,2308075.32,135139.42,29629.44,0.0,2750638.2,18.71,282065,118887,20,15007,3189,141218,4593,58,4593,9982,0.0,0.0,20.54,166.91,0.0,0,9392,262798,0,0,0,0,311723,,31.01
main,beanstalk-noplace,,{},beanstalk-noplace,2,1000,10000,100,True,10000,73.0474,136.8974,167.9879,623.537,1420.002,734.733,5.86,7.18,0.93,86.03,4278.23,5247.9,676.76,62844.51,309.85,61861.02,188080.9,42.91,18700,0,100,24403,2061,3945,8249,256,8249,0,503.49,53.77,476.46,1425.85,4116.1,367,0,0,2568,14720,5938,3980,71224,,4.7
queue,batched k=1,,"{""batch_k"": 1}",batched,0,1000,10000,100,True,10000,716.749,13.9519,13.8475,4239.566,4640.907,4029.776,0.59,0.28,93.42,5.7,4259.32,2028.27,669601.0,40860.39,8281.26,0.0,786139.5,18.28,83146,24246,20,10505,2525,19659,3702,203,3702,0,0.0,0.0,7.48,62.49,0.0,0,0,69241,0,0,0,0,107556,,4.94
main,batched+place,,{},batched+place,1,1000,10000,100,True,10000,2469.712,4.0491,4.0744,14664.643,15846.465,13932.019,0.17,0.12,93.9,5.81,4291.95,2841.89,2319161.28,143416.85,26891.1,0.0,2772545.9,18.71,284404,120031,20,15675,3250,142437,4646,44,4646,9983,0.0,0.0,20.27,160.95,0.0,0,9461,264986,0,0,0,0,314769,,31.95
main,batched+place,,{},batched+place,0,1000,10000,100,True,10000,2456.7685,4.0704,4.0288,14677.855,16067.855,13894.306,0.17,0.12,94.14,5.57,4259.32,2884.01,2312833.6,136791.61,28214.7,0.0,2756684.8,18.7,282648,119617,20,16234,3344,140863,4624,44,4624,9989,0.0,0.0,20.5,155.57,0.0,0,9412,263363,0,0,0,0,313550,,32.62
queue,batched k=1,,"{""batch_k"": 1}",batched,1,1000,10000,100,True,10000,735.4529,13.5971,13.7323,4349.719,4610.737,4122.465,0.58,0.28,93.14,5.99,4291.95,2040.38,685037.14,44083.39,7744.24,0.0,805745.7,18.26,85007,24844,20,10284,2415,20522,3789,215,3789,0,0.0,0.0,7.43,53.11,0.0,0,0,71003,0,0,0,0,109295,,3.63
queue,batched k=1,,"{""batch_k"": 1}",batched,2,1000,10000,100,True,10000,732.2859,13.6559,13.6803,4336.186,4597.899,4101.014,0.58,0.27,93.06,6.08,4278.23,2003.52,681498.73,44505.43,8177.9,0.0,802071.8,18.25,84658,25260,20,10053,2478,20053,3774,217,3774,0,0.0,0.0,7.49,62.21,0.0,0,0,70667,0,0,0,0,108702,,3.84
main,batched+place,,{},batched+place,0,500,5000,50,True,5000,1257.9176,3.9748,3.9009,7493.927,8392.003,7169.844,0.34,0.22,94.78,4.66,2131.67,1359.57,596127.42,29340.13,5154.32,0.0,1407797.1,37.3,144413,61389,20,7231,1318,73257,2368,26,2368,4989,0.0,0.0,20.67,194.91,0.0,0,4818,134552,0,0,0,0,159038,,15.4
main,batched+place,,{},batched+place,1,500,5000,50,True,5000,1283.4685,3.8957,3.8214,7818.716,8374.857,7345.059,0.33,0.2,95.18,4.29,2133.27,1296.06,610792.18,27512.75,5769.67,0.0,1440955.4,37.42,147800,62892,20,6795,1239,74086,2404,32,2404,4985,0.0,0.0,20.65,157.12,0.0,0,4921,137755,0,0,0,0,162031,,15.59
qsem,beanstalk,,"{""q_sem"": 0.2}",beanstalk,0,100,1000,10,True,1000,156.7394,6.38,,6462.389,9384.007,5812.421,2.58,7.84,0.13,89.45,404.84,1228.56,20.13,14020.4,20.12,13983.16,64071.4,68.13,6382,0,10,787,81,2119,3879,95,3879,856,497.32,67.0,4686.06,9388.22,9169.3,93,0,0,1205,4258,2769,2124,17420,,1.08
fair,batched k=1 released,,"{""batch_k"": 1, ""queue_agents"": ""released""}",batched,0,1000,10000,100,True,10000,687.9492,14.536,14.7259,17552.587,33538.616,17719.355,0.62,0.33,0.0,99.05,4259.32,2292.56,0.0,681397.37,0.0,0.0,751624.7,18.21,79522,22992,20,12746,4464,17858,3537,192,3537,0,0.0,0.0,7.56,63.92,0.0,0,0,65793,0,0,0,0,105997,,4.29
qsem,beanstalk,,"{""q_sem"": 0.2}",beanstalk,1,100,1000,10,True,1000,139.1868,7.1846,,4994.712,8332.358,4893.226,2.95,7.52,0.13,89.39,410.92,1047.04,18.72,12442.0,20.43,12332.4,60402.2,72.33,6008,0,10,641,84,1726,3578,89,3578,853,1144.45,72.38,4161.76,8337.34,8242.9,113,0,0,1087,4279,2580,1729,16114,,1.15
qsem,beanstalk-noplace,,"{""q_sem"": 0.2}",beanstalk-noplace,0,100,1000,10,True,1000,115.5127,8.6571,,3765.011,6912.102,3971.979,3.5,7.88,0.15,88.46,404.84,910.43,17.79,10218.2,12.91,10177.49,55214.5,79.67,5490,0,10,845,74,1331,3056,81,3056,0,624.34,77.43,3452.14,6917.5,6783.0,107,0,0,995,4156,2142,1334,14972,,0.42
qsem,beanstalk,,"{""q_sem"": 0.2}",beanstalk,2,100,1000,10,True,1000,139.0686,7.1907,,4700.683,8327.291,4759.896,3.13,7.73,0.12,89.01,435.97,1074.99,17.37,12378.53,8.42,12327.21,56493.2,67.7,5618,0,10,580,111,1336,3233,93,3233,866,536.15,90.87,4158.1,8330.14,8087.8,118,0,0,980,4279,2346,1339,14915,,0.9
qsem,beanstalk-noplace,,"{""q_sem"": 0.2}",beanstalk-noplace,2,100,1000,10,True,1000,131.9913,7.5763,,5215.704,7902.23,4700.094,3.3,7.17,0.13,89.4,435.97,946.11,16.94,11800.11,26.78,11567.67,54035.5,68.23,5374,0,10,560,94,1331,3117,83,3117,0,544.26,82.21,3941.91,7901.62,7514.6,118,0,0,960,4038,2240,1336,14425,,0.31
main,beanstalk,,{},beanstalk,2,1000,10000,100,True,10000,69.0165,144.8928,267.1722,834.224,1939.679,930.771,6.2,7.7,1.06,85.04,4278.23,5315.64,729.57,58693.1,127.88,57940.04,200127.4,48.33,19902,0,100,24384,2072,3553,8380,313,8380,9844,532.41,56.93,660.58,1945.55,3877.0,382,0,0,2623,16328,6070,3574,72508,,11.78
qsem,beanstalk-noplace,,"{""q_sem"": 0.2}",beanstalk-noplace,1,100,1000,10,True,1000,122.8684,8.1388,,3484.017,7234.687,3680.702,3.34,7.55,0.14,88.96,410.92,928.03,17.49,10930.39,11.2,10913.62,56520.2,76.67,5623,0,10,671,84,1441,3194,88,3194,0,482.62,79.7,3557.59,7241.54,7159.0,117,0,0,972,4178,2310,1445,15035,,0.41
qsem,beanstalk quarantine,,"{""green_mode"": ""quarantine"", ""q_sem"": 0.05}",beanstalk,0,100,1000,10,True,1000,41.7355,23.9604,25.2629,319.326,469.068,308.737,9.7,5.58,0.21,84.51,404.84,232.81,8.7,3527.18,7.86,3489.58,20502.7,81.88,2040,0,10,443,34,363,830,33,830,883,371.24,106.2,35.13,175.12,2270.6,68,0,0,270,1517,596,523,6322,,0.34
qsem,beanstalk quarantine,,"{""green_mode"": ""quarantine"", ""q_sem"": 0.05}",beanstalk,1,100,1000,10,True,1000,38.5061,25.9699,24.9312,283.659,419.762,265.443,10.67,5.59,0.22,83.51,410.92,215.38,8.51,3215.8,9.31,3185.27,18889.6,81.76,1881,0,10,389,47,341,829,22,829,874,379.25,88.41,32.91,162.35,2103.5,52,0,0,264,1388,594,493,6066,,0.48
qsem,beanstalk quarantine,,"{""green_mode"": ""quarantine"", ""q_sem"": 0.05}",beanstalk,2,100,1000,10,True,1000,43.6883,22.8894,25.5842,265.873,500.651,257.836,9.98,5.78,0.19,84.05,435.97,252.64,8.21,3672.0,8.44,3613.62,18613.7,71.01,1860,0,10,314,47,496,875,21,875,860,321.01,96.88,29.55,142.5,2355.8,59,0,0,284,1154,619,706,6027,,0.43
main,serial,,{},serial,0,500,5000,50,True,5000,1165.7417,4.2891,4.2817,6998.904,7219.195,6582.155,0.37,0.13,93.97,5.53,2131.67,782.71,547730.23,32226.25,3022.88,0.0,69908.5,2.0,6837,0,1,3522,877,1837,1732,105,1732,0,0.0,0.0,8.79,73.91,0.0,0,0,0,0,0,0,0,17196,,0.55
fair,batched k=1 released,,"{""batch_k"": 1, ""queue_agents"": ""released""}",batched,1,1000,10000,100,True,10000,705.6302,14.1717,14.1232,17923.804,34622.2,18106.218,0.61,0.33,0.0,99.06,4291.95,2313.5,0.0,699024.79,0.0,0.0,772579.1,18.25,81668,23977,20,12400,4501,18582,3633,206,3633,0,0.0,0.0,7.35,50.8,0.0,0,0,67829,0,0,0,0,107907,,4.55
main,batched+place,,{},batched+place,2,500,5000,50,True,5000,1233.7146,4.0528,4.0899,7351.445,7997.777,6939.46,0.34,0.21,93.54,5.91,2122.33,1281.74,577006.58,36446.64,6917.21,0.0,1378890.8,37.26,141473,60145,20,6735,1316,70656,2325,23,2325,4979,0.0,0.0,20.27,148.24,0.0,0,4729,131787,0,0,0,0,155556,,15.32
main,serial,,{},serial,2,500,5000,50,True,5000,1176.3855,4.2503,4.2384,7041.83,7182.328,6646.322,0.36,0.13,94.03,5.48,2122.33,770.72,553089.42,32210.26,3495.05,0.0,70574.5,2.0,6899,0,1,3410,830,1899,1795,104,1795,0,0.0,0.0,8.91,62.77,0.0,0,0,0,0,0,0,0,17208,,0.59
fair,batched k=1 released,,"{""batch_k"": 1, ""queue_agents"": ""released""}",batched,2,1000,10000,100,True,10000,682.8424,14.6447,14.7051,18165.361,33656.819,17904.693,0.63,0.33,0.0,99.04,4278.23,2250.07,0.0,676314.07,0.0,0.0,747065.0,18.23,79051,23002,20,12174,4218,17720,3504,199,3504,0,0.0,0.0,7.28,44.21,0.0,0,0,65348,0,0,0,0,104928,,4.08
main,serial,,{},serial,1,500,5000,50,True,5000,1178.3189,4.2433,4.2287,7023.477,7265.922,6661.922,0.36,0.13,94.1,5.41,2133.27,775.0,554385.19,31865.97,3272.59,0.0,70695.8,2.0,6914,0,1,3441,809,1914,1803,111,1803,0,0.0,0.0,9.08,63.87,0.0,0,0,0,0,0,0,0,17269,,0.66
main,beanstalk,,{},beanstalk,0,1000,10000,100,True,10000,75.1788,133.0162,160.4457,1032.021,2398.777,1249.476,5.67,7.55,0.91,85.88,4259.32,5672.66,685.65,64561.16,114.97,64123.28,195924.5,43.44,19483,0,100,26051,2050,4072,8827,287,8827,9821,464.97,53.65,921.94,2402.54,4315.7,356,0,0,2697,15401,6417,4082,74753,,13.27
main,beanstalk,,{},beanstalk,1,1000,10000,100,True,10000,72.3126,138.2885,,1644.98,3664.476,1835.086,5.94,7.68,0.92,85.46,4291.95,5553.4,665.62,61801.63,87.23,61461.66,197993.9,45.63,19676,0,100,25247,2152,4060,8831,315,8831,9799,398.14,53.79,1593.74,3683.43,4147.0,379,0,0,2737,15606,6409,4070,73971,,13.14
main,beanstalk-noplace,,{},beanstalk-noplace,2,500,5000,50,True,5000,43.5645,114.7723,190.2695,626.084,1260.791,656.275,9.74,7.75,0.43,82.08,2122.33,1688.05,93.45,17878.42,21.7,17750.99,65002.3,49.74,6456,0,50,7149,609,2414,3017,94,3017,0,311.84,40.76,484.39,1277.81,2389.9,152,0,0,958,4023,2154,2433,27333,,0.94
main,beanstalk-noplace,,{},beanstalk-noplace,0,500,5000,50,True,5000,48.9857,102.0705,117.5203,806.661,2034.564,1010.031,8.7,7.16,0.37,83.77,2131.67,1753.57,90.45,20517.19,154.0,19820.84,63848.5,43.45,6355,0,50,7029,646,3074,3155,51,3155,0,305.64,37.31,821.26,2041.69,2751.0,127,0,0,955,3272,2251,3083,27562,,1.17
main,beanstalk-noplace,,{},beanstalk-noplace,1,500,5000,50,True,5000,43.3412,115.3637,,1261.225,2469.533,1368.205,9.84,7.74,0.42,82.0,2133.27,1677.37,90.15,17769.81,17.42,17704.19,66227.8,50.94,6600,0,50,6883,711,2687,3105,79,3105,0,372.99,40.03,1176.96,2473.48,2393.6,136,0,0,955,3888,2229,2712,27557,,1.24
queue,batched k=1,,"{""batch_k"": 1}",batched,0,500,5000,50,True,5000,376.3735,13.2847,13.128,2219.312,2494.421,2113.761,1.13,0.5,93.1,5.27,2131.67,949.95,175196.79,9908.36,1466.08,0.0,411676.4,36.46,43396,12810,20,4507,996,10848,1971,77,1971,0,0.0,0.0,7.55,69.92,0.0,0,0,36348,0,0,0,0,54951,,1.64
queue,batched k=1,,"{""batch_k"": 1}",batched,1,500,5000,50,True,5000,391.3262,12.7771,12.7095,2292.896,2557.643,2201.877,1.09,0.47,93.31,5.13,2133.27,922.18,182567.61,10040.06,2158.11,0.0,428468.4,36.5,44884,12890,20,4350,920,11697,2038,88,2038,0,0.0,0.0,7.44,50.64,0.0,0,0,37758,0,0,0,0,56360,,1.88
queue,batched k=1,,"{""batch_k"": 1}",batched,2,500,5000,50,True,5000,394.092,12.6874,12.6697,2347.12,2475.497,2205.737,1.08,0.47,92.81,5.64,2122.33,931.79,182879.59,11112.31,2114.55,0.0,430908.4,36.45,45347,13069,20,4266,933,11805,2036,107,2036,0,0.0,0.0,7.53,43.74,0.0,0,0,38204,0,0,0,0,56756,,1.75
main,beanstalk,,{},beanstalk,0,500,5000,50,True,5000,46.5204,107.4797,100.9565,678.444,1219.479,746.778,9.16,7.57,0.41,82.86,2131.67,1759.69,95.49,19273.34,15.15,19195.49,61074.3,43.76,6076,0,50,7360,702,2674,3113,68,3113,4799,329.25,37.33,530.53,1223.87,2577.9,114,0,0,894,3389,2287,2687,27337,,3.5
main,beanstalk,,{},beanstalk,2,500,5000,50,True,5000,43.0553,116.1296,109.4731,638.722,1267.111,680.542,9.86,7.83,0.43,81.89,2122.33,1684.73,92.16,17628.45,38.85,17501.03,64081.1,49.61,6381,0,50,7032,733,2481,3028,77,3028,4838,284.06,40.14,494.35,1271.04,2367.7,132,0,0,922,3886,2183,2495,27104,,3.39
main,beanstalk,,{},beanstalk,1,500,5000,50,True,5000,45.166,110.7028,834.4517,928.576,2081.081,1058.342,9.45,7.63,0.41,82.52,2133.27,1722.63,92.11,18634.99,119.92,18179.62,65530.3,48.36,6519,0,50,6916,659,2735,3228,65,3228,4830,316.54,38.75,829.67,2084.05,2411.1,142,0,0,961,3773,2332,2746,27581,,3.76
place,beanstalk hard,file-oracle,"{""flag_clean"": 0.0451, ""flag_recall"": 1.0, ""placement_fallback"": ""wait""}",beanstalk,0,500,5000,50,True,5000,101.2009,49.4067,78.1933,789.594,2429.735,954.1,4.21,0.71,0.05,95.03,2131.67,361.46,23.36,48083.98,15684.19,30886.84,69639.6,22.94,6934,0,29,213,249,6345,1567,5,1567,0,103.89,26.58,894.23,2684.31,4331.3,17,0,0,451,555,1121,6379,20299,,2.67
place,beanstalk hard,file-oracle,"{""flag_clean"": 0.0451, ""flag_recall"": 1.0, ""placement_fallback"": ""wait""}",beanstalk,1,500,5000,50,True,5000,99.1469,50.4302,49.7715,712.319,2402.863,896.39,4.3,0.73,0.05,94.92,2133.27,361.96,23.38,47054.84,16344.9,29277.53,69107.0,23.23,6884,0,29,220,257,6296,1529,8,1529,0,192.49,26.73,813.53,2632.82,4085.6,19,0,0,436,551,1101,6333,20182,,2.45
place,beanstalk hard,file-oracle,"{""flag_clean"": 0.0451, ""flag_recall"": 1.0, ""placement_fallback"": ""wait""}",beanstalk,2,500,5000,50,True,5000,102.3029,48.8745,81.9058,1173.629,2520.954,1205.393,4.15,0.74,0.05,95.06,2122.33,379.01,23.59,48626.52,15411.05,32114.38,70242.8,22.89,6993,0,30,264,241,6338,1577,10,1577,0,113.65,27.2,1147.69,2649.16,4375.2,15,0,0,482,605,1108,6388,20479,,2.43
place,beanstalk soft,file-oracle,"{""flag_clean"": 0.0451, ""flag_recall"": 1.0, ""placement_fallback"": ""least-overlap""}",beanstalk,0,500,5000,50,True,5000,48.3674,103.3755,187.4189,698.57,1532.854,799.886,8.81,6.89,0.37,83.92,2131.67,1667.37,88.67,20295.96,86.08,19870.43,66151.6,45.59,6578,0,50,6634,708,2671,3276,87,3276,4689,318.43,38.69,585.45,1538.71,2649.3,126,0,0,988,3893,2375,2685,27581,,5.64
place,beanstalk soft,module-oracle,"{""flag_clean"": 0.7369, ""flag_recall"": 1.0, ""placement_fallback"": ""least-overlap""}",beanstalk,0,500,5000,50,True,5000,46.1081,108.4409,208.3976,909.466,1580.199,883.638,9.25,7.48,0.4,82.88,2131.67,1723.68,91.58,19107.11,105.78,18515.69,65466.5,47.33,6510,0,50,7046,684,2972,3238,55,3238,4973,311.3,37.36,693.92,1586.37,2545.8,150,0,0,945,3525,2348,2985,27838,,3.46
place,beanstalk hard,module-oracle,"{""flag_clean"": 0.7369, ""flag_recall"": 1.0, ""placement_fallback"": ""wait""}",beanstalk,0,500,5000,50,True,5000,566.0499,8.8331,8.8608,17.286,91.833,30.216,0.75,0.06,0.01,99.18,2131.67,179.57,18.6,280695.1,266997.17,2319.35,63487.6,3.74,6320,0,8,33,21,3411,983,5,983,0,95.56,23.81,23.5,248.99,458.2,4,0,0,327,331,703,5989,18354,,1.46
place,beanstalk soft,file-oracle,"{""flag_clean"": 0.0451, ""flag_recall"": 1.0, ""placement_fallback"": ""least-overlap""}",beanstalk,2,500,5000,50,True,5000,49.9275,100.1452,98.3861,1151.628,2429.86,1344.605,8.5,6.35,0.34,84.8,2122.33,1586.2,85.14,21170.08,92.0,20656.45,70116.5,46.81,6964,0,50,6284,723,2495,3167,89,3167,4647,328.85,43.46,1020.0,2438.76,2750.0,166,0,0,1019,4453,2237,2511,27411,,5.74
place,beanstalk soft,file-oracle,"{""flag_clean"": 0.0451, ""flag_recall"": 1.0, ""placement_fallback"": ""least-overlap""}",beanstalk,1,500,5000,50,True,5000,46.5331,107.4504,,1629.601,2553.068,1509.14,9.17,7.25,0.4,83.18,2133.27,1686.34,92.75,19354.19,76.31,19015.18,71748.6,51.4,7143,0,50,6939,728,2280,3281,90,3281,4679,290.97,44.94,1171.61,2555.69,2449.9,176,0,0,1014,4839,2357,2304,28246,,6.06
place,beanstalk hard,module-oracle,"{""flag_clean"": 0.7369, ""flag_recall"": 1.0, ""placement_fallback"": ""wait""}",beanstalk,1,500,5000,50,True,5000,570.0608,8.771,8.8102,16.667,81.411,28.896,0.75,0.06,0.01,99.18,2133.27,177.57,18.51,282701.06,268412.63,3134.09,62872.1,3.68,6265,0,8,27,18,3356,945,6,945,0,93.61,24.23,22.08,280.46,588.3,4,0,0,315,321,678,5944,18207,,1.33
place,beanstalk soft,module-oracle,"{""flag_clean"": 0.7369, ""flag_recall"": 1.0, ""placement_fallback"": ""least-overlap""}",beanstalk,1,500,5000,50,True,5000,44.5535,112.2247,302.6204,783.16,1789.55,910.461,9.58,7.53,0.41,82.48,2133.27,1677.06,92.09,18374.33,72.08,18087.88,65436.3,48.96,6510,0,50,6910,702,2602,3174,69,3174,4982,308.93,38.9,717.64,1792.88,2415.3,131,0,0,970,3894,2273,2616,27455,,3.21
place,beanstalk hard,module-oracle,"{""flag_clean"": 0.7369, ""flag_recall"": 1.0, ""placement_fallback"": ""wait""}",beanstalk,2,500,5000,50,True,5000,564.3193,8.8602,8.843,18.109,92.379,30.766,0.75,0.06,0.01,99.18,2122.33,177.64,18.64,279841.02,265087.44,3438.19,63965.3,3.78,6371,0,8,29,22,3474,987,3,987,0,93.13,23.85,24.16,303.99,624.5,4,0,0,365,369,689,6002,18405,,1.59
place,beanstalk soft,module-oracle,"{""flag_clean"": 0.7369, ""flag_recall"": 1.0, ""placement_fallback"": ""least-overlap""}",beanstalk,2,500,5000,50,True,5000,43.8881,113.9262,393.3455,862.492,2001.071,1058.383,9.67,7.38,0.4,82.55,2122.33,1618.93,87.05,18115.72,27.95,17773.89,63423.0,48.17,6316,0,50,6640,712,2743,2961,69,2961,4985,311.89,38.74,844.28,2018.84,2462.1,129,0,0,925,3568,2105,2748,26782,,3.32
place,beanstalk hard,module-level,"{""flag_clean"": 0.9033, ""flag_recall"": 0.9402, ""placement_fallback"": ""wait""}",beanstalk,0,500,5000,50,True,5000,916.0505,5.4582,5.5016,11.424,68.396,22.809,0.47,0.04,0.0,99.49,2131.67,186.96,18.53,455688.11,433807.85,3044.25,63593.8,2.31,6315,0,6,75,21,2555,944,6,944,0,99.61,24.07,19.06,238.35,376.8,3,0,0,340,340,678,5975,18357,,1.07
place,beanstalk hard,module-level,"{""flag_clean"": 0.9033, ""flag_recall"": 0.9402, ""placement_fallback"": ""wait""}",beanstalk,1,500,5000,50,True,5000,908.508,5.5035,5.5278,11.164,61.569,21.709,0.47,0.04,0.0,99.49,2133.27,176.87,18.38,451925.47,430354.3,1993.68,62919.8,2.31,6260,0,7,61,11,2419,909,4,909,0,89.37,23.84,17.95,203.18,243.5,4,0,0,320,320,660,5940,18204,,1.08
place,beanstalk hard,module-level,"{""flag_clean"": 0.9033, ""flag_recall"": 0.9402, ""placement_fallback"": ""wait""}",beanstalk,2,500,5000,50,True,5000,907.8308,5.5076,5.4515,11.377,65.031,22.396,0.47,0.04,0.0,99.49,2122.33,175.13,18.45,451599.47,429505.0,3882.01,63449.4,2.33,6318,0,6,59,9,2581,936,7,936,0,112.03,23.93,18.53,184.58,651.0,3,0,0,356,358,656,5960,18315,,0.95
place,beanstalk soft,module-level,"{""flag_clean"": 0.9033, ""flag_recall"": 0.9402, ""placement_fallback"": ""least-overlap""}",beanstalk,0,500,5000,50,True,5000,46.6569,107.1652,,1501.96,2781.251,1621.009,9.14,7.6,0.39,82.88,2131.67,1771.81,91.07,19333.92,92.86,18630.63,66192.1,47.29,6584,0,50,7020,651,2827,3148,86,3148,4992,305.57,39.32,1387.16,2786.81,2603.9,124,0,0,981,3753,2253,2831,27750,,3.14
place,beanstalk soft,module-level,"{""flag_clean"": 0.9033, ""flag_recall"": 0.9402, ""placement_fallback"": ""least-overlap""}",beanstalk,2,500,5000,50,True,5000,45.1782,110.6728,466.3052,964.769,2103.624,1085.93,9.4,6.88,0.38,83.35,2122.33,1553.63,85.62,18827.53,7.28,18778.93,63594.6,46.92,6324,0,50,6561,554,2806,2824,66,2824,4990,305.82,39.84,879.23,2121.36,2543.2,160,0,0,896,3512,1994,2812,26425,,2.89
place,beanstalk soft,module-level,"{""flag_clean"": 0.9033, ""flag_recall"": 0.9402, ""placement_fallback"": ""least-overlap""}",beanstalk,1,500,5000,50,True,5000,43.7333,114.3293,492.0506,835.708,1948.231,950.132,9.76,7.64,0.41,82.2,2133.27,1669.69,89.43,17974.27,26.35,17807.63,63238.3,48.2,6287,0,50,6857,676,2955,3068,70,3068,4996,254.94,37.2,774.21,1952.58,2364.8,123,0,0,929,3323,2209,2964,27180,,3.28
place,beanstalk hard,predicted,"{""flag_clean"": 0.1733, ""flag_recall"": 0.5812, ""placement_fallback"": ""wait""}",beanstalk,0,500,5000,50,True,5000,157.2709,31.7923,33.9549,223.673,1086.544,331.549,2.71,0.42,0.03,96.84,2131.67,331.23,21.68,76150.87,54935.86,18295.59,65856.3,13.96,6548,0,18,447,104,6022,1195,9,1195,0,163.98,26.06,299.27,1375.66,2866.4,7,0,0,347,391,857,6157,19797,,2.13
place,beanstalk hard,predicted,"{""flag_clean"": 0.1733, ""flag_recall"": 0.5812, ""placement_fallback"": ""wait""}",beanstalk,1,500,5000,50,True,5000,144.47,34.6093,36.4511,296.634,1313.227,394.617,2.95,0.47,0.03,96.55,2133.27,337.54,22.07,69742.11,49947.4,17067.31,66269.1,15.29,6577,0,19,508,117,6074,1236,8,1236,0,110.5,25.8,380.38,1752.61,2551.8,8,0,0,372,398,877,6179,20010,,1.91
place,beanstalk hard,predicted,"{""flag_clean"": 0.1733, ""flag_recall"": 0.5812, ""placement_fallback"": ""wait""}",beanstalk,2,500,5000,50,True,5000,144.6407,34.5684,33.9286,187.681,717.3,250.497,2.93,0.42,0.03,96.62,2122.33,303.77,21.64,69872.59,51109.03,16285.64,65785.9,15.16,6554,0,21,435,112,5966,1193,6,1193,0,143.07,25.11,230.64,1049.2,2412.3,8,0,0,362,402,838,6152,19765,,1.9
place,beanstalk soft,predicted,"{""flag_clean"": 0.1733, ""flag_recall"": 0.5812, ""placement_fallback"": ""least-overlap""}",beanstalk,0,500,5000,50,True,5000,46.5204,107.4797,100.9565,678.444,1219.479,746.778,9.16,7.57,0.41,82.86,2131.67,1759.69,95.49,19273.34,15.15,19195.49,61074.3,43.76,6076,0,50,7360,702,2674,3113,68,3113,4799,329.25,37.33,530.53,1223.87,2577.9,114,0,0,894,3389,2287,2687,27337,,4.26
place,beanstalk soft,predicted,"{""flag_clean"": 0.1733, ""flag_recall"": 0.5812, ""placement_fallback"": ""least-overlap""}",beanstalk,2,500,5000,50,True,5000,43.0553,116.1296,109.4731,638.722,1267.111,680.542,9.86,7.83,0.43,81.89,2122.33,1684.73,92.16,17628.45,38.85,17501.03,64081.1,49.61,6381,0,50,7032,733,2481,3028,77,3028,4838,284.06,40.14,494.35,1271.04,2367.7,132,0,0,922,3886,2183,2495,27104,,3.91
place,beanstalk soft,predicted,"{""flag_clean"": 0.1733, ""flag_recall"": 0.5812, ""placement_fallback"": ""least-overlap""}",beanstalk,1,500,5000,50,True,5000,45.166,110.7028,834.4517,928.576,2081.081,1058.342,9.45,7.63,0.41,82.52,2133.27,1722.63,92.11,18634.99,119.92,18179.62,65530.3,48.36,6519,0,50,6916,659,2735,3228,65,3228,4830,316.54,38.75,829.67,2084.05,2411.1,142,0,0,961,3773,2332,2746,27581,,4.02
qsem,beanstalk,,"{""q_sem"": 0.1}",beanstalk,0,100,1000,10,True,1000,69.0555,14.4811,16.2577,1340.337,2936.816,1554.01,5.86,6.4,0.18,87.56,404.84,442.25,12.14,6046.31,2.7,6011.77,31956.4,77.13,3181,0,10,596,57,588,1606,53,1606,877,602.22,85.07,1178.16,2940.61,3880.9,90,0,0,527,2576,1132,605,9250,,0.94
place,beanstalk hard,hot-file-rule,"{""flag_clean"": 0.02, ""flag_recall"": 0.3, ""placement_fallback"": ""wait""}",beanstalk,0,500,5000,50,True,5000,87.2943,57.2775,54.7659,545.568,1168.693,571.971,4.88,1.42,0.07,93.63,2131.67,617.98,29.89,40867.64,7888.47,31830.11,69740.6,26.63,6940,0,41,1415,252,6226,1687,11,1687,0,183.72,27.25,485.82,1302.62,4430.3,19,0,0,505,678,1194,6262,22534,,2.15
qsem,beanstalk,,"{""q_sem"": 0.1}",beanstalk,1,100,1000,10,True,1000,60.7203,16.469,,2279.71,3519.945,1970.418,6.77,6.65,0.19,86.39,410.92,403.56,11.76,5245.79,6.51,5200.33,31042.2,85.21,3089,0,10,509,56,559,1603,48,1603,861,443.05,79.54,1706.62,3524.92,3438.9,85,0,0,501,2525,1150,564,8992,,0.41
place,beanstalk soft,hot-file-rule,"{""flag_clean"": 0.02, ""flag_recall"": 0.3, ""placement_fallback"": ""least-overlap""}",beanstalk,0,500,5000,50,True,5000,46.0023,108.6903,,1556.541,2688.756,1612.581,9.27,7.45,0.38,82.9,2131.67,1713.76,88.28,19067.43,16.03,18948.4,63307.6,45.87,6303,0,50,6796,677,3253,3215,74,3215,4229,351.51,35.43,1315.31,2694.3,2548.4,111,0,0,957,3044,2332,3259,27403,,3.93
qsem,beanstalk-noplace,,"{""q_sem"": 0.1}",beanstalk-noplace,0,100,1000,10,True,1000,55.9772,17.8644,,1675.366,3339.97,1883.809,7.23,6.98,0.21,85.58,404.84,390.64,11.61,4790.62,3.1,4782.12,28774.6,85.67,2867,0,10,590,60,578,1484,42,1484,0,386.99,76.04,1666.1,3345.37,3202.5,86,0,0,491,2286,1035,581,8703,,0.15
qsem,beanstalk-noplace,,"{""q_sem"": 0.1}",beanstalk-noplace,1,100,1000,10,True,1000,57.5637,17.3721,,1990.634,3433.975,1948.856,7.14,7.18,0.2,85.48,410.92,413.38,11.3,4920.77,3.84,4891.43,28644.8,82.94,2854,0,10,504,58,554,1495,56,1495,0,437.19,79.07,1713.96,3440.83,3299.2,88,0,0,457,2297,1094,557,8563,,0.15
qsem,beanstalk-noplace,,"{""q_sem"": 0.1}",beanstalk-noplace,2,100,1000,10,True,1000,55.9129,17.885,17.3615,1239.223,2754.243,1405.472,7.8,6.12,0.19,85.9,435.97,342.2,10.43,4802.69,2.94,4783.7,27904.5,83.18,2781,0,10,408,80,436,1341,48,1341,0,427.2,90.09,1181.06,2755.33,3189.0,93,0,0,444,2334,945,447,8001,,0.11
qsem,beanstalk quarantine,,"{""green_mode"": ""quarantine"", ""q_sem"": 0.2}",beanstalk,1,20,200,2,True,200,40.8018,4.9017,6.1362,447.407,1284.528,497.843,11.46,15.21,0.25,73.08,93.56,124.1,2.05,596.34,0.55,561.99,4170.6,85.18,414,0,2,40,12,57,386,5,386,102,435.53,148.14,48.09,285.66,2150.6,38,0,0,120,256,275,158,1664,,0.05
qsem,beanstalk quarantine,,"{""green_mode"": ""quarantine"", ""q_sem"": 0.2}",beanstalk,0,20,200,2,True,200,40.3303,4.9591,4.8702,760.71,1211.719,732.183,9.63,6.16,0.18,84.03,77.71,49.72,1.42,677.77,1.0,648.43,4741.2,97.97,473,0,2,27,0,29,211,11,211,81,899.01,239.83,138.42,547.94,2181.3,42,0,0,79,402,144,71,1357,,0.06
qsem,beanstalk,,"{""q_sem"": 0.1}",beanstalk,2,100,1000,10,True,1000,60.4154,16.5521,,1944.358,3593.961,2063.065,7.22,6.37,0.18,86.23,435.97,385.05,10.84,5209.68,3.03,5205.29,29235.7,80.65,2911,0,10,401,66,465,1451,52,1451,865,350.18,90.3,1784.51,3596.81,3491.1,103,0,0,459,2442,1044,469,8337,,0.43
qsem,beanstalk quarantine,,"{""green_mode"": ""quarantine"", ""q_sem"": 0.2}",beanstalk,2,20,200,2,True,200,36.1303,5.5355,5.6659,475.734,1140.687,530.04,11.61,9.26,0.21,78.92,83.9,66.88,1.53,570.31,1.62,543.23,4034.8,93.06,404,0,2,31,4,42,247,10,247,99,727.37,194.98,144.88,691.54,1907.7,38,0,0,82,308,175,96,1366,,0.06
place,beanstalk hard,hot-file-rule,"{""flag_clean"": 0.02, ""flag_recall"": 0.3, ""placement_fallback"": ""wait""}",beanstalk,1,500,5000,50,True,5000,83.4107,59.9444,64.2608,468.622,1040.594,538.06,5.12,1.36,0.07,93.45,2133.27,567.62,29.28,38975.15,8226.03,29420.33,67602.5,27.02,6720,0,37,1348,248,6044,1546,15,1546,0,162.92,27.53,466.04,1251.38,4105.1,19,0,0,460,641,1101,6079,21871,,2.18
place,beanstalk soft,hot-file-rule,"{""flag_clean"": 0.02, ""flag_recall"": 0.3, ""placement_fallback"": ""least-overlap""}",beanstalk,1,500,5000,50,True,5000,44.7187,111.8101,156.1135,737.313,1525.831,736.293,9.54,7.19,0.39,82.88,2133.27,1607.87,87.62,18530.59,109.28,17962.18,70028.3,52.2,6964,0,50,6498,681,2477,3199,85,3199,4298,294.37,42.46,561.72,1536.96,2397.4,170,0,0,976,4472,2308,2492,27601,,3.7
place,beanstalk hard,hot-file-rule,"{""flag_clean"": 0.02, ""flag_recall"": 0.3, ""placement_fallback"": ""wait""}",beanstalk,2,500,5000,50,True,5000,82.4331,60.6553,245.5518,1100.687,3303.091,1429.733,5.15,1.37,0.07,93.41,2122.33,565.24,29.83,38499.14,8999.02,28695.8,68679.8,27.77,6838,0,40,1426,241,6150,1621,13,1621,0,151.95,26.86,1322.32,3464.38,4018.2,20,0,0,483,673,1151,6165,22301,,2.19
qsem,beanstalk,,"{""q_sem"": 0.05}",beanstalk,0,100,1000,10,True,1000,36.553,27.3575,55.0999,619.43,1299.968,731.941,11.08,6.28,0.24,82.4,404.84,229.69,8.82,3011.95,18.11,2915.95,18298.4,83.43,1815,0,10,465,42,368,836,26,836,873,294.58,71.29,558.21,1304.18,1979.9,62,0,0,291,1436,571,379,6127,,0.36
qsem,beanstalk-noplace,,"{""q_sem"": 0.05}",beanstalk-noplace,0,100,1000,10,True,1000,36.0904,27.7082,,1149.046,2146.762,1270.839,11.22,6.7,0.25,81.83,404.84,241.92,9.12,2953.16,19.35,2854.54,17565.9,81.12,1743,0,10,547,44,411,820,23,820,0,265.85,65.73,1069.52,2152.16,1939.2,64,0,0,289,1329,554,414,6185,,0.11
queue,batched-par k=1,,"{""batch_k"": 1}",batched-par,0,500,5000,50,True,5000,300.0695,16.6628,16.3758,1776.819,2149.169,1670.197,1.42,0.91,91.86,5.81,2131.67,1363.85,137819.27,8719.98,1277.53,0.0,506459.6,56.26,55624,21150,50,7143,1265,15332,2355,106,2355,0,0.0,0.0,6.06,70.92,0.0,0,0,48163,0,0,0,0,70228,,14.94
qsem,beanstalk-noplace,,"{""q_sem"": 0.05}",beanstalk-noplace,2,100,1000,10,True,1000,39.1912,25.5159,,1390.432,2332.704,1413.201,11.12,6.43,0.22,82.23,435.97,251.92,8.53,3222.71,6.64,3175.05,16539.8,70.34,1645,0,10,391,69,415,846,28,846,0,246.35,61.08,1155.29,2330.91,2049.6,59,0,0,267,1219,607,426,5862,,0.1
qsem,beanstalk,,"{""q_sem"": 0.05}",beanstalk,2,100,1000,10,True,1000,37.4719,26.6867,26.9216,438.169,976.984,532.539,11.63,5.94,0.22,82.21,435.97,222.52,8.26,3080.44,2.82,3058.81,16303.9,72.52,1629,0,10,321,45,405,835,28,835,871,280.94,57.52,381.65,976.92,2028.9,62,0,0,262,1201,601,428,5711,,0.36
qsem,beanstalk-noplace,,"{""q_sem"": 0.05}",beanstalk-noplace,1,100,1000,10,True,1000,38.366,26.0648,25.3274,597.424,950.191,612.131,10.71,6.13,0.23,82.93,410.92,235.32,8.81,3181.55,12.07,3081.39,16642.8,72.3,1656,0,10,456,46,414,839,32,839,0,282.93,58.92,418.93,954.3,1979.8,65,0,0,256,1234,615,422,5967,,0.2
qsem,beanstalk,,"{""q_sem"": 0.05}",beanstalk,1,100,1000,10,True,1000,38.3952,26.0449,,1392.222,2284.859,1376.718,10.7,6.5,0.25,82.55,410.92,249.52,9.46,3169.62,9.16,3128.85,19068.0,82.77,1902,0,10,505,44,397,912,25,912,872,406.29,71.46,1138.07,2289.84,2038.0,80,0,0,292,1502,645,400,6414,,0.53
main,batched-aimd,,{},batched-aimd,0,100,1000,10,True,1000,102.5882,9.7477,9.8951,576.879,677.086,547.412,3.95,1.31,87.63,7.12,404.84,133.89,8989.64,730.45,121.91,0.0,56092.0,91.13,5952,1987,10,606,65,1677,339,15,339,0,0.0,0.0,10.98,66.59,0.0,0,202,4585,0,0,0,0,7912,,0.24
main,batched-aimd,,{},batched-aimd,2,100,1000,10,True,1000,99.7722,10.0228,9.9158,566.081,685.153,534.674,4.37,1.17,88.15,6.31,435.97,116.73,8794.5,630.02,133.4,0.0,55308.8,92.39,5887,2072,10,446,65,1661,332,14,332,0,0.0,0.0,10.72,66.11,0.0,0,203,4544,0,0,0,0,7679,,0.22
main,batched-aimd,,{},batched-aimd,1,100,1000,10,True,1000,101.6845,9.8343,9.8391,580.913,677.408,549.992,4.04,1.26,88.89,5.81,410.92,127.67,9038.87,590.99,142.86,0.0,56298.1,92.28,6023,2153,10,513,60,1734,355,11,355,0,0.0,0.0,10.09,57.76,0.0,0,194,4657,0,0,0,0,7902,,0.29
place,beanstalk soft,hot-file-rule,"{""flag_clean"": 0.02, ""flag_recall"": 0.3, ""placement_fallback"": ""least-overlap""}",beanstalk,2,500,5000,50,True,5000,46.4169,107.7193,99.6387,596.983,1804.375,879.42,9.14,7.01,0.38,83.46,2122.33,1626.66,89.11,19370.38,62.29,19081.37,65857.2,47.29,6555,0,50,6599,673,2518,3093,73,3093,4283,270.92,41.16,673.72,1814.41,2531.5,139,0,0,968,4023,2198,2532,26999,,3.67
main,batched k=4,,{},batched,0,100,1000,10,True,1000,178.1215,5.6141,5.5511,1019.355,1267.617,977.739,2.27,0.76,90.72,6.24,404.84,135.63,16160.03,1111.65,179.58,0.0,97933.0,91.64,10120,3804,10,647,70,4594,334,2,334,0,0.0,0.0,18.4,123.49,0.0,0,671,8663,0,0,0,0,12103,,0.47
main,batched k=4,,{},batched,1,100,1000,10,True,1000,195.2851,5.1207,5.2286,1159.956,1351.737,1075.115,2.1,0.69,91.07,6.14,410.92,134.46,17784.12,1199.01,223.18,0.0,108528.9,92.62,11216,4553,10,575,63,5107,365,4,365,0,0.0,0.0,18.9,106.01,0.0,0,745,9632,0,0,0,0,13160,,0.53
main,batched k=4,,{},batched,2,100,1000,10,True,1000,182.9477,5.466,5.1726,1119.369,1396.278,1008.053,2.38,0.67,91.17,5.78,435.97,122.23,16678.65,1057.92,204.23,0.0,100932.8,91.95,10416,4058,10,470,66,4607,338,4,338,0,0.0,0.0,19.73,117.98,0.0,0,699,8921,0,0,0,0,12228,,0.49
queue,batched-par k=1,,"{""batch_k"": 1}",batched-par,2,500,5000,50,True,5000,300.6297,16.6318,16.7364,1767.786,2008.762,1662.362,1.41,0.88,91.28,6.43,2122.33,1324.64,137205.52,9662.36,1409.12,0.0,528884.3,58.64,57996,21790,50,6745,1240,16185,2399,96,2399,0,0.0,0.0,5.62,42.75,0.0,0,0,50501,0,0,0,0,72236,,15.26
main,batched+place,,{},batched+place,0,100,1000,10,True,1000,185.2479,5.3982,5.4318,1014.796,1368.039,1009.067,2.19,0.71,90.08,7.03,404.84,131.47,16686.32,1302.16,334.4,0.0,102258.6,92.0,10576,4221,10,589,65,4813,350,2,350,988,0.0,0.0,19.08,121.54,0.0,0,705,9061,0,0,0,0,12517,,0.77
queue,batched-par k=4,,"{""batch_k"": 4}",batched-par,0,100,1000,10,True,1000,163.3407,6.1222,5.9412,917.311,1219.175,892.618,2.48,0.81,90.26,6.44,404.84,133.1,14743.86,1052.27,138.08,0.0,89668.6,91.49,9598,3963,10,642,72,4169,331,2,331,0,0.0,0.0,18.45,127.68,0.0,0,673,8144,0,0,0,0,11573,,0.47
main,batched+place,,{},batched+place,1,100,1000,10,True,1000,189.7948,5.2688,5.3493,1087.14,1583.677,1057.396,2.17,0.69,92.17,4.98,410.92,130.4,17492.86,945.3,152.32,0.0,105777.0,92.89,10892,4293,10,530,61,4985,352,7,352,983,0.0,0.0,18.97,111.23,0.0,0,720,9346,0,0,0,0,12781,,0.72
main,batched+place,,{},batched+place,2,100,1000,10,True,1000,172.5168,5.7965,5.6416,994.473,1296.466,954.769,2.53,0.69,91.55,5.23,435.97,118.87,15793.94,902.89,236.33,0.0,95667.1,92.42,9888,3881,10,433,69,4260,324,3,324,983,0.0,0.0,19.53,115.47,0.0,0,655,8467,0,0,0,0,11648,,0.76
queue,batched-par k=1,,"{""batch_k"": 1}",batched-par,1,500,5000,50,True,5000,305.1955,16.3829,16.4235,1790.623,2180.034,1702.234,1.4,0.86,92.1,5.64,2133.27,1313.16,140539.64,8611.71,1151.65,0.0,524081.5,57.24,57834,21516,50,6810,1228,16247,2389,91,2389,0,0.0,0.0,5.74,44.99,0.0,0,0,50354,0,0,0,0,72124,,15.71
queue,batched-par k=4,,"{""batch_k"": 4}",batched-par,1,100,1000,10,True,1000,182.8631,5.4686,5.3782,1077.444,1292.344,1007.196,2.25,0.74,91.06,5.95,410.92,134.51,16652.1,1088.79,390.29,0.0,101869.2,92.85,10875,4593,10,573,64,4854,369,2,369,0,0.0,0.0,18.27,133.4,0.0,0,749,9273,0,0,0,0,12819,,0.6
fair,batched k=4 suspects,,"{""queue_suspects"": true}",batched,2,100,1000,10,True,1000,74.6282,13.3998,12.9895,395.394,563.882,393.517,5.84,1.55,86.33,6.27,435.97,115.89,6442.73,468.23,109.26,0.0,40735.5,90.97,4257,1437,10,472,63,1902,332,0,332,0,0.0,0.0,10.14,63.57,0.0,0,154,3444,0,0,297,0,6061,,0.24
fair,batched k=4 suspects,,"{""queue_suspects"": true}",batched,1,100,1000,10,True,1000,80.7328,12.3865,12.4114,461.364,560.887,427.929,5.09,1.68,86.66,6.57,410.92,135.57,6996.58,530.21,138.76,0.0,44302.9,91.46,4613,1627,10,564,59,2160,383,1,383,0,0.0,0.0,10.76,63.0,0.0,0,160,3772,0,0,346,0,6561,,0.28
fair,batched k=4 suspects,,"{""queue_suspects"": true}",batched,0,100,1000,10,True,1000,77.2171,12.9505,12.8956,425.851,523.385,411.091,5.24,1.79,86.94,6.03,404.84,138.25,6713.26,465.36,92.22,0.0,42383.2,91.48,4455,1577,10,653,65,1943,336,2,336,0,0.0,0.0,10.19,52.95,0.0,0,156,3632,0,0,297,0,6446,,0.38
queue,batched-par k=4,,"{""batch_k"": 4}",batched-par,2,100,1000,10,True,1000,163.5574,6.1141,5.7527,955.002,1248.785,903.841,2.67,0.74,91.36,5.23,435.97,121.24,14942.77,855.76,178.14,0.0,90819.7,92.55,9763,4181,10,469,58,4018,336,4,336,0,0.0,0.0,17.95,123.6,0.0,0,685,8278,0,0,0,0,11572,,0.58
fair,batched-par k=4 suspects,,"{""batch_k"": 4, ""queue_suspects"": true}",batched-par,0,100,1000,10,True,1000,75.0936,13.3167,13.1641,392.632,618.28,394.513,5.39,1.85,85.71,7.05,404.84,139.28,6435.93,529.3,101.44,0.0,40889.1,90.75,4347,1604,10,665,74,1910,338,1,338,0,0.0,0.0,10.29,69.71,0.0,0,171,3485,0,0,288,0,6351,,0.39
fair,batched-par k=4 suspects,,"{""batch_k"": 4, ""queue_suspects"": true}",batched-par,1,100,1000,10,True,1000,73.4155,13.6211,13.9157,405.107,542.648,384.083,5.6,1.88,85.31,7.21,410.92,138.1,6263.29,529.25,115.64,0.0,39494.6,89.66,4193,1523,10,600,58,1844,374,1,374,0,0.0,0.0,8.95,41.77,0.0,0,146,3344,0,0,335,0,6168,,0.4
fair,batched-par k=4 suspects,,"{""batch_k"": 4, ""queue_suspects"": true}",batched-par,2,100,1000,10,True,1000,75.2851,13.2828,13.182,406.869,559.843,395.277,5.79,1.63,85.88,6.7,435.97,122.62,6465.34,504.58,122.41,0.0,41087.6,90.96,4384,1632,10,481,63,1878,341,3,341,0,0.0,0.0,10.25,80.34,0.0,0,171,3531,0,0,298,0,6209,,0.5
place,batched+place hard,default point,"{""placement_fallback"": ""wait""}",batched+place,1,100,1000,10,True,1000,128.4179,7.7871,7.9855,105.637,291.226,120.446,3.2,0.43,15.2,81.17,410.92,55.13,1952.3,10423.44,10038.1,0.0,39936.0,51.83,4480,1971,10,72,16,1388,230,6,230,0,0.0,0.0,18.12,126.82,0.0,0,418,3367,0,0,0,0,5788,,0.32
place,batched+place hard,default point,"{""placement_fallback"": ""wait""}",batched+place,2,100,1000,10,True,1000,115.5647,8.6532,8.406,92.181,264.32,105.7,3.77,0.36,14.88,80.98,435.97,41.73,1719.93,9358.84,9081.59,0.0,36429.4,52.54,4156,1903,10,42,8,1200,214,4,214,0,0.0,0.0,16.09,100.23,0.0,0,385,3089,0,0,0,0,5416,,0.3
qsem,batched-aimd,,"{""q_sem"": 0.0}",batched-aimd,0,100,1000,10,True,1000,70.4363,14.1972,15.0481,380.185,486.635,366.555,5.75,1.56,85.17,7.52,404.84,110.13,5999.12,529.54,141.74,0.0,38496.8,91.09,4085,1490,10,639,66,918,179,5,179,0,0.0,0.0,12.24,80.8,0.0,0,193,3083,0,0,0,0,5908,,0.19
place,batched+place hard,default point,"{""placement_fallback"": ""wait""}",batched+place,0,100,1000,10,True,1000,126.7884,7.8872,8.0779,115.496,247.284,120.805,3.19,0.41,15.47,80.93,404.84,51.69,1961.73,10260.58,9672.93,0.0,40346.5,53.04,4564,2023,10,77,6,1379,238,5,238,0,0.0,0.0,17.01,101.12,0.0,0,438,3423,0,0,0,0,5884,,0.45
place,batched+place soft,default point,"{""placement_fallback"": ""least-overlap""}",batched+place,1,100,1000,10,True,1000,189.7948,5.2688,5.3493,1087.14,1583.677,1057.396,2.17,0.69,92.17,4.98,410.92,130.4,17492.86,945.3,152.32,0.0,105777.0,92.89,10892,4293,10,530,61,4985,352,7,352,983,0.0,0.0,18.97,111.23,0.0,0,720,9346,0,0,0,0,12781,,0.69
place,batched+place soft,default point,"{""placement_fallback"": ""least-overlap""}",batched+place,0,100,1000,10,True,1000,185.2479,5.3982,5.4318,1014.796,1368.039,1009.067,2.19,0.71,90.08,7.03,404.84,131.47,16686.32,1302.16,334.4,0.0,102258.6,92.0,10576,4221,10,589,65,4813,350,2,350,988,0.0,0.0,19.08,121.54,0.0,0,705,9061,0,0,0,0,12517,,0.72
qsem,batched-aimd,,"{""q_sem"": 0.0}",batched-aimd,1,100,1000,10,True,1000,68.4602,14.607,14.8946,368.05,485.649,357.283,6.0,1.52,85.47,7.02,410.92,103.75,5850.96,480.39,175.07,0.0,37786.6,91.99,4047,1438,10,566,54,974,173,5,173,0,0.0,0.0,11.1,67.85,0.0,0,191,3090,0,0,0,0,5791,,0.24
place,batched+place soft,default point,"{""placement_fallback"": ""least-overlap""}",batched+place,2,100,1000,10,True,1000,172.5168,5.7965,5.6416,994.473,1296.466,954.769,2.53,0.69,91.55,5.23,435.97,118.87,15793.94,902.89,236.33,0.0,95667.1,92.42,9888,3881,10,433,69,4260,324,3,324,983,0.0,0.0,19.53,115.47,0.0,0,655,8467,0,0,0,0,11648,,0.74
qsem,batched-aimd,,"{""q_sem"": 0.05}",batched-aimd,1,100,1000,10,True,1000,147.6911,6.7709,6.803,854.916,973.454,810.028,2.78,1.19,90.22,5.81,410.92,175.58,13324.89,857.72,111.36,0.0,82042.1,92.58,8647,2830,10,474,58,3345,681,12,681,0,0.0,0.0,10.11,63.39,0.0,0,128,6884,0,0,0,0,10814,,0.2
qsem,batched-aimd,,"{""q_sem"": 0.05}",batched-aimd,0,100,1000,10,True,1000,144.0718,6.941,6.7628,843.859,955.872,793.903,2.81,1.2,90.64,5.35,404.84,172.99,13058.72,770.63,111.36,0.0,80004.6,92.55,8478,2820,10,526,61,3174,650,20,650,0,0.0,0.0,10.41,64.42,0.0,0,131,6729,0,0,0,0,10674,,0.26
qsem,batched-aimd,,"{""q_sem"": 0.0}",batched-aimd,2,100,1000,10,True,1000,70.4526,14.1939,13.8284,409.853,508.168,369.392,6.19,1.2,86.18,6.43,435.97,84.63,6071.91,452.75,185.14,0.0,38639.5,91.41,4079,1392,10,457,61,959,166,8,166,0,0.0,0.0,12.46,72.55,0.0,0,201,3118,0,0,0,0,5710,,0.26
queue,batched k=16,,"{""batch_k"": 16}",batched,0,100,1000,10,True,1000,304.9446,3.2793,3.1958,1743.043,2372.151,1704.558,1.33,0.51,92.65,5.51,404.84,154.79,28254.51,1680.32,356.55,0.0,117492.2,64.22,12291,5502,10,793,89,5970,348,0,348,0,0.0,0.0,31.69,212.51,0.0,0,1390,10124,0,0,0,0,14432,,1.84
qsem,batched-aimd,,"{""q_sem"": 0.05}",batched-aimd,2,100,1000,10,True,1000,147.9519,6.759,6.5989,869.146,953.937,814.721,2.95,1.21,90.57,5.28,435.97,178.45,13400.24,780.54,132.05,0.0,81928.5,92.29,8637,2873,10,390,55,3280,673,21,673,0,0.0,0.0,10.4,59.72,0.0,0,128,6875,0,0,0,0,10721,,0.25
qsem,batched-aimd,,"{""q_sem"": 0.1}",batched-aimd,0,100,1000,10,True,1000,166.648,6.0007,5.9016,963.892,1100.542,916.098,2.43,1.2,90.42,5.95,404.84,200.05,15068.26,991.66,122.08,0.0,92305.2,92.32,9764,3442,10,521,62,4036,814,14,814,0,0.0,0.0,10.29,63.03,0.0,0,102,7852,0,0,0,0,12113,,0.28
qsem,batched-aimd,,"{""q_sem"": 0.1}",batched-aimd,2,100,1000,10,True,1000,171.7373,5.8228,5.7903,995.046,1098.482,944.387,2.54,1.18,90.47,5.81,435.97,203.18,15536.61,997.97,178.01,0.0,94989.8,92.19,9988,3354,10,368,57,4341,850,16,850,0,0.0,0.0,10.58,61.97,0.0,0,90,8064,0,0,0,0,12222,,0.21
qsem,batched-aimd,,"{""q_sem"": 0.1}",batched-aimd,1,100,1000,10,True,1000,172.7925,5.7873,5.7608,1004.015,1125.875,953.643,2.38,1.19,90.79,5.64,410.92,205.88,15688.16,974.28,136.15,0.0,96277.0,92.86,10106,3471,10,450,59,4353,865,18,865,0,0.0,0.0,10.2,60.42,0.0,0,85,8162,0,0,0,0,12439,,0.26
qsem,batched-aimd,,"{""q_sem"": 0.2}",batched-aimd,0,100,1000,10,True,1000,194.3297,5.1459,5.1461,1105.267,1262.429,1065.766,2.08,1.19,90.21,6.51,404.84,231.66,17531.11,1265.36,167.61,0.0,107351.5,92.07,11213,3751,10,490,58,5300,1002,18,1002,0,0.0,0.0,10.44,65.06,0.0,0,60,9144,0,0,0,0,13723,,0.25
qsem,batched-aimd,,"{""q_sem"": 0.2}",batched-aimd,2,100,1000,10,True,1000,201.2569,4.9688,4.8799,1184.366,1297.206,1115.327,2.17,1.28,91.08,5.47,435.97,257.82,18330.95,1100.95,202.56,0.0,112449.3,93.12,11796,4121,10,365,53,5645,1048,27,1048,0,0.0,0.0,10.76,52.01,0.0,0,59,9673,0,0,0,0,14236,,0.28
qsem,batched-aimd,,"{""q_sem"": 0.2}",batched-aimd,1,100,1000,10,True,1000,202.4534,4.9394,4.9509,1171.102,1323.24,1119.976,2.03,1.19,91.01,5.77,410.92,240.63,18425.64,1168.15,168.43,0.0,113007.3,93.03,11819,4093,10,447,58,5799,1057,16,1057,0,0.0,0.0,11.12,61.79,0.0,0,64,9689,0,0,0,0,14339,,0.29
queue,batched k=16,,"{""batch_k"": 16}",batched,2,100,1000,10,True,1000,301.8857,3.3125,3.1184,1861.594,2299.009,1690.353,1.44,0.45,92.87,5.23,435.97,134.93,28037.62,1580.04,585.6,0.0,121593.7,67.13,12735,5662,10,568,77,6260,343,4,343,0,0.0,0.0,30.84,169.48,0.0,0,1380,10585,0,0,0,0,14650,,1.96
fair,beanstalk quarantine,,"{""green_mode"": ""quarantine""}",beanstalk,0,100,1000,10,True,1000,23.6357,42.3089,49.9782,155.477,343.081,172.184,17.13,5.63,0.29,76.95,404.84,132.97,6.97,1818.79,30.97,1595.62,10056.0,70.91,1002,0,10,431,31,318,339,7,339,909,265.72,64.17,22.01,116.02,1111.7,39,0,0,120,571,233,431,4281,,0.31
fair,beanstalk quarantine,,"{""green_mode"": ""quarantine""}",beanstalk,1,100,1000,10,True,1000,21.4476,46.6252,49.1779,156.58,330.811,179.734,19.16,5.87,0.32,74.65,410.92,125.82,6.88,1601.14,9.77,1583.65,9047.2,70.3,898,0,10,398,41,362,344,8,344,891,249.62,69.86,24.54,105.81,1095.5,36,0,0,106,459,249,438,4121,,0.3
fair,beanstalk no-budget,,"{""budget"": false}",beanstalk,0,100,1000,10,True,1000,22.7312,43.9924,,1204.363,1343.516,1205.123,17.81,8.41,0.39,73.39,404.84,191.15,8.79,1668.34,52.88,0.0,13009.6,95.39,1293,0,10,637,48,53,419,32,419,988,995.8,289.51,665.95,1347.73,0.0,191,0,0,155,1235,296,58,4930,,0.31
fair,beanstalk quarantine,,"{""green_mode"": ""quarantine""}",beanstalk,2,100,1000,10,True,1000,25.8051,38.7521,40.7545,134.369,314.977,148.073,16.89,4.23,0.25,78.63,435.97,109.19,6.39,2028.96,15.06,1865.73,9500.4,61.36,948,0,10,309,38,316,315,15,315,893,284.15,51.98,22.45,100.82,1266.0,32,0,0,108,531,223,417,3966,,0.33
fair,beanstalk-noplace quarantine,,"{""green_mode"": ""quarantine""}",beanstalk-noplace,0,100,1000,10,True,1000,18.506,54.0364,60.1046,128.217,243.858,134.669,21.88,6.61,0.37,71.14,404.84,122.31,6.92,1316.53,33.6,1128.04,8558.3,77.08,852,0,10,422,27,321,313,3,313,0,171.18,62.35,22.74,98.17,843.4,31,0,0,105,450,213,402,4068,,0.1
fair,beanstalk no-budget,,"{""budget"": false}",beanstalk,2,100,1000,10,True,1000,18.1864,54.986,,932.599,1072.231,920.741,23.97,9.33,0.43,66.27,435.97,169.77,7.77,1205.14,15.49,0.0,10004.2,91.68,1002,0,10,483,62,57,376,15,376,983,716.0,205.82,529.27,1074.67,0.0,159,0,0,114,934,277,68,4352,,0.28
fair,beanstalk no-budget,,"{""budget"": false}",beanstalk,1,100,1000,10,True,1000,19.2559,51.9322,,1002.064,1136.501,995.769,21.34,9.22,0.43,69.0,410.92,177.6,8.34,1328.73,42.78,0.0,11146.0,96.47,1109,0,10,562,51,77,396,19,396,984,772.17,212.52,563.97,1141.48,0.0,152,0,0,134,1029,281,80,4587,,0.35
qsem,beanstalk quarantine,,"{""green_mode"": ""quarantine"", ""q_sem"": 0.1}",beanstalk,0,20,200,2,True,200,25.2209,7.9299,8.5994,345.776,884.342,378.907,15.41,7.48,0.25,76.87,77.71,37.71,1.27,387.74,1.47,380.48,2957.6,97.72,295,0,2,26,1,30,165,5,165,89,504.26,147.45,66.09,290.51,1310.1,27,0,0,56,231,115,64,1080,,0.04
fair,beanstalk-noplace quarantine,,"{""green_mode"": ""quarantine""}",beanstalk-noplace,2,100,1000,10,True,1000,21.1297,47.3266,55.9739,147.86,253.407,147.355,20.63,5.34,0.3,73.72,435.97,112.92,6.44,1557.64,2.46,1539.12,9081.2,71.63,902,0,10,333,45,293,323,8,323,0,200.58,67.44,20.6,84.7,1074.7,52,0,0,122,460,215,442,4008,,0.13
queue,batched k=16,,"{""batch_k"": 16}",batched,1,100,1000,10,True,1000,336.4948,2.9718,3.0155,1999.197,2368.597,1873.889,1.22,0.45,92.37,5.96,410.92,150.11,31081.37,2007.07,476.29,0.0,131093.8,64.93,13718,6234,10,694,75,6692,377,3,377,0,0.0,0.0,30.6,190.16,0.0,0,1551,11311,0,0,0,0,15792,,2.33
fair,beanstalk-noplace quarantine,,"{""green_mode"": ""quarantine""}",beanstalk-noplace,1,100,1000,10,True,1000,21.9217,45.6168,54.3076,177.183,333.088,176.99,18.74,6.03,0.31,74.92,410.92,132.12,6.86,1642.27,12.15,1608.04,9372.9,71.26,935,0,10,392,48,320,346,12,346,0,218.55,79.91,34.71,208.97,1068.8,47,0,0,118,493,246,442,4157,,0.11
qsem,beanstalk quarantine,,"{""green_mode"": ""quarantine"", ""q_sem"": 0.1}",beanstalk,1,20,200,2,True,200,33.6106,5.9505,8.7448,288.221,780.938,346.758,13.92,12.32,0.23,73.53,93.56,82.82,1.55,494.28,0.53,438.08,3339.6,82.8,332,0,2,27,10,53,250,2,250,105,289.4,106.4,31.22,152.97,1634.5,23,0,0,76,196,181,136,1287,,0.05
fair,beanstalk quarantine no-budget,,"{""budget"": false, ""green_mode"": ""quarantine""}",beanstalk,1,100,1000,10,True,1000,15.9328,62.7636,81.0532,591.22,747.388,550.913,25.79,11.27,0.51,62.42,410.92,179.64,8.19,994.54,26.64,0.0,8406.0,87.93,835,0,10,567,43,94,364,14,364,982,597.62,228.24,83.13,345.61,0.0,114,0,0,116,696,262,139,4285,,0.36
fair,beanstalk quarantine no-budget,,"{""budget"": false, ""green_mode"": ""quarantine""}",beanstalk,2,100,1000,10,True,1000,21.3454,46.8485,49.3674,872.137,1077.609,794.772,20.42,7.77,0.35,71.45,435.97,165.89,7.46,1525.22,25.83,0.0,10748.5,83.92,1077,0,10,422,68,87,375,17,375,981,777.5,256.87,103.01,332.11,0.0,158,0,0,117,966,275,111,4319,,0.34
fair,beanstalk quarantine no-budget,,"{""budget"": false, ""green_mode"": ""quarantine""}",beanstalk,0,100,1000,10,True,1000,15.7926,63.3208,95.6457,366.668,677.959,395.072,25.63,11.47,0.54,62.36,404.84,181.13,8.52,984.76,28.3,0.0,7644.8,80.68,759,0,10,633,60,142,391,6,391,988,441.38,206.02,47.39,196.9,0.0,118,0,0,119,541,281,218,4377,,0.39
qsem,beanstalk-noplace,,"{""q_sem"": 0.2}",beanstalk-noplace,0,20,200,2,True,200,35.136,5.6922,,1174.044,2083.608,1283.009,11.06,6.83,0.2,81.91,77.71,47.99,1.44,575.59,0.75,574.11,4104.2,97.34,411,0,2,37,0,41,208,6,208,0,612.56,158.75,1034.22,2088.13,1933.2,29,0,0,74,367,140,44,1302,,0.02
qsem,beanstalk quarantine,,"{""green_mode"": ""quarantine"", ""q_sem"": 0.1}",beanstalk,2,20,200,2,True,200,21.0837,9.486,8.3591,314.718,615.747,313.636,19.9,7.0,0.27,72.84,83.9,29.53,1.12,307.13,6.78,278.33,2403.5,95.0,240,0,2,25,7,26,115,6,115,113,514.11,132.16,64.04,249.49,1059.9,20,0,0,42,183,81,57,918,,0.05
qsem,beanstalk,,"{""q_sem"": 0.2}",beanstalk,0,20,200,2,True,200,38.9017,5.1412,,1686.728,2311.515,1580.704,9.99,6.73,0.19,83.09,77.71,52.38,1.51,646.43,2.73,628.16,4459.5,95.53,445,0,2,31,0,46,220,9,220,93,521.85,167.16,1151.12,2318.06,2027.6,32,0,0,79,396,150,49,1351,,0.04
qsem,beanstalk,,"{""q_sem"": 0.2}",beanstalk,1,20,200,2,True,200,41.3057,4.8419,,1357.684,2460.443,1515.441,11.32,10.31,0.19,78.17,93.56,85.16,1.61,645.79,7.19,618.76,4267.6,86.1,423,0,2,26,7,84,269,9,269,107,424.98,99.65,1222.78,2461.84,2155.4,28,0,0,86,336,192,87,1417,,0.05
qsem,beanstalk-noplace,,"{""q_sem"": 0.2}",beanstalk-noplace,2,20,200,2,True,200,32.7294,6.1107,,1229.819,1944.274,1190.683,12.82,9.6,0.21,77.37,83.9,62.85,1.4,506.44,0.39,489.98,3741.8,95.27,373,0,2,24,5,62,211,7,211,0,462.01,116.71,965.98,1947.74,1761.8,27,0,0,69,308,149,65,1249,,0.02
qsem,beanstalk quarantine,,"{""green_mode"": ""quarantine"", ""q_sem"": 0.05}",beanstalk,2,20,200,2,True,200,16.5847,12.0593,11.7714,254.773,695.861,259.769,25.29,8.51,0.31,65.88,83.9,28.23,1.04,218.52,0.41,214.49,1848.0,92.86,185,0,2,22,4,30,98,5,98,100,359.24,113.29,100.14,376.68,795.2,18,0,0,34,124,69,61,827,,0.03
qsem,beanstalk quarantine,,"{""green_mode"": ""quarantine"", ""q_sem"": 0.05}",beanstalk,0,20,200,2,True,200,22.3613,8.944,9.4385,324.414,820.649,401.012,17.38,4.63,0.22,77.78,77.71,20.7,0.97,347.86,0.0,321.26,2629.5,97.99,262,0,2,15,0,22,88,6,88,89,681.18,199.64,90.29,407.91,1119.5,25,0,0,40,215,55,47,872,,0.05
qsem,beanstalk quarantine,,"{""green_mode"": ""quarantine"", ""q_sem"": 0.05}",beanstalk,1,20,200,2,True,200,17.0847,11.7064,16.7886,153.187,377.921,170.381,27.38,10.92,0.31,61.39,93.56,37.31,1.06,209.77,4.09,190.42,1675.8,81.74,167,0,2,20,5,39,106,2,106,112,166.59,81.71,24.81,112.17,764.7,12,0,0,32,83,76,84,818,,0.04
qsem,beanstalk,,"{""q_sem"": 0.2}",beanstalk,2,20,200,2,True,200,40.7261,4.9109,,1473.536,2283.671,1441.933,10.3,8.04,0.19,81.47,83.9,65.51,1.53,663.59,2.31,627.17,4615.2,94.44,459,0,2,27,8,60,249,10,249,96,611.84,154.34,1074.11,2286.94,2196.8,32,0,0,83,394,177,65,1417,,0.1
main,serial,,{},serial,0,100,1000,10,True,1000,224.9563,4.4453,4.4543,1316.818,1381.364,1244.161,1.8,0.46,91.72,6.02,404.84,102.97,20633.06,1354.76,127.6,0.0,13440.5,9.96,1316,0,1,398,46,316,294,22,294,0,0.0,0.0,8.44,65.77,0.0,0,0,0,0,0,0,0,3030,,0.08
qsem,beanstalk-noplace,,"{""q_sem"": 0.2}",beanstalk-noplace,1,20,200,2,True,200,37.2161,5.374,5.3035,914.125,1780.557,876.346,12.57,11.41,0.22,75.8,93.56,84.96,1.61,564.2,4.71,551.83,3960.5,88.68,396,0,2,32,9,82,263,7,263,0,426.55,109.3,754.74,1786.62,1953.4,27,0,0,75,309,195,87,1386,,0.13
main,serial,,{},serial,1,100,1000,10,True,1000,230.6263,4.336,4.3786,1348.088,1453.279,1278.187,1.78,0.46,91.91,5.85,410.92,107.12,21196.0,1348.59,147.76,0.0,13826.9,9.99,1349,0,1,367,50,349,327,22,327,0,0.0,0.0,8.75,52.56,0.0,0,0,0,0,0,0,0,3065,,0.09
qsem,beanstalk quarantine,,"{""green_mode"": ""quarantine"", ""q_sem"": 0.0}",beanstalk,0,100,1000,10,True,1000,13.7266,72.8513,93.519,100.898,164.597,97.039,29.49,6.61,0.46,63.44,404.84,90.75,6.29,870.78,18.23,736.04,6254.3,75.94,620,0,10,403,36,305,179,2,179,918,136.57,42.47,18.92,105.98,591.7,21,0,0,65,224,121,396,3546,,0.3
qsem,beanstalk quarantine,,"{""green_mode"": ""quarantine"", ""q_sem"": 0.0}",beanstalk,1,100,1000,10,True,1000,14.2402,70.2236,86.361,103.877,189.59,108.627,28.86,6.14,0.42,64.58,410.92,87.44,6.03,919.62,19.2,839.79,6138.8,71.85,611,0,10,350,34,345,173,3,173,918,160.31,61.37,19.1,102.42,666.7,28,0,0,55,152,125,459,3444,,0.31
main,serial,,{},serial,2,100,1000,10,True,1000,228.1461,4.3832,4.32,1353.098,1443.701,1264.06,1.91,0.43,91.91,5.75,435.97,98.98,20968.68,1310.98,148.9,0.0,13680.1,9.99,1332,0,1,305,48,332,314,18,314,0,0.0,0.0,8.55,50.05,0.0,0,0,0,0,0,0,0,2969,,0.09
main,beanstalk-noplace,,{},beanstalk-noplace,2,100,1000,10,True,1000,20.4456,48.9102,46.3911,267.135,679.811,303.271,21.32,5.47,0.31,72.9,435.97,111.75,6.4,1490.44,9.4,1386.33,8554.3,69.73,850,0,10,351,40,423,298,12,298,0,192.49,40.46,247.52,682.8,1060.2,25,0,0,108,398,203,452,3955,,0.08
main,beanstalk-noplace,,{},beanstalk-noplace,0,100,1000,10,True,1000,19.0963,52.366,,682.879,1127.121,705.291,21.2,6.49,0.36,71.95,404.84,123.93,6.91,1373.95,6.34,1283.73,8146.5,71.1,809,0,10,423,39,425,318,3,318,0,143.15,40.34,559.77,1132.52,884.1,26,0,0,106,381,215,428,4027,,0.1
qsem,beanstalk quarantine,,"{""green_mode"": ""quarantine"", ""q_sem"": 0.0}",beanstalk,2,100,1000,10,True,1000,15.3599,65.1048,69.8175,93.279,204.574,106.247,28.38,5.13,0.37,66.12,435.97,78.77,5.65,1015.6,9.23,961.05,6864.4,74.48,682,0,10,292,35,325,166,5,166,903,200.1,43.77,22.59,120.04,693.1,18,0,0,62,246,111,436,3421,,0.31
main,beanstalk-noplace,,{},beanstalk-noplace,1,100,1000,10,True,1000,19.4575,51.3942,48.3608,521.386,982.398,555.146,21.12,6.51,0.35,72.02,410.92,126.76,6.81,1401.26,7.29,1363.58,7973.6,68.3,797,0,10,382,42,391,343,12,343,0,188.83,38.64,426.06,984.83,937.0,27,0,0,119,391,237,406,3990,,0.1
queue,batched k=1,,"{""batch_k"": 1}",batched,1,100,1000,10,True,1000,67.5364,14.8068,15.0997,373.448,458.29,354.761,6.08,1.68,85.87,6.37,410.92,113.22,5799.46,430.04,107.04,0.0,36927.6,91.13,4057,1152,10,420,52,859,334,21,334,0,0.0,0.0,6.84,39.56,0.0,0,0,2702,0,0,0,0,5832,,0.16
queue,batched k=1,,"{""batch_k"": 1}",batched,2,100,1000,10,True,1000,65.8867,15.1776,14.8296,368.706,468.837,343.145,6.62,1.58,85.23,6.58,435.97,103.81,5615.27,433.62,117.09,0.0,35888.3,90.78,3972,1171,10,341,57,813,315,30,315,0,0.0,0.0,7.5,51.71,0.0,0,0,2627,0,0,0,0,5658,,0.15
main,beanstalk,,{},beanstalk,0,100,1000,10,True,1000,23.0844,43.3194,58.4597,327.367,500.143,288.413,17.54,5.36,0.3,76.8,404.84,123.75,6.96,1772.88,14.37,1636.38,9010.2,65.05,895,0,10,403,41,350,345,11,345,896,354.79,48.07,177.9,504.36,1083.6,43,0,0,126,521,231,374,4124,,0.26
main,beanstalk,,{},beanstalk,1,100,1000,10,True,1000,18.2182,54.8902,69.4942,345.415,680.081,371.543,22.56,6.55,0.36,70.54,410.92,119.24,6.56,1285.1,16.99,1203.78,8172.2,74.76,817,0,10,351,36,452,331,8,331,886,148.64,37.94,275.62,686.36,909.2,30,0,0,107,356,233,461,3961,,0.29
queue,batched k=1,,"{""batch_k"": 1}",batched,0,100,1000,10,True,1000,64.2971,15.5528,15.5883,353.547,440.086,336.441,6.3,1.77,85.44,6.49,404.84,113.88,5493.48,417.52,53.54,0.0,34896.2,90.46,3880,1165,10,466,58,761,313,17,313,0,0.0,0.0,7.29,40.59,0.0,0,0,2550,0,0,0,0,5676,,0.22
queue,batched-par k=1,,"{""batch_k"": 1}",batched-par,0,100,1000,10,True,1000,44.6782,22.3823,22.6143,224.221,323.979,220.377,9.06,2.65,79.56,8.73,404.84,118.19,3554.77,390.02,63.13,0.0,24496.0,91.38,2925,980,10,502,61,569,317,16,317,0,0.0,0.0,4.72,43.19,0.0,0,0,1592,0,0,0,0,4760,,0.16
queue,batched-par k=1,,"{""batch_k"": 1}",batched-par,2,100,1000,10,True,1000,45.9859,21.7458,21.6984,231.398,330.453,227.202,9.48,2.43,79.92,8.17,435.97,111.67,3675.02,375.93,44.32,0.0,25181.8,91.27,2955,965,10,375,55,586,322,26,322,0,0.0,0.0,4.74,31.64,0.0,0,0,1607,0,0,0,0,4678,,0.16
main,beanstalk,,{},beanstalk,2,100,1000,10,True,1000,20.654,48.4167,46.7882,232.253,382.455,244.978,21.11,5.57,0.31,73.02,435.97,114.96,6.42,1508.06,16.93,1337.41,8580.9,69.24,857,0,10,331,44,350,319,9,319,893,207.48,45.03,155.02,383.08,980.2,29,0,0,114,485,214,372,3939,,0.31
queue,batched-par k=1,,"{""batch_k"": 1}",batched-par,1,100,1000,10,True,1000,48.3024,20.7029,20.9734,243.148,366.008,245.199,8.51,2.47,82.14,6.89,410.92,119.22,3967.42,332.67,59.09,0.0,27006.8,93.19,3154,1061,10,433,50,671,346,27,346,0,0.0,0.0,4.68,29.71,0.0,0,0,1781,0,0,0,0,4960,,0.18
fair,batched k=1 released,,"{""batch_k"": 1, ""queue_agents"": ""released""}",batched,0,100,1000,10,True,1000,73.3683,13.6299,13.5668,1789.493,3358.541,1753.931,5.52,2.12,0.0,92.36,404.84,155.37,0.0,6776.62,0.0,0.0,39837.7,90.5,4383,1341,10,736,113,954,361,23,361,0,0.0,0.0,7.9,52.59,0.0,0,0,2999,0,0,0,0,6503,,0.22
fair,batched k=1 released,,"{""batch_k"": 1, ""queue_agents"": ""released""}",batched,1,100,1000,10,True,1000,76.175,13.1277,12.8012,1965.26,3529.865,1899.7,5.39,2.08,0.0,92.53,410.92,158.08,0.0,7048.5,0.0,0.0,41335.5,90.44,4534,1300,10,659,138,1052,381,21,381,0,0.0,0.0,7.57,33.91,0.0,0,0,3132,0,0,0,0,6595,,0.21
fair,batched k=1 released,,"{""batch_k"": 1, ""queue_agents"": ""released""}",batched,2,100,1000,10,True,1000,74.3558,13.4488,13.3378,1719.47,3500.761,1765.59,5.86,2.06,0.0,92.07,435.97,153.35,0.0,6846.27,0.0,0.0,40365.4,90.48,4382,1219,10,624,138,1048,374,15,374,0,0.0,0.0,7.99,55.07,0.0,0,0,2993,0,0,0,0,6395,,0.22
place,beanstalk soft,module-oracle,"{""flag_clean"": 0.7369, ""flag_recall"": 1.0, ""placement_fallback"": ""least-overlap""}",beanstalk,0,100,1000,10,True,1000,19.064,52.455,64.4312,266.375,453.704,265.002,21.24,6.58,0.36,71.82,404.84,125.52,6.92,1369.12,13.35,1310.82,8031.0,70.21,802,0,10,443,43,391,323,6,323,980,179.1,39.2,173.52,455.76,898.3,28,0,0,108,393,221,409,4085,,0.27
place,beanstalk soft,file-oracle,"{""flag_clean"": 0.0451, ""flag_recall"": 1.0, ""placement_fallback"": ""least-overlap""}",beanstalk,0,100,1000,10,True,1000,20.9832,47.6572,63.5787,196.645,411.795,244.928,19.29,5.32,0.31,75.07,404.84,111.67,6.52,1575.29,31.14,1439.96,8681.6,68.96,865,0,10,332,40,315,334,11,334,717,172.18,44.76,154.32,420.03,968.2,37,0,0,122,527,223,338,3995,,0.35
place,beanstalk soft,file-oracle,"{""flag_clean"": 0.0451, ""flag_recall"": 1.0, ""placement_fallback"": ""least-overlap""}",beanstalk,2,100,1000,10,True,1000,19.328,51.7385,169.5084,314.961,804.597,386.251,22.56,5.23,0.31,71.9,435.97,101.03,6.06,1389.73,12.59,1290.02,7807.9,67.33,779,0,10,243,43,438,320,7,320,661,184.19,34.53,298.22,807.41,906.8,20,0,0,106,317,221,462,3722,,0.36
place,beanstalk hard,file-oracle,"{""flag_clean"": 0.0451, ""flag_recall"": 1.0, ""placement_fallback"": ""wait""}",beanstalk,2,100,1000,10,True,1000,24.6839,40.5122,144.6736,415.694,1008.204,483.146,17.66,2.66,0.18,79.5,435.97,65.57,4.4,1962.45,715.65,1229.58,9790.0,66.1,978,0,10,26,40,788,273,5,273,0,132.85,30.66,394.56,1025.06,1019.7,12,0,0,92,169,186,809,3550,,0.33
place,beanstalk hard,module-oracle,"{""flag_clean"": 0.7369, ""flag_recall"": 1.0, ""placement_fallback"": ""wait""}",beanstalk,0,100,1000,10,True,1000,110.1523,9.0783,9.4924,16.414,65.011,25.385,3.68,0.26,0.03,96.03,404.84,28.9,3.67,10577.81,10086.28,38.61,12742.8,19.28,1271,0,7,2,6,667,189,0,189,0,52.63,22.63,18.34,139.95,28.3,3,0,0,79,79,127,1192,3653,,0.2
place,beanstalk soft,module-oracle,"{""flag_clean"": 0.7369, ""flag_recall"": 1.0, ""placement_fallback"": ""least-overlap""}",beanstalk,1,100,1000,10,True,1000,17.2538,57.9582,,632.866,1017.41,619.913,23.82,6.94,0.39,68.85,410.92,119.75,6.72,1187.99,17.61,1055.64,7528.2,72.72,747,0,10,381,38,433,327,5,327,989,114.63,34.09,502.01,1019.41,843.6,22,0,0,91,307,241,440,3931,,0.29
place,beanstalk hard,file-oracle,"{""flag_clean"": 0.0451, ""flag_recall"": 1.0, ""placement_fallback"": ""wait""}",beanstalk,0,100,1000,10,True,1000,26.6024,37.5906,70.3878,231.461,578.499,259.007,15.22,2.22,0.17,82.39,404.84,59.08,4.62,2191.7,869.21,1300.18,10219.3,64.03,1015,0,10,32,22,720,297,5,297,0,117.44,30.49,174.36,600.35,981.3,14,0,0,118,246,184,769,3625,,0.38
place,beanstalk soft,module-oracle,"{""flag_clean"": 0.7369, ""flag_recall"": 1.0, ""placement_fallback"": ""least-overlap""}",beanstalk,2,100,1000,10,True,1000,20.301,49.2586,49.6756,212.64,312.787,205.881,21.48,5.64,0.32,72.57,435.97,114.45,6.45,1473.24,9.4,1348.42,8535.6,70.08,851,0,10,319,54,353,325,11,325,976,198.84,43.81,118.86,314.69,982.2,27,0,0,112,462,226,389,3920,,0.25
place,beanstalk hard,file-oracle,"{""flag_clean"": 0.0451, ""flag_recall"": 1.0, ""placement_fallback"": ""wait""}",beanstalk,1,100,1000,10,True,1000,22.2308,44.9827,,516.908,1035.453,536.623,18.48,2.89,0.21,78.42,410.92,64.28,4.6,1743.27,678.94,1047.57,9388.7,70.39,936,0,10,41,36,760,290,2,290,0,134.7,28.7,420.49,1051.96,817.2,12,0,0,82,154,212,782,3553,,0.42
place,beanstalk soft,file-oracle,"{""flag_clean"": 0.0451, ""flag_recall"": 1.0, ""placement_fallback"": ""least-overlap""}",beanstalk,1,100,1000,10,True,1000,20.0204,49.949,49.0613,313.898,633.361,324.029,20.53,5.37,0.31,73.8,410.92,107.42,6.22,1477.49,10.83,1434.79,8392.2,69.86,834,0,10,238,59,323,356,9,356,715,167.06,43.61,230.25,636.38,965.6,30,0,0,116,485,250,349,3821,,0.46
place,beanstalk hard,module-oracle,"{""flag_clean"": 0.7369, ""flag_recall"": 1.0, ""placement_fallback"": ""wait""}",beanstalk,1,100,1000,10,True,1000,114.2049,8.7562,9.3482,18.754,116.943,33.954,3.6,0.3,0.03,96.07,410.92,34.74,3.67,10971.16,10490.77,65.82,12575.8,18.35,1250,0,7,3,7,681,184,1,184,0,114.83,24.46,27.45,237.42,98.6,3,0,0,62,62,131,1188,3625,,0.21
place,beanstalk hard,module-oracle,"{""flag_clean"": 0.7369, ""flag_recall"": 1.0, ""placement_fallback"": ""wait""}",beanstalk,2,100,1000,10,True,1000,124.0378,8.0621,8.4585,12.338,82.238,25.825,3.51,0.25,0.03,96.21,435.97,30.77,3.66,11933.38,11402.23,72.4,12544.9,16.86,1254,0,7,7,2,599,174,1,174,0,93.14,24.06,18.31,129.85,62.5,4,0,0,78,78,114,1176,3617,,0.21
place,beanstalk hard,module-level,"{""flag_clean"": 0.9033, ""flag_recall"": 0.9402, ""placement_fallback"": ""wait""}",beanstalk,0,100,1000,10,True,1000,175.6399,5.6935,5.8012,11.107,58.198,20.649,2.3,0.18,0.02,97.5,404.84,31.31,3.71,17124.13,16407.03,25.79,12751.5,12.1,1270,0,5,16,0,485,189,1,189,0,53.75,22.75,16.77,105.28,24.7,3,0,0,77,77,126,1193,3681,,0.19
place,beanstalk hard,module-level,"{""flag_clean"": 0.9033, ""flag_recall"": 0.9402, ""placement_fallback"": ""wait""}",beanstalk,2,100,1000,10,True,1000,191.3637,5.2257,5.3345,11.085,59.92,20.495,2.28,0.16,0.02,97.54,435.97,30.73,3.64,18666.02,17925.91,32.19,12594.6,10.97,1252,0,6,7,1,465,176,1,176,0,90.36,23.66,18.22,133.54,0.9,3,0,0,71,71,116,1181,3618,,0.18
place,beanstalk soft,module-level,"{""flag_clean"": 0.9033, ""flag_recall"": 0.9402, ""placement_fallback"": ""least-overlap""}",beanstalk,2,100,1000,10,True,1000,20.9402,47.755,51.1805,299.478,763.917,358.548,20.82,6.03,0.31,72.84,435.97,126.28,6.42,1525.35,19.59,1418.66,7945.5,63.24,792,0,10,334,39,396,325,9,325,993,201.32,38.7,269.13,767.61,1013.2,26,0,0,102,366,232,426,3899,,0.21
place,beanstalk soft,module-level,"{""flag_clean"": 0.9033, ""flag_recall"": 0.9402, ""placement_fallback"": ""least-overlap""}",beanstalk,1,100,1000,10,True,1000,18.6023,53.7569,62.8308,274.197,592.597,312.449,22.09,7.15,0.37,70.39,410.92,132.91,6.95,1309.44,14.45,1257.56,7506.7,67.26,746,0,10,433,36,403,332,6,332,995,191.62,37.01,201.13,600.74,846.4,27,0,0,94,327,244,419,4021,,0.24
place,beanstalk soft,module-level,"{""flag_clean"": 0.9033, ""flag_recall"": 0.9402, ""placement_fallback"": ""least-overlap""}",beanstalk,0,100,1000,10,True,1000,20.119,49.7043,212.98,411.825,832.491,454.469,20.12,5.83,0.34,73.7,404.84,117.35,6.85,1482.85,17.58,1356.47,7980.3,66.11,792,0,10,414,33,366,321,6,321,991,155.76,37.23,313.91,837.78,895.2,25,0,0,111,410,216,382,4020,,0.26
place,beanstalk hard,module-level,"{""flag_clean"": 0.9033, ""flag_recall"": 0.9402, ""placement_fallback"": ""wait""}",beanstalk,1,100,1000,10,True,1000,182.9356,5.4664,5.6336,11.35,66.526,21.751,2.25,0.19,0.02,97.55,410.92,34.49,3.67,17844.47,16950.51,107.35,12597.4,11.48,1245,0,5,15,3,483,175,0,175,0,68.74,24.07,17.99,148.93,55.9,3,0,0,65,65,123,1180,3624,,0.23
place,beanstalk soft,predicted,"{""flag_clean"": 0.1733, ""flag_recall"": 0.5812, ""placement_fallback"": ""least-overlap""}",beanstalk,0,100,1000,10,True,1000,23.0844,43.3194,58.4597,327.367,500.143,288.413,17.54,5.36,0.3,76.8,404.84,123.75,6.96,1772.88,14.37,1636.38,9010.2,65.05,895,0,10,403,41,350,345,11,345,896,354.79,48.07,177.9,504.36,1083.6,43,0,0,126,521,231,374,4124,,0.3
place,beanstalk soft,predicted,"{""flag_clean"": 0.1733, ""flag_recall"": 0.5812, ""placement_fallback"": ""least-overlap""}",beanstalk,1,100,1000,10,True,1000,18.2182,54.8902,69.4942,345.415,680.081,371.543,22.56,6.55,0.36,70.54,410.92,119.24,6.56,1285.1,16.99,1203.78,8172.2,74.76,817,0,10,351,36,452,331,8,331,886,148.64,37.94,275.62,686.36,909.2,30,0,0,107,356,233,461,3961,,0.29
place,beanstalk hard,predicted,"{""flag_clean"": 0.1733, ""flag_recall"": 0.5812, ""placement_fallback"": ""wait""}",beanstalk,1,100,1000,10,True,1000,34.5182,28.9703,104.9933,451.708,1192.334,524.17,11.9,1.99,0.13,85.98,410.92,68.75,4.4,2967.75,1989.12,896.6,12582.5,60.75,1256,0,10,84,25,1135,259,2,259,0,113.78,26.76,422.92,1249.38,674.9,9,0,0,81,96,180,1160,3934,,0.24
place,beanstalk soft,predicted,"{""flag_clean"": 0.1733, ""flag_recall"": 0.5812, ""placement_fallback"": ""least-overlap""}",beanstalk,2,100,1000,10,True,1000,20.654,48.4167,46.7882,232.253,382.455,244.978,21.11,5.57,0.31,73.02,435.97,114.96,6.42,1508.06,16.93,1337.41,8580.9,69.24,857,0,10,331,44,350,319,9,319,893,207.48,45.03,155.02,383.08,980.2,29,0,0,114,485,214,372,3939,,0.31
place,beanstalk hard,predicted,"{""flag_clean"": 0.1733, ""flag_recall"": 0.5812, ""placement_fallback"": ""wait""}",beanstalk,0,100,1000,10,True,1000,31.5876,31.658,34.6558,383.68,1146.387,466.715,12.82,1.99,0.14,85.05,404.84,62.93,4.43,2686.56,1987.18,625.4,12630.9,66.64,1257,0,10,112,20,1126,251,3,251,0,70.21,25.15,406.68,1213.49,418.6,8,0,0,84,100,173,1157,3978,,0.31
place,beanstalk soft,hot-file-rule,"{""flag_clean"": 0.02, ""flag_recall"": 0.3, ""placement_fallback"": ""least-overlap""}",beanstalk,0,100,1000,10,True,1000,20.9695,47.6882,66.4635,271.122,378.637,236.308,19.31,5.69,0.32,74.69,404.84,119.22,6.73,1566.16,16.78,1418.84,8531.2,67.81,848,0,10,386,31,328,323,8,323,435,263.6,45.23,146.93,384.38,1031.0,36,0,0,120,504,211,344,4026,,0.27
place,beanstalk soft,hot-file-rule,"{""flag_clean"": 0.02, ""flag_recall"": 0.3, ""placement_fallback"": ""least-overlap""}",beanstalk,1,100,1000,10,True,1000,20.1253,49.6887,49.1237,524.015,964.223,529.407,20.42,6.14,0.33,73.11,410.92,123.52,6.64,1471.45,15.55,1400.94,8347.9,69.13,832,0,10,328,47,399,364,11,364,412,150.88,38.66,406.31,975.9,955.8,26,0,0,104,419,271,413,3991,,0.25
place,beanstalk soft,hot-file-rule,"{""flag_clean"": 0.02, ""flag_recall"": 0.3, ""placement_fallback"": ""least-overlap""}",beanstalk,2,100,1000,10,True,1000,19.6612,50.8616,71.9331,215.323,474.144,280.135,22.17,5.55,0.32,71.96,435.97,109.08,6.23,1414.85,8.39,1371.0,7929.7,67.22,794,0,10,270,37,406,324,5,324,418,136.58,38.72,204.68,473.61,950.1,26,0,0,102,373,227,421,3782,,0.25
place,beanstalk hard,hot-file-rule,"{""flag_clean"": 0.02, ""flag_recall"": 0.3, ""placement_fallback"": ""wait""}",beanstalk,0,100,1000,10,True,1000,21.9546,45.5485,65.6986,189.652,419.494,217.436,18.44,4.45,0.26,76.85,404.84,97.59,5.75,1687.28,388.8,1292.47,8541.4,64.84,853,0,10,270,33,494,292,8,292,0,156.37,35.28,142.59,427.82,954.7,22,0,0,117,329,184,524,3857,,0.25
place,beanstalk hard,predicted,"{""flag_clean"": 0.1733, ""flag_recall"": 0.5812, ""placement_fallback"": ""wait""}",beanstalk,2,100,1000,10,True,1000,33.6542,29.7139,42.154,102.082,423.791,155.411,12.95,1.76,0.12,85.17,435.97,59.1,4.19,2866.17,2245.4,540.1,12557.6,62.19,1253,0,10,71,7,1088,221,1,221,0,93.5,26.66,133.63,497.35,460.0,8,0,0,75,83,150,1170,3829,,0.3
place,beanstalk module soft,module sets,"{""placement_fallback"": ""least-overlap"", ""placement_model"": ""module""}",beanstalk,0,100,1000,10,True,1000,17.173,58.2311,62.5695,409.484,754.092,397.561,23.57,7.78,0.43,68.22,404.84,133.54,7.31,1171.61,8.04,1120.91,7885.1,76.53,782,0,10,483,31,361,337,5,337,909,155.52,38.45,296.03,758.8,765.8,23,0,0,114,409,229,373,4154,,0.14
place,beanstalk module hard,module sets,"{""placement_fallback"": ""wait"", ""placement_model"": ""module""}",beanstalk,0,100,1000,10,True,1000,337.5152,2.9628,2.9376,10.706,46.966,17.139,1.2,0.08,0.01,98.71,404.84,26.99,3.63,33316.06,32706.57,30.47,12702.4,6.27,1268,0,10,3,0,364,181,1,181,0,53.4,22.63,21.43,190.71,16.1,2,0,0,78,78,121,1190,3637,,0.09
place,beanstalk module hard,module sets,"{""placement_fallback"": ""wait"", ""placement_model"": ""module""}",beanstalk,1,100,1000,10,True,1000,338.0934,2.9578,2.9578,10.8,48.99,17.762,1.22,0.09,0.01,98.68,410.92,31.2,3.61,33363.62,32679.13,97.91,12688.9,6.26,1263,0,8,3,3,372,173,0,173,0,70.83,23.88,23.81,222.67,25.7,3,0,0,72,72,122,1191,3615,,0.1
place,beanstalk module soft,module sets,"{""placement_fallback"": ""least-overlap"", ""placement_model"": ""module""}",beanstalk,2,100,1000,10,True,1000,18.9903,52.6584,89.5444,344.097,525.501,338.142,22.96,6.44,0.34,70.26,435.97,122.22,6.55,1334.29,6.17,1301.4,8108.4,71.16,812,0,10,343,45,381,331,9,331,913,195.38,39.52,235.12,529.44,880.0,28,0,0,105,412,236,399,3938,,0.11
place,beanstalk module hard,module sets,"{""placement_fallback"": ""wait"", ""placement_model"": ""module""}",beanstalk,2,100,1000,10,True,1000,333.4952,2.9985,2.9757,10.797,47.346,17.02,1.31,0.09,0.01,98.6,435.97,28.75,3.61,32881.2,32196.21,37.45,12724.8,6.36,1261,0,8,8,1,339,166,1,166,0,91.37,23.72,23.91,290.21,1.0,2,0,0,78,78,110,1183,3610,,0.09
place,beanstalk hard,hot-file-rule,"{""flag_clean"": 0.02, ""flag_recall"": 0.3, ""placement_fallback"": ""wait""}",beanstalk,1,100,1000,10,True,1000,23.0662,43.3536,46.6525,576.764,1009.327,569.425,17.81,4.32,0.25,77.61,410.92,99.7,5.73,1790.27,330.5,1428.91,8445.5,61.02,842,0,10,244,26,583,297,6,297,0,188.12,32.13,390.01,1018.07,994.8,19,0,0,86,228,217,614,3808,,0.23
place,beanstalk module soft,module sets,"{""placement_fallback"": ""least-overlap"", ""placement_model"": ""module""}",beanstalk,1,100,1000,10,True,1000,19.2856,51.8521,49.735,532.386,956.777,502.542,21.31,6.59,0.35,71.75,410.92,127.17,6.66,1383.81,6.89,1332.9,8214.9,70.99,816,0,10,378,41,401,325,10,325,920,147.43,39.47,409.46,958.02,953.6,26,0,0,109,400,226,416,3985,,0.15
qsem,batched k=1,,"{""batch_k"": 1, ""q_sem"": 0.0}",batched,0,100,1000,10,True,1000,44.271,22.5881,23.4909,229.931,280.486,221.432,9.14,2.07,81.29,7.49,404.84,91.75,3598.78,331.73,50.58,0.0,23606.9,88.87,2615,649,10,474,54,313,179,14,179,0,0.0,0.0,6.99,51.32,0.0,0,0,1422,0,0,0,0,4282,,0.1
place,beanstalk hard,hot-file-rule,"{""flag_clean"": 0.02, ""flag_recall"": 0.3, ""placement_fallback"": ""wait""}",beanstalk,2,100,1000,10,True,1000,20.9879,47.6465,69.3229,186.275,437.698,218.154,20.77,4.59,0.27,74.38,435.97,96.25,5.58,1561.0,357.33,1197.75,8568.1,68.04,854,0,10,190,55,541,311,10,311,0,136.61,33.36,148.24,443.14,899.9,16,0,0,106,288,215,566,3737,,0.25
qsem,batched k=1,,"{""batch_k"": 1, ""q_sem"": 0.0}",batched,2,100,1000,10,True,1000,44.9607,22.2416,22.0773,232.538,308.575,223.394,9.7,1.69,81.12,7.49,435.97,75.88,3647.35,336.87,62.93,0.0,24430.5,90.56,2685,736,10,342,53,334,166,31,166,0,0.0,0.0,6.6,41.57,0.0,0,0,1488,0,0,0,0,4224,,0.09
qsem,batched k=1,,"{""batch_k"": 1, ""q_sem"": 0.0}",batched,1,100,1000,10,True,1000,44.4402,22.5021,22.7833,226.926,303.125,222.547,9.25,1.97,81.49,7.29,410.92,87.71,3621.41,323.99,55.71,0.0,24005.1,90.03,2652,671,10,427,48,322,173,21,173,0,0.0,0.0,6.5,34.83,0.0,0,0,1458,0,0,0,0,4273,,0.16
qsem,beanstalk-noplace,,"{""q_sem"": 0.0}",beanstalk-noplace,0,100,1000,10,True,1000,13.4688,74.2459,102.4646,183.905,311.998,189.526,30.06,7.16,0.5,62.29,404.84,96.43,6.69,838.91,4.26,807.92,5694.8,70.47,567,0,10,456,33,342,179,2,179,0,81.35,33.77,122.83,316.59,539.4,15,0,0,61,212,120,355,3549,,0.07
qsem,batched-par k=1,,"{""batch_k"": 1, ""q_sem"": 0.0}",batched-par,2,100,1000,10,True,1000,30.6363,32.641,33.2777,141.963,196.602,138.171,14.23,2.66,72.51,10.6,435.97,81.46,2221.39,324.81,38.5,0.0,16376.0,89.09,1834,457,10,397,57,220,166,23,166,0,0.0,0.0,3.84,43.93,0.0,0,0,645,0,0,0,0,3420,,0.1
qsem,beanstalk-noplace,,"{""q_sem"": 0.0}",beanstalk-noplace,1,100,1000,10,True,1000,13.2676,75.3716,,504.011,774.223,499.456,30.97,7.43,0.47,61.12,410.92,98.62,6.26,810.96,13.33,684.55,5710.8,71.74,571,0,10,405,44,412,173,3,173,0,163.8,32.0,379.45,777.14,563.5,14,0,0,52,149,125,422,3479,,0.08
qsem,batched-par k=1,,"{""batch_k"": 1, ""q_sem"": 0.0}",batched-par,1,100,1000,10,True,1000,31.621,31.6246,33.5754,145.729,205.245,143.331,13.0,3.07,72.47,11.46,410.92,97.14,2291.71,362.33,48.0,0.0,16907.0,89.11,1867,463,10,481,49,234,173,29,173,0,0.0,0.0,4.77,68.27,0.0,0,0,665,0,0,0,0,3550,,0.12
qsem,beanstalk-noplace,,"{""q_sem"": 0.0}",beanstalk-noplace,2,100,1000,10,True,1000,13.4473,74.3645,84.2817,190.703,424.827,213.939,32.42,6.1,0.44,61.04,435.97,82.01,5.91,820.84,7.97,792.84,6026.1,74.69,603,0,10,329,42,393,166,0,166,0,114.94,34.09,157.24,434.21,591.9,14,0,0,58,194,109,409,3365,,0.07
qsem,batched-par k=1,,"{""batch_k"": 1, ""q_sem"": 0.0}",batched-par,0,100,1000,10,True,1000,31.621,31.6245,34.5295,147.217,193.777,144.23,12.8,3.2,72.82,11.18,404.84,101.31,2302.52,353.43,55.37,0.0,17138.9,90.33,1973,542,10,535,60,250,179,23,179,0,0.0,0.0,4.14,51.96,0.0,0,0,771,0,0,0,0,3710,,0.13
qsem,beanstalk,,"{""q_sem"": 0.0}",beanstalk,1,100,1000,10,True,1000,13.8088,72.4175,,515.55,809.678,516.106,29.76,6.58,0.44,63.22,410.92,90.89,6.11,872.95,15.5,762.38,5839.2,70.48,579,0,10,379,40,425,173,5,173,916,117.48,32.89,400.62,814.66,611.2,14,0,0,52,151,126,428,3452,,0.27
qsem,beanstalk,,"{""q_sem"": 0.0}",beanstalk,0,100,1000,10,True,1000,15.6767,63.7888,76.5002,206.388,476.486,241.832,25.82,5.56,0.39,68.23,404.84,87.11,6.12,1069.6,7.37,1013.16,6125.3,65.12,607,0,10,370,37,378,179,5,179,904,123.05,33.47,147.1,477.02,635.1,18,0,0,62,202,122,405,3464,,0.28
qsem,batched k=1,,"{""batch_k"": 1, ""q_sem"": 0.05}",batched,1,100,1000,10,True,1000,120.5709,8.2939,8.4034,687.734,810.332,656.102,3.41,1.35,89.34,5.9,410.92,162.69,10772.35,711.14,97.01,0.0,66710.5,92.21,7144,2284,10,419,58,2468,644,21,644,0,0.0,0.0,8.38,56.66,0.0,0,0,5479,0,0,0,0,9228,,0.18
qsem,beanstalk,,"{""q_sem"": 0.0}",beanstalk,2,100,1000,10,True,1000,13.5992,73.5338,82.0565,136.904,263.084,145.233,32.06,5.65,0.43,61.87,435.97,76.81,5.81,841.34,3.04,800.2,5888.8,72.17,586,0,10,299,34,356,166,4,166,908,137.66,33.62,86.75,265.05,578.8,16,0,0,61,195,111,391,3299,,0.28
qsem,batched-par k=1,,"{""batch_k"": 1, ""q_sem"": 0.05}",batched-par,0,100,1000,10,True,1000,81.7228,12.2365,12.1679,440.04,585.358,430.045,4.95,2.08,85.62,7.34,404.84,170.27,6997.15,600.02,66.43,0.0,45343.2,92.47,5293,1959,10,487,55,1806,642,18,642,0,0.0,0.0,6.06,64.62,0.0,0,0,3633,0,0,0,0,7440,,0.18
qsem,batched-par k=1,,"{""batch_k"": 1, ""q_sem"": 0.05}",batched-par,1,100,1000,10,True,1000,85.7376,11.6635,11.7908,468.489,654.377,459.112,4.79,1.95,87.3,5.96,410.92,166.9,7484.96,510.98,49.99,0.0,48146.4,93.59,5620,2177,10,432,55,1834,656,17,656,0,0.0,0.0,6.18,34.21,0.0,0,0,3947,0,0,0,0,7725,,0.18
qsem,batched k=1,,"{""batch_k"": 1, ""q_sem"": 0.05}",batched,0,100,1000,10,True,1000,116.414,8.59,8.394,663.443,813.538,628.83,3.48,1.36,88.67,6.49,404.84,158.2,10322.3,756.06,102.58,0.0,63710.0,91.21,6832,2037,10,457,55,2350,618,16,618,0,0.0,0.0,8.68,59.26,0.0,0,0,5198,0,0,0,0,8923,,0.21
qsem,batched k=1,,"{""batch_k"": 1, ""q_sem"": 0.05}",batched,2,100,1000,10,True,1000,119.182,8.3905,8.1017,703.767,806.869,650.988,3.66,1.4,89.63,5.31,435.97,167.04,10682.76,632.44,90.61,0.0,66146.8,92.5,7100,2372,10,334,53,2409,639,21,639,0,0.0,0.0,8.46,42.38,0.0,0,0,5440,0,0,0,0,9094,,0.21
qsem,batched-par k=1,,"{""batch_k"": 1, ""q_sem"": 0.05}",batched-par,2,100,1000,10,True,1000,77.5036,12.9026,12.7145,422.128,570.301,409.804,5.63,2.3,85.83,6.25,435.97,177.98,6652.09,484.33,91.89,0.0,43206.4,92.91,5000,1773,10,354,54,1757,666,16,666,0,0.0,0.0,5.81,32.83,0.0,0,0,3318,0,0,0,0,7036,,0.18
qsem,batched k=1,,"{""batch_k"": 1, ""q_sem"": 0.1}",batched,0,100,1000,10,True,1000,142.0922,7.0377,6.8655,808.838,994.134,782.13,2.85,1.31,90.43,5.41,404.84,186.1,12849.41,768.87,101.94,0.0,78637.6,92.24,8353,2754,10,457,58,3279,761,27,761,0,0.0,0.0,9.16,52.62,0.0,0,0,6565,0,0,0,0,10598,,0.23
qsem,batched-par k=1,,"{""batch_k"": 1, ""q_sem"": 0.1}",batched-par,0,100,1000,10,True,1000,99.2932,10.0712,10.1029,553.303,680.195,528.865,4.08,2.02,86.75,7.15,404.84,200.75,8613.67,710.06,85.77,0.0,55396.4,92.98,6422,2483,10,490,58,2524,818,17,818,0,0.0,0.0,6.43,43.55,0.0,0,0,4587,0,0,0,0,8747,,0.19
qsem,batched k=1,,"{""batch_k"": 1, ""q_sem"": 0.1}",batched,2,100,1000,10,True,1000,151.038,6.6209,6.5091,877.534,993.757,826.659,2.89,1.3,89.92,5.89,435.97,196.69,13580.97,890.17,117.55,0.0,83841.3,92.52,8904,2946,10,346,50,3638,824,17,824,0,0.0,0.0,9.29,53.01,0.0,0,0,7063,0,0,0,0,11091,,0.21
qsem,batched k=1,,"{""batch_k"": 1, ""q_sem"": 0.1}",batched,1,100,1000,10,True,1000,148.1147,6.7515,6.7184,845.187,1006.68,813.179,2.77,1.3,90.21,5.72,410.92,192.01,13360.97,847.57,153.58,0.0,82065.5,92.34,8692,2896,10,413,55,3520,806,15,806,0,0.0,0.0,9.2,59.2,0.0,0,0,6871,0,0,0,0,10926,,0.23
qsem,beanstalk,,"{""q_sem"": 0.1}",beanstalk,0,20,200,2,True,200,22.2786,8.9772,17.5451,508.141,770.387,476.197,17.44,7.28,0.25,75.02,77.71,32.46,1.12,334.29,1.84,315.01,2512.7,93.99,250,0,2,21,0,46,128,4,128,99,339.48,105.65,336.47,776.93,1075.1,19,0,0,42,200,90,50,951,,0.04
qsem,batched-par k=1,,"{""batch_k"": 1, ""q_sem"": 0.1}",batched-par,2,100,1000,10,True,1000,101.1836,9.883,10.1101,555.069,721.643,539.522,4.31,2.08,86.79,6.82,435.97,210.07,8781.96,690.36,91.97,0.0,56561.8,93.17,6615,2602,10,370,50,2615,876,26,876,0,0.0,0.0,6.9,42.94,0.0,0,0,4713,0,0,0,0,8887,,0.23
qsem,batched k=1,,"{""batch_k"": 1, ""q_sem"": 0.2}",batched,0,100,1000,10,True,1000,176.1388,5.6773,5.6072,1005.559,1227.479,965.922,2.3,1.24,90.15,6.3,404.84,219.11,15879.58,1110.34,122.25,0.0,97434.1,92.19,10227,3298,10,454,54,4734,959,22,959,0,0.0,0.0,9.87,51.49,0.0,0,0,8246,0,0,0,0,12662,,0.25
qsem,batched k=1,,"{""batch_k"": 1, ""q_sem"": 0.2}",batched,1,100,1000,10,True,1000,186.7367,5.3551,5.4016,1081.382,1279.53,1033.035,2.2,1.26,90.95,5.6,410.92,234.38,16982.87,1045.49,134.54,0.0,104050.6,92.87,10923,3705,10,429,55,5224,1028,18,1028,0,0.0,0.0,9.79,50.07,0.0,0,0,8877,0,0,0,0,13398,,0.25
qsem,beanstalk-noplace,,"{""q_sem"": 0.1}",beanstalk-noplace,0,20,200,2,True,200,24.3643,8.2087,16.7056,534.828,866.246,531.338,15.95,5.87,0.24,77.95,77.71,28.6,1.16,379.82,1.14,367.11,2785.8,95.28,280,0,2,32,0,38,130,5,130,0,446.94,127.52,368.91,870.77,1268.6,21,0,0,47,237,88,43,1006,,0.03
qsem,beanstalk,,"{""q_sem"": 0.1}",beanstalk,1,20,200,2,True,200,24.2488,8.2478,,874.166,1437.028,918.61,19.29,11.5,0.27,68.94,93.56,55.79,1.29,334.34,6.14,299.3,2542.9,87.39,252,0,2,29,10,70,166,3,166,117,206.49,73.19,711.14,1438.43,1186.7,19,0,0,48,179,121,73,1042,,0.05
qsem,beanstalk,,"{""q_sem"": 0.1}",beanstalk,2,20,200,2,True,200,19.002,10.5252,,593.559,1113.647,681.441,22.08,10.46,0.31,67.16,83.9,39.76,1.17,255.22,2.68,250.96,2158.1,94.64,216,0,2,24,6,50,140,6,140,97,294.07,84.67,543.44,1113.04,955.4,22,0,0,39,161,107,55,945,,0.04
qsem,batched k=1,,"{""batch_k"": 1, ""q_sem"": 0.2}",batched,2,100,1000,10,True,1000,188.9709,5.2918,5.2218,1100.282,1255.612,1042.546,2.31,1.35,90.6,5.74,435.97,255.14,17120.63,1085.35,164.35,0.0,105494.0,93.04,11111,3910,10,341,51,5179,1045,18,1045,0,0.0,0.0,10.12,52.18,0.0,0,0,9048,0,0,0,0,13515,,0.25
qsem,batched-par k=1,,"{""batch_k"": 1, ""q_sem"": 0.2}",batched-par,0,100,1000,10,True,1000,131.5889,7.5994,7.5631,751.979,911.008,709.985,3.08,1.87,88.06,7.0,404.84,245.6,11587.48,920.96,84.72,0.0,73589.2,93.21,8371,3338,10,498,55,3710,1085,21,1085,0,0.0,0.0,8.17,52.42,0.0,0,0,6265,0,0,0,0,10975,,0.25
qsem,beanstalk-noplace,,"{""q_sem"": 0.1}",beanstalk-noplace,2,20,200,2,True,200,18.8927,10.5861,52.1573,546.735,930.24,529.822,22.2,8.23,0.28,69.29,83.9,31.09,1.07,261.8,0.0,247.09,2116.6,93.36,212,0,2,15,3,36,115,4,115,0,217.3,82.5,391.4,925.76,880.2,16,0,0,37,168,82,44,874,,0.02
qsem,beanstalk-noplace,,"{""q_sem"": 0.1}",beanstalk-noplace,1,20,200,2,True,200,26.9748,7.4143,8.9443,528.441,1057.931,659.667,17.34,10.57,0.26,71.83,93.56,57.02,1.38,387.54,3.56,375.5,2835.1,87.58,282,0,2,28,9,55,189,7,189,0,288.5,92.48,441.61,1066.6,1367.7,24,0,0,52,224,144,58,1120,,0.03
qsem,batched-par k=1,,"{""batch_k"": 1, ""q_sem"": 0.1}",batched-par,1,100,1000,10,True,1000,109.1416,9.1624,9.1281,598.894,842.412,592.74,3.77,1.88,88.63,5.72,410.92,205.28,9673.72,624.24,73.49,0.0,61359.4,93.7,7093,2736,10,441,56,2884,866,25,866,0,0.0,0.0,6.88,36.83,0.0,0,0,5202,0,0,0,0,9425,,0.3
qsem,beanstalk-noplace,,"{""q_sem"": 0.05}",beanstalk-noplace,0,20,200,2,True,200,19.9968,10.0016,,625.049,1175.257,702.756,19.43,5.27,0.26,75.04,77.71,21.08,1.04,300.1,3.83,294.01,2170.2,90.44,216,0,2,36,0,34,83,4,83,0,476.55,103.64,580.17,1179.78,963.1,13,0,0,37,179,50,37,854,,0.02
qsem,beanstalk-noplace,,"{""q_sem"": 0.05}",beanstalk-noplace,1,20,200,2,True,200,16.4866,12.131,17.7493,413.162,524.84,398.832,28.37,10.13,0.33,61.17,93.56,33.4,1.09,201.68,4.0,192.95,1648.5,83.32,164,0,2,36,8,46,106,3,106,0,226.41,67.5,243.92,537.49,725.9,12,0,0,27,115,82,49,847,,0.02
qsem,beanstalk,,"{""q_sem"": 0.05}",beanstalk,2,20,200,2,True,200,12.0674,16.5736,,491.421,652.882,397.176,34.76,9.87,0.39,54.98,83.9,23.82,0.95,132.68,1.42,128.93,1234.3,85.24,124,0,2,24,4,44,67,3,67,93,192.57,55.0,295.02,652.28,506.4,10,0,0,22,73,48,51,704,,0.03
qsem,beanstalk-noplace,,"{""q_sem"": 0.05}",beanstalk-noplace,2,20,200,2,True,200,14.1431,14.1411,,660.419,828.176,575.517,29.66,8.68,0.34,61.32,83.9,24.55,0.97,173.46,3.71,164.17,1610.0,94.86,161,0,2,21,1,35,81,3,81,0,245.35,95.09,399.92,823.7,629.2,15,0,0,28,121,56,40,768,,0.02
qsem,beanstalk,,"{""q_sem"": 0.05}",beanstalk,0,20,200,2,True,200,18.4329,10.8502,13.358,356.408,503.988,333.909,21.08,5.89,0.27,72.76,77.71,21.72,1.0,268.23,0.0,257.59,2027.5,91.66,203,0,2,30,0,33,83,5,83,99,386.48,104.2,196.67,503.16,854.8,18,0,0,37,163,51,40,834,,0.04
qsem,beanstalk,,"{""q_sem"": 0.05}",beanstalk,1,20,200,2,True,200,15.0203,13.3154,,546.208,883.315,572.25,31.14,8.83,0.33,59.69,93.56,26.54,0.99,179.32,2.35,145.17,1558.6,86.47,154,0,2,27,7,52,82,1,82,115,163.75,58.4,434.39,884.72,637.8,13,0,0,27,99,56,55,773,,0.05
main,batched k=4,,{},batched,1,20,200,2,True,200,31.2621,6.3975,6.7067,136.997,254.516,142.523,14.96,2.78,73.21,9.05,93.56,17.36,457.72,56.61,11.73,0.0,3456.8,92.15,365,68,2,40,6,182,53,1,53,0,0.0,0.0,19.46,101.47,0.0,0,105,124,0,0,0,0,659,,0.02
main,batched k=4,,{},batched,2,20,200,2,True,200,15.6678,12.7651,12.1912,61.975,142.965,64.849,26.77,2.4,66.58,4.24,83.9,7.52,208.65,13.3,4.92,0.0,1801.7,95.83,187,32,2,25,5,73,22,1,22,0,0.0,0.0,13.63,57.94,0.0,0,43,53,0,0,0,0,435,,0.02
main,batched k=4,,{},batched,0,20,200,2,True,200,31.2102,6.4082,6.4692,157.98,242.252,154.662,12.45,2.53,80.06,4.96,77.71,15.82,499.72,30.95,9.53,0.0,3582.2,95.65,387,88,2,42,2,191,58,0,58,0,0.0,0.0,15.86,79.23,0.0,0,112,131,0,0,0,0,687,,0.03
main,batched-aimd,,{},batched-aimd,2,20,200,2,True,200,17.8335,11.2149,10.8574,77.009,157.737,75.282,23.52,2.13,68.23,6.12,83.9,7.58,243.36,21.84,12.79,0.0,2046.5,95.63,215,36,2,23,3,71,23,1,23,0,0.0,0.0,11.05,55.93,0.0,0,43,53,0,0,0,0,462,,0.02
main,batched-aimd,,{},batched-aimd,1,20,200,2,True,200,28.9875,6.8995,7.3344,130.473,203.29,128.891,16.14,2.79,71.32,9.76,93.56,16.18,413.46,56.56,14.75,0.0,3214.5,92.41,346,63,2,35,4,131,52,2,52,0,0.0,0.0,12.92,94.63,0.0,0,66,95,0,0,0,0,635,,0.02
main,batched-aimd,,{},batched-aimd,0,20,200,2,True,200,28.4038,7.0413,7.0917,139.619,203.771,137.461,13.68,2.67,77.99,5.66,77.71,15.16,443.05,32.16,0.0,0.0,3266.3,95.83,350,66,2,37,2,139,55,4,55,0,0.0,0.0,11.55,62.59,0.0,0,64,96,0,0,0,0,646,,0.02
queue,batched k=16,,"{""batch_k"": 16}",batched,2,20,200,2,True,200,19.1135,10.4638,9.5466,75.593,213.453,85.657,21.95,1.98,72.71,3.36,83.9,7.56,277.97,12.85,7.66,0.0,2099.8,91.55,226,54,2,25,2,98,21,0,21,0,0.0,0.0,18.86,116.93,0.0,0,68,75,0,0,0,0,472,,0.02
main,batched+place,,{},batched+place,0,20,200,2,True,200,32.8961,6.0798,5.646,166.137,280.123,167.935,11.81,1.82,83.27,3.11,77.71,11.96,547.82,20.43,9.61,0.0,3776.4,95.66,405,82,2,24,0,206,59,1,59,115,0.0,0.0,16.91,79.83,0.0,0,119,139,0,0,0,0,689,,0.04
main,batched+place,,{},batched+place,1,20,200,2,True,200,32.3893,6.1749,6.442,146.891,279.936,150.849,14.44,2.15,75.47,7.93,93.56,13.94,488.89,51.4,5.12,0.0,3604.7,92.74,384,89,2,19,3,195,58,0,58,134,0.0,0.0,17.81,102.51,0.0,0,112,130,0,0,0,0,661,,0.04
queue,batched k=16,,"{""batch_k"": 16}",batched,0,20,200,2,True,200,46.7214,4.2807,4.2679,234.68,412.318,245.182,8.32,1.61,85.85,4.22,77.71,15.09,802.19,39.44,8.96,0.0,5231.9,93.32,580,167,2,43,2,301,55,0,55,0,0.0,0.0,27.5,141.27,0.0,0,209,231,0,0,0,0,878,,0.03
main,batched+place,,{},batched+place,2,20,200,2,True,200,19.6068,10.2005,10.3749,81.192,164.26,82.424,21.39,2.02,68.04,8.54,83.9,7.92,266.82,33.49,8.94,0.0,2238.2,95.13,236,44,2,25,4,97,28,1,28,118,0.0,0.0,15.84,71.81,0.0,0,59,75,0,0,0,0,490,,0.04
queue,batched-par k=4,,"{""batch_k"": 4}",batched-par,1,20,200,2,True,200,27.9879,7.1459,7.2023,125.764,241.4,131.165,16.71,2.51,75.6,5.18,93.56,14.04,423.18,28.99,12.99,0.0,3263.1,97.16,352,77,2,32,5,172,50,1,50,0,0.0,0.0,17.86,84.39,0.0,0,101,119,0,0,0,0,635,,0.04
queue,batched-par k=4,,"{""batch_k"": 4}",batched-par,2,20,200,2,True,200,14.7778,13.5338,12.6429,58.343,129.003,60.128,28.39,2.68,65.14,3.8,83.9,7.91,192.51,11.23,4.77,0.0,1702.8,96.02,178,27,2,26,3,69,22,1,22,0,0.0,0.0,11.74,42.07,0.0,0,40,44,0,0,0,0,427,,0.02
fair,batched k=4 suspects,,"{""queue_suspects"": true}",batched,0,20,200,2,True,200,15.6141,12.8089,13.3747,58.397,124.605,64.28,24.88,5.23,63.39,6.5,77.71,16.33,197.94,20.31,1.72,0.0,1746.5,93.21,190,31,2,44,2,75,56,0,56,0,0.0,0.0,10.19,42.48,0.0,0,21,45,0,0,51,0,490,,0.02
fair,batched k=4 suspects,,"{""queue_suspects"": true}",batched,2,20,200,2,True,200,12.0028,16.6628,16.1271,40.584,82.978,42.444,34.95,3.24,55.69,6.11,83.9,7.78,133.7,14.68,3.13,0.0,1350.0,93.73,139,20,2,24,1,38,22,1,22,0,0.0,0.0,8.8,31.91,0.0,0,16,28,0,0,17,0,386,,0.02
fair,batched k=4 suspects,,"{""queue_suspects"": true}",batched,1,20,200,2,True,200,15.6475,12.7816,14.0709,53.373,119.646,56.181,29.89,4.86,54.98,10.26,93.56,15.22,172.05,32.12,11.92,0.0,1741.5,92.75,194,40,2,35,5,75,52,1,52,0,0.0,0.0,10.54,51.27,0.0,0,22,53,0,0,46,0,482,,0.02
fair,batched-par k=4 suspects,,"{""batch_k"": 4, ""queue_suspects"": true}",batched-par,0,20,200,2,True,200,16.0348,12.4729,13.2121,64.219,123.647,66.573,24.23,5.01,64.19,6.57,77.71,16.07,205.84,21.08,1.98,0.0,1839.8,95.61,201,36,2,43,1,83,58,0,58,0,0.0,0.0,10.94,51.88,0.0,0,21,52,0,0,52,0,502,,0.02
fair,batched-par k=4 suspects,,"{""batch_k"": 4, ""queue_suspects"": true}",batched-par,1,20,200,2,True,200,13.9771,14.3091,15.3211,41.953,115.652,48.962,33.47,5.74,52.65,8.15,93.56,16.04,147.17,22.78,6.47,0.0,1581.2,94.27,174,29,2,39,6,67,51,1,51,0,0.0,0.0,8.65,49.64,0.0,0,18,38,0,0,44,0,465,,0.02
queue,batched-par k=4,,"{""batch_k"": 4}",batched-par,0,20,200,2,True,200,30.4195,6.5747,6.9349,151.958,238.231,149.261,12.77,2.58,79.2,5.45,77.71,15.7,481.84,33.14,0.0,0.0,3512.1,96.21,377,83,2,44,2,183,55,0,55,0,0.0,0.0,18.98,96.51,0.0,0,109,130,0,0,0,0,676,,0.02
qsem,batched-par k=1,,"{""batch_k"": 1, ""q_sem"": 0.2}",batched-par,1,100,1000,10,True,1000,141.8708,7.0487,7.2658,763.441,1137.768,769.476,2.9,1.86,88.54,6.71,410.92,263.76,12560.85,951.55,108.93,0.0,79729.1,93.66,9131,3781,10,447,54,4053,1162,20,1162,0,0.0,0.0,8.33,55.94,0.0,0,0,6949,0,0,0,0,11760,,0.27
fair,batched-par k=4 suspects,,"{""batch_k"": 4, ""queue_suspects"": true}",batched-par,2,20,200,2,True,200,11.9245,16.7722,16.0295,39.523,88.763,42.752,35.18,3.49,56.26,5.07,83.9,8.32,134.19,12.09,8.34,0.0,1386.0,96.86,153,30,2,26,5,47,25,1,25,0,0.0,0.0,8.12,38.6,0.0,0,19,36,0,0,20,0,405,,0.03
place,batched+place soft,default point,"{""placement_fallback"": ""least-overlap""}",batched+place,0,20,200,2,True,200,32.8961,6.0798,5.646,166.137,280.123,167.935,11.81,1.82,83.27,3.11,77.71,11.96,547.82,20.43,9.61,0.0,3776.4,95.66,405,82,2,24,0,206,59,1,59,115,0.0,0.0,16.91,79.83,0.0,0,119,139,0,0,0,0,689,,0.04
queue,batched k=16,,"{""batch_k"": 16}",batched,1,20,200,2,True,200,45.9063,4.3567,4.5142,242.934,421.485,233.287,10.19,1.73,82.97,5.11,93.56,15.85,761.77,46.95,13.31,0.0,5111.8,92.79,549,137,2,40,5,302,52,2,52,0,0.0,0.0,28.9,149.01,0.0,0,202,212,0,0,0,0,843,,0.09
place,batched+place hard,default point,"{""placement_fallback"": ""wait""}",batched+place,0,20,200,2,True,200,27.4007,7.2991,7.216,108.025,208.129,103.068,14.18,1.78,60.91,23.13,77.71,9.75,333.81,126.75,120.91,0.0,3139.1,95.47,337,79,2,13,0,148,46,1,46,0,0.0,0.0,15.85,70.86,0.0,0,88,109,0,0,0,0,597,,0.03
qsem,batched-aimd,,"{""q_sem"": 0.0}",batched-aimd,0,20,200,2,True,200,25.6234,7.8054,7.6481,124.143,189.565,121.208,15.16,2.75,76.09,6.0,77.71,14.09,389.94,30.73,4.87,0.0,2913.8,94.76,308,49,2,41,2,113,43,2,43,0,0.0,0.0,12.9,70.1,0.0,0,60,82,0,0,0,0,594,,0.02
qsem,batched-par k=1,,"{""batch_k"": 1, ""q_sem"": 0.2}",batched-par,2,100,1000,10,True,1000,126.7632,7.8887,7.9611,709.804,908.97,685.586,3.44,2.16,87.98,6.42,435.97,273.3,11153.13,813.93,127.81,0.0,71207.7,93.62,8408,3534,10,373,55,3592,1141,23,1141,0,0.0,0.0,7.81,45.27,0.0,0,0,6244,0,0,0,0,10945,,0.27
place,batched+place soft,default point,"{""placement_fallback"": ""least-overlap""}",batched+place,1,20,200,2,True,200,32.3893,6.1749,6.442,146.891,279.936,150.849,14.44,2.15,75.47,7.93,93.56,13.94,488.89,51.4,5.12,0.0,3604.7,92.74,384,89,2,19,3,195,58,0,58,134,0.0,0.0,17.81,102.51,0.0,0,112,130,0,0,0,0,661,,0.05
qsem,batched-aimd,,"{""q_sem"": 0.0}",batched-aimd,1,20,200,2,True,200,22.5413,8.8726,8.7764,98.225,164.986,96.252,20.75,2.71,68.45,8.08,93.56,12.24,308.6,36.43,14.41,0.0,2562.0,94.72,276,50,2,34,4,96,39,1,39,0,0.0,0.0,10.65,59.22,0.0,0,52,70,0,0,0,0,550,,0.02
place,batched+place hard,default point,"{""placement_fallback"": ""wait""}",batched+place,2,20,200,2,True,200,19.9693,10.0154,11.8024,43.644,130.57,53.253,21.01,1.44,43.01,34.55,83.9,5.73,171.78,137.98,135.85,0.0,2084.5,86.99,221,39,2,9,0,77,25,2,25,0,0.0,0.0,12.16,57.91,0.0,0,45,56,0,0,0,0,457,,0.03
qsem,batched-aimd,,"{""q_sem"": 0.05}",batched-aimd,0,20,200,2,True,200,34.1458,5.8572,5.7614,176.076,247.401,170.101,11.38,2.85,80.18,5.59,77.71,19.48,547.53,38.2,0.0,0.0,3948.6,96.37,437,90,2,43,2,177,83,3,83,0,0.0,0.0,11.65,68.31,0.0,0,71,128,0,0,0,0,766,,0.02
place,batched+place hard,default point,"{""placement_fallback"": ""wait""}",batched+place,1,20,200,2,True,200,28.55,7.0053,7.381,88.094,174.232,84.123,16.38,1.95,47.16,34.51,93.56,11.15,269.26,197.04,193.59,0.0,3113.9,90.89,338,71,2,13,4,147,47,2,47,0,0.0,0.0,16.0,106.24,0.0,0,81,104,0,0,0,0,600,,0.05
qsem,batched-aimd,,"{""q_sem"": 0.05}",batched-aimd,2,20,200,2,True,200,33.6124,5.9502,5.7519,179.937,254.987,165.28,12.48,2.81,79.14,5.57,83.9,18.89,532.04,37.42,2.87,0.0,3884.2,96.3,419,85,2,20,2,170,78,4,78,0,0.0,0.0,11.09,44.55,0.0,0,68,118,0,0,0,0,721,,0.02
qsem,batched-aimd,,"{""q_sem"": 0.05}",batched-aimd,1,20,200,2,True,200,41.7671,4.7885,4.8452,211.357,311.85,202.936,11.2,3.35,77.63,7.82,93.56,28.01,648.44,65.34,17.26,0.0,4759.3,94.96,509,111,2,31,6,214,103,4,103,0,0.0,0.0,14.95,82.47,0.0,0,79,159,0,0,0,0,847,,0.03
qsem,batched-aimd,,"{""q_sem"": 0.1}",batched-aimd,0,20,200,2,True,200,42.5722,4.6979,4.6203,223.927,312.245,219.085,9.13,2.8,82.97,5.1,77.71,23.84,706.44,43.45,0.0,0.0,4934.8,96.6,524,102,2,41,2,230,122,1,122,0,0.0,0.0,12.31,62.59,0.0,0,75,150,0,0,0,0,888,,0.03
qsem,batched-aimd,,"{""q_sem"": 0.2}",batched-aimd,0,20,200,2,True,200,49.1515,4.069,4.0365,267.75,337.124,257.01,7.9,3.4,83.75,4.95,77.71,33.43,823.27,48.62,0.0,0.0,5686.2,96.41,613,125,2,40,1,282,172,6,172,0,0.0,0.0,12.65,63.67,0.0,0,59,187,0,0,0,0,1031,,0.03
qsem,batched-aimd,,"{""q_sem"": 0.1}",batched-aimd,1,20,200,2,True,200,46.394,4.3109,4.2894,231.801,333.398,230.448,10.08,4.48,78.31,7.13,93.56,41.54,726.62,66.16,21.23,0.0,5267.6,94.62,556,102,2,31,5,252,142,4,142,0,0.0,0.0,14.03,73.18,0.0,0,68,169,0,0,0,0,933,,0.03
qsem,batched-aimd,,"{""q_sem"": 0.2}",batched-aimd,1,20,200,2,True,200,54.7244,3.6547,3.5059,281.963,400.4,281.394,8.55,4.96,80.74,5.75,93.56,54.34,883.64,62.95,16.23,0.0,6286.5,95.73,679,144,2,32,6,322,199,3,199,0,0.0,0.0,13.1,51.61,0.0,0,63,219,0,0,0,0,1113,,0.02
qsem,batched-aimd,,"{""q_sem"": 0.1}",batched-aimd,2,20,200,2,True,200,45.1259,4.432,4.2822,244.84,322.044,233.337,9.3,3.02,83.16,4.52,83.9,27.21,750.58,40.83,4.56,0.0,5265.4,97.23,565,122,2,20,4,241,125,4,125,0,0.0,0.0,13.13,59.47,0.0,0,80,175,0,0,0,0,914,,0.04
qsem,batched-aimd,,"{""q_sem"": 0.0}",batched-aimd,2,20,200,2,True,200,12.9947,15.3909,14.0736,45.412,97.593,49.45,32.28,2.23,61.19,4.3,83.9,5.79,159.04,11.17,0.68,0.0,1471.7,94.38,155,25,2,20,2,45,16,0,16,0,0.0,0.0,9.14,42.29,0.0,0,27,33,0,0,0,0,391,,0.06
qsem,batched-aimd,,"{""q_sem"": 0.2}",batched-aimd,2,20,200,2,True,200,50.0123,3.999,3.9451,270.056,355.609,257.602,8.39,3.5,82.34,5.77,83.9,35.04,823.63,57.68,4.84,0.0,5767.2,96.1,621,137,2,20,5,284,171,5,171,0,0.0,0.0,13.58,73.53,0.0,0,63,195,0,0,0,0,1017,,0.02
place,batched+place soft,default point,"{""placement_fallback"": ""least-overlap""}",batched+place,2,20,200,2,True,200,19.6068,10.2005,10.3749,81.192,164.26,82.424,21.39,2.02,68.04,8.54,83.9,7.92,266.82,33.49,8.94,0.0,2238.2,95.13,236,44,2,25,4,97,28,1,28,118,0.0,0.0,15.84,71.81,0.0,0,59,75,0,0,0,0,490,,0.04
fair,beanstalk quarantine,,"{""green_mode"": ""quarantine""}",beanstalk,0,20,200,2,True,200,9.38,21.322,22.7495,130.232,225.007,133.673,41.42,6.54,0.47,51.57,77.71,12.28,0.88,96.74,0.0,82.12,1108.6,98.49,111,0,2,20,0,22,52,0,52,91,204.26,64.24,25.63,69.17,364.2,11,0,0,17,70,35,41,653,,0.03
fair,beanstalk quarantine,,"{""green_mode"": ""quarantine""}",beanstalk,1,20,200,2,True,200,10.5295,18.9942,20.4152,108.951,275.852,128.303,44.43,8.57,0.44,46.57,93.56,18.04,0.92,98.07,0.04,92.51,1216.5,96.28,121,0,2,29,6,33,56,1,56,139,181.7,65.2,23.33,83.43,405.5,7,0,0,17,61,41,60,688,,0.03
fair,beanstalk no-budget,,"{""budget"": false}",beanstalk,0,20,200,2,True,200,10.8381,18.4535,,509.341,627.7,504.565,35.85,6.99,0.43,56.73,77.71,15.15,0.94,122.96,0.0,0.0,1237.1,95.12,124,0,2,29,0,13,55,1,55,143,340.51,128.9,309.5,634.24,0.0,27,0,0,19,108,37,16,690,,0.03
fair,beanstalk no-budget,,"{""budget"": false}",beanstalk,2,20,200,2,True,200,8.9683,22.3008,,373.789,494.243,349.226,46.77,4.65,0.45,48.13,83.9,8.33,0.82,86.32,8.69,0.0,1014.1,94.23,102,0,2,17,5,27,29,1,29,139,254.99,94.03,234.21,501.69,0.0,8,0,0,15,68,15,34,589,,0.03
fair,beanstalk-noplace quarantine,,"{""green_mode"": ""quarantine""}",beanstalk-noplace,0,20,200,2,True,200,11.0548,18.0916,20.213,144.163,289.338,152.961,35.15,7.13,0.41,57.3,77.71,15.77,0.92,126.7,0.0,110.48,1301.4,98.1,129,0,2,29,0,24,54,3,54,0,205.09,71.72,32.09,124.82,409.2,9,0,0,18,83,39,46,698,,0.02
fair,beanstalk quarantine,,"{""green_mode"": ""quarantine""}",beanstalk,2,20,200,2,True,200,8.6007,23.2538,26.8,76.495,218.456,97.295,48.77,3.9,0.45,46.88,83.9,6.71,0.78,80.64,2.35,53.63,852.8,82.63,86,0,2,16,4,22,22,1,22,132,162.72,75.38,30.86,111.46,197.8,6,0,0,10,43,14,43,560,,0.04
fair,beanstalk-noplace quarantine,,"{""green_mode"": ""quarantine""}",beanstalk-noplace,1,20,200,2,True,200,9.7243,20.5671,30.1866,105.172,200.626,109.163,48.1,7.82,0.46,43.61,93.56,15.22,0.9,84.81,6.61,50.16,1004.8,86.1,99,0,2,28,6,25,50,1,50,0,142.61,63.08,19.88,75.66,301.3,11,0,0,14,44,39,55,653,,0.02
fair,beanstalk no-budget,,"{""budget"": false}",beanstalk,1,20,200,2,True,200,10.212,19.5849,,456.76,594.818,451.164,45.81,8.61,0.45,45.13,93.56,17.59,0.92,92.17,4.98,0.0,1113.9,90.9,111,0,2,26,7,34,58,2,58,154,235.46,59.2,290.28,596.22,0.0,12,0,0,18,74,42,37,680,,0.04
fair,beanstalk-noplace quarantine,,"{""green_mode"": ""quarantine""}",beanstalk-noplace,2,20,200,2,True,200,7.797,25.651,25.3882,85.762,151.798,81.425,53.8,6.31,0.5,39.39,83.9,9.83,0.79,61.42,3.56,43.56,850.1,90.85,85,0,2,24,1,22,22,0,22,0,116.77,66.64,17.44,83.77,198.6,5,0,0,10,30,13,55,577,,0.02
fair,beanstalk quarantine no-budget,,"{""budget"": false, ""green_mode"": ""quarantine""}",beanstalk,0,20,200,2,True,200,10.8439,18.4436,18.3062,392.781,534.632,361.908,35.83,6.75,0.44,56.97,77.71,14.65,0.96,123.56,5.79,0.0,1265.8,97.27,127,0,2,34,0,11,54,1,54,136,425.73,168.7,71.12,253.68,0.0,23,0,0,19,103,36,24,701,,0.04
fair,beanstalk quarantine no-budget,,"{""budget"": false, ""green_mode"": ""quarantine""}",beanstalk,1,20,200,2,True,200,9.8091,20.3892,21.4443,100.068,303.457,134.147,47.69,8.4,0.47,43.44,93.56,16.47,0.93,85.22,3.89,0.0,1094.0,92.94,109,0,2,25,6,24,58,1,58,165,194.9,67.91,28.04,118.03,0.0,11,0,0,17,61,43,48,672,,0.04
fair,beanstalk quarantine no-budget,,"{""budget"": false, ""green_mode"": ""quarantine""}",beanstalk,2,20,200,2,True,200,6.6031,30.289,30.4637,71.623,186.904,88.877,63.53,4.76,0.59,31.12,83.9,6.29,0.78,41.09,3.92,0.0,758.3,95.7,76,0,2,18,6,18,21,0,21,151,140.37,59.75,29.62,119.76,0.0,6,0,0,10,36,12,40,549,,0.04
main,serial,,{},serial,0,20,200,2,True,200,44.1802,4.5269,4.5392,235.795,277.946,227.271,8.79,1.73,84.01,5.47,77.71,15.25,742.32,48.32,0.0,0.0,2632.7,49.66,259,0,1,36,2,59,55,4,55,0,0.0,0.0,8.67,53.7,0.0,0,0,0,0,0,0,0,554,,0.02
main,serial,,{},serial,1,20,200,2,True,200,44.9617,4.4482,4.5813,227.906,286.276,220.513,10.4,1.75,79.99,7.86,93.56,15.72,719.32,70.64,12.92,0.0,2641.6,48.96,258,0,1,30,6,58,51,7,51,0,0.0,0.0,9.04,73.64,0.0,0,0,0,0,0,0,0,546,,0.02
qsem,beanstalk quarantine,,"{""green_mode"": ""quarantine"", ""q_sem"": 0.0}",beanstalk,2,20,200,2,True,200,6.7543,29.6106,28.5916,63.684,181.061,78.39,62.1,5.55,0.57,31.77,83.9,7.5,0.77,42.92,1.69,23.49,777.1,95.87,78,0,2,20,4,18,16,2,16,109,161.21,63.14,19.43,70.92,129.6,4,0,0,8,33,10,45,551,,0.03
qsem,beanstalk quarantine,,"{""green_mode"": ""quarantine"", ""q_sem"": 0.0}",beanstalk,0,20,200,2,True,200,8.0546,24.8305,32.3401,120.735,221.884,126.615,48.24,6.8,0.54,44.42,77.71,10.95,0.88,71.56,0.5,70.13,946.8,97.95,95,0,2,25,1,21,43,0,43,99,129.0,56.54,35.55,139.97,285.1,7,0,0,13,51,30,44,630,,0.04
main,beanstalk-noplace,,{},beanstalk-noplace,1,20,200,2,True,200,9.4313,21.206,31.6237,205.215,288.69,196.006,49.6,8.52,0.5,41.39,93.56,16.06,0.94,78.07,3.95,42.84,1001.3,88.47,99,0,2,35,8,41,50,2,50,0,128.73,46.71,126.37,291.05,287.9,10,0,0,15,50,37,49,663,,0.02
main,beanstalk-noplace,,{},beanstalk-noplace,0,20,200,2,True,200,10.6147,18.8419,40.2084,200.454,375.067,226.873,36.6,6.77,0.44,56.18,77.71,14.37,0.94,119.27,0.66,94.91,1189.4,93.38,118,0,2,30,0,33,53,3,53,0,211.25,63.01,157.55,379.59,403.9,9,0,0,19,81,37,37,683,,0.02
qsem,beanstalk quarantine,,"{""green_mode"": ""quarantine"", ""q_sem"": 0.0}",beanstalk,1,20,200,2,True,200,10.8855,18.3731,22.2816,70.024,223.88,94.91,42.97,5.34,0.39,51.3,93.56,11.62,0.85,111.68,15.8,70.17,1028.2,78.72,103,0,2,22,6,21,39,1,39,151,212.97,53.61,19.38,72.79,294.0,9,0,0,13,49,28,54,624,,0.04
main,beanstalk-noplace,,{},beanstalk-noplace,2,20,200,2,True,200,6.4135,31.1843,,212.565,346.62,197.081,65.41,7.52,0.63,26.45,83.9,9.64,0.81,33.92,0.0,16.24,724.3,94.11,72,0,2,24,2,28,25,1,25,0,107.41,52.14,160.65,351.16,129.5,9,0,0,10,38,16,34,570,,0.02
main,beanstalk,,{},beanstalk,0,20,200,2,True,200,10.2269,19.5563,53.3386,255.821,412.172,254.707,37.99,6.55,0.44,55.01,77.71,13.4,0.91,112.52,0.0,102.3,1135.5,92.53,113,0,2,28,0,30,52,0,52,100,182.94,54.34,167.21,418.72,392.4,11,0,0,17,78,35,35,670,,0.04
queue,batched k=1,,"{""batch_k"": 1}",batched,0,20,200,2,True,200,25.4196,7.8679,8.1667,119.399,159.416,118.917,15.29,2.99,74.98,6.75,77.71,15.2,381.19,34.29,0.0,0.0,2892.5,94.83,296,25,2,37,1,63,55,2,55,0,0.0,0.0,7.43,39.67,0.0,0,0,39,0,0,0,0,590,,0.02
main,beanstalk,,{},beanstalk,2,20,200,2,True,200,6.8848,29.0494,,249.599,369.236,229.551,60.93,4.9,0.57,33.61,83.9,6.75,0.78,46.27,2.83,29.43,760.1,92.0,76,0,2,17,4,28,24,1,24,130,127.94,51.97,172.18,376.69,154.8,6,0,0,10,41,15,35,556,,0.04
queue,batched k=1,,"{""batch_k"": 1}",batched,1,20,200,2,True,200,25.6814,7.7877,8.3863,112.565,156.243,109.624,18.21,3.23,67.91,10.64,93.56,16.58,348.83,54.66,10.22,0.0,2869.2,93.1,301,41,2,32,6,57,50,5,50,0,0.0,0.0,8.54,82.15,0.0,0,0,46,0,0,0,0,588,,0.02
main,serial,,{},serial,2,20,200,2,True,200,39.4719,5.0669,5.0009,207.949,253.239,200.192,10.63,1.11,83.42,4.84,83.9,8.77,658.54,38.24,3.49,0.0,2354.4,49.71,230,0,1,19,4,30,27,3,27,0,0.0,0.0,6.72,32.26,0.0,0,0,0,0,0,0,0,479,,0.06
queue,batched-par k=1,,"{""batch_k"": 1}",batched-par,0,20,200,2,True,200,23.8416,8.3887,8.811,109.157,149.268,109.432,16.3,3.29,73.21,7.2,77.71,15.67,349.1,34.35,0.0,0.0,2763.9,96.61,275,11,2,38,2,59,55,2,55,0,0.0,0.0,6.26,34.66,0.0,0,0,18,0,0,0,0,570,,0.02
queue,batched-par k=1,,"{""batch_k"": 1}",batched-par,2,20,200,2,True,200,20.6717,9.6751,9.595,93.157,119.556,92.905,20.29,2.38,72.52,4.8,83.9,9.85,299.84,19.86,1.8,0.0,2431.6,98.02,246,13,2,21,4,33,25,8,25,0,0.0,0.0,4.91,28.65,0.0,0,0,13,0,0,0,0,500,,0.02
queue,batched-par k=1,,"{""batch_k"": 1}",batched-par,1,20,200,2,True,200,24.2869,8.2349,8.7509,103.401,148.603,101.91,19.26,3.34,66.6,10.8,93.56,16.2,323.5,52.48,6.89,0.0,2728.7,93.63,280,21,2,32,6,57,50,7,50,0,0.0,0.0,7.72,86.08,0.0,0,0,23,0,0,0,0,569,,0.02
fair,batched k=1 released,,"{""batch_k"": 1, ""queue_agents"": ""released""}",batched,0,20,200,2,True,200,27.5089,7.2704,7.1342,626.218,1219.633,633.507,14.12,3.91,0.0,81.96,77.71,21.54,0.0,450.93,0.0,0.0,3208.2,97.19,336,41,2,79,2,81,71,2,71,0,0.0,0.0,8.38,46.89,0.0,0,0,63,0,0,0,0,688,,0.03
main,beanstalk,,{},beanstalk,1,20,200,2,True,200,10.2004,19.607,,442.185,594.124,412.027,45.86,8.04,0.46,45.64,93.56,16.41,0.93,93.12,3.57,66.83,1085.6,88.69,108,0,2,25,5,47,59,1,59,130,197.66,47.26,289.93,595.53,314.7,9,0,0,17,58,43,50,677,,0.07
fair,batched k=1 released,,"{""batch_k"": 1, ""queue_agents"": ""released""}",batched,1,20,200,2,True,200,28.69,6.9711,7.0637,577.021,1126.196,580.943,16.3,4.33,0.0,79.37,93.56,24.83,0.0,455.41,0.0,0.0,3201.0,92.98,332,43,2,67,17,79,68,5,68,0,0.0,0.0,9.1,57.6,0.0,0,0,59,0,0,0,0,672,,0.03
fair,batched k=1 released,,"{""batch_k"": 1, ""queue_agents"": ""released""}",batched,2,20,200,2,True,200,23.2528,8.6011,8.4952,494.665,950.314,493.039,18.04,3.06,0.0,78.9,83.9,14.23,0.0,366.93,0.0,0.0,2663.6,95.46,272,24,2,57,11,42,35,6,35,0,0.0,0.0,6.41,32.45,0.0,0,0,31,0,0,0,0,570,,0.02
place,beanstalk soft,file-oracle,"{""flag_clean"": 0.0451, ""flag_recall"": 1.0, ""placement_fallback"": ""least-overlap""}",beanstalk,0,20,200,2,True,200,12.5362,15.9538,28.3136,280.716,354.028,252.372,30.99,4.85,0.35,63.8,77.71,12.17,0.88,159.96,1.36,153.66,1361.8,90.52,136,0,2,11,0,31,61,0,61,12,224.75,85.28,155.62,355.07,496.3,10,0,0,21,98,40,38,678,,0.03
place,beanstalk soft,file-oracle,"{""flag_clean"": 0.0451, ""flag_recall"": 1.0, ""placement_fallback"": ""least-overlap""}",beanstalk,2,20,200,2,True,200,7.6513,26.1394,,278.879,411.819,266.711,54.82,4.59,0.52,40.06,83.9,7.03,0.8,61.3,2.69,58.23,835.4,90.99,84,0,2,12,6,27,33,0,33,19,161.38,55.98,183.71,409.86,242.1,8,0,0,12,50,21,34,571,,0.03
place,beanstalk hard,file-oracle,"{""flag_clean"": 0.0451, ""flag_recall"": 1.0, ""placement_fallback"": ""wait""}",beanstalk,1,20,200,2,True,200,10.0805,19.8403,,348.74,497.529,326.783,46.4,4.86,0.41,48.32,93.56,9.8,0.83,97.42,29.87,65.73,1010.1,83.5,100,0,2,5,10,41,48,1,48,0,118.51,43.98,208.55,499.92,241.9,9,0,0,14,51,35,49,607,,0.03
place,beanstalk soft,file-oracle,"{""flag_clean"": 0.0451, ""flag_recall"": 1.0, ""placement_fallback"": ""least-overlap""}",beanstalk,1,20,200,2,True,200,8.4673,23.6202,,341.153,489.943,325.945,55.24,6.63,0.51,37.62,93.56,11.23,0.86,63.7,2.47,56.76,931.4,91.66,92,0,2,11,10,37,49,1,49,15,118.51,44.0,238.8,492.33,226.8,9,0,0,15,52,35,40,613,,0.03
place,beanstalk hard,file-oracle,"{""flag_clean"": 0.0451, ""flag_recall"": 1.0, ""placement_fallback"": ""wait""}",beanstalk,0,20,200,2,True,200,12.2292,16.3543,27.7662,283.698,354.028,253.697,31.77,4.67,0.35,63.2,77.71,11.43,0.86,154.58,10.99,142.68,1404.0,95.67,140,0,2,7,0,35,59,0,59,0,224.75,86.43,161.26,355.07,491.3,10,0,0,20,96,39,44,671,,0.03
queue,batched k=1,,"{""batch_k"": 1}",batched,2,20,200,2,True,200,22.4697,8.9009,8.6996,105.248,138.714,103.347,18.67,2.2,74.46,4.68,83.9,9.87,334.62,21.01,2.13,0.0,2617.4,97.07,265,24,2,20,4,37,26,11,26,0,0.0,0.0,6.12,31.81,0.0,0,0,28,0,0,0,0,522,,0.02
place,beanstalk hard,file-oracle,"{""flag_clean"": 0.0451, ""flag_recall"": 1.0, ""placement_fallback"": ""wait""}",beanstalk,2,20,200,2,True,200,8.9754,22.2831,,300.526,433.465,277.219,46.74,3.1,0.43,49.74,83.9,5.56,0.77,89.28,21.45,67.45,979.9,90.98,99,0,2,3,5,29,33,0,33,0,174.19,58.0,174.35,431.51,263.3,7,0,0,14,57,19,42,568,,0.03
place,beanstalk soft,module-oracle,"{""flag_clean"": 0.7369, ""flag_recall"": 1.0, ""placement_fallback"": ""least-overlap""}",beanstalk,1,20,200,2,True,200,9.804,20.3998,59.031,238.274,403.098,236.43,47.71,10.89,0.47,40.92,93.56,21.36,0.93,80.24,2.92,55.28,1008.9,85.75,100,0,2,32,3,50,58,1,58,194,137.23,42.65,156.13,398.97,277.0,9,0,0,18,44,41,56,680,,0.03
place,beanstalk soft,module-oracle,"{""flag_clean"": 0.7369, ""flag_recall"": 1.0, ""placement_fallback"": ""least-overlap""}",beanstalk,0,20,200,2,True,200,7.4785,26.7433,45.1604,152.143,213.525,143.605,51.95,8.13,0.59,39.33,77.71,12.16,0.88,58.82,1.63,51.31,850.0,94.72,85,0,2,20,0,26,48,0,48,192,128.95,49.0,98.69,211.28,218.3,10,0,0,13,52,35,33,617,,0.04
place,beanstalk soft,module-oracle,"{""flag_clean"": 0.7369, ""flag_recall"": 1.0, ""placement_fallback"": ""least-overlap""}",beanstalk,2,20,200,2,True,200,8.2276,24.3085,,259.142,419.656,247.335,50.98,5.44,0.5,43.08,83.9,8.95,0.82,70.88,6.1,33.15,843.3,85.41,85,0,2,23,1,38,26,1,26,189,89.03,47.88,185.79,424.63,199.8,5,0,0,13,43,14,42,582,,0.03
place,beanstalk soft,module-level,"{""flag_clean"": 0.9033, ""flag_recall"": 0.9402, ""placement_fallback"": ""least-overlap""}",beanstalk,0,20,200,2,True,200,9.9231,20.1549,,414.661,558.959,339.598,39.16,7.13,0.46,53.25,77.71,14.15,0.92,105.68,0.0,82.6,1149.6,96.55,115,0,2,33,2,41,51,0,51,195,219.13,64.65,264.1,560.47,340.2,9,0,0,17,68,34,47,680,,0.03
place,beanstalk hard,module-oracle,"{""flag_clean"": 0.7369, ""flag_recall"": 1.0, ""placement_fallback"": ""wait""}",beanstalk,0,20,200,2,True,200,26.4309,7.5669,8.1897,23.545,96.299,35.394,14.7,1.54,0.14,83.61,77.71,8.16,0.75,442.0,425.45,1.12,2251.9,71.0,224,0,2,0,0,121,44,1,44,0,49.37,26.33,26.35,131.83,7.0,2,0,0,17,19,32,204,712,,0.04
place,beanstalk soft,module-level,"{""flag_clean"": 0.9033, ""flag_recall"": 0.9402, ""placement_fallback"": ""least-overlap""}",beanstalk,2,20,200,2,True,200,7.6996,25.9755,44.1263,160.457,226.287,152.419,54.48,7.89,0.57,37.06,83.9,12.15,0.88,57.07,2.13,38.0,777.1,84.1,78,0,2,41,2,39,24,1,24,195,91.52,45.61,100.88,223.37,125.4,4,0,0,12,33,13,45,604,,0.03
place,beanstalk hard,module-oracle,"{""flag_clean"": 0.7369, ""flag_recall"": 1.0, ""placement_fallback"": ""wait""}",beanstalk,1,20,200,2,True,200,30.27,6.6072,6.6847,15.835,74.114,26.865,15.45,1.14,0.12,83.28,93.56,6.91,0.74,504.2,477.32,15.54,2274.6,62.62,227,0,2,0,1,103,40,0,40,0,81.23,25.32,18.77,104.38,52.7,3,0,0,14,15,29,212,707,,0.04
place,beanstalk soft,module-level,"{""flag_clean"": 0.9033, ""flag_recall"": 0.9402, ""placement_fallback"": ""least-overlap""}",beanstalk,1,20,200,2,True,200,11.0462,18.1057,,341.172,630.635,391.345,42.35,6.86,0.42,50.38,93.56,15.15,0.92,111.3,2.36,92.33,1124.0,84.8,112,0,2,29,5,63,49,0,49,194,122.6,44.8,315.62,646.62,401.6,8,0,0,14,47,35,65,666,,0.04
place,beanstalk hard,module-oracle,"{""flag_clean"": 0.7369, ""flag_recall"": 1.0, ""placement_fallback"": ""wait""}",beanstalk,2,20,200,2,True,200,26.6658,7.5002,7.9674,11.569,39.227,16.31,15.73,0.46,0.13,83.68,83.9,2.45,0.67,446.31,428.44,1.77,2105.1,65.79,209,0,2,0,1,48,16,1,16,0,41.56,25.65,10.91,59.1,1.1,2,0,0,13,13,9,196,642,,0.05
place,beanstalk hard,module-level,"{""flag_clean"": 0.9033, ""flag_recall"": 0.9402, ""placement_fallback"": ""wait""}",beanstalk,0,20,200,2,True,200,38.0656,5.2541,5.6029,12.398,72.812,24.886,10.21,1.06,0.1,88.63,77.71,8.1,0.76,674.75,651.89,2.64,2515.9,55.08,248,0,2,5,0,99,43,0,43,0,48.78,25.27,19.12,138.58,2.5,3,0,0,16,16,30,232,744,,0.03
place,beanstalk hard,module-level,"{""flag_clean"": 0.9033, ""flag_recall"": 0.9402, ""placement_fallback"": ""wait""}",beanstalk,1,20,200,2,True,200,49.9698,4.0024,4.5808,11.565,57.768,21.566,9.36,0.72,0.07,89.84,93.56,7.2,0.74,897.9,874.05,0.0,2470.3,41.2,245,0,2,2,1,86,39,0,39,0,82.23,24.54,25.53,198.29,3.2,2,0,0,12,12,28,233,727,,0.03
place,beanstalk hard,module-level,"{""flag_clean"": 0.9033, ""flag_recall"": 0.9402, ""placement_fallback"": ""wait""}",beanstalk,2,20,200,2,True,200,40.6815,4.9162,5.1293,10.701,39.74,14.899,10.31,0.29,0.08,89.31,83.9,2.4,0.66,726.68,705.11,0.0,2245.8,46.0,225,0,2,0,0,47,16,0,16,0,39.42,24.94,11.61,56.13,0.0,2,0,0,13,13,8,212,657,,0.03
place,beanstalk soft,predicted,"{""flag_clean"": 0.1733, ""flag_recall"": 0.5812, ""placement_fallback"": ""least-overlap""}",beanstalk,0,20,200,2,True,200,10.2269,19.5563,53.3386,255.821,412.172,254.707,37.99,6.55,0.44,55.01,77.71,13.4,0.91,112.52,0.0,102.3,1135.5,92.53,113,0,2,28,0,30,52,0,52,100,182.94,54.34,167.21,418.72,392.4,11,0,0,17,78,35,35,670,,0.05
place,beanstalk soft,predicted,"{""flag_clean"": 0.1733, ""flag_recall"": 0.5812, ""placement_fallback"": ""least-overlap""}",beanstalk,2,20,200,2,True,200,6.8848,29.0494,,249.599,369.236,229.551,60.93,4.9,0.57,33.61,83.9,6.75,0.78,46.27,2.83,29.43,760.1,92.0,76,0,2,17,4,28,24,1,24,130,127.94,51.97,172.18,376.69,154.8,6,0,0,10,41,15,35,556,,0.03
place,beanstalk soft,hot-file-rule,"{""flag_clean"": 0.02, ""flag_recall"": 0.3, ""placement_fallback"": ""least-overlap""}",beanstalk,0,20,200,2,True,200,9.8553,20.2937,43.0747,199.575,347.835,213.537,39.42,6.11,0.45,54.01,77.71,12.05,0.89,106.46,0.0,100.17,1117.7,94.51,112,0,2,16,1,25,55,0,55,6,145.79,61.77,146.59,354.38,372.1,11,0,0,18,82,37,30,649,,0.02
place,beanstalk soft,predicted,"{""flag_clean"": 0.1733, ""flag_recall"": 0.5812, ""placement_fallback"": ""least-overlap""}",beanstalk,1,20,200,2,True,200,10.2004,19.607,,442.185,594.124,412.027,45.86,8.04,0.46,45.64,93.56,16.41,0.93,93.12,3.57,66.83,1085.6,88.69,108,0,2,25,5,47,59,1,59,130,197.66,47.26,289.93,595.53,314.7,9,0,0,17,58,43,50,677,,0.04
place,beanstalk hard,hot-file-rule,"{""flag_clean"": 0.02, ""flag_recall"": 0.3, ""placement_fallback"": ""wait""}",beanstalk,0,20,200,2,True,200,10.3364,19.349,49.0105,175.495,347.835,200.199,37.59,5.74,0.43,56.25,77.71,11.86,0.88,116.28,11.63,99.42,1088.0,87.72,109,0,2,16,1,27,53,0,53,0,145.79,61.41,133.41,354.38,357.6,11,0,0,17,76,36,33,642,,0.02
place,beanstalk soft,hot-file-rule,"{""flag_clean"": 0.02, ""flag_recall"": 0.3, ""placement_fallback"": ""least-overlap""}",beanstalk,1,20,200,2,True,200,9.0725,22.0446,42.4411,198.536,302.11,184.404,51.56,7.93,0.49,40.02,93.56,14.4,0.89,72.61,4.58,44.8,961.3,88.3,95,0,2,23,4,41,55,0,55,14,113.3,42.59,132.06,306.11,274.9,11,0,0,14,49,41,46,650,,0.02
place,beanstalk hard,predicted,"{""flag_clean"": 0.1733, ""flag_recall"": 0.5812, ""placement_fallback"": ""wait""}",beanstalk,0,20,200,2,True,200,10.7678,18.5739,,331.306,502.284,307.025,36.08,5.76,0.4,57.76,77.71,12.41,0.85,124.39,60.84,61.64,1128.5,87.34,113,0,2,14,1,47,53,0,53,0,100.64,44.28,207.75,512.55,282.1,8,0,0,17,58,36,55,646,,0.04
place,beanstalk soft,hot-file-rule,"{""flag_clean"": 0.02, ""flag_recall"": 0.3, ""placement_fallback"": ""least-overlap""}",beanstalk,2,20,200,2,True,200,6.0857,32.8639,,175.554,314.453,167.248,68.93,6.59,0.65,23.83,83.9,8.02,0.79,29.01,0.88,24.49,710.0,97.22,71,0,2,21,5,35,22,1,22,2,99.62,40.59,136.96,315.55,121.5,4,0,0,10,27,13,44,553,,0.02
place,beanstalk hard,predicted,"{""flag_clean"": 0.1733, ""flag_recall"": 0.5812, ""placement_fallback"": ""wait""}",beanstalk,1,20,200,2,True,200,12.273,16.2959,65.3567,167.445,372.158,183.186,38.11,5.28,0.34,56.26,93.56,12.96,0.84,138.11,94.78,37.35,1217.4,82.66,122,0,2,12,5,77,47,0,47,0,125.32,38.96,113.91,373.94,245.3,9,0,0,15,32,33,90,638,,0.03
place,beanstalk module soft,module sets,"{""placement_fallback"": ""least-overlap"", ""placement_model"": ""module""}",beanstalk,0,20,200,2,True,200,12.1979,16.3962,61.1125,318.354,553.728,329.939,31.85,5.77,0.38,62.0,77.71,14.07,0.94,151.25,0.0,133.08,1369.6,93.57,137,0,2,29,0,32,58,1,58,161,232.4,70.08,225.76,558.41,503.5,11,0,0,23,97,36,40,711,,0.02
place,beanstalk hard,hot-file-rule,"{""flag_clean"": 0.02, ""flag_recall"": 0.3, ""placement_fallback"": ""wait""}",beanstalk,2,20,200,2,True,200,6.0857,32.8639,,175.554,314.453,167.198,68.93,6.59,0.65,23.83,83.9,8.02,0.79,29.01,2.56,24.49,710.0,97.22,71,0,2,21,5,35,22,1,22,0,99.62,40.59,136.96,315.55,121.5,4,0,0,10,27,13,44,553,,0.02
place,beanstalk module soft,module sets,"{""placement_fallback"": ""least-overlap"", ""placement_model"": ""module""}",beanstalk,2,20,200,2,True,200,8.9005,22.4706,22.9796,113.82,286.618,137.515,47.13,5.85,0.47,46.55,83.9,10.41,0.83,82.87,0.43,59.15,951.2,89.05,96,0,2,28,4,26,29,1,29,161,180.44,61.86,89.1,282.92,241.1,8,0,0,14,53,16,43,609,,0.02
place,beanstalk module soft,module sets,"{""placement_fallback"": ""least-overlap"", ""placement_model"": ""module""}",beanstalk,1,20,200,2,True,200,10.5761,18.9105,27.9226,242.797,333.247,241.983,44.23,8.01,0.43,47.33,93.56,16.94,0.91,100.12,0.67,78.26,1094.1,86.2,109,0,2,31,9,45,51,1,51,168,151.1,54.38,151.46,341.66,328.8,10,0,0,16,60,36,49,674,,0.02
place,beanstalk hard,hot-file-rule,"{""flag_clean"": 0.02, ""flag_recall"": 0.3, ""placement_fallback"": ""wait""}",beanstalk,1,20,200,2,True,200,9.5829,20.8705,37.3524,206.915,302.11,188.865,48.81,7.34,0.46,43.39,93.56,14.06,0.88,83.16,13.86,47.72,1020.2,88.71,101,0,2,21,4,50,55,0,55,0,113.3,42.03,137.74,306.11,268.0,11,0,0,14,46,41,55,652,,0.03
place,beanstalk module hard,module sets,"{""placement_fallback"": ""wait"", ""placement_model"": ""module""}",beanstalk,2,20,200,2,True,200,65.6395,3.0469,2.7772,10.609,33.763,14.407,6.39,0.2,0.05,93.36,83.9,2.67,0.66,1225.56,1224.17,0.0,2193.9,27.85,218,0,2,1,1,33,16,0,16,0,38.64,24.45,21.47,127.75,0.0,1,0,0,11,11,8,207,652,,0.03
place,beanstalk module hard,module sets,"{""placement_fallback"": ""wait"", ""placement_model"": ""module""}",beanstalk,1,20,200,2,True,200,79.7684,2.5073,2.2329,10.914,47.645,19.019,5.86,0.42,0.05,93.67,93.56,6.77,0.74,1494.31,1474.9,17.66,2447.2,25.57,245,0,2,0,3,69,39,0,39,0,82.21,23.97,33.29,226.64,40.8,2,0,0,14,14,28,231,723,,0.03
qsem,batched k=1,,"{""batch_k"": 1, ""q_sem"": 0.0}",batched,1,20,200,2,True,200,22.9381,8.7191,8.9102,104.735,144.735,101.59,20.39,2.75,71.07,5.79,93.56,12.6,326.04,26.57,5.19,0.0,2695.0,97.91,278,27,2,30,7,43,39,3,39,0,0.0,0.0,6.55,32.17,0.0,0,0,36,0,0,0,0,550,,0.02
qsem,batched k=1,,"{""batch_k"": 1, ""q_sem"": 0.0}",batched,2,20,200,2,True,200,21.1101,9.4741,9.3215,97.625,128.661,95.666,19.87,1.68,73.85,4.6,83.9,7.1,311.79,19.42,3.79,0.0,2440.3,96.33,243,15,2,19,3,24,16,8,16,0,0.0,0.0,6.13,39.24,0.0,0,0,19,0,0,0,0,486,,0.02
place,beanstalk module hard,module sets,"{""placement_fallback"": ""wait"", ""placement_model"": ""module""}",beanstalk,0,20,200,2,True,200,63.0357,3.1728,3.0214,11.583,102.938,27.452,6.16,0.61,0.06,93.16,77.71,7.73,0.76,1174.52,1172.74,0.0,2358.0,31.17,233,0,2,2,0,76,43,0,43,0,46.88,24.84,22.79,119.25,0.0,3,0,0,15,16,30,217,723,,0.02
place,beanstalk hard,predicted,"{""flag_clean"": 0.1733, ""flag_recall"": 0.5812, ""placement_fallback"": ""wait""}",beanstalk,2,20,200,2,True,200,10.1303,19.7427,37.0058,81.258,175.581,84.758,41.41,3.29,0.38,54.93,83.9,6.66,0.76,111.29,88.95,20.96,978.7,80.51,99,0,2,8,1,52,29,1,29,0,75.55,36.2,52.01,192.55,101.9,6,0,0,13,28,18,71,574,,0.04
qsem,batched-par k=1,,"{""batch_k"": 1, ""q_sem"": 0.0}",batched-par,0,20,200,2,True,200,21.9619,9.1067,9.4744,99.479,139.398,99.424,17.69,3.37,72.08,6.86,77.71,14.81,316.61,30.12,0.0,0.0,2557.6,97.05,258,13,2,41,1,44,43,1,43,0,0.0,0.0,5.04,33.31,0.0,0,0,14,0,0,0,0,543,,0.02
qsem,batched-par k=1,,"{""batch_k"": 1, ""q_sem"": 0.0}",batched-par,2,20,200,2,True,200,19.7804,10.111,10.0227,87.98,116.069,87.552,21.21,1.65,72.12,5.02,83.9,6.54,285.3,19.87,0.0,0.0,2330.3,98.17,234,11,2,19,5,22,16,6,16,0,0.0,0.0,4.72,29.92,0.0,0,0,12,0,0,0,0,475,,0.02
qsem,batched-par k=1,,"{""batch_k"": 1, ""q_sem"": 0.0}",batched-par,1,20,200,2,True,200,21.7086,9.2129,9.2132,98.366,137.119,95.115,21.55,2.82,70.21,5.43,93.56,12.23,304.82,23.57,3.78,0.0,2577.3,98.94,258,13,2,31,6,44,39,4,39,0,0.0,0.0,5.31,26.42,0.0,0,0,15,0,0,0,0,532,,0.03
qsem,batched k=1,,"{""batch_k"": 1, ""q_sem"": 0.0}",batched,0,20,200,2,True,200,23.7331,8.4271,8.6997,109.522,150.71,109.614,16.37,3.16,73.81,6.65,77.71,15.01,350.37,31.57,0.0,0.0,2704.2,94.95,276,22,2,40,1,46,43,2,43,0,0.0,0.0,6.88,40.36,0.0,0,0,31,0,0,0,0,561,,0.05
qsem,beanstalk-noplace,,"{""q_sem"": 0.0}",beanstalk-noplace,0,20,200,2,True,200,9.8913,20.2198,,213.807,563.355,306.636,39.28,6.27,0.46,53.99,77.71,12.41,0.91,106.8,1.58,99.74,1031.3,86.89,102,0,2,31,0,31,43,2,43,0,295.14,61.19,268.26,563.96,358.5,7,0,0,14,66,31,36,648,,0.02
qsem,beanstalk-noplace,,"{""q_sem"": 0.0}",beanstalk-noplace,1,20,200,2,True,200,8.1337,24.589,40.3468,168.103,235.615,154.856,57.51,7.6,0.54,34.35,93.56,12.37,0.88,55.87,5.86,27.0,869.7,89.1,87,0,2,30,6,49,39,0,39,0,128.15,39.9,110.84,236.45,179.2,8,0,0,11,32,28,55,622,,0.02
qsem,beanstalk,,"{""q_sem"": 0.0}",beanstalk,0,20,200,2,True,200,7.6494,26.1458,,257.743,398.247,238.901,50.79,7.88,0.57,40.75,77.71,12.06,0.88,62.35,2.49,49.5,844.0,91.95,84,0,2,27,0,27,43,0,43,90,128.12,48.23,179.61,404.79,258.7,7,0,0,13,51,30,33,623,,0.03
qsem,beanstalk-noplace,,"{""q_sem"": 0.0}",beanstalk-noplace,2,20,200,2,True,200,5.8157,34.3899,30.3127,64.404,110.836,60.644,72.13,7.48,0.68,19.71,83.9,8.7,0.79,22.93,1.1,5.48,671.2,96.17,67,0,2,29,0,35,16,1,16,0,68.6,39.0,43.19,118.96,51.7,4,0,0,8,19,9,48,558,,0.02
qsem,beanstalk,,"{""q_sem"": 0.0}",beanstalk,2,20,200,2,True,200,5.8525,34.1737,32.1478,162.55,291.066,155.344,71.68,4.73,0.66,22.94,83.9,5.54,0.77,26.85,2.36,16.37,670.0,95.4,68,0,2,16,2,29,16,0,16,123,93.52,42.76,122.32,292.17,88.8,3,0,0,9,28,8,39,529,,0.03
qsem,batched k=1,,"{""batch_k"": 1, ""q_sem"": 0.05}",batched,0,20,200,2,True,200,28.9063,6.9189,7.1289,144.703,189.098,138.761,13.44,3.39,76.61,6.55,77.71,19.61,442.92,37.88,3.73,0.0,3306.1,95.31,353,52,2,36,2,91,84,1,84,0,0.0,0.0,8.45,40.82,0.0,0,0,68,0,0,0,0,674,,0.02
qsem,beanstalk,,"{""q_sem"": 0.0}",beanstalk,1,20,200,2,True,200,8.3734,23.8851,,354.617,484.506,343.273,55.86,6.57,0.51,37.06,93.56,11.0,0.85,62.06,4.19,25.52,808.3,80.44,80,0,2,19,3,47,39,0,39,148,77.94,34.7,235.22,485.91,126.2,6,0,0,11,30,28,50,591,,0.04
qsem,batched k=1,,"{""batch_k"": 1, ""q_sem"": 0.05}",batched,2,20,200,2,True,200,28.6552,6.9795,7.0178,143.492,200.986,137.178,14.64,3.39,76.4,5.57,83.9,19.4,437.86,31.95,2.71,0.0,3324.3,96.67,351,55,2,19,6,89,78,5,78,0,0.0,0.0,8.39,43.84,0.0,0,0,68,0,0,0,0,653,,0.02
qsem,batched k=1,,"{""batch_k"": 1, ""q_sem"": 0.05}",batched,1,20,200,2,True,200,30.3902,6.5811,6.5648,139.37,216.527,143.358,15.39,4.49,74.13,5.99,93.56,27.31,450.55,36.39,5.12,0.0,3541.4,97.11,375,55,2,28,6,105,94,5,94,0,0.0,0.0,9.37,58.18,0.0,0,0,76,0,0,0,0,702,,0.03
qsem,batched-par k=1,,"{""batch_k"": 1, ""q_sem"": 0.05}",batched-par,2,20,200,2,True,200,26.4534,7.5605,7.6562,125.158,185.565,122.676,15.86,3.49,73.8,6.85,83.9,18.46,390.46,36.26,3.44,0.0,3072.2,96.78,323,32,2,21,4,89,74,9,74,0,0.0,0.0,6.58,31.98,0.0,0,0,40,0,0,0,0,627,,0.02
qsem,batched-par k=1,,"{""batch_k"": 1, ""q_sem"": 0.05}",batched-par,0,20,200,2,True,200,26.7641,7.4727,7.7089,124.398,179.637,125.822,14.52,3.93,74.42,7.13,77.71,21.03,398.38,38.17,0.0,0.0,3129.1,97.43,316,20,2,40,2,93,88,0,88,0,0.0,0.0,7.12,39.47,0.0,0,0,28,0,0,0,0,644,,0.03
qsem,batched k=1,,"{""batch_k"": 1, ""q_sem"": 0.1}",batched,0,20,200,2,True,200,33.4161,5.9851,6.0458,171.171,233.861,166.154,11.63,3.59,79.28,5.5,77.71,24.01,529.83,36.77,0.0,0.0,3870.3,96.52,411,69,2,35,1,136,115,5,115,0,0.0,0.0,9.07,44.43,0.0,0,0,91,0,0,0,0,766,,0.02
qsem,batched-par k=1,,"{""batch_k"": 1, ""q_sem"": 0.05}",batched-par,1,20,200,2,True,200,28.699,6.9689,6.8748,130.798,206.607,134.0,16.3,4.92,72.9,5.88,93.56,28.21,418.45,33.76,5.3,0.0,3390.7,98.46,351,43,2,29,6,106,96,3,96,0,0.0,0.0,8.03,42.89,0.0,0,0,52,0,0,0,0,679,,0.02
qsem,batched k=1,,"{""batch_k"": 1, ""q_sem"": 0.1}",batched,1,20,200,2,True,200,35.3177,5.6629,5.4947,167.763,251.496,174.389,13.24,4.96,77.33,4.46,93.56,35.06,546.24,31.5,5.85,0.0,4095.3,96.63,435,76,2,31,5,143,128,2,128,0,0.0,0.0,10.11,44.41,0.0,0,0,105,0,0,0,0,796,,0.02
qsem,batched k=1,,"{""batch_k"": 1, ""q_sem"": 0.1}",batched,2,20,200,2,True,200,35.0602,5.7045,5.716,177.895,250.689,173.196,11.96,4.16,78.17,5.7,83.9,29.18,548.14,39.99,6.95,0.0,4088.7,97.18,438,76,2,20,4,151,126,5,126,0,0.0,0.0,9.69,41.78,0.0,0,0,107,0,0,0,0,789,,0.02
qsem,batched-par k=1,,"{""batch_k"": 1, ""q_sem"": 0.1}",batched-par,0,20,200,2,True,200,30.421,6.5744,6.5464,142.715,263.039,148.924,12.77,4.08,77.51,5.64,77.71,24.82,471.59,34.3,0.0,0.0,3550.5,97.26,368,40,2,41,1,127,116,3,116,0,0.0,0.0,7.87,38.86,0.0,0,0,49,0,0,0,0,728,,0.02
qsem,batched-par k=1,,"{""batch_k"": 1, ""q_sem"": 0.1}",batched-par,1,20,200,2,True,200,32.658,6.1241,5.9321,155.601,243.281,158.49,14.32,5.68,75.21,4.79,93.56,37.09,491.21,31.31,3.7,0.0,3846.1,98.14,413,61,2,29,6,148,135,7,135,0,0.0,0.0,8.27,43.54,0.0,0,0,71,0,0,0,0,784,,0.02
qsem,batched k=1,,"{""batch_k"": 1, ""q_sem"": 0.2}",batched,0,20,200,2,True,200,38.3731,5.212,5.1829,198.923,269.944,194.802,10.13,4.21,80.4,5.27,77.71,32.28,617.05,40.42,0.0,0.0,4396.1,95.47,475,76,2,39,1,189,159,2,159,0,0.0,0.0,9.43,35.65,0.0,0,0,114,0,0,0,0,875,,0.02
qsem,batched k=1,,"{""batch_k"": 1, ""q_sem"": 0.2}",batched,1,20,200,2,True,200,45.9503,4.3525,4.2232,229.398,336.833,229.832,10.18,5.73,77.63,6.46,93.56,52.7,713.41,59.35,11.14,0.0,5223.6,94.73,558,110,2,30,6,230,197,3,197,0,0.0,0.0,12.04,72.74,0.0,0,0,158,0,0,0,0,988,,0.02
qsem,batched k=1,,"{""batch_k"": 1, ""q_sem"": 0.2}",batched,2,20,200,2,True,200,38.8823,5.1437,4.9959,208.848,264.202,196.932,10.79,3.97,80.44,4.8,83.9,30.91,625.53,37.31,3.99,0.0,4522.2,96.92,488,90,2,19,4,183,153,5,153,0,0.0,0.0,10.47,47.66,0.0,0,0,130,0,0,0,0,865,,0.02
qsem,batched-par k=1,,"{""batch_k"": 1, ""q_sem"": 0.1}",batched-par,2,20,200,2,True,200,31.1522,6.4201,6.3479,157.018,219.821,151.271,13.47,4.28,76.65,5.6,83.9,26.68,477.55,34.91,3.58,0.0,3656.2,97.8,382,48,2,19,4,132,118,3,118,0,0.0,0.0,8.29,41.6,0.0,0,0,61,0,0,0,0,722,,0.03
main,batched k=4,,{},batched,1,5,50,2,True,50,8.4297,5.9314,6.8043,12.408,60.931,21.29,49.62,5.77,36.32,8.29,20.91,2.43,15.31,3.49,0.0,0.0,668.3,66.07,69,10,2,3,0,14,11,0,11,0,0.0,0.0,11.92,56.22,0.0,0,3,12,0,0,0,0,133,,0.01
main,batched k=4,,{},batched,2,5,50,2,True,50,7.7017,6.4921,7.8698,11.21,29.353,13.953,52.05,2.58,27.61,17.76,20.04,0.99,10.63,6.84,0.52,0.0,524.6,56.76,54,3,2,0,0,6,5,1,5,0,0.0,0.0,9.42,51.11,0.0,0,0,3,0,0,0,0,110,,0.01
qsem,batched-par k=1,,"{""batch_k"": 1, ""q_sem"": 0.2}",batched-par,0,20,200,2,True,200,34.9946,5.7152,5.5676,175.29,255.074,176.584,11.1,4.84,79.26,4.8,77.71,33.85,554.77,33.57,0.0,0.0,4084.8,97.27,429,50,2,40,1,179,162,3,162,0,0.0,0.0,8.29,53.62,0.0,0,0,64,0,0,0,0,834,,0.03
qsem,batched-par k=1,,"{""batch_k"": 1, ""q_sem"": 0.2}",batched-par,2,20,200,2,True,200,36.8666,5.425,5.4038,187.87,270.455,182.915,11.38,4.82,77.87,5.93,83.9,35.57,574.15,43.72,3.86,0.0,4321.6,97.69,462,72,2,22,4,188,170,4,170,0,0.0,0.0,8.9,38.71,0.0,0,0,88,0,0,0,0,858,,0.02
main,batched-aimd,,{},batched-aimd,0,5,50,2,True,50,8.186,6.108,6.2749,13.593,69.924,24.469,45.45,5.7,44.12,4.73,18.6,2.33,18.06,1.94,0.69,0.0,692.3,70.48,77,15,2,1,0,18,13,0,13,0,0.0,0.0,9.84,35.56,0.0,0,5,17,0,0,0,0,141,,0.01
main,batched-aimd,,{},batched-aimd,2,5,50,2,True,50,7.7406,6.4595,8.0342,10.933,31.877,14.095,51.79,2.69,27.66,17.86,20.04,1.04,10.7,6.91,0.55,0.0,537.8,57.9,54,3,2,0,0,6,5,1,5,0,0.0,0.0,9.82,56.08,0.0,0,0,3,0,0,0,0,110,,0.01
main,batched+place,,{},batched+place,0,5,50,2,True,50,8.2285,6.0764,7.2189,14.993,50.952,20.64,45.22,6.67,35.14,12.98,18.6,2.74,14.46,5.34,1.76,0.0,644.2,65.24,69,9,2,3,0,16,12,2,12,3,0.0,0.0,10.15,46.47,0.0,0,2,10,0,0,0,0,136,,0.01
main,batched+place,,{},batched+place,1,5,50,2,True,50,8.711,5.7399,6.5973,11.719,49.522,20.096,48.02,3.31,35.14,13.54,20.91,1.44,15.3,5.9,1.77,0.0,637.7,61.01,68,9,2,0,0,14,10,0,10,3,0.0,0.0,13.68,78.33,0.0,0,4,11,0,0,0,0,128,,0.01
main,batched-aimd,,{},batched-aimd,1,5,50,2,True,50,8.3147,6.0134,7.0056,12.108,54.516,20.383,50.3,6.19,34.67,8.84,20.91,2.57,14.41,3.67,0.0,0.0,651.7,65.32,70,10,2,3,0,16,11,1,11,0,0.0,0.0,12.6,67.47,0.0,0,3,11,0,0,0,0,135,,0.02
main,batched k=4,,{},batched,0,5,50,2,True,50,8.9035,5.6158,6.2361,12.591,81.574,26.821,41.79,6.46,43.74,8.01,18.6,2.88,19.47,3.56,0.0,0.0,717.3,67.14,78,15,2,2,0,23,14,1,14,0,0.0,0.0,12.4,54.26,0.0,0,8,16,0,0,0,0,145,,0.03
main,batched+place,,{},batched+place,2,5,50,2,True,50,7.9656,6.277,7.3225,11.264,42.482,17.257,50.33,3.03,33.07,13.57,20.04,1.21,13.17,5.4,0.57,0.0,568.5,59.47,58,6,2,0,0,9,5,2,5,2,0.0,0.0,9.96,44.95,0.0,0,2,7,0,0,0,0,115,,0.01
queue,batched k=16,,"{""batch_k"": 16}",batched,0,5,50,2,True,50,8.9035,5.6158,6.2361,12.591,81.574,26.821,41.79,6.46,43.74,8.01,18.6,2.88,19.47,3.56,0.0,0.0,717.3,67.14,78,15,2,2,0,23,14,1,14,0,0.0,0.0,12.4,54.26,0.0,0,8,16,0,0,0,0,145,,0.01
queue,batched k=16,,"{""batch_k"": 16}",batched,2,5,50,2,True,50,7.7017,6.4921,7.8698,11.21,29.353,13.953,52.05,2.58,27.61,17.76,20.04,0.99,10.63,6.84,0.52,0.0,524.6,56.76,54,3,2,0,0,6,5,1,5,0,0.0,0.0,9.42,51.11,0.0,0,0,3,0,0,0,0,110,,0.01
qsem,batched-par k=1,,"{""batch_k"": 1, ""q_sem"": 0.2}",batched-par,1,20,200,2,True,200,41.4497,4.8251,4.6946,193.244,303.639,204.379,11.29,6.51,75.67,6.54,93.56,53.94,627.32,54.18,12.98,0.0,4773.8,95.98,514,86,2,31,5,223,199,5,199,0,0.0,0.0,10.62,69.93,0.0,0,0,110,0,0,0,0,949,,0.04
queue,batched-par k=4,,"{""batch_k"": 4}",batched-par,0,5,50,2,True,50,8.2065,6.0927,6.7936,11.924,63.232,23.118,45.34,7.57,39.38,7.71,18.6,3.1,16.16,3.16,0.0,0.0,656.8,66.7,67,5,2,3,0,19,14,1,14,0,0.0,0.0,8.78,39.8,0.0,0,4,6,0,0,0,0,135,,0.01
queue,batched k=16,,"{""batch_k"": 16}",batched,1,5,50,2,True,50,8.4297,5.9314,6.8043,12.408,60.931,21.29,49.62,5.77,36.32,8.29,20.91,2.43,15.31,3.49,0.0,0.0,668.3,66.07,69,10,2,3,0,14,11,0,11,0,0.0,0.0,11.92,56.22,0.0,0,3,12,0,0,0,0,133,,0.01
queue,batched-par k=4,,"{""batch_k"": 4}",batched-par,2,5,50,2,True,50,7.8348,6.3818,7.8501,10.572,29.694,14.262,51.17,2.87,27.47,18.5,20.04,1.12,10.76,7.25,0.56,0.0,550.5,58.56,55,1,2,0,0,8,5,3,5,0,0.0,0.0,8.5,46.74,0.0,0,0,1,0,0,0,0,113,,0.01
queue,batched-par k=4,,"{""batch_k"": 4}",batched-par,1,5,50,2,True,50,8.3382,5.9965,6.9071,11.88,58.354,20.333,50.16,5.75,34.89,9.2,20.91,2.4,14.55,3.83,0.0,0.0,642.9,64.25,63,2,2,3,0,14,11,0,11,0,0.0,0.0,10.01,50.79,0.0,0,3,4,0,0,0,0,127,,0.01
main,serial,,{},serial,0,5,50,2,True,50,11.5257,4.3381,4.5888,36.883,77.048,41.64,32.28,4.83,55.38,7.51,18.6,2.78,31.92,4.33,0.0,0.0,654.2,47.3,64,0,1,2,1,14,14,0,14,0,0.0,0.0,9.53,45.27,0.0,0,0,0,0,0,0,0,130,,0.01
main,beanstalk-noplace,,{},beanstalk-noplace,1,5,50,2,True,50,5.8862,8.4945,11.106,22.459,65.246,28.869,71.06,7.99,0.66,20.29,20.91,2.35,0.2,5.97,0.0,0.01,495.7,70.18,50,0,2,2,0,26,11,0,11,0,40.94,27.87,21.32,82.33,0.5,2,0,0,3,3,9,47,176,,0.01
main,beanstalk,,{},beanstalk,1,5,50,2,True,50,5.7966,8.6257,10.1029,48.783,110.261,49.886,72.16,8.28,0.64,18.92,20.91,2.4,0.19,5.48,1.15,2.63,470.2,67.59,47,0,2,0,0,31,10,0,10,3,80.53,31.52,37.75,117.86,37.6,2,0,0,2,2,8,45,167,,0.01
main,beanstalk-noplace,,{},beanstalk-noplace,0,5,50,2,True,50,5.4757,9.1313,8.807,55.689,151.779,69.31,67.95,9.3,0.71,22.05,18.6,2.54,0.19,6.04,0.0,0.15,462.6,70.4,45,0,2,1,1,32,12,1,12,0,60.19,32.38,48.64,152.48,13.9,3,0,0,5,6,8,39,172,,0.01
main,beanstalk,,{},beanstalk,2,5,50,2,True,50,5.2411,9.54,11.3001,15.318,61.119,26.243,76.49,3.27,0.65,19.6,20.04,0.86,0.17,5.14,0.56,0.0,491.0,78.07,49,0,2,0,0,19,5,0,5,4,44.48,28.29,14.58,60.16,1.7,2,0,0,4,4,2,45,159,,0.01
main,serial,,{},serial,2,5,50,2,True,50,10.3995,4.8079,5.234,29.512,46.249,30.831,38.55,2.01,47.41,12.04,20.04,1.04,24.65,6.26,0.57,0.0,567.6,45.48,56,0,1,0,0,6,5,1,5,0,0.0,0.0,8.07,45.29,0.0,0,0,0,0,0,0,0,112,,0.01
main,serial,,{},serial,1,5,50,2,True,50,11.3748,4.3957,4.9214,38.49,72.298,39.233,36.77,4.85,52.63,5.74,20.91,2.76,29.93,3.27,0.0,0.0,650.6,47.67,63,0,1,3,0,13,11,2,11,0,0.0,0.0,9.19,50.46,0.0,0,0,0,0,0,0,0,129,,0.02
main,beanstalk-noplace,,{},beanstalk-noplace,2,5,50,2,True,50,5.5715,8.9742,11.665,13.984,100.43,31.463,71.95,3.07,0.63,24.35,20.04,0.86,0.17,6.78,0.52,0.0,448.9,67.14,45,0,2,0,0,16,5,0,5,0,50.4,31.62,25.1,112.18,0.0,2,0,0,3,3,2,42,155,,0.01
queue,batched k=1,,"{""batch_k"": 1}",batched,0,5,50,2,True,50,8.0874,6.1825,7.214,16.284,60.224,22.386,46.0,6.88,39.25,7.86,18.6,2.78,15.87,3.18,0.0,0.0,725.1,74.71,75,8,2,2,1,14,14,0,14,0,0.0,0.0,9.47,42.92,0.0,0,0,11,0,0,0,0,141,,0.01
queue,batched k=1,,"{""batch_k"": 1}",batched,1,5,50,2,True,50,8.2294,6.0758,7.0742,15.036,43.095,19.996,50.83,5.92,34.58,8.68,20.91,2.43,14.23,3.57,0.0,0.0,703.1,71.19,71,9,2,3,0,11,11,0,11,0,0.0,0.0,8.79,39.01,0.0,0,0,10,0,0,0,0,135,,0.01
queue,batched k=1,,"{""batch_k"": 1}",batched,2,5,50,2,True,50,7.8739,6.3501,7.7807,11.96,39.112,15.527,50.91,3.63,29.24,16.22,20.04,1.43,11.51,6.39,0.55,0.0,605.0,64.03,61,3,2,0,0,7,5,2,5,0,0.0,0.0,7.91,38.9,0.0,0,0,4,0,0,0,0,118,,0.01
queue,batched-par k=1,,"{""batch_k"": 1}",batched-par,2,5,50,2,True,50,7.8646,6.3576,7.5741,11.217,34.77,14.996,50.97,2.68,29.1,17.25,20.04,1.05,11.44,6.78,0.55,0.0,590.6,62.58,58,1,2,0,0,7,5,2,5,0,0.0,0.0,8.43,46.69,0.0,0,0,1,0,0,0,0,115,,0.01
queue,batched-par k=1,,"{""batch_k"": 1}",batched-par,1,5,50,2,True,50,8.0399,6.219,7.3219,11.614,42.566,18.312,52.02,5.97,31.99,10.02,20.91,2.4,12.86,4.03,0.0,0.0,630.7,65.37,63,2,2,3,0,11,11,0,11,0,0.0,0.0,9.37,41.36,0.0,0,0,2,0,0,0,0,127,,0.01
main,beanstalk,,{},beanstalk,0,5,50,2,True,50,6.1108,8.1822,9.7766,59.728,109.134,55.059,60.88,8.85,0.65,29.62,18.6,2.7,0.2,9.05,0.0,1.13,465.2,63.44,47,0,2,2,0,27,12,0,12,5,65.89,31.37,34.81,111.09,24.7,2,0,0,5,5,7,42,175,,0.03
queue,batched-par k=1,,"{""batch_k"": 1}",batched-par,0,5,50,2,True,50,7.9668,6.276,7.4059,16.674,53.062,21.471,46.7,7.33,37.58,8.38,18.6,2.92,14.97,3.34,0.0,0.0,682.2,71.36,67,3,2,3,0,14,14,0,14,0,0.0,0.0,9.36,44.21,0.0,0,0,3,0,0,0,0,134,,0.03
queue,batched-par k=1,,"{""batch_k"": 1}",batched-par,0,1000,10000,100,True,10000,583.3705,17.1418,16.8781,3464.495,3908.762,3257.798,0.73,0.5,92.57,6.2,4259.32,2936.47,540029.85,36144.82,7103.04,0.0,981713.8,28.05,107890,40781,82,16178,3256,28871,4656,199,4656,0,0.0,0.0,5.72,46.84,0.0,0,0,93035,0,0,0,0,138923,,28.63
queue,batched-par k=1,,"{""batch_k"": 1}",batched-par,1,1000,10000,100,True,10000,585.705,17.0734,17.3556,3436.249,3868.361,3262.443,0.73,0.49,92.35,6.43,4291.95,2856.22,540884.31,37672.56,6086.62,0.0,1005270.1,28.61,111242,41839,69,15392,3123,29549,4687,214,4687,0,0.0,0.0,5.67,49.67,0.0,0,0,96341,0,0,0,0,141535,,29.61
queue,batched-par k=1,,"{""batch_k"": 1}",batched-par,2,1000,10000,100,True,10000,555.3349,18.0072,17.9106,3302.532,3592.12,3102.765,0.77,0.51,92.61,6.11,4278.23,2855.03,514272.41,33929.22,6083.92,0.0,994971.2,29.86,110634,42575,75,15315,3178,29498,4640,206,4640,0,0.0,0.0,5.62,60.26,0.0,0,0,95788,0,0,0,0,140795,,29.63
fair,beanstalk quarantine no-budget,,"{""budget"": false, ""green_mode"": ""quarantine""}",beanstalk,0,1000,10000,100,True,10000,78.3279,127.6684,224.3475,1580.801,3771.962,1904.57,5.44,21.16,9.28,64.13,4259.32,16573.48,7265.63,50229.51,1672.57,0.0,209326.8,44.54,20799,0,100,79373,4369,1815,15395,292,15395,9988,1495.09,510.02,175.6,960.46,0.0,3786,0,0,4701,17984,11059,2815,132447,,61.86
fair,beanstalk quarantine no-budget,,"{""budget"": false, ""green_mode"": ""quarantine""}",beanstalk,1,1000,10000,100,True,10000,90.3096,110.7302,294.7986,2759.706,4387.965,2896.167,4.75,15.28,5.67,74.29,4291.95,13799.41,5124.39,67093.83,1905.8,0.0,306417.5,56.55,30463,0,100,64209,3954,1557,13996,494,13996,9985,2655.24,738.69,290.58,1683.24,0.0,4353,0,0,4360,27763,10172,2700,126443,,60.8
fair,beanstalk quarantine no-budget,,"{""budget"": false, ""green_mode"": ""quarantine""}",beanstalk,2,1000,10000,100,True,10000,81.535,122.6467,190.0351,1383.06,3788.697,1844.041,5.25,18.4,7.63,68.72,4278.23,15002.88,6224.23,56029.69,1560.48,0.0,167210.2,34.18,16639,0,100,70021,4735,1513,15698,251,15698,9983,1341.25,537.55,85.34,681.73,0.0,4467,0,0,4921,13336,11086,3303,119756,,71.89
main,batched-aimd,,{},batched-aimd,3,1000,10000,100,True,10000,1172.4986,8.5288,8.5204,6969.708,7490.461,6604.673,0.36,0.24,93.64,5.75,4263.66,2842.99,1097935.81,67456.11,13389.69,0.0,1301274.8,18.5,135220,47494,20,15387,3380,42938,4587,174,4587,0,0.0,0.0,10.38,71.67,0.0,0,1788,119887,0,0,0,0,165368,,3.61
main,batched-aimd,,{},batched-aimd,8,1000,10000,100,True,10000,1178.1824,8.4876,8.4915,7045.872,7306.213,6623.153,0.36,0.25,93.45,5.95,4272.32,2886.84,1100971.99,70051.28,14611.58,0.0,1304944.7,18.46,135438,46844,20,15833,3174,43738,4626,145,4626,0,0.0,0.0,10.54,66.36,0.0,0,1791,120158,0,0,0,0,166042,,3.65
main,batched-aimd,,{},batched-aimd,4,1000,10000,100,True,10000,1176.2877,8.5013,8.4842,7036.14,7284.731,6638.33,0.36,0.24,93.82,5.58,4257.46,2801.15,1103587.16,65641.92,15644.93,0.0,1306521.3,18.51,135742,47272,20,15325,3185,43935,4666,153,4666,0,0.0,0.0,10.34,65.92,0.0,0,1752,120366,0,0,0,0,165886,,3.66
main,batched-aimd,,{},batched-aimd,6,1000,10000,100,True,10000,1196.7378,8.356,8.3033,7171.527,7539.551,6741.492,0.36,0.24,93.65,5.76,4258.98,2833.41,1120748.63,68896.8,15152.05,0.0,1326703.8,18.48,137655,47324,20,15259,3333,45011,4802,156,4802,0,0.0,0.0,10.36,65.0,0.0,0,1721,122135,0,0,0,0,167872,,3.7
main,batched-aimd,,{},batched-aimd,9,1000,10000,100,True,10000,1196.5117,8.3576,8.2623,7183.927,7468.531,6747.102,0.35,0.23,93.75,5.66,4236.35,2804.41,1121712.59,67758.4,14894.45,0.0,1329627.7,18.52,137956,48167,20,15217,3374,44831,4731,172,4731,0,0.0,0.0,10.47,63.22,0.0,0,1785,122382,0,0,0,0,168076,,3.7
main,batched-aimd,,{},batched-aimd,7,1000,10000,100,True,10000,1176.0218,8.5032,8.4272,7035.509,7318.813,6626.708,0.37,0.25,93.67,5.72,4315.25,2915.47,1101535.94,67255.11,13445.61,0.0,1303507.8,18.47,135287,46263,20,15755,3239,43515,4588,154,4588,0,0.0,0.0,10.35,73.98,0.0,0,1803,119925,0,0,0,0,165784,,3.71
main,batched-aimd,,{},batched-aimd,5,1000,10000,100,True,10000,1179.413,8.4788,8.3947,7085.734,7378.501,6649.693,0.36,0.24,93.73,5.67,4272.53,2838.24,1105444.0,66858.25,12697.54,0.0,1309289.7,18.5,136036,47415,20,15505,3349,44083,4681,158,4681,0,0.0,0.0,10.26,64.07,0.0,0,1748,120654,0,0,0,0,166380,,3.76
fair,beanstalk quarantine,,"{""green_mode"": ""quarantine""}",beanstalk,4,1000,10000,100,True,10000,93.0872,107.4261,110.2114,418.951,854.32,448.486,4.57,5.02,0.58,89.82,4257.46,4673.98,541.29,83614.48,65.12,83304.67,226113.7,40.48,22487,0,100,20026,2052,4711,8517,261,8517,9819,481.26,149.03,40.8,309.33,5294.8,557,0,0,2602,16657,6240,5830,71668,,16.72
main,batched k=4,,{},batched,7,1000,10000,100,True,10000,2424.1874,4.1251,4.0562,14515.253,15845.542,13725.285,0.18,0.12,94.24,5.46,4315.25,2942.33,2284605.1,132324.67,31948.26,0.0,2727703.1,18.75,279763,118266,20,16227,3247,139513,4558,44,4558,0,0.0,0.0,20.22,138.39,0.0,0,9295,260639,0,0,0,0,310592,,21.54
main,batched k=4,,{},batched,9,1000,10000,100,True,10000,2464.52,4.0576,3.9926,14860.115,15751.666,13914.971,0.17,0.11,93.99,5.73,4236.35,2775.59,2316386.19,141121.89,33690.45,0.0,2767901.9,18.72,283851,120048,20,15428,3359,142186,4640,39,4640,0,0.0,0.0,20.61,157.52,0.0,0,9440,264522,0,0,0,0,313958,,21.93
main,batched k=4,,{},batched,3,1000,10000,100,True,10000,2418.4138,4.1349,4.1608,14327.442,15427.028,13613.726,0.18,0.12,93.7,6.0,4263.66,2847.51,2266106.76,145195.86,30678.72,0.0,2719569.7,18.74,279049,118245,20,15798,3382,138971,4545,47,4545,0,0.0,0.0,20.45,173.42,0.0,0,9280,259993,0,0,0,0,309439,,22.55
main,batched k=4,,{},batched,6,1000,10000,100,True,10000,2532.6351,3.9485,3.9161,15243.124,16407.496,14322.515,0.17,0.11,94.14,5.58,4258.98,2873.44,2384212.45,141290.19,30824.96,0.0,2845186.8,18.72,291922,123654,20,15811,3373,146876,4759,53,4759,0,0.0,0.0,20.79,132.2,0.0,0,9715,272102,0,0,0,0,322545,,22.58
fair,beanstalk quarantine,,"{""green_mode"": ""quarantine""}",beanstalk,3,1000,10000,100,True,10000,91.3708,109.4442,107.6185,470.992,1029.68,525.373,4.67,5.04,0.68,89.61,4263.66,4608.12,617.29,81881.69,123.98,81406.42,213706.3,38.98,21281,0,100,20159,1913,4454,7959,251,7959,9822,649.51,189.47,60.0,460.94,5302.1,501,0,0,2568,15510,5711,5771,69724,,19.05
main,batched k=4,,{},batched,8,1000,10000,100,True,10000,2453.5019,4.0758,4.0926,14628.39,15503.025,13808.312,0.17,0.12,93.68,6.03,4272.32,2875.61,2298509.76,147844.19,30456.87,0.0,2756298.3,18.72,282892,120345,20,15940,3153,140173,4613,52,4613,0,0.0,0.0,20.34,138.39,0.0,0,9399,263621,0,0,0,0,313497,,23.07
main,batched k=4,,{},batched,5,1000,10000,100,True,10000,2457.2753,4.0695,4.0251,14771.845,16241.983,13875.721,0.17,0.11,94.0,5.71,4272.53,2818.68,2309801.56,140382.52,27390.0,0.0,2763170.7,18.74,283320,119888,20,15799,3353,142610,4612,53,4612,0,0.0,0.0,20.26,137.7,0.0,0,9422,263989,0,0,0,0,313784,,23.85
main,batched k=4,,{},batched,4,1000,10000,100,True,10000,2471.3455,4.0464,4.0053,14830.341,15876.206,14014.498,0.17,0.12,94.4,5.31,4257.46,2865.03,2332884.57,131338.46,35065.02,0.0,2782131.0,18.76,285450,121909,20,15955,3200,142974,4633,72,4633,0,0.0,0.0,20.13,138.09,0.0,0,9482,266026,0,0,0,0,316110,,24.36
main,batched+place,,{},batched+place,3,1000,10000,100,True,10000,2401.9827,4.1632,4.1608,14386.23,15230.26,13607.931,0.18,0.12,94.3,5.4,4263.66,2849.37,2265139.06,129730.66,26394.58,0.0,2697977.0,18.72,276951,118443,20,15845,3302,136585,4510,59,4510,9983,0.0,0.0,20.18,164.58,0.0,0,9219,257992,0,0,0,0,307365,,33.82
main,batched+place,,{},batched+place,4,1000,10000,100,True,10000,2482.013,4.029,3.9682,14792.233,16267.852,14104.747,0.17,0.11,94.6,5.12,4257.46,2821.18,2347970.02,126964.36,30394.24,0.0,2789982.6,18.73,286189,120774,20,15696,3157,144492,4663,54,4663,9985,0.0,0.0,20.36,160.43,0.0,0,9510,266727,0,0,0,0,316602,,34.12
main,batched+place,,{},batched+place,9,1000,10000,100,True,10000,2482.0873,4.0289,3.9786,14937.476,15820.93,14036.595,0.17,0.11,94.14,5.58,4236.35,2763.89,2336668.58,138418.44,31256.69,0.0,2786130.0,18.71,285647,120470,20,15307,3211,142561,4659,56,4659,9982,0.0,0.0,20.8,150.3,0.0,0,9510,266179,0,0,0,0,315669,,35.26
main,batched+place,,{},batched+place,5,1000,10000,100,True,10000,2504.3159,3.9931,3.9678,14893.042,16272.104,14162.267,0.17,0.11,94.14,5.58,4272.53,2797.1,2357580.7,139665.56,28509.46,0.0,2815623.9,18.74,288934,123194,20,15574,3321,144103,4707,56,4707,9981,0.0,0.0,20.87,183.95,0.0,0,9615,269280,0,0,0,0,319271,,36.08
fair,beanstalk quarantine,,"{""green_mode"": ""quarantine""}",beanstalk,7,1000,10000,100,True,10000,99.1613,100.8458,98.4417,469.794,1128.36,550.138,4.35,4.74,0.6,90.31,4315.25,4699.94,597.12,89548.99,46.33,89354.31,218425.1,36.71,21756,0,100,20352,1887,5150,8096,236,8096,9789,745.96,194.5,48.27,428.07,5754.3,703,0,0,2537,15663,5881,6093,70801,,18.1
main,batched+place,,{},batched+place,7,1000,10000,100,True,10000,2396.3448,4.173,4.1087,14456.913,15389.554,13567.876,0.18,0.12,94.24,5.45,4315.25,2935.09,2258377.53,130716.98,27113.34,0.0,2687790.0,18.69,275752,115824,20,16261,3224,137997,4486,54,4486,9982,0.0,0.0,20.35,167.46,0.0,0,9189,256853,0,0,0,0,306553,,37.81
fair,beanstalk quarantine,,"{""green_mode"": ""quarantine""}",beanstalk,5,1000,10000,100,True,10000,91.177,109.6768,121.1028,474.028,1496.256,594.713,4.69,6.25,1.25,87.82,4272.53,5696.74,1136.33,80071.41,37.92,79584.02,191390.1,34.99,19038,0,100,24803,2339,4335,10156,189,10156,9854,672.98,216.17,46.27,370.13,5212.2,1146,0,0,3148,13317,7268,5721,73749,,21.59
main,batched+place,,{},batched+place,8,1000,10000,100,True,10000,2473.4997,4.0429,4.0421,14795.41,15743.329,13995.915,0.17,0.12,94.19,5.52,4272.32,2886.9,2329765.64,136574.82,32141.04,0.0,2773928.7,18.69,284546,120721,20,15977,3197,141626,4644,61,4644,9979,0.0,0.0,20.68,161.78,0.0,0,9467,265174,0,0,0,0,315228,,38.49
main,batched+place,,{},batched+place,6,1000,10000,100,True,10000,2573.4233,3.8859,3.8547,15441.145,16857.687,14578.269,0.17,0.11,94.3,5.42,4258.98,2883.14,2426828.44,139452.71,33853.85,0.0,2887752.8,18.7,296280,126288,20,15721,3300,149972,4837,61,4837,9979,0.0,0.0,20.97,188.24,0.0,0,9873,276178,0,0,0,0,326899,,39.29
fair,beanstalk no-budget,,"{""budget"": false}",beanstalk,3,1000,10000,100,True,10000,83.3214,120.0173,,4649.078,4980.2,4605.521,5.12,16.93,7.53,70.42,4263.66,14105.34,6273.54,58678.82,1789.91,0.0,444457.7,88.9,44243,0,100,69119,3706,578,12139,770,12139,9982,3347.32,669.39,2486.56,4986.17,0.0,3007,0,0,3852,43663,9057,580,143954,,20.32
fair,beanstalk quarantine,,"{""green_mode"": ""quarantine""}",beanstalk,6,1000,10000,100,True,10000,90.8369,110.0875,111.1904,515.17,1208.554,559.576,4.69,5.62,0.75,88.95,4258.98,5102.1,679.63,80796.15,36.32,80687.03,223061.2,40.93,22212,0,100,22050,2086,4422,8769,253,8769,9821,683.39,195.53,48.36,310.81,5276.8,789,0,0,2836,16726,6290,5486,73268,,21.74
fair,beanstalk no-budget,,"{""budget"": false}",beanstalk,4,1000,10000,100,True,10000,84.8722,117.8243,,4722.497,5072.596,4715.859,5.02,16.69,8.0,70.3,4257.46,14162.7,6786.21,59665.8,1705.33,0.0,457118.5,89.77,45448,0,100,70508,3531,611,12348,790,12348,9984,3236.41,690.3,2546.16,5092.33,0.0,3751,0,0,3932,44836,9206,612,146300,,21.87
fair,beanstalk no-budget,,"{""budget"": false}",beanstalk,5,1000,10000,100,True,10000,81.1704,123.1977,,4490.189,4851.195,4447.262,5.26,17.01,8.03,69.7,4272.53,13804.37,6518.12,56575.35,1885.53,0.0,430815.4,88.46,42876,0,100,69424,3308,529,11679,753,11679,9980,2844.72,652.38,2422.82,4857.9,0.0,2926,0,0,3725,42338,8708,538,141582,,21.38
fair,beanstalk quarantine,,"{""green_mode"": ""quarantine""}",beanstalk,9,1000,10000,100,True,10000,88.9892,112.3731,125.4469,477.075,1620.135,619.433,4.76,6.82,1.45,86.97,4236.35,6069.55,1287.95,77395.4,12.35,77338.77,186850.4,34.99,18592,0,100,26393,2957,4039,11687,212,11687,9809,621.15,215.36,44.8,299.33,5102.5,987,0,0,3664,13154,8312,5438,76403,,23.67
fair,beanstalk no-budget,,"{""budget"": false}",beanstalk,6,1000,10000,100,True,10000,95.4785,104.7357,,5365.061,5709.942,5337.762,4.46,14.85,7.01,73.67,4258.98,14178.93,6697.43,70343.11,2632.02,0.0,476068.9,83.1,47406,0,100,71001,3426,656,12433,837,12433,9980,4079.5,733.02,2851.13,5715.46,0.0,3529,0,0,4088,46746,9182,660,149105,,23.48
fair,beanstalk quarantine,,"{""green_mode"": ""quarantine""}",beanstalk,8,1000,10000,100,True,10000,88.494,113.002,120.1485,491.133,1578.585,625.288,4.83,7.39,1.35,86.43,4272.32,6538.87,1194.82,76488.02,46.02,76204.88,159416.2,30.02,15875,0,100,26954,3068,3219,12224,162,12224,9831,711.17,211.64,26.55,219.29,5041.4,1132,0,0,3791,10329,8666,5546,74960,,26.76
fair,beanstalk no-budget,,"{""budget"": false}",beanstalk,8,1000,10000,100,True,10000,86.9465,115.0132,,4905.732,5198.124,4827.928,4.91,17.03,7.44,70.62,4272.32,14809.2,6465.14,61399.86,1750.12,0.0,468138.7,89.74,46589,0,100,71390,3411,616,12527,853,12527,9979,3119.55,698.66,2594.05,5202.42,0.0,3722,0,0,4022,45963,9358,626,148674,,19.47
fair,beanstalk-noplace quarantine,,"{""green_mode"": ""quarantine""}",beanstalk-noplace,6,1000,10000,100,True,10000,95.4267,104.7924,114.9386,467.46,1062.283,514.39,4.46,5.32,0.8,89.42,4258.98,5078.37,760.37,85329.03,18.91,85237.41,199192.8,34.79,19823,0,100,22522,2235,4610,9141,240,9141,0,549.78,183.13,44.28,335.09,5453.6,735,0,0,2949,13822,6506,6001,71866,,8.65
fair,beanstalk-noplace quarantine,,"{""green_mode"": ""quarantine""}",beanstalk-noplace,5,1000,10000,100,True,10000,96.117,104.0399,99.7935,519.391,995.013,546.535,4.45,4.8,0.64,90.12,4272.53,4612.41,612.76,86619.28,11.68,86504.93,212806.6,36.9,21190,0,100,20732,1992,5074,7963,285,7963,0,586.79,185.42,37.54,203.86,5614.3,621,0,0,2455,15300,5843,5890,69789,,10.08
fair,beanstalk no-budget,,"{""budget"": false}",beanstalk,7,1000,10000,100,True,10000,83.3686,119.9492,,4645.681,4984.171,4606.401,5.18,17.57,7.62,69.63,4315.25,14649.43,6351.58,58052.36,1864.89,0.0,461028.1,92.17,45894,0,100,70842,3421,631,12517,824,12517,9980,3210.98,687.67,2488.72,4989.75,0.0,3195,0,0,3970,45260,9371,633,147683,,21.73
qsem,beanstalk quarantine,,"{""green_mode"": ""quarantine"", ""q_sem"": 0.2}",beanstalk,3,100,1000,10,True,1000,127.6993,7.8309,8.4884,845.104,2778.444,1096.874,3.25,7.99,0.16,88.6,414.47,1019.73,21.04,11314.7,0.72,11211.69,61095.8,79.74,6094,0,10,1055,153,657,3422,99,3422,852,922.59,186.29,82.17,587.97,7282.7,136,0,0,1090,4969,2443,1125,16434,,0.89
qsem,beanstalk quarantine,,"{""green_mode"": ""quarantine"", ""q_sem"": 0.2}",beanstalk,4,100,1000,10,True,1000,128.3061,7.7939,8.7862,892.223,3780.323,1319.539,3.24,8.89,0.21,87.65,415.85,1140.92,27.24,11246.6,0.51,11182.12,62649.3,81.38,6221,0,10,1589,237,669,4157,81,4157,841,807.04,212.93,95.69,633.32,7333.2,258,0,0,1288,5048,2965,1173,18532,,0.89
qsem,beanstalk quarantine,,"{""green_mode"": ""quarantine"", ""q_sem"": 0.2}",beanstalk,5,100,1000,10,True,1000,122.8117,8.1425,10.2568,683.999,3001.34,1094.839,3.5,8.29,0.19,88.02,430.15,1018.47,23.22,10809.33,5.04,10644.8,54097.6,73.42,5381,0,10,1142,170,618,3710,61,3710,860,1025.54,187.35,84.72,554.31,6963.2,216,0,0,1065,4280,2732,1101,16161,,0.68
fair,beanstalk-noplace quarantine,,"{""green_mode"": ""quarantine""}",beanstalk-noplace,3,1000,10000,100,True,10000,95.1411,105.1071,108.2527,510.153,1520.067,625.21,4.48,6.11,1.26,88.15,4263.66,5811.33,1202.58,83863.49,39.92,83657.87,191916.0,33.62,19088,0,100,24909,2675,4598,10308,188,10308,0,637.61,230.17,49.1,321.18,5471.1,1224,0,0,3165,13306,7427,5782,74459,,13.32
qsem,beanstalk quarantine,,"{""green_mode"": ""quarantine"", ""q_sem"": 0.2}",beanstalk,6,100,1000,10,True,1000,138.3824,7.2264,7.7538,1080.829,4913.422,1705.824,3.0,8.44,0.19,88.37,414.91,1168.35,26.49,12228.48,2.67,12122.75,71011.7,85.53,7078,0,10,1280,207,604,4345,100,4345,837,1058.58,246.77,138.3,813.94,7884.7,280,0,0,1362,5908,3101,1170,19263,,0.71
qsem,beanstalk quarantine,,"{""green_mode"": ""quarantine"", ""q_sem"": 0.2}",beanstalk,7,100,1000,10,True,1000,116.4111,8.5902,10.7123,645.762,2750.683,910.598,3.67,7.17,0.16,89.0,427.62,834.21,18.97,10360.31,2.44,10204.98,49196.9,70.44,4913,0,10,844,157,672,3088,74,3088,840,829.25,175.16,68.36,477.83,6635.0,162,0,0,938,3788,2244,1125,14200,,0.88
qsem,beanstalk quarantine,,"{""green_mode"": ""quarantine"", ""q_sem"": 0.2}",beanstalk,8,100,1000,10,True,1000,138.4416,7.2233,8.0105,1029.041,3592.1,1337.801,3.06,7.33,0.15,89.46,424.03,1014.28,20.99,12384.86,1.87,12279.15,65425.8,78.76,6501,0,10,886,175,647,3562,95,3562,844,961.87,224.5,90.22,503.59,7924.3,166,0,0,1142,5405,2538,1096,16745,,1.11
qsem,beanstalk quarantine,,"{""green_mode"": ""quarantine"", ""q_sem"": 0.2}",beanstalk,9,100,1000,10,True,1000,122.9558,8.133,9.7834,851.883,2976.87,1109.625,3.35,9.87,0.21,86.57,411.35,1213.99,25.79,10644.45,0.38,10559.1,56087.9,76.03,5593,0,10,1406,204,743,4150,95,4150,850,813.5,165.46,70.94,368.57,6893.4,167,0,0,1242,4143,3013,1450,17784,,1.0
fair,beanstalk-noplace quarantine,,"{""green_mode"": ""quarantine""}",beanstalk-noplace,4,1000,10000,100,True,10000,84.1407,118.8486,124.2565,457.405,1589.512,628.177,5.06,7.78,1.76,85.4,4257.46,6546.14,1480.51,71856.56,23.38,71760.92,165622.7,32.81,16465,0,100,27685,3210,3916,12537,187,12537,0,725.88,215.06,50.88,378.53,4839.6,1128,0,0,3838,11258,8952,5207,76430,,13.44
fair,beanstalk no-budget,,"{""budget"": false}",beanstalk,9,1000,10000,100,True,10000,85.0259,117.6113,,4744.231,5082.679,4707.8,4.98,15.95,7.41,71.66,4236.35,13559.53,6299.89,60930.09,2007.16,0.0,453953.5,88.98,45136,0,100,67066,4044,651,12492,786,12492,9983,3291.05,680.76,2536.07,5086.81,0.0,3077,0,0,3940,44480,9338,656,142673,,20.38
fair,beanstalk-noplace quarantine,,"{""green_mode"": ""quarantine""}",beanstalk-noplace,7,1000,10000,100,True,10000,94.6734,105.6263,119.8863,557.06,1442.12,638.327,4.56,6.81,1.2,87.44,4315.25,6443.51,1132.22,82782.38,8.35,82690.53,193544.8,34.07,19278,0,100,26303,2908,3979,11906,231,11906,0,572.76,208.04,46.08,347.82,5361.6,1123,0,0,3656,13601,8540,5677,78073,,12.21
fair,beanstalk-noplace quarantine,,"{""green_mode"": ""quarantine""}",beanstalk-noplace,8,1000,10000,100,True,10000,97.1827,102.899,109.1644,523.774,1197.018,574.138,4.4,5.67,0.89,89.05,4272.32,5505.57,860.3,86544.49,58.74,86316.16,206611.5,35.43,20569,0,100,23459,2421,3940,9812,238,9812,0,550.64,197.18,54.42,407.48,5574.0,952,0,0,3075,15292,7056,5277,73922,,10.85
main,batched-aimd,,{},batched-aimd,3,500,5000,50,True,5000,587.5776,8.5095,8.4379,3512.989,3752.191,3311.341,0.72,0.44,93.49,5.36,2103.86,1278.5,274666.58,15739.88,2862.26,0.0,650378.6,36.9,67525,23345,20,6693,1279,21619,2313,69,2313,0,0.0,0.0,10.35,62.5,0.0,0,893,59823,0,0,0,0,81600,,3.24
main,batched-aimd,,{},batched-aimd,4,500,5000,50,True,5000,583.7558,8.5652,8.4157,3476.787,3834.77,3292.077,0.74,0.44,93.55,5.27,2163.63,1296.72,273043.04,15374.52,2476.25,0.0,645892.5,36.88,66922,22586,20,6720,1311,22088,2275,76,2275,0,0.0,0.0,10.46,62.04,0.0,0,896,59318,0,0,0,0,80993,,3.87
fair,beanstalk-noplace quarantine,,"{""green_mode"": ""quarantine""}",beanstalk-noplace,9,1000,10000,100,True,10000,90.0558,111.0422,121.4457,490.881,1530.746,637.501,4.7,6.57,1.47,87.25,4236.35,5916.81,1327.41,78575.27,254.72,77388.2,175094.4,32.4,17435,0,100,25843,3083,4117,11260,208,11260,0,579.84,220.35,41.79,293.35,5139.8,1053,0,0,3469,11977,8076,5458,74157,,13.73
main,batched k=4,,{},batched,3,500,5000,50,True,5000,1241.7892,4.0264,3.9511,7516.829,8280.744,7061.215,0.34,0.22,94.56,4.89,2103.86,1335.5,587099.05,30356.21,6725.56,0.0,1394963.7,37.44,143139,61177,20,7217,1321,71770,2346,15,2346,0,0.0,0.0,20.19,149.58,0.0,0,4767,133349,0,0,0,0,157717,,11.72
main,batched k=4,,{},batched,5,500,5000,50,True,5000,1252.0455,3.9935,4.0033,7417.684,8457.79,7084.43,0.34,0.22,94.09,5.35,2133.75,1364.06,589005.13,33519.8,7174.75,0.0,1403580.3,37.37,143957,60644,20,7425,1273,72524,2355,21,2355,0,0.0,0.0,20.86,146.59,0.0,0,4797,134153,0,0,0,0,158758,,12.24
main,batched k=4,,{},batched,4,500,5000,50,True,5000,1229.4303,4.0669,3.9464,7257.386,8720.972,6972.046,0.35,0.22,94.3,5.13,2163.63,1349.41,579654.4,31547.7,4848.29,0.0,1378340.8,37.37,141310,59506,20,7219,1335,71469,2318,21,2318,0,0.0,0.0,20.16,145.58,0.0,0,4702,131644,0,0,0,0,155868,,12.73
main,batched-aimd,,{},batched-aimd,6,500,5000,50,True,5000,607.813,8.2262,8.2085,3622.743,3813.752,3408.339,0.71,0.44,93.02,5.83,2166.67,1342.92,282685.34,17711.56,3594.02,0.0,672724.6,36.89,69760,24109,20,6677,1162,22914,2430,83,2430,0,0.0,0.0,10.43,64.66,0.0,0,875,61918,0,0,0,0,83950,,2.72
main,batched k=4,,{},batched,6,500,5000,50,True,5000,1310.8968,3.8142,3.7862,7820.809,8525.561,7398.876,0.33,0.22,93.85,5.6,2166.67,1410.46,615162.57,36708.68,7893.91,0.0,1467688.0,37.32,150490,63496,20,7308,1217,76553,2451,31,2451,0,0.0,0.0,20.92,147.24,0.0,0,5029,140281,0,0,0,0,165280,,12.54
main,batched k=4,,{},batched,7,500,5000,50,True,5000,1260.906,3.9654,3.8586,7569.456,8697.645,7088.78,0.34,0.21,93.49,5.96,2116.5,1330.88,589400.77,37604.85,8609.05,0.0,1410903.8,37.3,144700,61388,20,7223,1207,73482,2370,29,2370,0,0.0,0.0,20.7,143.43,0.0,0,4833,134831,0,0,0,0,159322,,12.12
main,batched-aimd,,{},batched-aimd,5,500,5000,50,True,5000,600.9645,8.32,8.3457,3550.117,3874.731,3377.58,0.71,0.44,93.24,5.62,2133.75,1308.26,280156.74,16883.48,3177.31,0.0,664171.4,36.84,68864,23695,20,6836,1216,22575,2360,80,2360,0,0.0,0.0,10.66,62.22,0.0,0,904,61141,0,0,0,0,83140,,4.22
main,batched-aimd,,{},batched-aimd,7,500,5000,50,True,5000,587.8162,8.5061,8.3976,3508.959,3806.31,3287.622,0.72,0.43,92.78,6.06,2116.5,1278.35,272690.13,17823.1,3606.71,0.0,650664.4,36.9,67546,23567,20,6747,1165,21865,2338,76,2338,0,0.0,0.0,10.16,63.09,0.0,0,860,59870,0,0,0,0,81707,,3.38
main,batched k=4,,{},batched,8,500,5000,50,True,5000,1259.1926,3.9708,3.9057,7637.866,8233.582,7129.818,0.34,0.21,94.16,5.29,2156.53,1351.8,592799.73,33288.21,9632.5,0.0,1409299.9,37.31,144523,61229,20,7125,1238,73094,2365,23,2365,0,0.0,0.0,20.32,148.08,0.0,0,4825,134636,0,0,0,0,159036,,12.48
main,batched k=4,,{},batched,9,500,5000,50,True,5000,1259.6092,3.9695,3.8495,7599.923,8305.773,7126.143,0.34,0.22,94.07,5.37,2154.03,1365.98,592479.3,33805.3,7361.62,0.0,1410550.9,37.33,144670,60987,20,7134,1308,73741,2375,22,2375,0,0.0,0.0,20.86,130.18,0.0,0,4824,134826,0,0,0,0,159201,,12.59
main,batched-aimd,,{},batched-aimd,8,500,5000,50,True,5000,591.6925,8.4503,8.3777,3542.161,3700.86,3329.08,0.73,0.44,93.34,5.5,2156.53,1290.07,276133.23,16266.4,3855.74,0.0,654676.2,36.88,68001,23158,20,6545,1148,22574,2342,76,2342,0,0.0,0.0,10.39,69.91,0.0,0,878,60289,0,0,0,0,81964,,4.38
main,batched-aimd,,{},batched-aimd,9,500,5000,50,True,5000,596.852,8.3773,8.2384,3577.524,3770.375,3351.308,0.72,0.44,93.15,5.7,2154.03,1303.82,277971.85,16996.3,3588.84,0.0,661040.2,36.92,68647,23765,20,6615,1249,22211,2331,84,2331,0,0.0,0.0,10.46,73.46,0.0,0,914,60912,0,0,0,0,82677,,4.61
qsem,beanstalk quarantine,,"{""green_mode"": ""quarantine"", ""q_sem"": 0.1}",beanstalk,3,100,1000,10,True,1000,69.0484,14.4826,16.5542,427.126,1318.59,525.895,6.0,6.08,0.17,87.74,414.47,419.8,11.94,6058.63,15.69,5983.09,32728.1,79.0,3261,0,10,536,70,536,1582,50,1582,851,724.79,143.36,57.42,279.69,3860.5,113,0,0,512,2494,1124,767,9137,,0.79
qsem,beanstalk quarantine,,"{""green_mode"": ""quarantine"", ""q_sem"": 0.1}",beanstalk,4,100,1000,10,True,1000,61.2786,16.3189,16.2706,445.723,1000.107,490.124,6.79,6.61,0.19,86.42,415.85,405.09,11.42,5295.5,11.42,5249.58,31103.2,84.59,3082,0,10,554,74,540,1479,38,1479,863,546.04,137.7,54.34,292.63,3536.6,108,0,0,470,2342,1058,740,8843,,0.39
qsem,beanstalk quarantine,,"{""green_mode"": ""quarantine"", ""q_sem"": 0.1}",beanstalk,5,100,1000,10,True,1000,69.9433,14.2973,15.1004,552.607,1157.432,565.529,6.15,6.4,0.17,87.27,430.15,447.73,12.22,6104.23,30.76,6013.87,32719.2,77.97,3244,0,10,592,105,510,1611,45,1611,860,667.81,146.17,64.3,408.11,3848.1,123,0,0,472,2504,1193,740,9304,,0.4
qsem,beanstalk quarantine,,"{""green_mode"": ""quarantine"", ""q_sem"": 0.1}",beanstalk,6,100,1000,10,True,1000,72.826,13.7314,14.0217,498.307,1772.425,725.592,5.7,7.0,0.19,87.12,414.91,509.67,13.67,6344.36,10.73,6290.9,37787.1,86.48,3767,0,10,609,81,504,1894,57,1894,855,865.8,174.49,121.54,788.83,4148.3,154,0,0,611,3047,1348,720,10328,,0.44
qsem,beanstalk quarantine,,"{""green_mode"": ""quarantine"", ""q_sem"": 0.1}",beanstalk,8,100,1000,10,True,1000,73.8231,13.5459,13.7913,475.493,1238.189,513.815,5.74,6.83,0.17,87.26,424.03,503.88,12.61,6441.79,4.17,6390.64,34978.4,78.97,3475,0,10,529,84,598,1834,45,1834,841,591.4,130.56,61.83,405.48,4183.5,106,0,0,590,2575,1297,900,9901,,0.42
qsem,beanstalk quarantine,,"{""green_mode"": ""quarantine"", ""q_sem"": 0.1}",beanstalk,7,100,1000,10,True,1000,67.0793,14.9077,14.4846,570.368,1775.806,686.021,6.37,7.07,0.19,86.37,427.62,474.35,12.55,5793.41,4.61,5771.02,34233.9,85.06,3417,0,10,577,93,462,1665,50,1665,859,820.25,182.77,91.34,459.15,3837.4,118,0,0,493,2801,1239,616,9499,,0.56
qsem,beanstalk quarantine,,"{""green_mode"": ""quarantine"", ""q_sem"": 0.1}",beanstalk,9,100,1000,10,True,1000,60.7748,16.4542,17.0975,446.835,1875.174,687.538,6.77,9.35,0.26,83.62,411.35,568.09,15.8,5082.24,1.79,5054.2,30207.8,82.84,3009,0,10,944,128,364,2005,43,2005,848,897.41,172.63,57.89,351.9,3415.1,197,0,0,612,2263,1449,746,10264,,0.58
main,serial,,{},serial,3,1000,10000,100,True,10000,2261.2525,4.4223,4.4321,13513.698,13807.113,12773.961,0.19,0.07,94.08,5.66,4263.66,1625.3,2127368.15,127995.42,15947.32,0.0,135670.7,1.0,13266,0,1,8231,2452,3266,3089,177,3089,0,0.0,0.0,8.49,74.66,0.0,0,0,0,0,0,0,0,34763,,2.01
main,serial,,{},serial,4,1000,10000,100,True,10000,2273.9005,4.3977,4.4084,13537.617,14026.722,12832.499,0.19,0.07,93.99,5.76,4257.46,1622.37,2137127.44,130893.27,19576.55,0.0,136428.7,1.0,13339,0,1,8226,2208,3339,3149,190,3149,0,0.0,0.0,8.53,62.39,0.0,0,0,0,0,0,0,0,34904,,1.79
main,serial,,{},serial,5,1000,10000,100,True,10000,2292.2005,4.3626,4.3439,13673.635,14154.741,12954.531,0.19,0.07,94.12,5.62,4272.53,1665.99,2157422.53,128839.45,15560.16,0.0,137524.3,1.0,13424,0,1,8252,2384,3424,3209,215,3209,0,0.0,0.0,8.63,78.22,0.0,0,0,0,0,0,0,0,35100,,1.52
main,serial,,{},serial,6,1000,10000,100,True,10000,2304.6738,4.339,4.3484,13743.465,14155.515,12996.259,0.18,0.07,93.91,5.83,4258.98,1668.0,2164375.13,134371.68,17042.03,0.0,138272.6,1.0,13518,0,1,8209,2399,3518,3294,224,3294,0,0.0,0.0,8.65,63.5,0.0,0,0,0,0,0,0,0,35245,,2.15
main,serial,,{},serial,7,1000,10000,100,True,10000,2267.4778,4.4102,4.3996,13560.262,13859.68,12802.466,0.19,0.07,94.03,5.71,4315.25,1659.0,2132085.3,129418.24,18308.02,0.0,136047.3,1.0,13304,0,1,8260,2244,3304,3098,206,3098,0,0.0,0.0,8.45,60.87,0.0,0,0,0,0,0,0,0,34868,,1.92
main,serial,,{},serial,8,1000,10000,100,True,10000,2278.9853,4.3879,4.4029,13587.424,13882.66,12830.285,0.19,0.07,93.76,5.98,4272.32,1655.11,2136725.71,136332.17,16506.7,0.0,136685.2,1.0,13362,0,1,8283,2256,3362,3146,216,3146,0,0.0,0.0,8.59,66.1,0.0,0,0,0,0,0,0,0,35007,,2.2
main,serial,,{},serial,9,1000,10000,100,True,10000,2271.7946,4.4018,4.4049,13573.523,13867.566,12808.407,0.19,0.07,93.9,5.85,4236.35,1629.36,2133105.15,132823.7,18114.79,0.0,136305.7,1.0,13334,0,1,8233,2445,3334,3147,187,3147,0,0.0,0.0,8.45,59.88,0.0,0,0,0,0,0,0,0,34901,,1.94
main,batched+place,,{},batched+place,4,500,5000,50,True,5000,1238.2762,4.0379,3.9482,7449.565,8272.171,7027.451,0.35,0.22,94.37,5.06,2163.63,1333.71,584287.2,31353.57,7158.75,0.0,1389431.5,37.4,142575,60435,20,7135,1260,71402,2327,27,2327,4981,0.0,0.0,20.47,165.07,0.0,0,4745,132833,0,0,0,0,157064,,16.96
main,batched+place,,{},batched+place,5,500,5000,50,True,5000,1247.2245,4.0089,3.9824,7483.729,8551.869,7066.647,0.34,0.21,94.22,5.23,2133.75,1336.16,587551.05,32591.3,6458.62,0.0,1397368.5,37.35,143314,60093,20,7225,1261,72836,2335,32,2335,4979,0.0,0.0,20.57,152.11,0.0,0,4776,133515,0,0,0,0,157906,,16.82
main,batched+place,,{},batched+place,3,500,5000,50,True,5000,1249.4415,4.0018,3.9194,7555.571,8339.981,7103.3,0.34,0.21,94.54,4.91,2103.86,1340.36,590601.3,30675.24,6426.64,0.0,1400773.0,37.37,143672,61379,20,7165,1258,71508,2343,29,2343,4985,0.0,0.0,20.91,172.55,0.0,0,4794,133864,0,0,0,0,158209,,17.32
main,batched+place,,{},batched+place,6,500,5000,50,True,5000,1329.2591,3.7615,3.6954,7927.583,9056.643,7533.64,0.33,0.21,94.25,5.21,2166.67,1381.42,626421.91,34659.53,7083.7,0.0,1487375.6,37.3,152563,64762,20,7055,1183,77352,2493,29,2493,4981,0.0,0.0,21.31,166.8,0.0,0,5101,142222,0,0,0,0,167140,,17.32
fair,beanstalk quarantine no-budget,,"{""budget"": false, ""green_mode"": ""quarantine""}",beanstalk,9,1000,10000,100,True,10000,83.1809,120.2199,248.4804,2214.088,3902.224,2513.789,5.09,15.22,6.28,73.41,4236.35,12658.08,5221.19,61065.29,1740.57,0.0,262430.6,52.58,26105,0,100,61092,3105,2080,11058,404,11058,9983,2474.41,799.76,241.28,1366.05,0.0,3947,0,0,3434,22739,8093,3366,116457,,47.8
main,batched+place,,{},batched+place,8,500,5000,50,True,5000,1309.3238,3.8188,3.7916,7834.473,8908.345,7441.235,0.33,0.2,94.52,4.95,2156.53,1331.9,618771.04,32402.44,8371.06,0.0,1467716.8,37.37,150522,64293,20,6972,1221,75387,2460,23,2460,4981,0.0,0.0,21.16,147.12,0.0,0,5026,140317,0,0,0,0,164977,,19.49
main,batched+place,,{},batched+place,7,500,5000,50,True,5000,1274.6226,3.9227,3.8316,7700.265,8648.261,7155.293,0.33,0.21,93.35,6.11,2116.5,1343.62,594930.83,38920.35,7222.64,0.0,1424597.6,37.26,146210,62205,20,7265,1257,74033,2400,21,2400,4981,0.0,0.0,20.67,174.56,0.0,0,4891,136245,0,0,0,0,160896,,19.69
main,batched+place,,{},batched+place,9,500,5000,50,True,5000,1259.2321,3.9707,3.9029,7647.849,8314.122,7098.126,0.34,0.21,93.74,5.71,2154.03,1332.01,590178.46,35951.58,7286.97,0.0,1408875.5,37.29,144460,61324,20,6968,1235,73085,2372,21,2372,4983,0.0,0.0,20.73,160.47,0.0,0,4825,134611,0,0,0,0,158821,,19.5
main,beanstalk,,{},beanstalk,3,1000,10000,100,True,10000,75.5421,132.3766,179.67,1193.39,2662.94,1271.326,5.64,7.21,0.84,86.31,4263.66,5444.24,631.61,65202.56,104.02,64626.16,192710.8,42.52,19188,0,100,24889,2162,4016,8432,300,8432,9854,593.97,53.63,968.83,2667.7,4236.6,384,0,0,2648,15156,6084,4032,72669,,12.9
main,beanstalk-noplace,,{},beanstalk-noplace,3,1000,10000,100,True,10000,76.6671,130.434,250.1688,1458.843,2493.085,1466.707,5.56,7.23,0.87,86.34,4263.66,5545.72,663.3,66194.42,117.92,65778.21,197072.6,42.84,19638,0,100,25093,2130,3993,8425,302,8425,0,471.73,55.3,1080.22,2499.29,4301.3,365,0,0,2650,15632,6077,4006,73631,,4.59
main,beanstalk,,{},beanstalk,4,1000,10000,100,True,10000,71.2654,140.3206,225.479,897.302,1915.306,992.768,5.97,7.82,1.05,85.16,4257.46,5571.4,750.21,60686.34,181.36,59591.52,199503.5,46.66,19832,0,100,25762,2370,3854,8817,311,8817,9839,375.73,54.49,721.79,1935.06,3901.9,362,0,0,2686,15961,6442,3871,74504,,13.09
main,beanstalk-noplace,,{},beanstalk-noplace,5,1000,10000,100,True,10000,74.5877,134.0703,191.8751,978.438,1892.954,1018.995,5.73,7.48,0.98,85.81,4272.53,5582.07,731.55,64001.59,239.03,62609.09,194513.4,43.46,19354,0,100,25860,2128,3976,8523,317,8523,0,505.04,54.0,706.18,1900.08,4155.6,347,0,0,2672,15356,6169,3998,73691,,4.77
main,beanstalk-noplace,,{},beanstalk-noplace,4,1000,10000,100,True,10000,74.0162,135.1055,,2325.183,4228.122,2410.186,5.75,7.46,0.93,85.86,4257.46,5523.16,684.93,63550.67,43.64,63183.7,190147.4,42.82,18918,0,100,25554,2065,3990,8555,284,8555,0,487.23,52.02,2035.17,4247.72,4042.4,348,0,0,2622,14924,6217,3994,73075,,5.77
main,beanstalk,,{},beanstalk,6,1000,10000,100,True,10000,75.9483,131.6686,135.6742,572.68,1468.067,799.417,5.61,7.13,0.92,86.34,4258.98,5414.59,697.57,65577.14,187.76,64642.3,205735.3,45.15,20498,0,100,25182,2108,3878,8469,340,8469,9821,398.53,57.93,526.0,1478.44,4311.1,362,0,0,2776,16606,6033,3892,74442,,11.7
main,beanstalk-noplace,,{},beanstalk-noplace,6,1000,10000,100,True,10000,82.0954,121.8096,108.337,1329.385,3447.287,1653.099,5.19,6.72,0.79,87.31,4258.98,5513.32,646.82,71676.23,111.25,71148.45,200882.2,40.78,19979,0,100,24898,2173,4114,8614,307,8614,0,528.43,56.27,1331.62,3455.88,4575.7,371,0,0,2785,15857,6136,4122,73881,,4.45
main,beanstalk-noplace,,{},beanstalk-noplace,7,1000,10000,100,True,10000,75.1248,133.1118,297.3304,1067.595,2814.007,1349.034,5.74,7.47,0.86,85.93,4315.25,5611.46,645.74,64552.38,98.32,64251.37,181491.3,40.26,18075,0,100,25688,2003,4280,8369,260,8369,0,488.32,50.36,1042.35,2821.58,4279.7,343,0,0,2550,13780,6080,4295,72362,,4.14
main,beanstalk-noplace,,{},beanstalk-noplace,8,1000,10000,100,True,10000,74.2045,134.7628,143.1726,573.509,1892.469,877.853,5.76,7.4,0.93,85.9,4272.32,5493.73,693.18,63745.26,240.48,62916.36,186087.0,41.8,18526,0,100,25723,2041,4091,8256,271,8256,0,630.92,52.48,601.95,1901.77,4222.8,374,0,0,2591,14404,5937,4122,72403,,3.78
main,beanstalk,,{},beanstalk,7,1000,10000,100,True,10000,78.3701,127.5997,206.1942,852.758,1879.145,1045.427,5.51,7.27,0.92,86.31,4315.25,5698.22,718.02,67638.6,397.47,66552.39,193532.3,41.16,19271,0,100,25966,2188,3966,8620,302,8620,9775,731.54,53.69,784.28,1885.87,4500.1,364,0,0,2655,15284,6269,3987,74235,,13.5
main,beanstalk,,{},beanstalk,5,1000,10000,100,True,10000,74.8923,133.5251,221.3126,1356.841,2233.954,1393.503,5.7,7.19,0.86,86.24,4272.53,5385.56,646.37,64587.81,50.1,64417.49,180707.4,40.21,18003,0,100,25007,2145,4146,8500,266,8500,9832,372.76,49.33,1080.25,2240.63,4311.1,351,0,0,2581,13842,6185,4161,71081,,13.79
main,beanstalk,,{},beanstalk,8,1000,10000,100,True,10000,75.6722,132.1489,200.1173,918.906,1465.968,896.706,5.65,7.47,0.91,85.97,4272.32,5656.33,689.96,65053.62,410.51,63942.0,191994.1,42.29,19101,0,100,25899,2081,4065,8709,286,8709,9820,503.04,51.91,607.42,1471.33,4260.0,365,0,0,2684,15017,6312,4084,73993,,12.49
queue,batched k=1,,"{""batch_k"": 1}",batched,3,1000,10000,100,True,10000,717.0022,13.947,14.0175,4275.326,4551.749,4029.017,0.59,0.28,93.37,5.75,4263.66,2019.1,669483.77,41235.64,8499.82,0.0,785721.1,18.26,82925,24126,20,10340,2668,19472,3688,211,3688,0,0.0,0.0,7.37,55.31,0.0,0,0,69026,0,0,0,0,107164,,4.19
main,beanstalk-noplace,,{},beanstalk-noplace,9,1000,10000,100,True,10000,69.5427,143.7965,,2294.012,4153.66,2401.118,6.09,7.86,1.02,85.03,4236.35,5465.8,709.28,59131.31,29.67,59012.1,189340.3,45.38,18846,0,100,25171,2181,3903,8479,289,8479,0,478.85,52.45,2070.48,4156.71,3988.5,356,0,0,2657,14938,6111,3908,72452,,4.71
queue,batched k=1,,"{""batch_k"": 1}",batched,4,1000,10000,100,True,10000,732.9973,13.6426,13.6625,4325.745,4673.927,4120.147,0.58,0.27,93.41,5.74,4257.46,2005.86,684685.34,42048.6,11623.26,0.0,803392.6,18.27,84559,24531,20,10286,2467,20387,3769,216,3769,0,0.0,0.0,7.51,74.46,0.0,0,0,70574,0,0,0,0,108830,,4.27
queue,batched k=1,,"{""batch_k"": 1}",batched,5,1000,10000,100,True,10000,730.0504,13.6977,13.5419,4315.967,4743.006,4106.02,0.59,0.28,93.46,5.68,4272.53,2027.15,682309.54,41441.23,8662.25,0.0,799822.5,18.26,84375,24358,20,10345,2625,20363,3767,200,3767,0,0.0,0.0,7.44,55.17,0.0,0,0,70408,0,0,0,0,108687,,4.23
main,beanstalk,,{},beanstalk,9,1000,10000,100,True,10000,73.2802,136.4626,132.5038,549.938,1682.713,878.564,5.78,7.56,1.0,85.65,4236.35,5542.23,734.45,62767.15,114.59,62074.41,200265.9,45.55,19948,0,100,25492,2217,3709,8730,327,8730,9837,416.1,54.96,629.88,1691.94,4160.7,350,0,0,2684,16214,6375,3734,74231,,13.16
queue,batched k=1,,"{""batch_k"": 1}",batched,7,1000,10000,100,True,10000,713.1394,14.0225,13.9593,4243.468,4507.118,4003.822,0.61,0.29,93.29,5.82,4315.25,2045.65,665258.0,41520.46,11408.23,0.0,781673.8,18.27,82638,24418,20,10443,2523,19708,3717,159,3717,0,0.0,0.0,7.23,51.29,0.0,0,0,68762,0,0,0,0,106957,,4.21
queue,batched k=1,,"{""batch_k"": 1}",batched,6,1000,10000,100,True,10000,751.8448,13.3006,13.364,4446.876,4809.777,4220.157,0.57,0.27,93.28,5.88,4258.98,2055.21,701304.3,44226.29,9633.91,0.0,824890.1,18.29,86935,25860,20,10271,2615,21281,3899,205,3899,0,0.0,0.0,7.43,51.41,0.0,0,0,72831,0,0,0,0,111310,,4.59
queue,batched k=1,,"{""batch_k"": 1}",batched,8,1000,10000,100,True,10000,721.4385,13.8612,13.9969,4248.67,4560.535,4029.357,0.59,0.29,92.8,6.32,4272.32,2056.69,669502.76,45606.77,9719.42,0.0,788155.7,18.21,83342,24594,20,10488,2471,19486,3721,194,3721,0,0.0,0.0,7.45,60.99,0.0,0,0,69427,0,0,0,0,107745,,3.89
queue,batched k=1,,"{""batch_k"": 1}",batched,9,1000,10000,100,True,10000,736.1994,13.5833,13.4575,4372.442,4629.24,4133.561,0.58,0.27,93.31,5.85,4236.35,2005.39,686921.37,43036.27,11251.93,0.0,805118.9,18.23,84835,24178,20,10226,2661,20423,3795,202,3795,0,0.0,0.0,7.44,55.1,0.0,0,0,70838,0,0,0,0,109058,,4.57
fair,batched k=1 released,,"{""batch_k"": 1, ""queue_agents"": ""released""}",batched,3,1000,10000,100,True,10000,666.0826,15.0132,15.0943,17579.773,32877.312,17411.64,0.64,0.34,0.0,99.02,4263.66,2264.88,0.0,659554.08,0.0,0.0,727975.1,18.22,77150,22338,20,12284,4639,16561,3406,201,3406,0,0.0,0.0,7.36,64.29,0.0,0,0,63543,0,0,0,0,103041,,3.8
fair,batched k=1 released,,"{""batch_k"": 1, ""queue_agents"": ""released""}",batched,4,1000,10000,100,True,10000,675.9836,14.7933,14.9705,17227.196,32638.61,17331.916,0.63,0.33,0.0,99.04,4257.46,2236.67,0.0,669489.43,0.0,0.0,740966.7,18.27,78568,22634,20,12287,4446,17538,3451,222,3451,0,0.0,0.0,7.42,60.09,0.0,0,0,64895,0,0,0,0,104528,,4.72
fair,batched k=1 released,,"{""batch_k"": 1, ""queue_agents"": ""released""}",batched,5,1000,10000,100,True,10000,696.6508,14.3544,14.3614,17904.364,34145.181,18006.972,0.61,0.33,0.0,99.06,4272.53,2272.81,0.0,690105.5,0.0,0.0,762496.7,18.24,80487,23020,20,12415,4924,18079,3550,234,3550,0,0.0,0.0,7.46,50.95,0.0,0,0,66703,0,0,0,0,106686,,5.83
fair,batched k=1 released,,"{""batch_k"": 1, ""queue_agents"": ""released""}",batched,6,1000,10000,100,True,10000,694.1786,14.4055,14.7289,18304.204,33663.332,17970.752,0.61,0.33,0.0,99.06,4258.98,2288.97,0.0,687630.64,0.0,0.0,757241.8,18.18,80123,23126,20,12388,4602,18060,3540,225,3540,0,0.0,0.0,7.61,92.92,0.0,0,0,66358,0,0,0,0,106276,,5.62
fair,batched k=1 released,,"{""batch_k"": 1, ""queue_agents"": ""released""}",batched,7,1000,10000,100,True,10000,668.0668,14.9686,15.1188,17521.786,32550.639,17303.22,0.65,0.35,0.0,99.01,4315.25,2330.2,0.0,661421.36,0.0,0.0,730710.2,18.23,77351,22303,20,12500,4569,16980,3444,177,3444,0,0.0,0.0,7.3,51.57,0.0,0,0,63730,0,0,0,0,103472,,4.89
qsem,beanstalk,,"{""q_sem"": 0.2}",beanstalk,3,100,1000,10,True,1000,142.659,7.0097,,5223.7,8542.229,5413.952,2.91,7.71,0.13,89.26,414.47,1100.04,18.14,12733.25,11.44,12699.36,58154.8,67.94,5798,0,10,688,81,1835,3386,87,3386,847,582.27,67.66,4279.77,8559.54,8399.1,87,0,0,1064,3962,2409,1836,15636,,0.74
fair,batched k=1 released,,"{""batch_k"": 1, ""queue_agents"": ""released""}",batched,8,1000,10000,100,True,10000,679.3208,14.7206,14.9789,17462.424,33075.242,17497.158,0.63,0.34,0.0,99.03,4272.32,2301.63,0.0,672746.84,0.0,0.0,742749.1,18.22,78778,23389,20,12464,4449,17178,3472,216,3472,0,0.0,0.0,7.49,71.53,0.0,0,0,65090,0,0,0,0,104930,,4.17
qsem,beanstalk,,"{""q_sem"": 0.2}",beanstalk,4,100,1000,10,True,1000,122.6395,8.154,,4453.528,7340.371,4427.792,3.39,7.42,0.15,89.04,415.85,909.81,18.35,10919.94,34.45,10812.79,57919.6,78.71,5752,0,10,700,112,1244,3345,78,3345,820,573.02,81.05,3665.67,7344.83,6901.2,111,0,0,1013,4504,2410,1248,15514,,1.07
qsem,beanstalk,,"{""q_sem"": 0.2}",beanstalk,5,100,1000,10,True,1000,109.4163,9.1394,,4342.109,6548.767,3898.898,3.93,7.51,0.16,88.4,430.15,822.21,17.09,9672.18,15.52,9622.22,50877.0,77.5,5058,0,10,698,101,1125,2951,64,2951,852,479.01,79.26,3269.31,6551.77,6287.1,99,0,0,871,3931,2144,1127,13972,,1.06
qsem,beanstalk,,"{""q_sem"": 0.2}",beanstalk,7,100,1000,10,True,1000,128.2666,7.7963,,4827.491,7677.452,4532.821,3.33,7.79,0.14,88.74,427.62,998.92,17.62,11382.51,22.46,11288.38,52367.8,68.05,5225,0,10,667,95,1641,3245,75,3245,837,461.05,66.64,3848.0,7696.0,7411.8,106,0,0,970,3583,2350,1642,14756,,1.09
qsem,beanstalk,,"{""q_sem"": 0.2}",beanstalk,6,100,1000,10,True,1000,148.777,6.7215,,5156.364,8906.532,5269.686,2.79,8.08,0.13,89.01,414.91,1201.52,19.03,13242.24,6.17,13232.06,64178.6,71.9,6396,0,10,565,93,2017,3871,87,3871,835,568.54,67.33,4449.75,8913.04,8813.4,102,0,0,1222,4376,2736,2020,17029,,1.65
fair,batched k=1 released,,"{""batch_k"": 1, ""queue_agents"": ""released""}",batched,9,1000,10000,100,True,10000,677.2951,14.7646,14.9957,17499.208,33468.396,17629.749,0.63,0.33,0.0,99.04,4236.35,2244.38,0.0,670814.34,0.0,0.0,741120.7,18.24,78499,22912,20,12296,4796,17357,3481,196,3481,0,0.0,0.0,7.35,63.7,0.0,0,0,64822,0,0,0,0,104472,,4.67
qsem,beanstalk,,"{""q_sem"": 0.2}",beanstalk,8,100,1000,10,True,1000,146.4913,6.8263,,5635.445,8769.839,5656.714,2.89,6.66,0.12,90.33,424.03,974.98,17.28,13232.83,41.73,12781.31,58284.8,66.31,5799,0,10,556,78,1420,3314,81,3314,846,463.68,77.05,4381.39,8776.12,8085.6,97,0,0,1035,4376,2360,1423,15293,,1.26
qsem,beanstalk,,"{""q_sem"": 0.2}",beanstalk,9,100,1000,10,True,1000,117.1782,8.534,,3447.85,7011.443,3816.5,3.51,8.47,0.15,87.86,411.35,993.06,17.94,10295.47,11.42,10275.55,53728.3,76.42,5358,0,10,865,94,1495,3167,83,3167,846,604.62,73.35,3499.99,7015.3,6890.5,88,0,0,964,3857,2286,1501,15168,,1.23
qsem,beanstalk-noplace,,"{""q_sem"": 0.2}",beanstalk-noplace,3,100,1000,10,True,1000,130.8352,7.6432,,5058.653,7831.956,5008.516,3.17,7.47,0.13,89.23,414.47,976.79,17.44,11674.82,5.0,11604.75,53518.8,68.18,5324,0,10,706,120,1544,3143,72,3143,0,566.31,70.64,3909.91,7834.94,7410.2,95,0,0,957,3777,2258,1547,14701,,0.43
qsem,beanstalk-noplace,,"{""q_sem"": 0.2}",beanstalk-noplace,4,100,1000,10,True,1000,112.7526,8.869,,4457.05,6746.007,4209.662,3.69,7.35,0.15,88.81,415.85,828.56,17.0,10013.85,27.14,9936.91,50693.4,74.93,5048,0,10,708,97,1246,2929,68,2929,0,564.61,75.72,3368.35,6750.9,6408.2,93,0,0,874,3798,2123,1250,13969,,0.36
qsem,beanstalk-noplace,,"{""q_sem"": 0.2}",beanstalk-noplace,6,100,1000,10,True,1000,110.4514,9.0538,,4034.256,6607.416,4058.202,3.76,7.06,0.15,89.03,414.91,780.14,16.2,9833.89,19.17,9722.39,51991.4,78.45,5172,0,10,586,82,1121,2863,88,2863,0,448.59,80.44,3300.04,6613.55,6225.3,89,0,0,903,4049,2048,1123,13808,,0.39
qsem,beanstalk-noplace,,"{""q_sem"": 0.2}",beanstalk-noplace,5,100,1000,10,True,1000,120.2394,8.3167,,4389.392,7191.819,4306.339,3.58,8.3,0.15,87.97,430.15,997.67,18.25,10577.87,19.33,10538.11,54495.4,75.54,5415,0,10,755,93,1523,3326,65,3326,0,497.79,67.63,3591.23,7198.38,7021.0,95,0,0,976,3886,2415,1529,15283,,0.47
qsem,beanstalk-noplace,,"{""q_sem"": 0.2}",beanstalk-noplace,7,100,1000,10,True,1000,137.6494,7.2648,,5298.928,8241.237,5332.624,3.11,7.73,0.13,89.04,427.62,1063.59,17.65,12256.08,10.1,12195.81,55123.1,66.74,5485,0,10,654,91,1707,3305,84,3305,0,427.23,65.45,4116.47,8245.93,7954.6,94,0,0,993,3776,2396,1709,15118,,0.38
qsem,beanstalk-noplace,,"{""q_sem"": 0.2}",beanstalk-noplace,8,100,1000,10,True,1000,116.7896,8.5624,,3626.645,6987.647,3840.735,3.63,7.86,0.15,88.36,424.03,917.62,18.04,10319.27,9.74,10278.01,57529.5,82.1,5724,0,10,651,88,1355,3320,72,3320,0,632.97,78.05,3491.34,6995.0,6836.2,101,0,0,1034,4367,2358,1357,15325,,0.32
qsem,beanstalk-noplace,,"{""q_sem"": 0.2}",beanstalk-noplace,9,100,1000,10,True,1000,94.7148,10.558,,2981.259,5665.073,3261.941,4.34,7.63,0.16,87.86,411.35,723.08,15.24,8321.81,5.08,8289.94,45977.9,80.91,4572,0,10,650,77,987,2553,68,2553,0,511.38,78.0,2825.36,5666.77,5474.0,83,0,0,778,3577,1843,995,12679,,0.39
qsem,beanstalk quarantine,,"{""green_mode"": ""quarantine"", ""q_sem"": 0.05}",beanstalk,3,100,1000,10,True,1000,39.4947,25.3198,33.5441,257.466,565.621,278.819,10.49,7.59,0.25,81.67,414.47,299.66,9.71,3225.63,18.12,3165.62,17042.1,71.92,1695,0,10,521,60,426,984,19,984,865,372.54,99.46,26.6,166.05,2093.5,90,0,0,294,1038,714,657,6381,,0.35
qsem,beanstalk quarantine,,"{""green_mode"": ""quarantine"", ""q_sem"": 0.05}",beanstalk,5,100,1000,10,True,1000,41.5759,24.0524,25.5577,261.734,481.264,272.504,10.35,6.14,0.21,83.31,430.15,255.11,8.69,3463.64,7.5,3433.15,19155.4,76.79,1901,0,10,446,54,470,851,20,851,872,389.71,97.73,30.68,149.38,2274.6,72,0,0,251,1251,623,650,6274,,0.37
qsem,beanstalk quarantine,,"{""green_mode"": ""quarantine"", ""q_sem"": 0.05}",beanstalk,6,100,1000,10,True,1000,41.3448,24.1868,24.2688,328.137,1134.06,468.276,10.04,6.64,0.24,83.09,414.91,274.39,9.81,3435.37,4.6,3375.63,20661.5,83.29,2060,0,10,476,67,345,1022,21,1022,861,657.46,157.06,59.11,371.75,2248.8,119,0,0,336,1529,717,531,6702,,0.54
qsem,beanstalk quarantine,,"{""green_mode"": ""quarantine"", ""q_sem"": 0.05}",beanstalk,4,100,1000,10,True,1000,43.3102,23.0892,24.6579,377.884,721.082,400.246,9.6,6.39,0.22,83.79,415.85,276.62,9.51,3629.04,12.13,3601.77,22225.6,85.53,2199,0,10,540,79,350,947,26,947,888,522.32,129.29,67.56,445.55,2388.7,91,0,0,309,1669,674,530,6864,,0.67
qsem,beanstalk quarantine,,"{""green_mode"": ""quarantine"", ""q_sem"": 0.05}",beanstalk,7,100,1000,10,True,1000,36.5366,27.3698,26.8295,291.132,757.719,378.152,11.7,6.96,0.25,81.09,427.62,254.19,9.17,2962.68,8.26,2947.41,18349.5,83.7,1830,0,10,453,60,343,896,30,896,876,610.19,128.85,47.9,267.04,2038.3,123,0,0,249,1369,681,461,6211,,0.38
qsem,beanstalk quarantine,,"{""green_mode"": ""quarantine"", ""q_sem"": 0.05}",beanstalk,9,100,1000,10,True,1000,39.3436,25.4171,26.3891,282.675,544.015,294.258,10.46,6.02,0.22,83.31,411.35,236.65,8.77,3277.59,6.07,3228.35,18576.3,78.69,1850,0,10,436,65,363,842,29,842,881,398.76,107.62,41.14,276.49,2137.4,91,0,0,278,1283,594,567,6158,,0.37
qsem,beanstalk quarantine,,"{""green_mode"": ""quarantine"", ""q_sem"": 0.05}",beanstalk,8,100,1000,10,True,1000,41.7603,23.9462,23.2801,272.585,548.627,298.985,10.15,6.12,0.21,83.52,424.03,255.54,8.62,3487.84,9.64,3464.21,20338.1,81.17,2018,0,10,399,41,466,888,22,888,865,346.58,101.6,39.75,229.29,2332.7,77,0,0,291,1377,621,641,6374,,0.47
main,serial,,{},serial,3,500,5000,50,True,5000,1159.7136,4.3114,4.2966,6945.685,7214.115,6556.349,0.36,0.13,94.09,5.41,2103.86,752.72,545609.67,31390.56,3625.92,0.0,69580.9,2.0,6802,0,1,3490,854,1802,1713,89,1713,0,0.0,0.0,8.78,63.69,0.0,0,0,0,0,0,0,0,17094,,0.89
main,serial,,{},serial,4,500,5000,50,True,5000,1159.1508,4.3135,4.3072,6882.998,7270.518,6536.881,0.37,0.13,93.86,5.64,2163.63,774.78,543965.27,32671.75,3312.95,0.0,69541.0,2.0,6784,0,1,3515,860,1784,1682,102,1682,0,0.0,0.0,8.78,62.64,0.0,0,0,0,0,0,0,0,17083,,0.87
main,serial,,{},serial,5,500,5000,50,True,5000,1174.9071,4.2557,4.2492,6998.196,7326.751,6632.512,0.36,0.13,93.95,5.55,2133.75,788.94,551920.4,32610.48,3774.35,0.0,70491.6,2.0,6871,0,1,3531,810,1871,1775,96,1775,0,0.0,0.0,9.03,61.33,0.0,0,0,0,0,0,0,0,17273,,0.93
main,serial,,{},serial,6,500,5000,50,True,5000,1182.2422,4.2293,4.2472,7051.718,7311.626,6658.295,0.37,0.14,93.73,5.77,2166.67,818.04,554039.9,34096.48,4018.9,0.0,70922.9,2.0,6941,0,1,3506,786,1941,1818,123,1818,0,0.0,0.0,8.99,65.04,0.0,0,0,0,0,0,0,0,17388,,0.68
main,serial,,{},serial,7,500,5000,50,True,5000,1164.5402,4.2935,4.2847,6909.765,7363.961,6548.605,0.36,0.13,93.59,5.91,2116.5,763.65,544953.43,34436.51,4791.82,0.0,69871.1,2.0,6830,0,1,3477,766,1830,1736,94,1736,0,0.0,0.0,8.86,68.68,0.0,0,0,0,0,0,0,0,17137,,0.77
main,serial,,{},serial,8,500,5000,50,True,5000,1166.4853,4.2864,4.2917,6969.078,7179.586,6564.425,0.37,0.13,93.66,5.84,2156.53,774.85,546260.57,34050.71,5446.43,0.0,69986.3,2.0,6824,0,1,3478,762,1824,1723,101,1723,0,0.0,0.0,8.84,64.52,0.0,0,0,0,0,0,0,0,17126,,0.74
main,serial,,{},serial,9,500,5000,50,True,5000,1168.7955,4.2779,4.259,6983.975,7198.299,6581.815,0.37,0.13,93.72,5.78,2154.03,783.36,547701.26,33759.12,4622.46,0.0,70125.0,2.0,6864,0,1,3518,865,1864,1763,101,1763,0,0.0,0.0,8.86,66.13,0.0,0,0,0,0,0,0,0,17246,,0.7
fair,beanstalk quarantine no-budget,,"{""budget"": false, ""green_mode"": ""quarantine""}",beanstalk,3,1000,10000,100,True,10000,79.4426,125.8771,179.2812,1559.588,3971.182,1910.151,5.37,20.15,8.65,65.84,4263.66,16003.92,6870.85,52304.15,1759.65,0.0,203963.9,42.79,20298,0,100,76287,4639,1746,15950,340,15950,9983,1484.85,505.46,124.85,813.19,0.0,3621,0,0,4827,17512,11493,2786,129870,,86.3
main,beanstalk,,{},beanstalk,3,500,5000,50,True,5000,44.5567,112.2166,,1339.204,2408.837,1367.016,9.44,7.19,0.39,82.97,2103.86,1602.53,86.65,18485.31,56.2,18215.62,61594.1,46.08,6132,0,50,6685,647,2949,2883,51,2883,4852,251.73,36.58,1090.09,2411.5,2364.0,117,0,0,898,3160,2036,2972,26575,,3.82
main,beanstalk,,{},beanstalk,4,500,5000,50,True,5000,50.9117,98.2092,160.9286,608.931,1427.12,771.651,8.5,6.65,0.35,84.5,2163.63,1692.93,90.14,21509.17,61.74,21190.55,65179.7,42.67,6474,0,50,6940,685,2684,3020,70,3020,4846,516.7,40.01,526.39,1433.9,2853.4,144,0,0,943,3783,2147,2691,27434,,4.1
main,beanstalk,,{},beanstalk,5,500,5000,50,True,5000,43.7578,114.2654,,1300.669,2492.687,1431.95,9.75,7.93,0.43,81.89,2133.75,1734.61,94.23,17916.3,72.57,17517.97,62014.8,47.24,6173,0,50,7197,634,3050,3154,63,3154,4846,370.33,36.02,1202.24,2511.39,2360.9,139,0,0,916,3118,2301,3055,27400,,3.81
main,beanstalk,,{},beanstalk,6,500,5000,50,True,5000,45.8643,109.0173,309.0756,669.988,1882.001,892.925,9.45,7.63,0.41,82.52,2166.67,1749.23,93.69,18922.55,17.55,18782.02,72194.8,52.47,7197,0,50,7044,670,2457,3323,85,3323,4844,374.75,43.7,701.41,1885.8,2555.5,155,0,0,1050,4720,2358,2477,28549,,3.25
main,beanstalk-noplace,,{},beanstalk-noplace,3,500,5000,50,True,5000,46.2524,108.1025,355.9063,939.545,1928.266,927.367,9.1,7.5,0.41,82.99,2103.86,1734.66,95.03,19192.65,40.08,18996.61,65835.8,47.45,6540,0,50,7269,688,2442,3100,65,3100,0,324.97,40.22,716.76,1932.54,2530.3,140,0,0,970,4068,2195,2472,27764,,1.38
main,beanstalk,,{},beanstalk,7,500,5000,50,True,5000,45.4314,110.0561,102.3864,674.274,1320.89,718.84,9.32,7.31,0.42,82.95,2116.5,1660.66,96.17,18842.35,6.0,18826.81,63713.5,46.75,6357,0,50,7382,612,2477,2957,92,2957,4833,287.2,40.0,528.44,1326.02,2547.0,139,0,0,907,3854,2142,2503,27375,,4.28
main,beanstalk,,{},beanstalk,9,500,5000,50,True,5000,45.7109,109.3831,144.4002,800.332,1651.798,912.761,9.42,7.35,0.39,82.84,2154.03,1680.71,88.23,18932.48,160.87,18144.23,62229.9,45.38,6198,0,50,6756,639,2788,2955,74,2955,4856,289.47,37.95,706.0,1658.43,2549.2,133,0,0,871,3404,2158,2794,26737,,3.91
main,beanstalk,,{},beanstalk,8,500,5000,50,True,5000,48.1327,103.8794,481.8786,999.258,2232.892,1099.672,8.96,6.99,0.36,83.69,2156.53,1682.61,87.06,20140.17,53.48,19899.55,64612.4,44.75,6430,0,50,6825,616,3035,3022,64,3022,4844,247.87,37.79,924.62,2252.49,2558.4,133,0,0,938,3392,2148,3038,27301,,4.65
main,beanstalk-noplace,,{},beanstalk-noplace,4,500,5000,50,True,5000,48.2433,103.6414,428.0383,1112.657,2209.024,1195.743,8.97,6.96,0.38,83.69,2163.63,1679.11,90.65,20188.24,22.81,20102.97,64139.0,44.32,6382,0,50,7031,659,2659,2899,70,2899,0,372.48,40.26,902.78,2213.94,2666.8,129,0,0,922,3717,2047,2665,27165,,1.24
main,beanstalk-noplace,,{},beanstalk-noplace,6,500,5000,50,True,5000,50.3361,99.3323,105.5574,662.114,1359.187,720.567,8.61,6.96,0.37,84.06,2166.67,1752.01,92.44,21156.94,13.17,21096.26,71617.7,47.43,7124,0,50,7120,646,2490,3209,111,3209,0,304.32,42.7,532.33,1365.08,2833.1,137,0,0,1053,4613,2268,2511,28541,,1.37
main,beanstalk-noplace,,{},beanstalk-noplace,5,500,5000,50,True,5000,43.4842,114.9842,,1694.384,2590.757,1586.785,9.81,7.99,0.44,81.75,2133.75,1737.71,95.97,17774.69,64.01,17303.22,60540.7,46.41,6020,0,50,7474,617,2768,2990,57,2990,0,249.81,37.46,1304.53,2609.05,2314.3,124,0,0,874,3251,2173,2769,27206,,1.86
main,beanstalk-noplace,,{},beanstalk-noplace,7,500,5000,50,True,5000,44.5806,112.1564,115.0332,946.267,2079.078,1029.474,9.5,7.34,0.41,82.75,2116.5,1635.24,92.26,18446.31,25.48,18096.53,59690.1,44.63,5952,0,50,7178,615,2903,2897,55,2897,0,345.45,36.33,835.21,2082.36,2455.9,114,0,0,863,3013,2089,2939,26767,,1.4
fair,beanstalk quarantine no-budget,,"{""budget"": false, ""green_mode"": ""quarantine""}",beanstalk,7,1000,10000,100,True,10000,82.5005,121.2115,218.4663,1618.859,3770.324,1964.918,5.23,19.5,7.44,67.82,4315.25,16091.43,6141.24,55952.53,1659.06,0.0,156498.6,31.62,15571,0,100,74311,3606,2136,13918,222,13918,9982,1748.17,605.32,70.91,498.45,0.0,4391,0,0,4194,11920,9987,3651,121568,,90.77
queue,batched-par k=1,,"{""batch_k"": 1}",batched-par,3,1000,10000,100,True,10000,576.4055,17.3489,17.688,3369.415,3756.607,3206.238,0.74,0.5,92.2,6.55,4263.66,2910.3,531462.69,37768.87,6792.24,0.0,996484.2,28.81,109401,41295,81,15856,3370,29149,4651,207,4651,0,0.0,0.0,5.75,42.25,0.0,0,0,94543,0,0,0,0,140115,,31.74
main,beanstalk-noplace,,{},beanstalk-noplace,8,500,5000,50,True,5000,48.2854,103.5509,222.914,639.734,1608.836,779.835,8.93,7.26,0.39,83.41,2156.53,1753.31,94.8,20138.09,40.29,20033.77,63348.6,43.73,6306,0,50,7330,615,2620,3028,56,3028,0,213.47,38.92,566.32,1628.4,2544.1,122,0,0,952,3665,2133,2641,27402,,1.34
main,beanstalk-noplace,,{},beanstalk-noplace,9,500,5000,50,True,5000,40.4837,123.5065,242.4888,815.487,1419.755,780.88,10.64,8.37,0.45,80.54,2154.03,1694.18,90.98,16302.66,27.83,16139.62,64215.2,52.87,6385,0,50,6962,608,2525,3008,75,3008,0,243.26,39.5,627.46,1439.53,2230.3,129,0,0,945,3856,2138,2529,27125,,1.52
queue,batched-par k=1,,"{""batch_k"": 1}",batched-par,4,1000,10000,100,True,10000,590.3761,16.9384,16.8889,3513.457,3849.316,3317.139,0.72,0.49,93.16,5.63,4257.46,2880.67,549975.85,33262.11,7708.44,0.0,1011396.8,28.55,111767,42512,65,15674,3210,30204,4733,188,4733,0,0.0,0.0,5.85,111.95,0.0,0,0,96846,0,0,0,0,142362,,32.48
queue,batched-par k=1,,"{""batch_k"": 1}",batched-par,7,1000,10000,100,True,10000,571.65,17.4932,17.2997,3391.579,3724.955,3196.234,0.75,0.53,92.66,6.06,4315.25,3002.71,529702.96,34629.11,7690.43,0.0,982027.1,28.63,108350,40522,63,16170,3247,28609,4594,218,4594,0,0.0,0.0,5.58,61.22,0.0,0,0,93538,0,0,0,0,139332,,29.94
queue,batched-par k=1,,"{""batch_k"": 1}",batched-par,5,1000,10000,100,True,10000,587.9159,17.0092,16.9503,3505.154,3805.999,3290.931,0.73,0.49,92.81,5.98,4272.53,2870.34,545618.13,35154.9,6603.72,0.0,1021189.6,28.95,112493,42444,75,15584,3239,30366,4735,199,4735,0,0.0,0.0,5.83,49.81,0.0,0,0,97559,0,0,0,0,143011,,32.56
queue,batched k=1,,"{""batch_k"": 1}",batched,3,500,5000,50,True,5000,372.6161,13.4186,13.2528,2192.418,2481.027,2098.451,1.13,0.49,93.38,5.01,2103.86,905.65,173965.26,9333.28,1962.18,0.0,407302.8,36.44,42948,12652,20,4431,973,10543,1945,78,1945,0,0.0,0.0,7.33,54.19,0.0,0,0,35925,0,0,0,0,54402,,1.7
queue,batched-par k=1,,"{""batch_k"": 1}",batched-par,8,1000,10000,100,True,10000,585.6383,17.0754,17.2416,3448.671,3888.843,3263.23,0.73,0.5,92.37,6.4,4272.32,2924.57,540947.16,37494.23,6616.73,0.0,994746.0,28.31,109724,41365,70,15802,3146,29447,4644,201,4644,0,0.0,0.0,5.83,64.65,0.0,0,0,94879,0,0,0,0,140371,,30.44
queue,batched k=1,,"{""batch_k"": 1}",batched,5,500,5000,50,True,5000,390.717,12.797,12.932,2318.281,2497.522,2187.32,1.09,0.49,92.81,5.6,2133.75,964.2,181312.5,10948.05,2156.67,0.0,427459.8,36.47,44971,13400,20,4561,916,11375,2021,107,2021,0,0.0,0.0,7.62,50.29,0.0,0,0,37843,0,0,0,0,56660,,1.99
queue,batched k=1,,"{""batch_k"": 1}",batched,6,500,5000,50,True,5000,400.4586,12.4857,12.5389,2373.374,2585.381,2233.073,1.08,0.5,92.44,5.98,2166.67,997.77,185091.63,11973.22,2652.72,0.0,438528.5,36.5,46103,13505,20,4468,888,11966,2082,101,2082,0,0.0,0.0,7.81,53.35,0.0,0,0,38920,0,0,0,0,57754,,1.98
queue,batched k=1,,"{""batch_k"": 1}",batched,4,500,5000,50,True,5000,379.2569,13.1837,12.9759,2226.32,2522.499,2127.118,1.14,0.5,92.98,5.38,2163.63,946.71,176313.13,10204.97,1918.8,0.0,415404.2,36.51,43830,13018,20,4405,939,11043,1940,126,1940,0,0.0,0.0,7.46,54.92,0.0,0,0,36764,0,0,0,0,55301,,2.17
queue,batched k=1,,"{""batch_k"": 1}",batched,7,500,5000,50,True,5000,383.1749,13.0489,12.8002,2242.575,2719.129,2134.837,1.1,0.48,92.38,6.04,2116.5,923.93,176979.15,11567.84,2592.29,0.0,419879.6,36.53,44315,13228,20,4407,861,11127,1978,113,1978,0,0.0,0.0,7.54,61.96,0.0,0,0,37224,0,0,0,0,55813,,2.1
queue,batched k=1,,"{""batch_k"": 1}",batched,8,500,5000,50,True,5000,382.2326,13.081,12.9337,2268.029,2524.869,2140.305,1.13,0.49,92.83,5.55,2156.53,945.96,177412.82,10600.99,2773.07,0.0,418198.1,36.47,44112,12897,20,4381,883,11155,1984,97,1984,0,0.0,0.0,7.39,50.2,0.0,0,0,37031,0,0,0,0,55574,,2.06
queue,batched-par k=1,,"{""batch_k"": 1}",batched-par,9,1000,10000,100,True,10000,580.8463,17.2163,16.9759,3441.78,3848.86,3241.133,0.73,0.48,92.52,6.27,4236.35,2807.23,537381.61,36421.08,7896.14,0.0,1005232.6,28.84,111305,42189,72,15369,3353,29431,4694,212,4694,0,0.0,0.0,5.7,55.23,0.0,0,0,96399,0,0,0,0,141580,,31.41
queue,batched k=1,,"{""batch_k"": 1}",batched,9,500,5000,50,True,5000,385.6467,12.9652,12.7379,2274.889,2530.647,2153.034,1.12,0.49,92.56,5.83,2154.03,943.7,178475.81,11249.81,3223.62,0.0,422329.3,36.5,44441,12699,20,4369,961,11310,2009,90,2009,0,0.0,0.0,7.46,45.26,0.0,0,0,37342,0,0,0,0,55909,,2.08
queue,batched-par k=1,,"{""batch_k"": 1}",batched-par,6,1000,10000,100,True,10000,593.4069,16.8518,16.5695,3564.585,3852.947,3342.118,0.72,0.49,93.38,5.41,4258.98,2919.72,554099.92,32128.29,6544.79,0.0,1025227.3,28.79,113904,43875,70,15753,3343,30770,4828,216,4828,0,0.0,0.0,5.74,48.57,0.0,0,0,98860,0,0,0,0,144701,,32.87
place,beanstalk soft,file-oracle,"{""flag_clean"": 0.0451, ""flag_recall"": 1.0, ""placement_fallback"": ""least-overlap""}",beanstalk,3,500,5000,50,True,5000,45.1894,110.6454,106.5227,485.6,1219.891,553.223,9.31,7.4,0.42,82.87,2103.86,1671.51,95.31,18724.03,38.05,18528.49,66397.5,48.98,6610,0,50,7291,636,2302,3012,90,3012,4680,271.94,41.65,389.28,1224.63,2442.2,161,0,0,961,4271,2142,2339,27707,,4.96
place,beanstalk soft,file-oracle,"{""flag_clean"": 0.0451, ""flag_recall"": 1.0, ""placement_fallback"": ""least-overlap""}",beanstalk,5,500,5000,50,True,5000,44.0163,113.5942,132.2014,623.612,910.602,612.237,9.7,7.49,0.42,82.39,2133.75,1649.14,91.88,18133.4,8.94,18118.33,62334.4,47.21,6198,0,50,6878,698,2689,3086,55,3086,4698,258.54,38.06,432.19,914.57,2480.7,139,0,0,913,3493,2228,2705,26882,,5.02
fair,beanstalk quarantine no-budget,,"{""budget"": false, ""green_mode"": ""quarantine""}",beanstalk,5,1000,10000,100,True,10000,76.9568,129.943,200.8661,1435.345,3579.317,1735.088,5.55,21.53,9.21,63.7,4272.53,16570.27,7089.19,49024.82,2287.99,0.0,152821.1,33.1,15229,0,100,78089,4610,1795,17194,198,17194,9981,1409.0,446.07,49.25,392.46,0.0,4163,0,0,5178,11954,12257,3274,127108,,100.02
place,beanstalk soft,file-oracle,"{""flag_clean"": 0.0451, ""flag_recall"": 1.0, ""placement_fallback"": ""least-overlap""}",beanstalk,4,500,5000,50,True,5000,55.7011,89.7648,99.7049,598.895,1744.986,824.127,7.77,5.95,0.33,85.95,2163.63,1656.17,92.29,23938.46,81.43,23573.36,68342.7,40.9,6792,0,50,6990,694,2345,3013,86,3013,4722,506.73,43.93,582.46,1750.05,3048.2,164,0,0,947,4432,2152,2360,27458,,5.91
place,beanstalk soft,file-oracle,"{""flag_clean"": 0.0451, ""flag_recall"": 1.0, ""placement_fallback"": ""least-overlap""}",beanstalk,6,500,5000,50,True,5000,49.4257,101.1619,106.9242,1122.157,2233.69,1214.682,8.77,6.88,0.35,84.01,2166.67,1699.65,85.57,20760.97,44.48,20539.87,70639.9,47.64,7043,0,50,6605,619,2655,3210,90,3210,4685,317.1,41.6,926.76,2238.65,2734.0,158,0,0,1030,4367,2270,2676,28125,,6.23
place,beanstalk soft,file-oracle,"{""flag_clean"": 0.0451, ""flag_recall"": 1.0, ""placement_fallback"": ""least-overlap""}",beanstalk,7,500,5000,50,True,5000,44.1889,113.1505,101.6508,641.104,1383.193,722.549,9.58,7.77,0.44,82.21,2116.5,1717.14,97.04,18163.78,23.24,18033.81,66447.8,50.12,6612,0,50,7462,645,2546,3171,80,3171,4717,283.69,40.78,554.2,1388.33,2449.3,123,0,0,969,4054,2282,2558,28108,,6.51
place,beanstalk hard,file-oracle,"{""flag_clean"": 0.0451, ""flag_recall"": 1.0, ""placement_fallback"": ""wait""}",beanstalk,3,500,5000,50,True,5000,102.6952,48.6878,48.5645,497.46,1649.261,613.907,4.1,0.69,0.05,95.17,2103.86,351.92,23.23,48868.59,16022.51,31584.45,68861.4,22.35,6828,0,29,240,226,6222,1471,9,1471,0,197.72,27.2,530.76,1851.19,4362.6,14,0,0,459,552,1025,6275,20045,,2.74
place,beanstalk hard,file-oracle,"{""flag_clean"": 0.0451, ""flag_recall"": 1.0, ""placement_fallback"": ""wait""}",beanstalk,4,500,5000,50,True,5000,108.164,46.2261,49.27,650.701,1686.748,715.847,4.0,0.63,0.04,95.33,2163.63,340.53,22.78,51555.03,17660.67,32535.67,68235.0,21.03,6781,0,31,217,214,6166,1420,7,1420,0,302.91,27.23,601.44,1975.52,4542.8,15,0,0,456,555,975,6226,19858,,3.03
place,beanstalk hard,file-oracle,"{""flag_clean"": 0.0451, ""flag_recall"": 1.0, ""placement_fallback"": ""wait""}",beanstalk,5,500,5000,50,True,5000,111.5811,44.8105,50.3499,846.963,1890.813,927.389,3.82,0.75,0.04,95.38,2133.75,418.31,23.7,53214.8,15598.82,35977.6,70961.9,21.2,7062,0,29,248,251,6460,1666,10,1666,0,148.15,27.52,819.23,2167.78,5038.8,13,0,0,466,571,1210,6491,20716,,3.0
place,beanstalk hard,file-oracle,"{""flag_clean"": 0.0451, ""flag_recall"": 1.0, ""placement_fallback"": ""wait""}",beanstalk,6,500,5000,50,True,5000,102.7555,48.6592,47.5994,911.529,2937.542,1159.26,4.22,0.74,0.05,94.99,2166.67,381.63,23.48,48805.95,14794.06,32651.98,70222.3,22.78,6978,0,28,231,248,6364,1601,11,1601,0,126.5,27.1,1101.72,3199.45,4455.1,15,0,0,478,590,1134,6388,20427,,3.22
place,beanstalk soft,file-oracle,"{""flag_clean"": 0.0451, ""flag_recall"": 1.0, ""placement_fallback"": ""least-overlap""}",beanstalk,9,500,5000,50,True,5000,44.467,112.443,273.0701,743.212,1356.267,730.456,9.69,7.55,0.39,82.37,2154.03,1678.43,86.28,18314.76,84.15,17796.44,65677.6,49.23,6536,0,50,6452,706,2555,3152,88,3152,4708,391.44,39.26,513.79,1376.09,2369.5,127,0,0,951,3941,2289,2595,27158,,5.41
place,beanstalk hard,file-oracle,"{""flag_clean"": 0.0451, ""flag_recall"": 1.0, ""placement_fallback"": ""wait""}",beanstalk,7,500,5000,50,True,5000,102.4617,48.7987,50.1964,440.734,1169.408,493.273,4.13,0.73,0.05,95.1,2116.5,371.58,23.36,48719.42,16466.55,31055.55,69009.9,22.45,6869,0,29,234,225,6259,1517,16,1517,0,253.72,27.3,433.1,1386.08,4368.8,15,0,0,444,559,1090,6310,20164,,2.12
place,beanstalk soft,file-oracle,"{""flag_clean"": 0.0451, ""flag_recall"": 1.0, ""placement_fallback"": ""least-overlap""}",beanstalk,8,500,5000,50,True,5000,53.5203,93.4225,102.1497,634.0,1792.203,856.084,8.06,6.28,0.32,85.34,2156.53,1679.37,86.1,22838.16,92.83,22620.62,68331.2,42.56,6793,0,50,6436,648,2684,3209,75,3209,4688,295.15,40.36,622.51,1798.96,2797.1,130,0,0,987,4100,2297,2693,27571,,6.76
place,beanstalk hard,file-oracle,"{""flag_clean"": 0.0451, ""flag_recall"": 1.0, ""placement_fallback"": ""wait""}",beanstalk,8,500,5000,50,True,5000,107.1624,46.6582,66.4809,715.408,2174.605,926.717,4.02,0.71,0.04,95.22,2156.53,382.09,23.52,51019.04,16493.14,33200.56,69398.6,21.59,6912,0,32,229,245,6309,1552,14,1552,0,197.59,27.59,866.68,2306.58,4696.1,16,0,0,473,578,1094,6334,20267,,3.02
place,beanstalk hard,file-oracle,"{""flag_clean"": 0.0451, ""flag_recall"": 1.0, ""placement_fallback"": ""wait""}",beanstalk,9,500,5000,50,True,5000,100.7242,49.6405,53.6127,406.239,1402.363,540.552,4.28,0.69,0.05,94.99,2154.03,345.55,23.28,47839.25,15479.89,30885.06,68840.5,22.78,6859,0,29,207,215,6230,1508,15,1508,0,144.85,26.42,473.94,1648.68,4283.2,15,0,0,427,556,1098,6303,20091,,2.53
queue,batched-par k=1,,"{""batch_k"": 1}",batched-par,8,500,5000,50,True,5000,311.653,16.0435,15.751,1859.502,2141.332,1736.753,1.38,0.86,92.02,5.74,2156.53,1339.12,143390.3,8940.56,2294.31,0.0,512231.1,54.79,55868,20701,50,6851,1194,15697,2368,103,2368,0,0.0,0.0,5.92,49.46,0.0,0,0,48397,0,0,0,0,70190,,12.79
fair,beanstalk quarantine no-budget,,"{""budget"": false, ""green_mode"": ""quarantine""}",beanstalk,6,1000,10000,100,True,10000,82.8285,120.7314,164.9142,2178.025,3882.412,2238.369,5.14,16.1,5.61,73.15,4258.98,13332.16,4649.78,60587.56,1664.74,0.0,226518.3,45.58,22560,0,100,61176,3769,2207,13208,327,13208,9978,1962.66,686.56,112.84,703.83,0.0,3542,0,0,4262,19341,9347,3219,115590,,105.79
queue,batched-par k=1,,"{""batch_k"": 1}",batched-par,4,500,5000,50,True,5000,304.7381,16.4075,16.2636,1756.898,2191.232,1689.178,1.42,0.89,91.49,6.2,2163.63,1358.02,139406.83,9440.55,1422.88,0.0,514812.8,56.31,56620,21305,50,6995,1322,15539,2327,105,2327,0,0.0,0.0,6.06,48.95,0.0,0,0,49188,0,0,0,0,71047,,15.24
queue,batched-par k=1,,"{""batch_k"": 1}",batched-par,3,500,5000,50,True,5000,299.3387,16.7035,16.537,1779.557,2038.807,1667.796,1.41,0.9,91.96,5.73,2103.86,1340.0,137643.02,8582.47,1414.86,0.0,515315.6,57.38,57147,21876,50,7018,1304,15477,2352,90,2352,0,0.0,0.0,5.93,56.29,0.0,0,0,49705,0,0,0,0,71607,,15.46
place,beanstalk hard,module-oracle,"{""flag_clean"": 0.7369, ""flag_recall"": 1.0, ""placement_fallback"": ""wait""}",beanstalk,3,500,5000,50,True,5000,556.7885,8.9801,9.0713,17.561,84.201,29.499,0.76,0.06,0.01,99.18,2103.86,167.82,18.53,276104.02,261992.14,3113.77,63152.8,3.78,6284,0,8,30,24,3387,939,5,939,0,66.82,23.84,21.83,226.8,371.9,4,0,0,338,341,653,5943,18226,,1.82
queue,batched-par k=1,,"{""batch_k"": 1}",batched-par,7,500,5000,50,True,5000,299.323,16.7044,16.2021,1808.435,2135.427,1658.627,1.41,0.89,91.47,6.23,2116.5,1325.36,136893.53,9326.13,1965.89,0.0,508860.5,56.67,56062,21076,50,7018,1201,15523,2367,105,2367,0,0.0,0.0,5.95,50.43,0.0,0,0,48590,0,0,0,0,70552,,14.82
place,beanstalk soft,module-oracle,"{""flag_clean"": 0.7369, ""flag_recall"": 1.0, ""placement_fallback"": ""least-overlap""}",beanstalk,3,500,5000,50,True,5000,45.3991,110.1342,112.4584,723.769,1842.325,892.027,9.27,7.1,0.39,83.24,2103.86,1612.44,88.97,18894.31,20.26,18694.32,63553.6,46.66,6331,0,50,6786,678,2694,2878,67,2878,4984,297.67,39.36,668.14,1848.17,2421.8,173,0,0,915,3572,2033,2759,26732,,3.77
queue,batched-par k=1,,"{""batch_k"": 1}",batched-par,6,500,5000,50,True,5000,304.4155,16.4249,16.3517,1810.076,2044.509,1684.428,1.42,0.92,91.3,6.35,2166.67,1400.03,138968.96,9672.08,1820.97,0.0,521462.5,57.1,58363,23180,50,7044,1200,15646,2424,94,2424,0,0.0,0.0,5.76,47.2,0.0,0,0,50845,0,0,0,0,72925,,15.52
place,beanstalk soft,module-oracle,"{""flag_clean"": 0.7369, ""flag_recall"": 1.0, ""placement_fallback"": ""least-overlap""}",beanstalk,4,500,5000,50,True,5000,51.1987,97.6587,205.1017,850.25,1883.411,975.181,8.45,6.61,0.36,84.58,2163.63,1691.38,92.57,21651.78,12.98,21593.44,64805.5,42.19,6440,0,50,7037,738,2628,3061,76,3061,4986,387.02,39.61,722.77,1902.06,2857.8,138,0,0,950,3807,2187,2633,27366,,3.87
place,beanstalk soft,module-oracle,"{""flag_clean"": 0.7369, ""flag_recall"": 1.0, ""placement_fallback"": ""least-overlap""}",beanstalk,6,500,5000,50,True,5000,46.3078,107.9733,563.8134,1038.22,2243.239,1156.744,9.36,7.91,0.41,82.32,2166.67,1831.9,94.35,19060.96,24.42,18923.75,71224.0,51.27,7089,0,50,7311,651,2459,3199,85,3199,4975,330.53,43.77,941.72,2247.31,2528.3,136,0,0,1043,4615,2243,2474,28711,,3.08
place,beanstalk soft,module-oracle,"{""flag_clean"": 0.7369, ""flag_recall"": 1.0, ""placement_fallback"": ""least-overlap""}",beanstalk,5,500,5000,50,True,5000,45.4406,110.0337,,1462.17,2555.715,1499.633,9.39,7.42,0.4,82.79,2133.75,1686.69,90.58,18809.31,110.06,18361.45,61528.9,45.14,6123,0,50,7022,639,3073,3062,51,3062,4981,303.52,36.46,1217.41,2574.37,2494.2,111,0,0,909,3044,2204,3079,27061,,4.0
queue,batched-par k=1,,"{""batch_k"": 1}",batched-par,9,500,5000,50,True,5000,297.2123,16.823,16.276,1786.198,2059.287,1654.614,1.45,0.91,91.87,5.77,2154.03,1352.61,136531.86,8567.63,1472.06,0.0,520722.3,58.4,57963,22265,50,6901,1240,15392,2376,107,2376,0,0.0,0.0,5.79,47.82,0.0,0,0,50480,0,0,0,0,72347,,15.49
place,beanstalk hard,module-oracle,"{""flag_clean"": 0.7369, ""flag_recall"": 1.0, ""placement_fallback"": ""wait""}",beanstalk,4,500,5000,50,True,5000,578.2331,8.647,8.9354,15.468,89.764,29.38,0.75,0.06,0.01,99.19,2163.63,172.98,18.44,286761.51,268161.78,2952.25,63165.2,3.64,6280,0,11,27,31,3249,927,3,927,0,303.84,24.33,22.86,343.88,818.4,4,0,0,341,345,641,5935,18190,,1.5
queue,batched-par k=1,,"{""batch_k"": 1}",batched-par,5,500,5000,50,True,5000,295.247,16.935,17.0544,1736.916,2056.149,1636.642,1.45,0.92,91.47,6.17,2133.75,1354.11,135032.74,9102.92,1525.46,0.0,512593.6,57.87,56876,21737,50,7120,1227,15502,2376,107,2376,0,0.0,0.0,5.88,43.71,0.0,0,0,49393,0,0,0,0,71479,,16.73
place,beanstalk hard,module-oracle,"{""flag_clean"": 0.7369, ""flag_recall"": 1.0, ""placement_fallback"": ""wait""}",beanstalk,5,500,5000,50,True,5000,565.5231,8.8414,8.9853,19.06,92.533,31.529,0.75,0.07,0.01,99.17,2133.75,184.09,18.58,280425.17,265790.08,3523.05,63634.1,3.75,6337,0,8,20,22,3542,993,6,993,0,96.18,24.04,25.04,319.92,524.8,4,0,0,330,331,718,6006,18368,,1.6
place,beanstalk hard,module-oracle,"{""flag_clean"": 0.7369, ""flag_recall"": 1.0, ""placement_fallback"": ""wait""}",beanstalk,6,500,5000,50,True,5000,580.5827,8.612,8.7181,20.296,105.012,33.968,0.75,0.07,0.01,99.17,2166.67,212.51,18.9,287893.29,270359.23,5244.1,65249.3,3.75,6498,0,8,26,27,3665,1075,8,1075,0,117.56,25.18,28.04,414.16,848.3,4,0,0,409,412,725,6086,18705,,1.58
place,beanstalk hard,module-oracle,"{""flag_clean"": 0.7369, ""flag_recall"": 1.0, ""placement_fallback"": ""wait""}",beanstalk,7,500,5000,50,True,5000,562.6358,8.8867,8.9953,16.413,87.399,28.872,0.75,0.06,0.01,99.18,2116.5,177.0,18.43,279005.97,263532.18,3614.23,62818.1,3.72,6257,0,7,30,22,3303,922,5,922,0,94.1,24.37,21.49,165.18,534.4,4,0,0,321,323,663,5934,18165,,1.63
place,beanstalk hard,module-oracle,"{""flag_clean"": 0.7369, ""flag_recall"": 1.0, ""placement_fallback"": ""wait""}",beanstalk,8,500,5000,50,True,5000,564.9714,8.85,8.9638,15.958,82.653,28.942,0.76,0.06,0.01,99.17,2156.53,172.95,18.45,280137.79,265845.26,2753.84,63140.1,3.73,6279,0,9,24,28,3287,929,13,929,0,123.62,24.23,21.97,273.08,533.5,6,0,0,334,339,656,5940,18195,,1.51
place,beanstalk hard,module-oracle,"{""flag_clean"": 0.7369, ""flag_recall"": 1.0, ""placement_fallback"": ""wait""}",beanstalk,9,500,5000,50,True,5000,565.6446,8.8395,8.9858,16.0,83.509,28.258,0.76,0.06,0.01,99.17,2154.03,168.15,18.57,280481.57,265303.29,2259.74,63192.1,3.72,6296,0,7,22,24,3340,966,9,966,0,74.63,23.26,20.66,171.72,299.1,4,0,0,319,321,701,5975,18279,,1.51
place,beanstalk soft,module-oracle,"{""flag_clean"": 0.7369, ""flag_recall"": 1.0, ""placement_fallback"": ""least-overlap""}",beanstalk,8,500,5000,50,True,5000,45.8001,109.1701,109.0355,663.17,1184.665,669.261,9.42,7.63,0.42,82.54,2156.53,1746.33,95.5,18901.67,34.35,18743.83,65545.4,47.7,6523,0,50,7378,616,2725,3157,71,3157,4978,360.54,39.14,496.89,1193.89,2577.3,122,0,0,958,3791,2270,2731,28033,,3.81
place,beanstalk soft,module-oracle,"{""flag_clean"": 0.7369, ""flag_recall"": 1.0, ""placement_fallback"": ""least-overlap""}",beanstalk,9,500,5000,50,True,5000,41.0808,121.7113,111.7734,1172.193,2138.074,1133.23,10.49,8.22,0.45,80.84,2154.03,1689.44,91.72,16605.22,30.36,16448.93,65420.8,53.08,6506,0,50,6940,711,2577,3074,80,3074,4981,291.73,39.89,953.89,2145.03,2248.4,157,0,0,922,3923,2232,2583,27270,,3.87
place,beanstalk soft,module-oracle,"{""flag_clean"": 0.7369, ""flag_recall"": 1.0, ""placement_fallback"": ""least-overlap""}",beanstalk,7,500,5000,50,True,5000,41.9049,119.3178,124.223,507.339,858.934,508.543,10.1,7.94,0.46,81.5,2116.5,1664.17,96.27,17075.5,9.11,17001.54,61008.0,48.53,6077,0,50,7374,593,2603,2918,75,2918,4972,265.76,38.2,353.91,865.25,2278.8,128,0,0,886,3455,2107,2622,26980,,3.99
fair,beanstalk quarantine no-budget,,"{""budget"": false, ""green_mode"": ""quarantine""}",beanstalk,4,1000,10000,100,True,10000,79.5169,125.7594,176.5823,1534.093,3700.775,1791.8,5.35,19.49,8.34,66.82,4257.46,15497.46,6629.69,53132.31,1795.76,0.0,190902.4,40.01,18972,0,100,72756,4686,2249,16521,285,16521,9985,1467.15,500.66,104.56,728.64,0.0,3971,0,0,5087,15284,11760,3688,125435,,112.09
place,beanstalk hard,module-level,"{""flag_clean"": 0.9033, ""flag_recall"": 0.9402, ""placement_fallback"": ""wait""}",beanstalk,4,500,5000,50,True,5000,928.4454,5.3853,5.4733,11.26,61.497,21.762,0.47,0.04,0.0,99.49,2163.63,168.28,18.31,461872.46,435613.91,2696.37,62874.2,2.26,6251,0,7,55,9,2440,889,3,889,0,300.85,24.08,22.31,703.52,668.5,3,0,0,338,339,614,5912,18141,,0.98
place,beanstalk hard,module-level,"{""flag_clean"": 0.9033, ""flag_recall"": 0.9402, ""placement_fallback"": ""wait""}",beanstalk,3,500,5000,50,True,5000,878.0845,5.6942,5.7522,11.25,63.113,21.986,0.48,0.04,0.0,99.48,2103.86,161.41,18.28,436758.72,416472.42,2116.78,63102.3,2.4,6283,0,6,44,15,2512,900,6,900,0,83.0,23.6,17.82,173.62,302.7,3,0,0,351,354,625,5929,18177,,1.16
place,beanstalk hard,module-level,"{""flag_clean"": 0.9033, ""flag_recall"": 0.9402, ""placement_fallback"": ""wait""}",beanstalk,5,500,5000,50,True,5000,910.5668,5.4911,5.5547,11.473,66.039,23.31,0.47,0.04,0.0,99.49,2133.75,185.11,18.52,452946.0,431275.21,2468.84,63515.9,2.33,6321,0,5,68,12,2634,954,5,954,0,107.21,23.82,19.7,255.02,366.4,4,0,0,336,338,693,5983,18370,,1.07
place,beanstalk hard,module-level,"{""flag_clean"": 0.9033, ""flag_recall"": 0.9402, ""placement_fallback"": ""wait""}",beanstalk,7,500,5000,50,True,5000,904.0122,5.5309,5.6102,11.303,65.124,22.3,0.47,0.04,0.0,99.49,2116.5,177.45,18.33,449693.83,428596.49,2253.16,62742.1,2.31,6248,0,5,58,12,2485,891,4,891,0,94.16,24.33,18.59,169.88,403.5,3,0,0,337,337,640,5911,18149,,1.01
place,beanstalk hard,module-level,"{""flag_clean"": 0.9033, ""flag_recall"": 0.9402, ""placement_fallback"": ""wait""}",beanstalk,6,500,5000,50,True,5000,926.6642,5.3957,5.3686,11.882,70.927,24.478,0.47,0.04,0.0,99.49,2166.67,198.18,18.7,460948.55,438993.43,2924.14,64794.1,2.33,6451,0,6,62,13,2832,1011,5,1011,0,121.17,24.54,20.46,183.06,405.5,3,0,0,406,407,682,6044,18601,,1.2
place,beanstalk soft,module-level,"{""flag_clean"": 0.9033, ""flag_recall"": 0.9402, ""placement_fallback"": ""least-overlap""}",beanstalk,3,500,5000,50,True,5000,46.7801,106.8831,110.4284,522.024,1471.279,661.794,8.99,7.16,0.4,83.45,2103.86,1673.76,92.94,19519.49,17.67,19448.9,66266.3,47.22,6600,0,50,7139,681,2485,3003,86,3003,4988,321.12,41.67,497.56,1475.64,2595.8,143,0,0,959,4076,2130,2524,27571,,2.74
place,beanstalk hard,module-level,"{""flag_clean"": 0.9033, ""flag_recall"": 0.9402, ""placement_fallback"": ""wait""}",beanstalk,8,500,5000,50,True,5000,921.7399,5.4245,5.4562,11.198,65.691,22.319,0.47,0.04,0.0,99.49,2156.53,169.93,18.34,458525.12,436680.05,2855.85,62932.2,2.28,6262,0,6,61,8,2408,893,5,893,0,137.33,24.0,18.91,285.22,527.6,3,0,0,341,342,629,5920,18174,,1.17
place,beanstalk soft,module-level,"{""flag_clean"": 0.9033, ""flag_recall"": 0.9402, ""placement_fallback"": ""least-overlap""}",beanstalk,4,500,5000,50,True,5000,46.9974,106.3889,112.6785,617.348,744.539,542.487,9.21,6.98,0.4,83.42,2163.63,1639.19,93.85,19602.02,9.32,19503.59,64010.1,45.4,6344,0,50,7084,698,2432,2965,61,2965,4991,515.53,40.14,349.56,752.49,2669.7,128,0,0,925,3899,2101,2445,27011,,2.87
place,beanstalk hard,module-level,"{""flag_clean"": 0.9033, ""flag_recall"": 0.9402, ""placement_fallback"": ""wait""}",beanstalk,9,500,5000,50,True,5000,906.9401,5.513,5.5669,11.331,64.438,22.166,0.48,0.04,0.0,99.48,2154.03,170.83,18.38,451126.79,427695.27,1723.89,63224.0,2.32,6287,0,7,51,19,2509,923,4,923,0,70.26,23.14,18.52,183.49,180.1,3,0,0,330,331,676,5956,18239,,1.28
place,beanstalk soft,module-level,"{""flag_clean"": 0.9033, ""flag_recall"": 0.9402, ""placement_fallback"": ""least-overlap""}",beanstalk,6,500,5000,50,True,5000,49.7254,100.5522,182.1215,792.413,1387.002,837.569,8.71,6.99,0.36,83.93,2166.67,1738.23,89.99,20867.83,76.67,20380.03,67760.8,45.42,6750,0,50,6965,666,2764,3173,75,3173,4990,365.75,40.1,623.07,1391.47,2813.5,139,0,0,985,3956,2264,2794,27993,,2.75
place,beanstalk soft,module-level,"{""flag_clean"": 0.9033, ""flag_recall"": 0.9402, ""placement_fallback"": ""least-overlap""}",beanstalk,5,500,5000,50,True,5000,43.3172,115.4275,138.2172,821.053,1728.636,916.834,9.85,7.7,0.41,82.04,2133.75,1667.58,89.61,17767.69,89.02,17211.83,63004.8,48.48,6264,0,50,6911,601,2932,2998,47,2998,4987,327.79,37.78,713.44,1733.94,2437.1,131,0,0,900,3322,2145,2942,26990,,3.05
place,beanstalk soft,module-level,"{""flag_clean"": 0.9033, ""flag_recall"": 0.9402, ""placement_fallback"": ""least-overlap""}",beanstalk,9,500,5000,50,True,5000,44.5936,112.1237,109.092,575.532,1754.945,863.083,9.66,7.75,0.42,82.17,2154.03,1727.72,92.79,18322.26,22.2,18151.2,63487.6,47.46,6321,0,50,7133,652,2549,3058,77,3058,4989,319.05,38.85,656.35,1759.73,2427.2,140,0,0,937,3756,2200,2565,27349,,2.68
place,beanstalk soft,module-level,"{""flag_clean"": 0.9033, ""flag_recall"": 0.9402, ""placement_fallback"": ""least-overlap""}",beanstalk,8,500,5000,50,True,5000,47.1595,106.0233,,1565.415,2627.474,1558.72,9.15,7.4,0.38,83.08,2156.53,1744.23,89.6,19589.37,51.25,19314.28,64292.8,45.44,6398,0,50,7060,643,3033,3151,67,3151,4998,306.88,37.18,1243.58,2646.52,2455.6,135,0,0,931,3363,2287,3035,27752,,3.18
place,beanstalk soft,module-level,"{""flag_clean"": 0.9033, ""flag_recall"": 0.9402, ""placement_fallback"": ""least-overlap""}",beanstalk,7,500,5000,50,True,5000,43.2056,115.7256,121.6665,801.391,1963.215,1015.077,9.8,7.63,0.43,82.14,2116.5,1648.81,93.73,17743.78,11.03,17657.04,63032.3,48.63,6282,0,50,7173,612,2651,3021,65,3021,4989,300.15,38.06,819.49,1969.53,2382.6,132,0,0,917,3623,2169,2659,27238,,3.47
place,beanstalk hard,predicted,"{""flag_clean"": 0.1733, ""flag_recall"": 0.5812, ""placement_fallback"": ""wait""}",beanstalk,4,500,5000,50,True,5000,154.6931,32.3221,31.8775,178.777,703.192,244.801,2.8,0.41,0.03,96.77,2163.63,313.42,21.43,74848.08,56847.97,15495.31,65170.6,14.04,6484,0,19,429,102,5871,1136,7,1136,0,303.18,25.62,218.75,870.27,2539.8,8,0,0,359,392,788,6092,19570,,1.56
place,beanstalk hard,predicted,"{""flag_clean"": 0.1733, ""flag_recall"": 0.5812, ""placement_fallback"": ""wait""}",beanstalk,3,500,5000,50,True,5000,153.8386,32.5016,33.0362,167.796,724.964,237.462,2.74,0.43,0.03,96.81,2103.86,331.37,21.7,74462.39,53398.22,18308.73,65713.0,14.24,6529,0,19,470,82,5864,1183,7,1183,0,154.86,26.1,208.11,1021.71,2879.9,9,0,0,366,408,832,6121,19773,,1.94
place,beanstalk hard,predicted,"{""flag_clean"": 0.1733, ""flag_recall"": 0.5812, ""placement_fallback"": ""wait""}",beanstalk,5,500,5000,50,True,5000,150.1312,33.3042,31.0817,296.652,933.019,373.411,2.84,0.46,0.03,96.67,2133.75,347.13,22.2,72562.52,51900.53,18038.03,66602.2,14.79,6636,0,20,509,107,6095,1270,7,1270,0,95.65,25.84,346.56,1173.68,2728.4,9,0,0,373,416,905,6220,20136,,2.03
place,beanstalk hard,predicted,"{""flag_clean"": 0.1733, ""flag_recall"": 0.5812, ""placement_fallback"": ""wait""}",beanstalk,7,500,5000,50,True,5000,149.9181,33.3515,32.2137,195.166,860.202,290.838,2.82,0.43,0.03,96.72,2116.5,319.18,21.62,72501.77,53408.59,16517.6,65022.1,14.46,6483,0,18,455,96,5925,1157,7,1157,0,107.81,26.0,264.43,1248.93,2540.1,8,0,0,340,381,830,6102,19648,,1.78
place,beanstalk hard,predicted,"{""flag_clean"": 0.1733, ""flag_recall"": 0.5812, ""placement_fallback"": ""wait""}",beanstalk,6,500,5000,50,True,5000,157.0843,31.83,31.0205,276.904,995.529,362.402,2.76,0.47,0.03,96.74,2166.67,368.61,22.27,75984.6,51707.6,21759.33,67780.6,14.38,6752,0,19,476,120,6164,1338,10,1338,0,158.43,26.4,317.54,1191.85,3276.8,9,0,0,426,461,925,6291,20331,,1.93
fair,beanstalk quarantine no-budget,,"{""budget"": false, ""green_mode"": ""quarantine""}",beanstalk,8,1000,10000,100,True,10000,85.7138,116.6674,149.9451,2052.608,4126.52,2187.466,4.98,16.8,5.96,72.25,4272.32,14403.71,5112.07,61925.66,1761.47,0.0,237973.9,46.27,23685,0,100,65482,3808,1903,13721,378,13721,9980,2029.52,648.29,151.14,877.27,0.0,3941,0,0,4238,20810,9913,2875,121238,,112.57
place,beanstalk hard,predicted,"{""flag_clean"": 0.1733, ""flag_recall"": 0.5812, ""placement_fallback"": ""wait""}",beanstalk,9,500,5000,50,True,5000,150.7035,33.1777,34.0013,239.812,1183.816,365.595,2.86,0.45,0.03,96.66,2154.03,337.62,22.0,72838.11,53363.57,16535.27,65718.8,14.54,6547,0,18,502,101,5998,1225,6,1225,0,182.28,25.56,335.62,1500.21,2508.4,8,0,0,355,382,879,6165,19936,,1.51
place,beanstalk hard,predicted,"{""flag_clean"": 0.1733, ""flag_recall"": 0.5812, ""placement_fallback"": ""wait""}",beanstalk,8,500,5000,50,True,5000,155.5515,32.1437,31.0887,204.759,723.935,262.173,2.77,0.44,0.03,96.76,2156.53,339.61,21.9,75257.73,54602.27,18201.26,66093.3,14.16,6584,0,18,476,118,5959,1208,5,1208,0,197.1,26.25,243.52,948.15,2773.3,10,0,0,384,413,830,6171,19915,,2.0
place,beanstalk soft,predicted,"{""flag_clean"": 0.1733, ""flag_recall"": 0.5812, ""placement_fallback"": ""least-overlap""}",beanstalk,3,500,5000,50,True,5000,44.5567,112.2166,,1339.204,2408.837,1367.016,9.44,7.19,0.39,82.97,2103.86,1602.53,86.65,18485.31,56.2,18215.62,61594.1,46.08,6132,0,50,6685,647,2949,2883,51,2883,4852,251.73,36.58,1090.09,2411.5,2364.0,117,0,0,898,3160,2036,2972,26575,,3.78
place,beanstalk soft,predicted,"{""flag_clean"": 0.1733, ""flag_recall"": 0.5812, ""placement_fallback"": ""least-overlap""}",beanstalk,4,500,5000,50,True,5000,50.9117,98.2092,160.9286,608.931,1427.12,771.651,8.5,6.65,0.35,84.5,2163.63,1692.93,90.14,21509.17,61.74,21190.55,65179.7,42.67,6474,0,50,6940,685,2684,3020,70,3020,4846,516.7,40.01,526.39,1433.9,2853.4,144,0,0,943,3783,2147,2691,27434,,3.57
place,beanstalk soft,predicted,"{""flag_clean"": 0.1733, ""flag_recall"": 0.5812, ""placement_fallback"": ""least-overlap""}",beanstalk,7,500,5000,50,True,5000,45.4314,110.0561,102.3864,674.274,1320.89,718.84,9.32,7.31,0.42,82.95,2116.5,1660.66,96.17,18842.35,6.0,18826.81,63713.5,46.75,6357,0,50,7382,612,2477,2957,92,2957,4833,287.2,40.0,528.44,1326.02,2547.0,139,0,0,907,3854,2142,2503,27375,,3.34
place,beanstalk soft,predicted,"{""flag_clean"": 0.1733, ""flag_recall"": 0.5812, ""placement_fallback"": ""least-overlap""}",beanstalk,6,500,5000,50,True,5000,45.8643,109.0173,309.0756,669.988,1882.001,892.925,9.45,7.63,0.41,82.52,2166.67,1749.23,93.69,18922.55,17.55,18782.02,72194.8,52.47,7197,0,50,7044,670,2457,3323,85,3323,4844,374.75,43.7,701.41,1885.8,2555.5,155,0,0,1050,4720,2358,2477,28549,,3.56
place,beanstalk soft,predicted,"{""flag_clean"": 0.1733, ""flag_recall"": 0.5812, ""placement_fallback"": ""least-overlap""}",beanstalk,5,500,5000,50,True,5000,43.7578,114.2654,,1300.669,2492.687,1431.95,9.75,7.93,0.43,81.89,2133.75,1734.61,94.23,17916.3,72.57,17517.97,62014.8,47.24,6173,0,50,7197,634,3050,3154,63,3154,4846,370.33,36.02,1202.24,2511.39,2360.9,139,0,0,916,3118,2301,3055,27400,,3.76
place,beanstalk soft,predicted,"{""flag_clean"": 0.1733, ""flag_recall"": 0.5812, ""placement_fallback"": ""least-overlap""}",beanstalk,9,500,5000,50,True,5000,45.7109,109.3831,144.4002,800.332,1651.798,912.761,9.42,7.35,0.39,82.84,2154.03,1680.71,88.23,18932.48,160.87,18144.23,62229.9,45.38,6198,0,50,6756,639,2788,2955,74,2955,4856,289.47,37.95,706.0,1658.43,2549.2,133,0,0,871,3404,2158,2794,26737,,4.2
place,beanstalk soft,predicted,"{""flag_clean"": 0.1733, ""flag_recall"": 0.5812, ""placement_fallback"": ""least-overlap""}",beanstalk,8,500,5000,50,True,5000,48.1327,103.8794,481.8786,999.258,2232.892,1099.672,8.96,6.99,0.36,83.69,2156.53,1682.61,87.06,20140.17,53.48,19899.55,64612.4,44.75,6430,0,50,6825,616,3035,3022,64,3022,4844,247.87,37.79,924.62,2252.49,2558.4,133,0,0,938,3392,2148,3038,27301,,4.52
place,beanstalk hard,hot-file-rule,"{""flag_clean"": 0.02, ""flag_recall"": 0.3, ""placement_fallback"": ""wait""}",beanstalk,3,500,5000,50,True,5000,85.2801,58.6303,57.5265,499.621,2028.262,734.672,4.93,1.39,0.07,93.61,2103.86,591.56,29.57,39915.05,8272.23,30360.23,68237.7,26.67,6780,0,37,1399,239,6069,1569,7,1569,0,202.05,27.37,590.62,2138.25,4168.0,25,0,0,478,653,1098,6127,22078,,1.62
qsem,beanstalk,,"{""q_sem"": 0.1}",beanstalk,3,100,1000,10,True,1000,51.9083,19.2648,,1926.196,3097.185,1834.327,7.98,6.84,0.21,84.96,414.47,355.15,11.14,4410.07,34.24,4282.82,25504.2,81.89,2539,0,10,563,79,497,1313,41,1313,870,482.64,75.76,1557.25,3114.5,2882.0,89,0,0,413,2041,941,498,7929,,0.36
place,beanstalk hard,hot-file-rule,"{""flag_clean"": 0.02, ""flag_recall"": 0.3, ""placement_fallback"": ""wait""}",beanstalk,4,500,5000,50,True,5000,93.3324,53.572,63.2665,500.85,1458.593,634.89,4.64,1.26,0.06,94.04,2163.63,590.29,29.52,43882.76,10796.64,32196.97,68513.5,24.47,6798,0,42,1456,221,6062,1523,15,1523,0,525.15,27.51,524.22,1695.64,4589.0,19,0,0,487,667,1052,6131,22191,,1.71
place,beanstalk soft,hot-file-rule,"{""flag_clean"": 0.02, ""flag_recall"": 0.3, ""placement_fallback"": ""least-overlap""}",beanstalk,4,500,5000,50,True,5000,49.2511,101.5206,102.0933,561.287,855.119,556.244,8.79,6.77,0.38,84.06,2163.63,1667.96,93.42,20700.54,41.94,20408.57,66493.2,45.0,6600,0,50,7037,719,2550,3016,70,3016,4316,514.64,41.82,372.42,856.89,2745.1,161,0,0,948,4027,2138,2573,27271,,2.88
place,beanstalk hard,hot-file-rule,"{""flag_clean"": 0.02, ""flag_recall"": 0.3, ""placement_fallback"": ""wait""}",beanstalk,5,500,5000,50,True,5000,85.5099,58.4727,63.2848,1449.597,3593.963,1746.972,4.99,1.4,0.07,93.54,2133.75,598.66,30.24,39992.32,8936.53,29962.79,68145.7,26.56,6777,0,39,1483,196,6131,1634,12,1634,0,232.65,27.33,1566.3,3783.82,4184.0,19,0,0,464,635,1182,6142,22324,,1.73
place,beanstalk hard,hot-file-rule,"{""flag_clean"": 0.02, ""flag_recall"": 0.3, ""placement_fallback"": ""wait""}",beanstalk,7,500,5000,50,True,5000,82.981,60.2547,,2555.223,4783.495,2587.566,5.1,1.39,0.07,93.44,2116.5,577.01,30.02,38766.98,8739.01,29192.0,67533.0,27.13,6721,0,39,1504,215,6080,1553,19,1553,0,172.55,27.59,2436.38,4925.45,4067.5,20,0,0,466,628,1106,6093,22188,,1.62
place,beanstalk soft,hot-file-rule,"{""flag_clean"": 0.02, ""flag_recall"": 0.3, ""placement_fallback"": ""least-overlap""}",beanstalk,3,500,5000,50,True,5000,42.8945,116.5649,124.2211,541.547,1189.145,611.863,9.81,7.68,0.43,82.07,2103.86,1647.99,92.82,17602.61,16.24,17562.47,63845.3,49.61,6355,0,50,7060,658,2507,3013,64,3013,4297,267.43,39.48,435.3,1193.04,2330.5,145,0,0,930,3820,2150,2535,27140,,3.27
qsem,beanstalk-noplace,,"{""q_sem"": 0.1}",beanstalk-noplace,3,100,1000,10,True,1000,67.5284,14.8086,,2530.455,4033.553,2639.264,6.14,6.1,0.17,87.59,414.47,412.25,11.44,5914.69,16.48,5767.18,28271.1,69.78,2807,0,10,553,67,601,1488,44,1488,0,425.31,75.47,2010.74,4036.53,3486.3,79,0,0,473,2203,1059,604,8590,,0.13
place,beanstalk hard,hot-file-rule,"{""flag_clean"": 0.02, ""flag_recall"": 0.3, ""placement_fallback"": ""wait""}",beanstalk,6,500,5000,50,True,5000,90.624,55.173,71.5666,1357.805,3127.514,1481.952,4.78,1.42,0.07,93.73,2166.67,642.34,29.96,42473.05,7901.76,33584.98,71598.5,26.34,7146,0,42,1386,239,6353,1787,10,1787,0,169.45,27.77,1402.84,3344.44,4530.1,18,0,0,580,769,1218,6377,22910,,1.87
qsem,beanstalk,,"{""q_sem"": 0.1}",beanstalk,8,100,1000,10,True,1000,60.1892,16.6143,87.6139,1633.231,3044.542,1682.871,7.04,7.16,0.19,85.61,424.03,430.82,11.27,5152.8,10.71,5105.46,28850.0,79.89,2859,0,10,490,47,580,1519,42,1519,860,376.37,74.3,1329.04,3050.82,3362.6,80,0,0,488,2271,1073,588,8598,,0.37
qsem,beanstalk-noplace,,"{""q_sem"": 0.1}",beanstalk-noplace,5,100,1000,10,True,1000,55.759,17.9343,,2062.784,3322.963,1938.876,7.71,7.72,0.21,84.35,430.15,430.68,11.91,4703.16,14.57,4643.13,26810.2,80.14,2671,0,10,594,74,568,1565,32,1565,0,286.99,63.47,1656.95,3329.66,3071.0,75,0,0,445,2096,1152,575,8676,,0.13
qsem,beanstalk,,"{""q_sem"": 0.1}",beanstalk,4,100,1000,10,True,1000,63.7578,15.6844,,1822.798,3431.926,1823.33,6.52,6.31,0.18,86.98,415.85,402.33,11.72,5545.88,13.86,5483.73,32189.5,84.15,3186,0,10,555,72,540,1585,41,1585,868,389.89,83.84,1556.12,3433.48,3576.2,88,0,0,529,2631,1098,555,9186,,0.64
qsem,beanstalk-noplace,,"{""q_sem"": 0.1}",beanstalk-noplace,4,100,1000,10,True,1000,58.2312,17.1729,,2099.472,3474.707,2069.456,7.14,7.34,0.2,85.31,415.85,427.56,11.83,4967.87,8.26,4950.22,28671.8,82.06,2856,0,10,653,58,590,1451,39,1451,0,403.79,77.92,1729.99,3476.86,3290.6,73,0,0,467,2261,1023,595,8736,,0.21
qsem,beanstalk quarantine,,"{""green_mode"": ""quarantine"", ""q_sem"": 0.2}",beanstalk,3,20,200,2,True,200,20.3495,9.8282,10.6472,446.087,1012.618,496.105,19.91,10.2,0.32,69.57,81.03,41.53,1.31,283.12,2.07,259.28,2361.2,96.69,236,0,2,34,4,28,168,4,168,98,569.6,208.42,77.1,301.74,981.1,49,0,0,56,178,119,58,1041,,0.04
place,beanstalk hard,hot-file-rule,"{""flag_clean"": 0.02, ""flag_recall"": 0.3, ""placement_fallback"": ""wait""}",beanstalk,8,500,5000,50,True,5000,89.3765,55.9431,67.0279,1288.708,3311.253,1506.655,4.83,1.41,0.07,93.7,2156.53,629.55,29.76,41872.4,9027.21,31955.55,69077.4,25.76,6868,0,41,1440,202,6165,1624,10,1624,0,197.6,27.66,1388.18,3573.73,4405.6,20,0,0,504,670,1131,6198,22411,,1.84
qsem,beanstalk quarantine,,"{""green_mode"": ""quarantine"", ""q_sem"": 0.2}",beanstalk,4,20,200,2,True,200,36.1922,5.5261,7.6099,433.677,999.913,429.839,12.36,11.95,0.22,75.47,89.48,86.51,1.58,546.27,0.16,528.2,3997.1,92.03,398,0,2,42,5,47,251,4,251,85,487.12,136.99,65.5,313.12,1850.0,30,0,0,72,290,183,108,1385,,0.04
qsem,beanstalk,,"{""q_sem"": 0.1}",beanstalk,6,100,1000,10,True,1000,55.7319,17.943,,1885.153,3203.706,1776.234,7.44,7.04,0.2,85.32,414.91,392.1,10.88,4755.3,13.87,4695.5,27898.3,83.43,2782,0,10,419,61,593,1497,38,1497,852,380.32,68.81,1542.93,3210.22,3165.7,76,0,0,470,2183,1065,599,8345,,0.59
qsem,beanstalk-noplace,,"{""q_sem"": 0.1}",beanstalk-noplace,7,100,1000,10,True,1000,59.6483,16.7649,,2426.657,3561.169,2221.833,7.17,7.65,0.19,84.99,427.62,456.57,11.23,5069.41,13.39,5015.37,26355.2,73.64,2626,0,10,521,62,688,1480,32,1480,0,334.55,61.33,1776.46,3565.87,3291.6,70,0,0,438,1936,1074,690,8353,,0.18
qsem,beanstalk quarantine,,"{""green_mode"": ""quarantine"", ""q_sem"": 0.2}",beanstalk,6,20,200,2,True,200,37.7807,5.2937,6.556,543.366,1269.531,588.044,10.69,7.1,0.21,82.0,80.8,53.66,1.57,619.58,2.35,581.28,4393.6,96.91,436,0,2,28,6,42,252,5,252,104,652.24,184.32,91.43,471.76,1951.4,41,0,0,75,354,184,82,1394,,0.04
qsem,beanstalk quarantine,,"{""green_mode"": ""quarantine"", ""q_sem"": 0.2}",beanstalk,7,20,200,2,True,200,28.828,6.9377,7.7442,353.807,638.476,348.012,16.49,9.71,0.24,73.57,95.05,55.96,1.38,424.17,4.28,408.88,3300.9,95.42,332,0,2,24,5,48,206,3,206,74,376.9,127.33,49.15,202.7,1473.2,25,0,0,52,237,157,95,1194,,0.04
qsem,beanstalk quarantine,,"{""green_mode"": ""quarantine"", ""q_sem"": 0.2}",beanstalk,8,20,200,2,True,200,38.8868,5.1431,6.2173,512.227,1135.431,499.953,11.06,8.42,0.19,80.32,86.05,65.51,1.51,624.67,3.14,571.89,4385.6,93.98,436,0,2,7,3,44,269,5,269,78,450.48,150.28,71.87,360.95,1963.8,30,0,0,88,340,187,96,1392,,0.05
qsem,beanstalk quarantine,,"{""green_mode"": ""quarantine"", ""q_sem"": 0.2}",beanstalk,9,20,200,2,True,200,35.4998,5.6338,7.3942,610.42,1045.996,506.396,12.48,7.53,0.2,79.79,88.59,53.49,1.39,566.53,0.17,539.05,4142.9,97.25,414,0,2,28,2,36,205,8,205,69,616.71,190.72,104.17,348.89,1887.7,29,0,0,76,332,140,82,1287,,0.04
qsem,beanstalk,,"{""q_sem"": 0.1}",beanstalk,7,100,1000,10,True,1000,57.7224,17.3243,,1955.799,3444.8,2073.245,7.41,6.26,0.18,86.15,427.62,361.33,10.67,4972.63,16.09,4814.04,26401.0,76.23,2635,0,10,444,53,513,1367,50,1367,866,531.03,76.76,1731.67,3463.34,3068.6,81,0,0,421,2121,996,514,7983,,0.64
qsem,beanstalk,,"{""q_sem"": 0.1}",beanstalk,5,100,1000,10,True,1000,65.4907,15.2693,,2497.824,3913.231,2407.362,6.57,6.9,0.18,86.35,430.15,452.0,11.97,5654.94,46.1,5492.19,30689.4,78.1,3037,0,10,533,96,593,1663,38,1663,874,318.02,76.91,1951.56,3916.23,3557.8,87,0,0,495,2442,1206,595,9126,,0.72
qsem,beanstalk-noplace,,"{""q_sem"": 0.1}",beanstalk-noplace,6,100,1000,10,True,1000,63.3647,15.7816,,2322.003,3782.214,2248.263,6.55,7.05,0.19,86.21,414.91,446.65,11.94,5462.97,12.57,5367.89,31506.5,82.87,3126,0,10,536,80,593,1642,52,1642,0,448.87,76.12,1887.45,3788.35,3508.4,91,0,0,527,2530,1168,595,9193,,0.35
qsem,beanstalk quarantine,,"{""green_mode"": ""quarantine"", ""q_sem"": 0.2}",beanstalk,5,20,200,2,True,200,32.1417,6.2224,6.0805,579.231,936.896,494.279,13.45,7.28,0.2,79.07,86.45,46.78,1.32,508.29,8.99,475.71,3767.0,97.67,373,0,2,25,4,36,181,3,181,91,596.59,171.37,81.43,371.89,1644.6,35,0,0,60,292,125,81,1186,,0.06
qsem,beanstalk-noplace,,"{""q_sem"": 0.1}",beanstalk-noplace,8,100,1000,10,True,1000,57.1122,17.5094,,2065.014,3407.003,1973.379,7.42,7.03,0.2,85.35,424.03,401.34,11.58,4874.26,4.99,4855.27,30148.2,87.98,3000,0,10,471,44,534,1597,34,1597,0,386.43,76.47,1701.04,3414.36,3281.8,85,0,0,499,2464,1132,536,8820,,0.4
qsem,beanstalk-noplace,,"{""q_sem"": 0.1}",beanstalk-noplace,9,100,1000,10,True,1000,54.8687,18.2253,,1835.197,3274.304,1920.66,7.5,7.78,0.2,84.52,411.35,426.88,11.15,4637.49,5.11,4582.71,26999.8,82.01,2690,0,10,555,63,566,1430,45,1430,0,328.49,70.79,1630.0,3276.0,3067.4,79,0,0,451,2116,1024,574,8395,,0.38
qsem,beanstalk,,"{""q_sem"": 0.1}",beanstalk,9,100,1000,10,True,1000,51.2141,19.5259,,1661.435,3053.594,1784.931,8.03,7.08,0.21,84.68,411.35,362.49,10.86,4336.71,17.4,4154.79,26127.3,85.03,2603,0,10,524,85,502,1333,40,1333,877,375.32,78.45,1521.11,3057.45,2816.8,83,0,0,414,2095,959,508,8050,,0.79
qsem,beanstalk-noplace,,"{""q_sem"": 0.05}",beanstalk-noplace,4,100,1000,10,True,1000,38.4854,25.9839,,1263.727,2289.96,1351.838,10.81,6.84,0.25,82.1,415.85,263.4,9.74,3159.54,8.37,3112.87,18878.4,81.76,1878,0,10,617,52,386,867,29,867,0,371.82,68.62,1137.66,2292.11,2127.0,63,0,0,297,1487,599,391,6511,,0.1
place,beanstalk hard,hot-file-rule,"{""flag_clean"": 0.02, ""flag_recall"": 0.3, ""placement_fallback"": ""wait""}",beanstalk,9,500,5000,50,True,5000,86.2384,57.9788,59.9866,497.968,1194.657,564.008,5.0,1.35,0.07,93.59,2154.03,580.97,29.71,40354.5,9309.79,29737.9,68925.5,26.64,6845,0,39,1380,251,6163,1633,17,1633,0,250.18,26.87,473.49,1396.71,4093.0,19,0,0,460,649,1190,6196,22245,,2.24
qsem,beanstalk-noplace,,"{""q_sem"": 0.05}",beanstalk-noplace,3,100,1000,10,True,1000,40.6033,24.6286,23.4895,428.452,1000.744,544.12,10.21,6.41,0.23,83.15,414.47,260.3,9.4,3376.16,16.54,3344.17,17901.7,73.48,1778,0,10,533,71,437,881,25,881,0,269.26,63.11,348.29,1002.88,2226.4,57,0,0,280,1328,628,450,6294,,0.15
qsem,beanstalk,,"{""q_sem"": 0.05}",beanstalk,7,100,1000,10,True,1000,37.3131,26.8003,37.9879,644.052,1248.99,677.232,11.46,5.98,0.22,82.34,427.62,223.1,8.36,3072.22,8.98,2989.25,15822.5,70.67,1580,0,10,406,52,418,775,29,775,858,365.46,57.89,503.91,1252.52,1861.1,63,0,0,248,1149,556,431,5698,,0.39
qsem,beanstalk,,"{""q_sem"": 0.05}",beanstalk,3,100,1000,10,True,1000,35.4824,28.183,,1146.671,2046.85,1192.029,11.68,6.7,0.26,81.36,414.47,237.82,9.22,2886.74,6.01,2846.7,16673.1,78.32,1658,0,10,481,76,389,875,25,875,873,240.28,56.2,1001.66,2064.16,1869.9,52,0,0,261,1267,639,391,6075,,0.44
qsem,beanstalk-noplace,,"{""q_sem"": 0.05}",beanstalk-noplace,6,100,1000,10,True,1000,39.3419,25.4182,,1259.095,2340.843,1369.934,10.55,6.53,0.23,82.69,414.91,256.74,9.24,3253.29,8.1,3230.6,19455.6,82.42,1934,0,10,475,54,428,914,30,914,0,300.61,69.52,1166.8,2346.98,2215.2,81,0,0,313,1504,631,430,6434,,0.1
qsem,beanstalk,,"{""q_sem"": 0.05}",beanstalk,6,100,1000,10,True,1000,36.3042,27.545,25.2441,818.674,1893.378,906.373,11.43,6.38,0.24,81.95,414.91,231.74,8.6,2975.17,11.22,2823.36,17061.0,78.32,1697,0,10,397,59,461,852,26,852,851,299.36,55.27,842.6,1897.38,1971.0,66,0,0,274,1228,604,469,5950,,0.46
qsem,beanstalk-noplace,,"{""q_sem"": 0.05}",beanstalk-noplace,5,100,1000,10,True,1000,31.2264,32.0242,,1125.627,1851.009,1118.163,13.78,8.26,0.29,77.68,430.15,257.84,8.93,2425.72,5.09,2406.49,15140.6,80.81,1506,0,10,494,67,445,844,10,844,0,232.87,50.7,921.02,1857.71,1716.2,54,0,0,236,1054,618,452,5934,,0.16
qsem,beanstalk,,"{""q_sem"": 0.05}",beanstalk,5,100,1000,10,True,1000,36.9844,27.0385,,1081.311,1943.367,1093.343,11.63,6.92,0.25,81.19,430.15,256.08,9.33,3002.87,18.94,2901.83,17710.8,79.81,1757,0,10,473,75,448,921,18,921,877,312.59,63.56,868.8,1946.37,1963.9,67,0,0,262,1306,677,451,6222,,0.49
qsem,beanstalk-noplace,,"{""q_sem"": 0.05}",beanstalk-noplace,9,100,1000,10,True,1000,32.7967,30.4909,37.2525,465.971,790.816,454.971,12.54,7.43,0.28,79.75,411.35,243.8,9.06,2615.46,7.08,2575.31,15104.0,76.76,1497,0,10,509,57,404,842,25,842,0,234.02,52.68,331.89,792.65,1771.3,61,0,0,251,1078,616,419,5913,,0.09
qsem,beanstalk-noplace,,"{""q_sem"": 0.05}",beanstalk-noplace,7,100,1000,10,True,1000,35.033,28.5445,,1248.903,2084.252,1291.622,12.21,7.12,0.24,80.43,427.62,249.6,8.46,2817.61,10.72,2748.38,14822.1,70.52,1477,0,10,459,44,526,775,18,775,0,247.65,49.67,1038.04,2088.95,1824.4,48,0,0,225,949,568,528,5720,,0.17
qsem,beanstalk-noplace,,"{""q_sem"": 0.05}",beanstalk-noplace,8,100,1000,10,True,1000,39.6454,25.2236,23.6127,1046.681,2021.246,1058.798,10.7,6.78,0.24,82.28,424.03,268.87,9.48,3262.16,5.83,3227.41,19852.3,83.46,1977,0,10,454,49,409,993,18,993,0,309.72,66.16,885.73,2025.02,2163.3,63,0,0,314,1561,697,416,6562,,0.19
qsem,beanstalk,,"{""q_sem"": 0.05}",beanstalk,4,100,1000,10,True,1000,39.4032,25.3786,47.2272,716.423,1330.041,760.032,10.55,6.14,0.22,83.08,415.85,242.06,8.8,3273.61,17.76,3201.59,18309.9,77.45,1816,0,10,453,53,399,838,33,838,878,318.85,65.4,591.69,1333.38,2053.8,56,0,0,291,1404,580,412,6144,,0.55
place,beanstalk soft,hot-file-rule,"{""flag_clean"": 0.02, ""flag_recall"": 0.3, ""placement_fallback"": ""least-overlap""}",beanstalk,6,500,5000,50,True,5000,45.373,110.1977,168.949,645.372,1234.266,673.497,9.55,7.79,0.41,82.25,2166.67,1767.92,93.18,18658.73,52.49,18354.04,69925.7,51.37,6970,0,50,7125,617,2328,3200,85,3200,4313,263.99,42.14,483.43,1237.36,2434.2,132,0,0,1062,4615,2224,2355,28260,,3.58
qsem,beanstalk,,"{""q_sem"": 0.05}",beanstalk,8,100,1000,10,True,1000,34.5747,28.9229,218.3518,814.794,1759.031,898.023,12.26,6.74,0.25,80.74,424.03,233.14,8.62,2791.68,7.96,2747.77,17135.8,82.6,1700,0,10,405,29,360,827,21,827,890,282.86,60.58,762.26,1765.31,1835.9,59,0,0,274,1319,574,381,5899,,0.47
place,beanstalk soft,hot-file-rule,"{""flag_clean"": 0.02, ""flag_recall"": 0.3, ""placement_fallback"": ""least-overlap""}",beanstalk,7,500,5000,50,True,5000,44.9479,111.2399,,1529.894,2570.591,1546.103,9.42,7.19,0.4,82.99,2116.5,1616.36,89.04,18652.04,92.1,18033.42,63382.6,47.0,6318,0,50,6821,632,2883,3022,62,3022,4295,335.9,37.7,1232.3,2577.08,2496.0,120,0,0,909,3429,2175,2889,27044,,3.55
place,beanstalk soft,hot-file-rule,"{""flag_clean"": 0.02, ""flag_recall"": 0.3, ""placement_fallback"": ""least-overlap""}",beanstalk,5,500,5000,50,True,5000,44.9348,111.2724,508.6447,1109.806,2095.492,1112.566,9.5,7.38,0.4,82.73,2133.75,1658.43,88.76,18586.45,20.07,18487.29,61203.8,45.4,6094,0,50,6711,650,2893,3075,61,3075,4256,282.78,36.7,860.7,2100.48,2501.4,138,0,0,891,3178,2245,2916,26750,,3.91
qsem,beanstalk,,"{""q_sem"": 0.05}",beanstalk,9,100,1000,10,True,1000,34.1854,29.2522,46.1293,454.907,992.621,536.028,12.03,7.27,0.26,80.43,411.35,248.63,8.97,2749.59,3.28,2727.73,16288.0,79.41,1616,0,10,463,57,384,865,31,865,874,224.9,56.06,400.71,996.48,1865.5,59,0,0,259,1214,637,402,6006,,0.53
main,batched-aimd,,{},batched-aimd,6,100,1000,10,True,1000,110.4819,9.0513,8.8397,628.244,760.479,609.581,3.76,1.21,90.75,4.29,414.91,133.18,10026.51,473.59,67.65,0.0,61368.2,92.58,6498,2189,10,516,92,1897,386,16,386,0,0.0,0.0,10.52,68.18,0.0,0,203,5052,0,0,0,0,8416,,0.23
main,batched-aimd,,{},batched-aimd,3,100,1000,10,True,1000,106.6023,9.3807,9.0698,616.401,752.073,580.395,3.89,1.33,89.41,5.37,414.47,141.87,9531.38,572.52,184.22,0.0,58685.6,91.75,6241,2029,10,566,91,1854,381,14,381,0,0.0,0.0,10.75,58.34,0.0,0,194,4830,0,0,0,0,8202,,0.29
main,batched-aimd,,{},batched-aimd,4,100,1000,10,True,1000,107.3003,9.3196,9.1702,602.536,721.668,579.707,3.88,1.4,88.65,6.08,415.85,150.09,9511.7,652.39,195.28,0.0,58899.8,91.49,6286,2162,10,662,89,1808,370,19,370,0,0.0,0.0,11.71,81.34,0.0,0,201,4874,0,0,0,0,8337,,0.32
main,batched-aimd,,{},batched-aimd,5,100,1000,10,True,1000,100.1068,9.9893,10.2074,563.931,673.038,536.154,4.3,1.38,87.89,6.44,430.15,137.93,8797.97,644.62,173.21,0.0,54852.5,91.32,5851,1967,10,588,92,1666,341,6,341,0,0.0,0.0,11.49,74.93,0.0,0,199,4503,0,0,0,0,7786,,0.29
main,batched k=4,,{},batched,7,100,1000,10,True,1000,166.61,6.002,6.1087,945.003,1248.627,895.574,2.57,0.77,88.81,7.85,427.62,128.93,14797.3,1307.14,259.48,0.0,91632.8,91.66,9465,3624,10,571,80,4218,310,3,310,0,0.0,0.0,18.91,103.43,0.0,0,635,8082,0,0,0,0,11349,,0.39
main,batched-aimd,,{},batched-aimd,8,100,1000,10,True,1000,109.0812,9.1675,9.1765,604.417,761.852,589.616,3.89,1.3,88.79,6.02,424.03,142.05,9684.88,657.15,117.02,0.0,60283.0,92.11,6401,2203,10,518,66,1842,380,17,380,0,0.0,0.0,12.11,79.48,0.0,0,203,4973,0,0,0,0,8316,,0.31
main,batched-aimd,,{},batched-aimd,9,100,1000,10,True,1000,97.6223,10.2436,10.1134,555.398,673.823,528.772,4.21,1.29,88.98,5.51,411.35,126.07,8686.8,538.01,150.97,0.0,54189.1,92.51,5790,2018,10,561,89,1566,322,13,322,0,0.0,0.0,10.89,69.48,0.0,0,206,4450,0,0,0,0,7686,,0.25
main,batched k=4,,{},batched,4,100,1000,10,True,1000,203.9046,4.9043,4.6948,1212.547,1565.713,1140.898,2.04,0.78,92.48,4.71,415.85,158.42,18856.54,959.65,345.49,0.0,112625.9,92.06,11614,4576,10,753,94,5443,378,5,378,0,0.0,0.0,20.34,157.79,0.0,0,778,9972,0,0,0,0,13750,,0.6
main,batched-aimd,,{},batched-aimd,7,100,1000,10,True,1000,96.9361,10.3161,10.5363,546.2,645.813,515.911,4.41,1.31,87.39,6.89,427.62,127.43,8471.08,667.48,163.68,0.0,53895.1,92.66,5737,2017,10,532,82,1550,309,17,309,0,0.0,0.0,10.75,71.41,0.0,0,208,4437,0,0,0,0,7595,,0.38
place,beanstalk soft,hot-file-rule,"{""flag_clean"": 0.02, ""flag_recall"": 0.3, ""placement_fallback"": ""least-overlap""}",beanstalk,8,500,5000,50,True,5000,45.4907,109.9125,,1447.306,2540.193,1501.259,9.48,7.24,0.38,82.9,2156.53,1646.7,85.7,18856.44,44.18,18745.12,64992.7,47.62,6469,0,50,6559,668,2962,3118,61,3118,4262,233.01,36.95,1205.75,2559.94,2373.9,124,0,0,956,3505,2223,2964,27111,,3.89
main,batched k=4,,{},batched,6,100,1000,10,True,1000,209.5119,4.773,4.6316,1201.535,1552.983,1181.187,1.98,0.66,93.3,4.06,414.91,139.22,19547.23,849.83,135.8,0.0,117384.6,93.38,12129,4787,10,559,93,5630,393,4,393,0,0.0,0.0,19.58,144.89,0.0,0,799,10444,0,0,0,0,14085,,0.59
main,batched k=4,,{},batched,5,100,1000,10,True,1000,185.0385,5.4043,5.2344,1088.382,1387.227,1035.929,2.32,0.76,92.55,4.37,430.15,141.01,17124.47,808.22,242.29,0.0,103027.6,92.8,10632,4155,10,623,96,4835,341,7,341,0,0.0,0.0,20.33,138.93,0.0,0,700,9130,0,0,0,0,12603,,0.62
place,beanstalk soft,hot-file-rule,"{""flag_clean"": 0.02, ""flag_recall"": 0.3, ""placement_fallback"": ""least-overlap""}",beanstalk,9,500,5000,50,True,5000,41.1504,121.5055,128.135,793.348,1862.715,959.803,10.47,7.83,0.42,81.28,2154.03,1611.56,86.86,16722.75,79.93,16417.97,62843.1,50.91,6259,0,50,6337,624,2571,3070,77,3070,4310,212.27,37.96,770.65,1872.56,2195.4,123,0,0,922,3683,2225,2576,26381,,3.77
main,batched k=4,,{},batched,3,100,1000,10,True,1000,205.7387,4.8605,4.6354,1203.359,1584.371,1145.355,2.01,0.72,92.06,5.2,414.47,148.31,18940.94,1070.16,416.3,0.0,113848.8,92.23,11712,4557,10,643,99,5581,389,2,389,0,0.0,0.0,20.5,132.96,0.0,0,779,10076,0,0,0,0,13746,,0.75
main,batched k=4,,{},batched,9,100,1000,10,True,1000,179.554,5.5694,5.3917,1019.051,1386.987,990.381,2.29,0.74,91.19,5.78,411.35,132.66,16373.69,1037.7,260.96,0.0,100231.7,93.04,10368,4095,10,616,90,4633,334,5,334,0,0.0,0.0,19.44,114.69,0.0,0,686,8894,0,0,0,0,12323,,0.67
main,batched k=4,,{},batched,8,100,1000,10,True,1000,204.6849,4.8856,4.8414,1169.167,1534.911,1135.971,2.07,0.7,91.8,5.43,424.03,142.69,18790.16,1111.6,161.66,0.0,113445.2,92.37,11711,4607,10,564,68,5545,385,2,385,0,0.0,0.0,21.58,188.71,0.0,0,782,10060,0,0,0,0,13662,,0.83
main,batched+place,,{},batched+place,7,100,1000,10,True,1000,170.5196,5.8644,5.8852,956.445,1305.282,913.259,2.51,0.73,88.53,8.23,427.62,124.8,15096.19,1403.35,332.1,0.0,94215.0,92.09,9754,3826,10,509,89,4245,317,7,317,981,0.0,0.0,20.0,138.21,0.0,0,650,8337,0,0,0,0,11587,,0.76
main,batched+place,,{},batched+place,3,100,1000,10,True,1000,182.3566,5.4838,5.3336,1004.79,1598.288,1019.905,2.27,0.71,92.5,4.51,414.47,130.09,16868.34,822.77,215.14,0.0,101598.3,92.86,10504,4196,10,571,96,4634,342,3,342,982,0.0,0.0,18.45,124.69,0.0,0,693,9004,0,0,0,0,12420,,0.84
main,batched+place,,{},batched+place,5,100,1000,10,True,1000,175.9142,5.6846,5.3939,1049.66,1327.717,987.052,2.45,0.76,92.75,4.04,430.15,134.55,16316.32,710.4,153.86,0.0,97996.0,92.84,10138,3932,10,581,89,4640,329,4,329,980,0.0,0.0,18.84,119.15,0.0,0,667,8692,0,0,0,0,12052,,0.8
queue,batched-par k=4,,"{""batch_k"": 4}",batched-par,3,100,1000,10,True,1000,186.198,5.3706,5.1005,1095.296,1500.04,1034.496,2.23,0.81,91.79,5.18,414.47,150.6,17091.0,963.73,270.17,0.0,103507.5,92.65,11163,4831,10,646,99,4932,383,4,383,0,0.0,0.0,20.1,126.12,0.0,0,773,9542,0,0,0,0,13196,,0.54
main,batched+place,,{},batched+place,4,100,1000,10,True,1000,204.1779,4.8977,4.8325,1179.774,1460.488,1123.059,2.04,0.7,90.98,6.29,415.85,142.35,18575.3,1284.29,487.18,0.0,111820.5,91.28,11563,4424,10,625,87,5533,383,1,383,982,0.0,0.0,19.2,152.0,0.0,0,777,9910,0,0,0,0,13572,,1.0
main,batched+place,,{},batched+place,9,100,1000,10,True,1000,188.1225,5.3157,5.1948,1083.114,1365.826,1039.242,2.19,0.71,91.36,5.74,411.35,134.16,17186.55,1080.19,191.58,0.0,104634.6,92.7,10806,4238,10,589,91,4932,354,3,354,982,0.0,0.0,19.16,121.17,0.0,0,719,9261,0,0,0,0,12752,,0.95
main,batched+place,,{},batched+place,6,100,1000,10,True,1000,216.573,4.6174,4.7442,1290.563,1565.248,1202.607,1.92,0.62,91.93,5.54,414.91,134.63,19908.81,1198.94,352.82,0.0,121160.4,93.24,12561,5119,10,528,81,5745,407,6,407,980,0.0,0.0,20.93,134.78,0.0,0,833,10823,0,0,0,0,14502,,1.13
main,batched+place,,{},batched+place,8,100,1000,10,True,1000,209.8207,4.766,4.811,1154.333,1587.009,1136.777,2.02,0.64,89.65,7.68,424.03,134.92,18811.36,1611.76,347.47,0.0,115313.7,91.6,11909,4804,10,491,65,5429,394,1,394,982,0.0,0.0,21.15,129.32,0.0,0,800,10242,0,0,0,0,13795,,1.09
queue,batched-par k=4,,"{""batch_k"": 4}",batched-par,4,100,1000,10,True,1000,184.522,5.4194,5.1974,1061.564,1476.749,1032.271,2.25,0.85,92.39,4.51,415.85,156.53,17047.99,831.83,277.63,0.0,102187.2,92.3,10821,4481,10,752,87,4957,368,5,368,0,0.0,0.0,18.88,101.3,0.0,0,748,9235,0,0,0,0,12946,,0.76
fair,batched k=4 suspects,,"{""queue_suspects"": true}",batched,4,100,1000,10,True,1000,83.7922,11.9343,11.8971,468.266,602.833,448.42,4.96,1.91,87.28,5.84,415.85,160.4,7313.26,489.7,143.75,0.0,45307.3,90.12,4728,1649,10,745,86,2238,376,3,376,0,0.0,0.0,10.24,79.91,0.0,0,166,3857,0,0,333,0,6852,,0.27
queue,batched-par k=4,,"{""batch_k"": 4}",batched-par,9,100,1000,10,True,1000,168.4607,5.9361,5.7187,965.186,1346.868,932.717,2.44,0.79,91.49,5.28,411.35,133.19,15412.1,889.43,266.82,0.0,94286.7,93.28,9969,4163,10,615,90,4185,332,7,332,0,0.0,0.0,18.91,108.85,0.0,0,685,8484,0,0,0,0,11923,,0.49
queue,batched-par k=4,,"{""batch_k"": 4}",batched-par,6,100,1000,10,True,1000,195.7062,5.1097,4.9604,1147.095,1478.763,1104.255,2.12,0.71,93.33,3.84,414.91,139.65,18264.59,751.46,168.61,0.0,109910.4,93.6,11714,5029,10,561,91,5198,389,11,389,0,0.0,0.0,19.4,116.44,0.0,0,794,10035,0,0,0,0,13675,,0.66
queue,batched-par k=4,,"{""batch_k"": 4}",batched-par,8,100,1000,10,True,1000,186.7587,5.3545,5.3044,1065.482,1383.967,1037.767,2.27,0.76,91.85,5.12,424.03,142.7,17153.42,955.72,156.44,0.0,103951.1,92.77,11071,4646,10,567,60,4913,382,1,382,0,0.0,0.0,18.55,164.38,0.0,0,762,9444,0,0,0,0,13021,,0.64
fair,batched k=4 suspects,,"{""queue_suspects"": true}",batched,3,100,1000,10,True,1000,88.0004,11.3636,11.1003,455.476,743.357,476.642,4.71,1.74,88.53,5.02,414.47,153.38,7790.66,441.53,209.13,0.0,48447.7,91.76,5029,1683,10,647,97,2436,404,2,404,0,0.0,0.0,10.76,51.89,0.0,0,183,4127,0,0,359,0,7082,,0.48
fair,batched k=4 suspects,,"{""queue_suspects"": true}",batched,5,100,1000,10,True,1000,74.7579,13.3765,13.1814,393.116,594.893,397.272,5.75,1.88,86.69,5.68,430.15,140.75,6480.46,424.43,85.67,0.0,40721.0,90.78,4233,1443,10,614,93,1942,341,3,341,0,0.0,0.0,11.98,138.55,0.0,0,140,3433,0,0,308,0,6191,,0.38
queue,batched-par k=4,,"{""batch_k"": 4}",batched-par,7,100,1000,10,True,1000,158.1693,6.3223,6.383,877.209,1178.443,851.534,2.7,0.83,88.9,7.57,427.62,130.91,14061.33,1197.08,269.56,0.0,86942.1,91.61,9201,3721,10,574,85,3946,318,2,318,0,0.0,0.0,18.39,147.26,0.0,0,639,7791,0,0,0,0,11095,,0.78
queue,batched-par k=4,,"{""batch_k"": 4}",batched-par,5,100,1000,10,True,1000,166.7178,5.9982,5.8635,957.886,1243.815,928.268,2.58,0.83,91.97,4.62,430.15,138.34,15332.8,770.49,237.26,0.0,93068.6,93.04,9951,4243,10,606,96,4105,342,0,342,0,0.0,0.0,20.18,164.78,0.0,0,684,8481,0,0,0,0,11899,,0.83
fair,batched k=4 suspects,,"{""queue_suspects"": true}",batched,7,100,1000,10,True,1000,64.0306,15.6175,16.7839,334.261,469.1,325.996,6.68,2.06,82.8,8.47,427.62,131.74,5301.53,542.17,195.96,0.0,34830.2,90.66,3658,1225,10,576,79,1578,312,0,312,0,0.0,0.0,9.54,53.29,0.0,0,113,2940,0,0,284,0,5546,,0.26
fair,batched k=4 suspects,,"{""queue_suspects"": true}",batched,6,100,1000,10,True,1000,90.771,11.0167,10.7132,509.138,733.599,493.343,4.57,1.53,89.05,4.85,414.91,138.85,8083.53,439.8,95.54,0.0,49892.7,91.61,5214,1892,10,544,88,2473,406,2,406,0,0.0,0.0,11.3,72.99,0.0,0,196,4301,0,0,355,0,7166,,0.43
fair,batched-par k=4 suspects,,"{""batch_k"": 4, ""queue_suspects"": true}",batched-par,3,100,1000,10,True,1000,83.011,12.0466,11.6809,444.038,673.787,446.336,4.99,1.81,87.81,5.39,414.47,149.92,7289.02,447.7,203.55,0.0,45723.3,91.8,4806,1752,10,644,107,2234,392,1,392,0,0.0,0.0,10.81,64.31,0.0,0,173,3926,0,0,340,0,6843,,0.28
fair,batched k=4 suspects,,"{""queue_suspects"": true}",batched,8,100,1000,10,True,1000,87.7719,11.3932,11.4562,462.188,672.424,467.843,4.83,1.73,87.11,6.33,424.03,151.45,7645.93,555.77,109.23,0.0,47805.0,90.78,4986,1715,10,559,68,2417,394,0,394,0,0.0,0.0,10.72,65.36,0.0,0,182,4088,0,0,344,0,6939,,0.37
queue,batched k=16,,"{""batch_k"": 16}",batched,7,100,1000,10,True,1000,278.4144,3.5918,3.655,1582.883,2118.917,1516.204,1.54,0.52,90.24,7.7,427.62,145.55,25124.52,2143.74,598.32,0.0,106389.3,63.69,11207,5009,10,697,101,5398,315,1,315,0,0.0,0.0,31.31,161.86,0.0,0,1277,9202,0,0,0,0,13220,,1.64
fair,batched-par k=4 suspects,,"{""batch_k"": 4, ""queue_suspects"": true}",batched-par,4,100,1000,10,True,1000,81.6308,12.2503,11.8267,462.623,648.022,443.774,5.09,1.98,88.62,4.3,415.85,161.78,7234.45,350.99,132.32,0.0,44818.5,91.51,4750,1785,10,759,83,2157,379,5,379,0,0.0,0.0,10.38,73.82,0.0,0,171,3856,0,0,334,0,6893,,0.34
fair,batched k=4 suspects,,"{""queue_suspects"": true}",batched,9,100,1000,10,True,1000,75.9877,13.16,12.7944,427.617,564.719,404.09,5.41,1.75,86.88,5.96,411.35,133.04,6601.79,452.59,106.71,0.0,41930.0,91.97,4390,1537,10,610,83,2007,339,2,339,0,0.0,0.0,10.93,90.02,0.0,0,147,3579,0,0,307,0,6341,,0.46
fair,batched-par k=4 suspects,,"{""batch_k"": 4, ""queue_suspects"": true}",batched-par,6,100,1000,10,True,1000,86.878,11.5104,11.2443,500.072,680.282,475.583,4.78,1.65,89.59,3.99,414.91,143.1,7783.29,346.5,77.14,0.0,47985.5,92.06,5038,1880,10,575,83,2320,401,0,401,0,0.0,0.0,11.92,67.51,0.0,0,183,4130,0,0,349,0,7014,,0.43
fair,batched-par k=4 suspects,,"{""batch_k"": 4, ""queue_suspects"": true}",batched-par,5,100,1000,10,True,1000,69.9947,14.2868,14.8169,385.303,496.435,363.715,6.15,2.07,84.54,7.25,430.15,144.68,5917.24,507.4,112.68,0.0,37456.0,89.19,3966,1402,10,640,97,1741,347,4,347,0,0.0,0.0,9.93,75.78,0.0,0,131,3165,0,0,318,0,5957,,0.46
fair,batched-par k=4 suspects,,"{""batch_k"": 4, ""queue_suspects"": true}",batched-par,7,100,1000,10,True,1000,68.1934,14.6642,15.4819,367.88,487.079,349.207,6.27,1.94,83.41,8.38,427.62,132.12,5687.98,571.61,122.01,0.0,36279.9,88.67,3818,1232,10,577,85,1659,324,1,324,0,0.0,0.0,9.84,68.84,0.0,0,137,3011,0,0,288,0,5720,,0.5
fair,batched-par k=4 suspects,,"{""batch_k"": 4, ""queue_suspects"": true}",batched-par,9,100,1000,10,True,1000,70.1936,14.2463,14.0318,395.972,535.652,371.604,5.86,1.97,86.26,5.91,411.35,138.28,6055.11,414.61,96.59,0.0,38438.5,91.27,4067,1380,10,642,93,1849,333,1,333,0,0.0,0.0,9.86,58.23,0.0,0,146,3257,0,0,299,0,6043,,0.46
fair,batched-par k=4 suspects,,"{""batch_k"": 4, ""queue_suspects"": true}",batched-par,8,100,1000,10,True,1000,84.6798,11.8092,12.0445,445.586,643.357,445.808,5.01,1.73,86.02,7.25,424.03,146.39,7283.75,613.81,125.43,0.0,45783.3,90.11,4823,1671,10,558,64,2320,393,1,393,0,0.0,0.0,11.02,76.97,0.0,0,178,3936,0,0,339,0,6775,,0.47
place,batched+place hard,default point,"{""placement_fallback"": ""wait""}",batched+place,4,100,1000,10,True,1000,133.3589,7.4986,7.4198,126.884,290.251,134.202,3.12,0.39,16.38,80.11,415.85,52.1,2184.6,10683.33,10071.6,0.0,44097.9,55.11,4955,2249,10,80,15,1487,248,2,248,0,0.0,0.0,19.44,167.93,0.0,0,473,3780,0,0,0,0,6285,,0.34
place,batched+place soft,default point,"{""placement_fallback"": ""least-overlap""}",batched+place,7,100,1000,10,True,1000,170.5196,5.8644,5.8852,956.445,1305.282,913.259,2.51,0.73,88.53,8.23,427.62,124.8,15096.19,1403.35,332.1,0.0,94215.0,92.09,9754,3826,10,509,89,4245,317,7,317,981,0.0,0.0,20.0,138.21,0.0,0,650,8337,0,0,0,0,11587,,0.58
queue,batched k=16,,"{""batch_k"": 16}",batched,5,100,1000,10,True,1000,307.2356,3.2548,3.1211,1845.001,2311.148,1748.407,1.4,0.53,94.32,3.75,430.15,162.21,28977.91,1153.29,212.54,0.0,119110.4,64.61,12474,5618,10,778,114,6023,346,3,346,0,0.0,0.0,32.16,180.34,0.0,0,1405,10273,0,0,0,0,14601,,2.33
place,batched+place soft,default point,"{""placement_fallback"": ""least-overlap""}",batched+place,3,100,1000,10,True,1000,182.3566,5.4838,5.3336,1004.79,1598.288,1019.905,2.27,0.71,92.5,4.51,414.47,130.09,16868.34,822.77,215.14,0.0,101598.3,92.86,10504,4196,10,571,96,4634,342,3,342,982,0.0,0.0,18.45,124.69,0.0,0,693,9004,0,0,0,0,12420,,0.75
queue,batched k=16,,"{""batch_k"": 16}",batched,4,100,1000,10,True,1000,332.3523,3.0089,2.842,1931.817,2576.238,1892.203,1.25,0.55,94.34,3.86,415.85,181.66,31355.05,1282.67,364.28,0.0,127438.8,63.91,13313,5882,10,942,110,6647,374,2,374,0,0.0,0.0,31.75,152.64,0.0,0,1518,10963,0,0,0,0,15631,,2.4
place,batched+place soft,default point,"{""placement_fallback"": ""least-overlap""}",batched+place,6,100,1000,10,True,1000,216.573,4.6174,4.7442,1290.563,1565.248,1202.607,1.92,0.62,91.93,5.54,414.91,134.63,19908.81,1198.94,352.82,0.0,121160.4,93.24,12561,5119,10,528,81,5745,407,6,407,980,0.0,0.0,20.93,134.78,0.0,0,833,10823,0,0,0,0,14502,,0.67
place,batched+place soft,default point,"{""placement_fallback"": ""least-overlap""}",batched+place,9,100,1000,10,True,1000,188.1225,5.3157,5.1948,1083.114,1365.826,1039.242,2.19,0.71,91.36,5.74,411.35,134.16,17186.55,1080.19,191.58,0.0,104634.6,92.7,10806,4238,10,589,91,4932,354,3,354,982,0.0,0.0,19.16,121.17,0.0,0,719,9261,0,0,0,0,12752,,0.63
place,batched+place hard,default point,"{""placement_fallback"": ""wait""}",batched+place,3,100,1000,10,True,1000,133.8266,7.4724,7.6072,118.525,323.398,131.137,3.1,0.41,15.92,80.57,414.47,55.45,2130.16,10782.58,10319.46,0.0,43015.5,53.57,4832,2085,10,83,17,1588,248,4,248,0,0.0,0.0,18.45,130.56,0.0,0,474,3634,0,0,0,0,6167,,0.55
place,batched+place hard,default point,"{""placement_fallback"": ""wait""}",batched+place,5,100,1000,10,True,1000,125.7834,7.9502,7.7804,107.754,249.975,115.217,3.42,0.43,14.84,81.31,430.15,53.89,1866.4,10227.9,9814.47,0.0,38529.4,51.05,4342,1895,10,82,15,1368,227,6,227,0,0.0,0.0,17.24,103.01,0.0,0,427,3233,0,0,0,0,5657,,0.6
place,batched+place hard,default point,"{""placement_fallback"": ""wait""}",batched+place,7,100,1000,10,True,1000,105.8606,9.4464,9.3169,80.393,225.473,95.478,4.04,0.43,14.6,80.93,427.62,46.02,1545.29,8567.14,8349.59,0.0,33199.0,52.27,3825,1743,10,61,11,1036,200,6,200,0,0.0,0.0,16.0,81.6,0.0,0,352,2819,0,0,0,0,5092,,0.26
queue,batched k=16,,"{""batch_k"": 16}",batched,8,100,1000,10,True,1000,341.6316,2.9271,2.8729,1949.512,2592.451,1921.437,1.24,0.46,93.28,5.02,424.03,157.73,31866.23,1715.18,348.67,0.0,133259.9,65.01,13974,6374,10,679,87,6805,389,4,389,0,0.0,0.0,34.36,243.74,0.0,0,1570,11571,0,0,0,0,16046,,2.5
place,batched+place hard,default point,"{""placement_fallback"": ""wait""}",batched+place,6,100,1000,10,True,1000,140.0434,7.1406,7.1408,137.35,268.544,141.372,2.96,0.38,16.44,80.21,414.91,53.76,2302.44,11233.23,10741.87,0.0,45792.3,54.5,5158,2326,10,77,16,1647,252,5,252,0,0.0,0.0,17.41,122.39,0.0,0,501,3970,0,0,0,0,6492,,0.35
qsem,batched-aimd,,"{""q_sem"": 0.0}",batched-aimd,4,100,1000,10,True,1000,73.8581,13.5395,14.1706,397.395,483.177,383.523,5.63,1.65,84.9,7.82,415.85,121.77,6270.28,577.91,292.99,0.0,39946.8,90.14,4293,1530,10,716,87,1019,191,6,191,0,0.0,0.0,11.22,62.73,0.0,0,201,3281,0,0,0,0,6206,,0.26
qsem,batched-aimd,,"{""q_sem"": 0.0}",batched-aimd,3,100,1000,10,True,1000,79.3802,12.5976,12.3451,448.114,545.593,423.08,5.22,1.41,87.42,5.95,414.47,111.63,6939.7,472.23,125.36,0.0,43535.1,91.41,4604,1652,10,631,95,1079,192,5,192,0,0.0,0.0,11.63,54.16,0.0,0,233,3492,0,0,0,0,6432,,0.29
place,batched+place soft,default point,"{""placement_fallback"": ""least-overlap""}",batched+place,5,100,1000,10,True,1000,175.9142,5.6846,5.3939,1049.66,1327.717,987.052,2.45,0.76,92.75,4.04,430.15,134.55,16316.32,710.4,153.86,0.0,97996.0,92.84,10138,3932,10,581,89,4640,329,4,329,980,0.0,0.0,18.84,119.15,0.0,0,667,8692,0,0,0,0,12052,,0.99
queue,batched k=16,,"{""batch_k"": 16}",batched,9,100,1000,10,True,1000,302.1555,3.3096,3.186,1749.328,2440.223,1699.53,1.36,0.5,93.25,4.89,411.35,150.61,28174.88,1478.7,372.41,0.0,116728.9,64.39,12273,5534,10,744,103,6008,339,4,339,0,0.0,0.0,34.07,233.61,0.0,0,1388,10118,0,0,0,0,14360,,2.56
place,batched+place hard,default point,"{""placement_fallback"": ""wait""}",batched+place,9,100,1000,10,True,1000,119.1999,8.3893,8.4678,100.151,274.206,113.462,3.45,0.46,15.4,80.68,411.35,54.97,1836.06,9617.61,9371.82,0.0,37923.2,53.02,4328,1975,10,85,11,1298,231,2,231,0,0.0,0.0,17.64,95.55,0.0,0,408,3243,0,0,0,0,5646,,0.35
queue,batched k=16,,"{""batch_k"": 16}",batched,6,100,1000,10,True,1000,357.0679,2.8006,2.6878,2061.035,2763.014,2038.224,1.16,0.44,94.69,3.7,414.91,158.48,33811.92,1321.48,341.05,0.0,140428.1,65.55,14681,6630,10,694,105,7204,406,3,406,0,0.0,0.0,32.58,194.64,0.0,0,1635,12165,0,0,0,0,16784,,2.72
place,batched+place hard,default point,"{""placement_fallback"": ""wait""}",batched+place,8,100,1000,10,True,1000,122.7532,8.1464,8.1672,100.691,264.103,116.677,3.45,0.43,15.41,80.7,424.03,53.29,1891.32,9906.67,9648.91,0.0,39027.0,52.99,4450,2029,10,63,16,1280,230,2,230,0,0.0,0.0,19.95,125.93,0.0,0,431,3369,0,0,0,0,5745,,0.41
qsem,batched-aimd,,"{""q_sem"": 0.0}",batched-aimd,7,100,1000,10,True,1000,67.6014,14.7926,15.4237,360.949,472.927,347.186,6.33,1.59,84.01,8.08,427.62,107.15,5679.28,546.1,170.69,0.0,37154.7,91.6,3941,1381,10,580,84,920,154,5,154,0,0.0,0.0,11.59,70.95,0.0,0,202,2999,0,0,0,0,5680,,0.17
qsem,batched-aimd,,"{""q_sem"": 0.0}",batched-aimd,8,100,1000,10,True,1000,75.9177,13.1722,13.3454,395.731,599.742,399.242,5.59,1.41,86.24,6.77,424.03,106.68,6547.35,513.71,157.96,0.0,41150.6,90.34,4357,1463,10,536,66,1034,184,7,184,0,0.0,0.0,11.58,69.87,0.0,0,216,3311,0,0,0,0,6084,,0.17
qsem,batched-aimd,,"{""q_sem"": 0.0}",batched-aimd,5,100,1000,10,True,1000,68.5233,14.5936,14.4208,368.03,508.517,364.495,6.28,1.6,87.06,5.07,430.15,109.6,5965.31,347.26,172.35,0.0,37569.0,91.38,3980,1313,10,601,96,941,174,8,174,0,0.0,0.0,11.35,63.05,0.0,0,184,3038,0,0,0,0,5763,,0.29
queue,batched k=16,,"{""batch_k"": 16}",batched,3,100,1000,10,True,1000,340.1811,2.9396,2.7758,2054.008,2617.594,1918.474,1.22,0.48,93.51,4.79,414.47,164.94,31809.63,1629.07,676.92,0.0,133138.3,65.23,13923,6402,10,800,116,6716,391,1,391,0,0.0,0.0,33.59,244.48,0.0,0,1557,11514,0,0,0,0,16115,,2.81
qsem,batched-aimd,,"{""q_sem"": 0.0}",batched-aimd,6,100,1000,10,True,1000,77.4257,12.9156,12.7897,439.176,537.528,417.962,5.36,1.44,88.53,4.67,414.91,111.46,6854.57,361.63,157.76,0.0,42915.6,92.38,4513,1476,10,558,83,1159,207,8,207,0,0.0,0.0,11.34,60.47,0.0,0,202,3441,0,0,0,0,6286,,0.28
place,batched+place soft,default point,"{""placement_fallback"": ""least-overlap""}",batched+place,4,100,1000,10,True,1000,204.1779,4.8977,4.8325,1179.774,1460.488,1123.059,2.04,0.7,90.98,6.29,415.85,142.35,18575.3,1284.29,487.18,0.0,111820.5,91.28,11563,4424,10,625,87,5533,383,1,383,982,0.0,0.0,19.2,152.0,0.0,0,777,9910,0,0,0,0,13572,,1.17
qsem,batched-aimd,,"{""q_sem"": 0.05}",batched-aimd,3,100,1000,10,True,1000,141.8492,7.0497,6.9954,818.234,934.837,772.183,2.92,1.26,89.47,6.35,414.47,178.9,12690.82,900.74,168.71,0.0,78990.5,92.81,8374,2918,10,533,88,2992,637,17,637,0,0.0,0.0,10.32,59.33,0.0,0,142,6642,0,0,0,0,10561,,0.21
place,batched+place soft,default point,"{""placement_fallback"": ""least-overlap""}",batched+place,8,100,1000,10,True,1000,209.8207,4.766,4.811,1154.333,1587.009,1136.777,2.02,0.64,89.65,7.68,424.03,134.92,18811.36,1611.76,347.47,0.0,115313.7,91.6,11909,4804,10,491,65,5429,394,1,394,982,0.0,0.0,21.15,129.32,0.0,0,800,10242,0,0,0,0,13795,,1.02
qsem,batched-aimd,,"{""q_sem"": 0.0}",batched-aimd,9,100,1000,10,True,1000,74.9388,13.3442,13.111,419.697,530.648,401.137,5.49,1.49,87.72,5.3,411.35,111.76,6573.86,396.92,163.84,0.0,41319.4,91.9,4364,1519,10,620,89,1065,182,9,182,0,0.0,0.0,12.9,85.34,0.0,0,210,3337,0,0,0,0,6175,,0.27
qsem,batched-aimd,,"{""q_sem"": 0.05}",batched-aimd,7,100,1000,10,True,1000,140.2609,7.1296,7.0632,817.7,907.739,763.273,3.05,1.25,89.45,6.25,427.62,175.21,12546.0,877.26,218.99,0.0,77887.7,92.55,8235,2705,10,463,73,3098,633,17,633,0,0.0,0.0,10.14,73.35,0.0,0,131,6513,0,0,0,0,10348,,0.19
qsem,batched-aimd,,"{""q_sem"": 0.05}",batched-aimd,8,100,1000,10,True,1000,155.1858,6.4439,6.3012,903.069,1034.825,857.494,2.73,1.22,90.87,5.17,424.03,189.61,14101.96,802.98,171.96,0.0,85996.3,92.36,9108,3121,10,463,61,3509,725,22,725,0,0.0,0.0,10.6,52.9,0.0,0,121,7283,0,0,0,0,11318,,0.22
qsem,batched-aimd,,"{""q_sem"": 0.05}",batched-aimd,6,100,1000,10,True,1000,151.1486,6.616,6.407,890.052,1044.409,840.194,2.75,1.2,91.44,4.61,414.91,181.99,13821.25,696.7,99.2,0.0,84292.5,92.95,8906,3071,10,468,83,3381,700,19,700,0,0.0,0.0,10.13,53.46,0.0,0,129,7106,0,0,0,0,11093,,0.27
qsem,batched-aimd,,"{""q_sem"": 0.05}",batched-aimd,4,100,1000,10,True,1000,151.6194,6.5955,6.5246,876.058,980.406,825.157,2.74,1.32,89.38,6.55,415.85,200.72,13551.89,993.47,203.12,0.0,83331.3,91.6,8838,3015,10,592,79,3353,696,22,696,0,0.0,0.0,10.53,60.12,0.0,0,122,7041,0,0,0,0,11148,,0.31
qsem,batched-aimd,,"{""q_sem"": 0.05}",batched-aimd,5,100,1000,10,True,1000,145.2443,6.885,6.7999,848.052,958.854,798.588,2.96,1.25,90.39,5.4,430.15,181.44,13128.36,784.47,121.38,0.0,80602.6,92.49,8554,2898,10,525,87,3168,638,20,638,0,0.0,0.0,11.03,75.04,0.0,0,149,6803,0,0,0,0,10737,,0.31
qsem,batched-aimd,,"{""q_sem"": 0.1}",batched-aimd,7,100,1000,10,True,1000,163.8603,6.1028,6.0832,951.903,1066.395,895.448,2.61,1.24,89.84,6.31,427.62,203.17,14720.96,1034.27,175.62,0.0,91149.4,92.71,9611,3169,10,443,78,4072,794,19,794,0,0.0,0.0,10.32,52.88,0.0,0,101,7724,0,0,0,0,11867,,0.21
qsem,batched-aimd,,"{""q_sem"": 0.1}",batched-aimd,3,100,1000,10,True,1000,171.8096,5.8204,5.8167,994.247,1124.851,943.502,2.41,1.26,90.26,6.06,414.47,216.8,15508.23,1041.46,206.71,0.0,95707.4,92.84,10083,3529,10,522,89,4150,833,27,833,0,0.0,0.0,10.91,61.1,0.0,0,104,8149,0,0,0,0,12465,,0.27
qsem,batched-aimd,,"{""q_sem"": 0.1}",batched-aimd,5,100,1000,10,True,1000,165.8252,6.0304,5.9224,969.609,1075.343,913.689,2.59,1.27,90.57,5.57,430.15,209.91,15018.23,924.22,193.52,0.0,92140.6,92.61,9732,3404,10,511,82,4015,816,15,816,0,0.0,0.0,10.73,67.72,0.0,0,100,7822,0,0,0,0,12074,,0.26
qsem,batched-aimd,,"{""q_sem"": 0.05}",batched-aimd,9,100,1000,10,True,1000,145.6883,6.864,6.7058,851.293,938.658,796.975,2.82,1.22,89.95,6.0,411.35,178.23,13104.68,874.57,156.63,0.0,80953.6,92.61,8555,2853,10,495,82,3287,680,18,680,0,0.0,0.0,9.44,56.28,0.0,0,114,6794,0,0,0,0,10748,,0.3
qsem,batched-aimd,,"{""q_sem"": 0.1}",batched-aimd,6,100,1000,10,True,1000,172.3049,5.8037,5.6867,1005.661,1168.417,959.827,2.41,1.2,91.64,4.75,414.91,206.41,15790.71,818.46,101.49,0.0,95984.3,92.84,10078,3421,10,445,80,4310,852,10,852,0,0.0,0.0,10.47,60.65,0.0,0,100,8137,0,0,0,0,12385,,0.26
qsem,batched-aimd,,"{""q_sem"": 0.1}",batched-aimd,4,100,1000,10,True,1000,170.633,5.8605,5.7268,994.833,1122.956,944.619,2.44,1.3,90.96,5.3,415.85,222.61,15521.03,903.8,179.37,0.0,94598.1,92.4,9998,3549,10,578,73,4154,845,15,845,0,0.0,0.0,10.59,51.0,0.0,0,96,8063,0,0,0,0,12436,,0.29
qsem,batched-aimd,,"{""q_sem"": 0.2}",batched-aimd,3,100,1000,10,True,1000,188.8913,5.2941,5.3108,1107.683,1210.545,1040.851,2.19,1.23,90.61,5.97,414.47,231.51,17116.0,1127.15,186.81,0.0,105204.4,92.83,11078,3852,10,498,85,5155,977,15,977,0,0.0,0.0,10.56,59.98,0.0,0,69,9032,0,0,0,0,13568,,0.22
qsem,batched-aimd,,"{""q_sem"": 0.1}",batched-aimd,8,100,1000,10,True,1000,175.8805,5.6857,5.5986,1011.956,1197.473,971.001,2.41,1.2,90.81,5.58,424.03,210.97,15972.39,980.66,134.47,0.0,97446.8,92.34,10268,3481,10,451,63,4400,866,14,866,0,0.0,0.0,10.85,53.28,0.0,0,103,8306,0,0,0,0,12599,,0.29
qsem,batched-aimd,,"{""q_sem"": 0.2}",batched-aimd,6,100,1000,10,True,1000,198.8575,5.0287,4.9423,1168.801,1330.7,1110.832,2.09,1.21,91.89,4.81,414.91,240.9,18272.97,956.97,145.85,0.0,111001.8,93.03,11627,4060,10,438,77,5594,1046,19,1046,0,0.0,0.0,10.7,63.59,0.0,0,52,9517,0,0,0,0,14130,,0.2
qsem,batched-aimd,,"{""q_sem"": 0.1}",batched-aimd,9,100,1000,10,True,1000,164.602,6.0753,5.9665,965.586,1056.545,904.859,2.5,1.23,90.39,5.88,411.35,202.29,14878.68,967.87,206.47,0.0,91549.9,92.7,9637,3217,10,486,83,4187,820,18,820,0,0.0,0.0,9.71,55.02,0.0,0,81,7745,0,0,0,0,11961,,0.29
qsem,batched-aimd,,"{""q_sem"": 0.2}",batched-aimd,4,100,1000,10,True,1000,199.745,5.0064,4.933,1156.368,1303.025,1104.038,2.08,1.29,90.83,5.8,415.85,257.13,18143.5,1158.01,228.03,0.0,110902.0,92.54,11603,3929,10,556,75,5611,1044,17,1044,0,0.0,0.0,11.0,70.75,0.0,0,56,9497,0,0,0,0,14220,,0.32
qsem,batched-aimd,,"{""q_sem"": 0.2}",batched-aimd,8,100,1000,10,True,1000,206.6027,4.8402,4.7793,1199.601,1385.756,1147.726,2.05,1.22,91.37,5.36,424.03,251.35,18877.42,1107.47,173.26,0.0,115142.3,92.89,12063,4152,10,439,56,5866,1076,19,1076,0,0.0,0.0,11.53,64.96,0.0,0,65,9912,0,0,0,0,14597,,0.23
qsem,batched-aimd,,"{""q_sem"": 0.2}",batched-aimd,5,100,1000,10,True,1000,191.6896,5.2168,5.1591,1127.111,1218.975,1062.233,2.24,1.25,91.1,5.4,430.15,240.13,17463.75,1034.92,136.16,0.0,106654.8,92.73,11226,3948,10,483,83,5253,989,25,989,0,0.0,0.0,10.78,61.64,0.0,0,61,9159,0,0,0,0,13723,,0.31
qsem,batched-aimd,,"{""q_sem"": 0.2}",batched-aimd,7,100,1000,10,True,1000,194.9817,5.1287,5.0596,1144.299,1281.469,1076.343,2.19,1.29,90.72,5.8,427.62,250.58,17688.47,1131.51,204.94,0.0,108380.0,92.64,11382,3910,10,431,77,5398,1000,25,1000,0,0.0,0.0,10.57,50.02,0.0,0,65,9302,0,0,0,0,13838,,0.28
fair,beanstalk quarantine,,"{""green_mode"": ""quarantine""}",beanstalk,4,100,1000,10,True,1000,22.5364,44.3726,45.2336,124.316,290.789,155.099,18.45,5.85,0.31,75.39,415.85,131.76,6.96,1699.08,9.34,1678.61,10180.0,75.29,1005,0,10,429,46,373,359,9,359,863,244.45,66.24,25.45,154.28,1150.3,35,0,0,122,533,247,472,4352,,0.26
fair,beanstalk no-budget,,"{""budget"": false}",beanstalk,4,100,1000,10,True,1000,22.1839,45.0778,,1180.234,1311.972,1166.975,18.75,9.51,0.41,71.34,415.85,210.89,9.07,1582.57,65.03,0.0,11831.2,88.89,1173,0,10,744,59,43,377,23,377,983,864.85,247.68,649.95,1315.32,0.0,173,0,0,138,1121,262,52,4932,,0.29
fair,beanstalk no-budget,,"{""budget"": false}",beanstalk,5,100,1000,10,True,1000,17.1205,58.4094,,861.638,1011.021,858.13,25.13,11.09,0.5,63.29,430.15,189.85,8.55,1083.5,16.92,0.0,8250.4,80.32,819,0,10,639,70,72,357,10,357,983,544.26,130.66,500.58,1014.02,0.0,131,0,0,104,745,263,74,4341,,0.28
fair,beanstalk no-budget,,"{""budget"": false}",beanstalk,3,100,1000,10,True,1000,19.2661,51.9046,,1001.74,1138.655,996.769,21.51,9.95,0.45,68.09,414.47,191.72,8.65,1311.78,24.35,0.0,10380.0,89.79,1034,0,10,613,70,61,405,19,405,985,704.99,208.32,577.98,1155.97,0.0,165,0,0,121,972,303,62,4611,,0.32
fair,beanstalk quarantine,,"{""green_mode"": ""quarantine""}",beanstalk,3,100,1000,10,True,1000,20.8205,48.0296,57.6475,154.854,280.018,158.226,19.91,6.02,0.34,73.74,414.47,125.29,7.07,1535.22,5.22,1517.24,9231.7,73.9,920,0,10,430,46,323,342,12,342,916,270.72,55.1,24.82,169.19,1052.7,31,0,0,112,499,243,421,4190,,0.42
fair,beanstalk quarantine,,"{""green_mode"": ""quarantine""}",beanstalk,8,100,1000,10,True,1000,19.8977,50.2571,57.9289,152.088,267.657,153.874,21.31,6.59,0.34,71.76,424.03,131.22,6.7,1427.82,15.01,1361.49,9204.4,77.1,912,0,10,356,30,334,347,8,347,907,208.04,64.12,26.12,144.11,899.2,42,0,0,106,478,253,434,4093,,0.39
fair,beanstalk quarantine,,"{""green_mode"": ""quarantine""}",beanstalk,5,100,1000,10,True,1000,17.5592,56.95,74.008,119.286,264.139,126.822,24.5,7.36,0.38,67.76,430.15,129.17,6.75,1189.85,28.46,988.22,7572.3,71.87,752,0,10,404,57,364,311,2,311,886,167.27,65.25,17.69,115.46,867.7,37,0,0,86,258,228,494,3930,,0.42
fair,beanstalk no-budget,,"{""budget"": false}",beanstalk,7,100,1000,10,True,1000,15.0981,66.2336,,743.739,887.34,741.837,28.32,12.03,0.54,59.11,427.62,181.63,8.1,892.46,29.99,0.0,8557.7,94.47,854,0,10,575,85,82,354,17,354,981,627.85,144.12,452.94,905.88,0.0,137,0,0,106,771,265,83,4299,,0.27
fair,beanstalk quarantine,,"{""green_mode"": ""quarantine""}",beanstalk,7,100,1000,10,True,1000,18.8077,53.1698,59.8579,124.675,275.09,139.888,22.74,6.8,0.35,70.11,427.62,127.88,6.61,1318.66,4.22,1287.07,7958.2,70.52,792,0,10,386,36,359,299,8,299,886,195.29,63.15,26.47,153.84,935.7,32,0,0,86,320,223,472,3949,,0.42
fair,beanstalk quarantine,,"{""green_mode"": ""quarantine""}",beanstalk,9,100,1000,10,True,1000,20.9388,47.7583,47.3852,148.681,262.686,155.086,19.65,5.83,0.33,74.2,411.35,122.17,6.81,1553.55,18.93,1446.3,9478.8,75.45,948,0,10,396,53,359,323,12,323,885,207.44,55.48,19.4,98.37,1075.6,30,0,0,108,490,230,458,4161,,0.43
qsem,batched-aimd,,"{""q_sem"": 0.2}",batched-aimd,9,100,1000,10,True,1000,205.553,4.8649,4.7672,1213.092,1340.24,1137.863,2.0,1.21,91.05,5.74,411.35,248.94,18715.44,1179.57,200.22,0.0,114365.6,92.73,11923,4031,10,468,79,5855,1059,29,1059,0,0.0,0.0,11.34,60.43,0.0,0,65,9775,0,0,0,0,14479,,0.53
fair,beanstalk quarantine,,"{""green_mode"": ""quarantine""}",beanstalk,6,100,1000,10,True,1000,22.9556,43.5624,47.8293,152.173,414.525,187.554,18.07,5.87,0.3,75.75,414.91,134.79,7.0,1738.86,12.85,1649.33,10267.7,74.55,1023,0,10,394,41,351,365,18,365,908,352.22,63.73,25.9,134.66,1180.6,43,0,0,122,577,264,446,4281,,0.41
fair,beanstalk quarantine no-budget,,"{""budget"": false, ""green_mode"": ""quarantine""}",beanstalk,3,100,1000,10,True,1000,25.0165,39.9736,75.0698,801.084,981.55,742.937,16.57,7.5,0.34,75.6,414.47,187.51,8.4,1891.27,17.36,0.0,10551.8,70.3,1052,0,10,588,54,110,391,15,391,985,789.76,268.93,96.87,455.51,0.0,170,0,0,124,879,283,173,4579,,0.32
fair,beanstalk-noplace quarantine,,"{""green_mode"": ""quarantine""}",beanstalk-noplace,4,100,1000,10,True,1000,22.4153,44.6124,46.98,151.738,315.278,164.467,18.55,6.43,0.33,74.68,415.85,144.21,7.47,1674.0,6.02,1653.7,10567.3,78.57,1050,0,10,509,52,307,375,10,375,0,260.83,71.99,22.05,102.19,1139.6,40,0,0,128,638,258,411,4534,,0.09
fair,beanstalk quarantine no-budget,,"{""budget"": false, ""green_mode"": ""quarantine""}",beanstalk,4,100,1000,10,True,1000,23.9773,41.7062,47.0223,903.536,1130.242,801.304,17.34,8.86,0.38,73.42,415.85,212.53,9.01,1760.33,85.38,0.0,11517.9,80.06,1139,0,10,707,78,151,409,15,409,983,878.31,300.23,166.73,644.55,0.0,202,0,0,144,938,282,201,4901,,0.33
fair,beanstalk-noplace quarantine,,"{""green_mode"": ""quarantine""}",beanstalk-noplace,3,100,1000,10,True,1000,18.65,53.6193,55.3829,126.086,237.791,134.942,22.22,6.88,0.36,70.54,414.47,128.26,6.72,1315.55,15.05,1236.23,8505.1,76.01,845,0,10,398,60,361,317,5,317,0,166.1,63.11,23.35,133.48,924.2,42,0,0,103,347,225,498,4040,,0.16
fair,beanstalk-noplace quarantine,,"{""green_mode"": ""quarantine""}",beanstalk-noplace,5,100,1000,10,True,1000,19.7864,50.5398,55.8875,129.656,268.344,138.841,21.74,6.63,0.35,71.28,430.15,131.18,6.85,1410.45,5.09,1392.8,9035.6,76.11,902,0,10,421,53,349,336,7,336,0,255.3,54.52,17.66,84.56,1002.0,32,0,0,94,444,252,457,4190,,0.15
fair,beanstalk-noplace quarantine,,"{""green_mode"": ""quarantine""}",beanstalk-noplace,6,100,1000,10,True,1000,20.376,49.0774,50.2726,129.625,261.754,140.104,20.36,6.69,0.34,72.6,414.91,136.41,6.98,1479.3,5.57,1438.72,9474.3,77.5,944,0,10,397,50,336,383,12,383,0,196.62,63.4,17.35,80.37,1026.0,39,0,0,119,460,282,484,4259,,0.15
fair,beanstalk no-budget,,"{""budget"": false}",beanstalk,6,100,1000,10,True,1000,22.262,44.9195,,1178.863,1315.633,1172.44,18.64,8.34,0.38,72.64,414.91,185.73,8.44,1617.12,57.67,0.0,12234.8,91.6,1217,0,10,549,79,69,438,20,438,980,889.48,254.91,654.42,1322.15,0.0,159,0,0,144,1145,314,72,4759,,0.52
fair,beanstalk-noplace quarantine,,"{""green_mode"": ""quarantine""}",beanstalk-noplace,9,100,1000,10,True,1000,18.3352,54.54,63.8312,117.479,205.099,115.367,22.43,6.79,0.37,70.41,411.35,124.41,6.84,1290.92,6.25,1254.49,8131.0,73.91,805,0,10,410,41,296,308,6,308,0,141.89,54.89,14.48,62.16,911.5,25,0,0,93,352,227,453,3998,,0.08
fair,beanstalk-noplace quarantine,,"{""green_mode"": ""quarantine""}",beanstalk-noplace,7,100,1000,10,True,1000,18.4544,54.1876,59.3127,120.48,238.143,121.76,23.17,7.05,0.37,69.41,427.62,130.18,6.75,1280.89,6.52,1267.9,8413.0,75.98,841,0,10,412,43,403,297,3,297,0,151.89,58.68,18.13,90.93,962.1,32,0,0,88,304,213,537,4022,,0.14
fair,beanstalk no-budget,,"{""budget"": false}",beanstalk,9,100,1000,10,True,1000,17.8015,56.175,,908.56,1048.839,900.143,23.11,11.59,0.49,64.81,411.35,206.37,8.69,1153.74,14.04,0.0,9845.7,92.18,980,0,10,651,71,68,385,21,385,982,713.49,177.23,518.87,1052.7,0.0,149,0,0,119,906,287,74,4628,,0.46
fair,beanstalk-noplace quarantine,,"{""green_mode"": ""quarantine""}",beanstalk-noplace,8,100,1000,10,True,1000,22.0623,45.3262,45.6086,154.442,276.715,157.142,19.22,6.37,0.31,74.1,424.03,140.53,6.82,1634.85,9.59,1602.08,9949.0,75.16,990,0,10,383,30,358,358,6,358,0,236.09,63.8,18.97,86.99,1107.1,44,0,0,114,540,251,450,4248,,0.13
qsem,beanstalk quarantine,,"{""green_mode"": ""quarantine"", ""q_sem"": 0.1}",beanstalk,3,20,200,2,True,200,25.0346,7.9889,8.1973,545.54,834.722,482.662,16.18,5.95,0.22,77.65,81.03,29.78,1.11,388.78,8.51,351.66,2862.7,95.29,285,0,2,32,4,27,108,7,108,96,695.16,183.45,135.41,550.1,1196.3,31,0,0,46,227,69,58,969,,0.04
fair,beanstalk quarantine no-budget,,"{""budget"": false, ""green_mode"": ""quarantine""}",beanstalk,5,100,1000,10,True,1000,13.4503,74.3475,80.174,473.028,680.393,401.066,31.98,14.71,0.63,52.67,430.15,197.91,8.5,708.47,5.11,0.0,6909.4,85.62,688,0,10,619,80,160,369,7,369,983,446.84,134.67,78.18,296.52,0.0,164,0,0,94,492,282,196,4210,,0.32
fair,beanstalk no-budget,,"{""budget"": false}",beanstalk,8,100,1000,10,True,1000,18.9156,52.8665,,975.961,1115.295,972.356,22.42,9.76,0.43,67.39,424.03,184.57,8.17,1274.78,36.06,0.0,10473.5,92.28,1038,0,10,528,60,72,411,19,411,981,762.19,189.05,554.24,1121.57,0.0,181,0,0,127,963,303,75,4512,,0.5
qsem,beanstalk quarantine,,"{""green_mode"": ""quarantine"", ""q_sem"": 0.1}",beanstalk,6,20,200,2,True,200,23.1111,8.6539,9.9539,274.4,648.546,318.8,17.48,8.16,0.27,74.09,80.8,37.74,1.24,342.45,4.26,333.41,2511.7,90.57,250,0,2,30,5,38,148,5,148,86,441.45,136.35,54.93,215.8,1153.1,18,0,0,51,179,102,71,1006,,0.04
fair,beanstalk quarantine no-budget,,"{""budget"": false, ""green_mode"": ""quarantine""}",beanstalk,6,100,1000,10,True,1000,24.4481,40.903,44.8787,1076.988,1237.173,986.451,16.97,7.83,0.34,74.86,414.91,191.49,8.33,1830.08,25.26,0.0,13066.7,89.08,1300,0,10,569,76,133,417,21,417,979,1048.29,309.92,231.25,784.17,0.0,220,0,0,150,1121,292,179,4861,,0.34
qsem,beanstalk quarantine,,"{""green_mode"": ""quarantine"", ""q_sem"": 0.1}",beanstalk,5,20,200,2,True,200,19.4109,10.3035,9.7111,267.887,584.785,267.245,22.27,8.37,0.29,69.07,86.45,32.48,1.13,268.15,6.46,260.27,2254.0,96.77,224,0,2,26,9,32,124,1,124,101,300.11,104.85,39.86,144.13,968.9,26,0,0,39,161,88,63,922,,0.06
qsem,beanstalk quarantine,,"{""green_mode"": ""quarantine"", ""q_sem"": 0.1}",beanstalk,4,20,200,2,True,200,24.2759,8.2386,9.4431,311.952,593.756,309.592,18.43,8.51,0.25,72.82,89.48,41.3,1.19,353.54,0.04,333.66,2741.1,94.1,272,0,2,31,6,28,140,1,140,94,342.38,132.23,48.76,196.29,1163.5,18,0,0,47,200,95,72,1013,,0.08
qsem,beanstalk quarantine,,"{""green_mode"": ""quarantine"", ""q_sem"": 0.1}",beanstalk,7,20,200,2,True,200,19.1679,10.4341,11.0499,212.521,467.565,222.561,24.8,9.23,0.3,65.67,95.05,35.38,1.16,251.76,2.23,244.4,2202.2,95.74,222,0,2,17,2,37,146,1,146,88,275.03,88.2,32.25,134.17,938.9,20,0,0,33,142,116,80,948,,0.04
qsem,beanstalk quarantine,,"{""green_mode"": ""quarantine"", ""q_sem"": 0.1}",beanstalk,9,20,200,2,True,200,16.3088,12.2633,12.5209,244.948,406.696,227.163,27.16,9.02,0.32,63.5,88.59,29.42,1.06,207.11,1.98,191.19,1892.9,96.72,189,0,2,21,1,31,107,2,107,91,288.44,102.91,45.33,224.85,725.3,18,0,0,29,123,81,66,846,,0.03
qsem,beanstalk quarantine,,"{""green_mode"": ""quarantine"", ""q_sem"": 0.1}",beanstalk,8,20,200,2,True,200,18.4007,10.8692,10.6261,233.618,597.996,280.809,23.38,7.94,0.29,68.39,86.05,29.23,1.06,251.67,2.69,238.22,2145.4,97.16,214,0,2,9,2,28,124,1,124,78,398.33,125.9,47.13,229.86,830.3,21,0,0,41,152,87,62,878,,0.06
qsem,beanstalk,,"{""q_sem"": 0.2}",beanstalk,6,20,200,2,True,200,34.5088,5.7956,7.6748,807.511,1244.321,836.723,11.71,7.67,0.23,80.4,80.8,52.91,1.57,554.89,3.98,544.63,3958.2,95.58,392,0,2,27,3,44,245,6,245,116,567.21,146.86,538.48,1243.02,1836.5,35,0,0,70,346,181,46,1334,,0.04
qsem,beanstalk,,"{""q_sem"": 0.2}",beanstalk,3,20,200,2,True,200,29.8995,6.6891,18.2626,510.847,1249.284,723.521,13.55,6.22,0.21,80.02,81.03,37.21,1.24,478.51,2.21,470.71,3395.2,94.63,339,0,2,23,2,35,158,8,158,102,426.25,134.09,510.19,1252.39,1610.3,22,0,0,64,298,102,41,1105,,0.06
qsem,beanstalk,,"{""q_sem"": 0.2}",beanstalk,5,20,200,2,True,200,30.7837,6.4969,,1283.962,1817.98,1111.059,14.04,9.34,0.23,76.38,86.45,57.5,1.44,470.27,4.88,450.95,3501.2,94.78,347,0,2,20,3,60,230,3,230,90,267.2,91.11,892.67,1815.76,1584.4,20,0,0,70,284,164,63,1248,,0.06
qsem,beanstalk,,"{""q_sem"": 0.2}",beanstalk,7,20,200,2,True,200,22.5748,8.8595,14.1586,434.871,667.912,437.704,21.05,9.05,0.27,69.62,95.05,40.88,1.22,314.34,2.48,301.97,2521.7,93.09,254,0,2,28,2,51,155,4,155,73,300.42,76.0,326.73,670.01,1111.6,18,0,0,49,198,110,56,1021,,0.04
fair,beanstalk quarantine no-budget,,"{""budget"": false, ""green_mode"": ""quarantine""}",beanstalk,7,100,1000,10,True,1000,14.0183,71.3352,122.3886,278.61,480.291,283.483,30.5,13.67,0.6,55.23,427.62,191.6,8.36,774.25,14.12,0.0,5333.5,63.41,535,0,10,603,72,197,370,6,370,982,296.55,141.11,26.62,118.11,0.0,115,0,0,104,254,274,281,4080,,0.41
qsem,beanstalk,,"{""q_sem"": 0.2}",beanstalk,4,20,200,2,True,200,34.352,5.8221,,1070.795,2042.039,1264.879,13.02,11.14,0.23,75.61,89.48,76.51,1.59,519.46,0.0,501.11,4008.2,97.23,400,0,2,34,13,69,268,3,268,95,564.02,115.4,1030.56,2061.12,1854.9,31,0,0,77,330,194,70,1406,,0.08
qsem,beanstalk-noplace,,"{""q_sem"": 0.2}",beanstalk-noplace,5,20,200,2,True,200,27.5826,7.251,10.1089,491.37,934.078,515.097,15.67,8.95,0.26,75.12,86.45,49.37,1.45,414.38,3.32,387.38,3162.2,95.54,316,0,2,45,4,54,202,5,202,0,387.96,104.0,365.77,937.3,1404.8,27,0,0,55,254,152,62,1211,,0.02
qsem,beanstalk,,"{""q_sem"": 0.2}",beanstalk,8,20,200,2,True,200,31.3536,6.3789,,1303.703,1857.073,1189.683,13.72,8.23,0.22,77.83,86.05,51.63,1.36,488.02,4.21,475.7,3656.3,97.18,364,0,2,14,2,44,207,6,207,79,505.16,113.23,940.61,1881.21,1697.7,24,0,0,72,319,141,45,1210,,0.06
qsem,beanstalk-noplace,,"{""q_sem"": 0.2}",beanstalk-noplace,6,20,200,2,True,200,33.5027,5.9697,,1518.795,1987.779,1333.307,12.06,8.83,0.22,78.89,80.8,59.19,1.49,528.58,2.08,513.26,3728.1,92.73,372,0,2,31,2,47,231,5,231,0,406.05,120.94,982.21,1987.09,1742.0,26,0,0,69,321,168,51,1295,,0.02
qsem,beanstalk-noplace,,"{""q_sem"": 0.2}",beanstalk-noplace,4,20,200,2,True,200,30.155,6.6324,56.9064,898.77,1621.706,888.113,14.84,10.5,0.25,74.41,89.48,63.35,1.48,448.8,0.0,424.4,3493.4,96.54,348,0,2,55,4,52,206,3,206,0,441.71,122.31,734.47,1622.02,1564.5,24,0,0,62,291,147,57,1273,,0.03
qsem,beanstalk quarantine,,"{""green_mode"": ""quarantine"", ""q_sem"": 0.0}",beanstalk,4,100,1000,10,True,1000,15.9201,62.8139,77.6901,114.123,196.392,115.982,26.12,6.4,0.41,67.07,415.85,101.85,6.56,1067.74,32.18,922.52,6940.3,72.66,688,0,10,451,54,352,191,4,191,887,164.84,54.49,18.07,79.86,759.5,28,0,0,64,249,133,439,3702,,0.25
qsem,beanstalk-noplace,,"{""q_sem"": 0.2}",beanstalk-noplace,8,20,200,2,True,200,33.3213,6.0022,14.141,656.391,1299.232,786.48,12.91,8.06,0.21,78.81,86.05,53.74,1.43,525.21,1.38,518.41,3841.9,96.08,383,0,2,16,9,55,229,7,229,0,435.45,107.43,548.97,1324.65,1776.9,23,0,0,71,324,165,59,1278,,0.02
qsem,beanstalk-noplace,,"{""q_sem"": 0.2}",beanstalk-noplace,3,20,200,2,True,200,29.2952,6.827,8.8205,620.396,1079.486,675.341,13.83,6.65,0.22,79.31,81.03,38.94,1.28,464.65,0.03,416.44,3251.0,92.48,322,0,2,25,2,61,168,4,168,0,426.99,111.09,454.01,1081.57,1448.1,21,0,0,58,256,114,66,1106,,0.06
qsem,beanstalk quarantine,,"{""green_mode"": ""quarantine"", ""q_sem"": 0.0}",beanstalk,9,100,1000,10,True,1000,13.9249,71.8136,75.3887,96.717,169.734,94.48,29.54,7.07,0.45,62.94,411.35,98.43,6.22,876.5,7.46,817.39,6426.1,76.91,641,0,10,396,50,331,182,2,182,907,115.99,47.83,12.56,72.55,658.4,16,0,0,57,189,131,452,3586,,0.23
qsem,beanstalk quarantine,,"{""green_mode"": ""quarantine"", ""q_sem"": 0.05}",beanstalk,3,20,200,2,True,200,17.8504,11.2042,11.4085,188.544,779.765,331.954,22.7,6.45,0.28,70.57,81.03,23.02,1.01,251.95,1.74,208.01,2035.8,95.04,203,0,2,33,8,32,80,4,80,114,520.02,157.44,75.77,327.64,764.2,26,0,0,29,146,56,57,831,,0.03
qsem,beanstalk-noplace,,"{""q_sem"": 0.2}",beanstalk-noplace,9,20,200,2,True,200,25.9076,7.7197,,889.662,1536.85,901.014,17.1,8.22,0.25,74.43,88.59,42.58,1.32,385.66,0.43,382.29,3017.2,97.05,303,0,2,25,0,43,182,8,182,0,299.8,95.52,759.56,1536.6,1400.7,19,0,0,62,257,128,46,1123,,0.03
qsem,beanstalk-noplace,,"{""q_sem"": 0.2}",beanstalk-noplace,7,20,200,2,True,200,25.1576,7.9499,,864.154,1350.631,858.568,18.89,9.9,0.26,70.94,95.05,49.82,1.33,356.95,6.53,329.63,2768.9,91.72,278,0,2,29,2,57,183,4,183,0,252.02,80.92,610.37,1352.33,1245.8,21,0,0,53,214,134,64,1102,,0.05
qsem,beanstalk,,"{""q_sem"": 0.2}",beanstalk,9,20,200,2,True,200,27.9415,7.1578,,996.303,1654.239,1027.442,15.85,9.09,0.24,74.82,88.59,50.8,1.34,418.1,4.25,412.53,3252.9,97.01,326,0,2,25,1,52,189,8,189,89,331.28,105.57,817.59,1655.58,1500.1,26,0,0,63,271,136,55,1160,,0.09
qsem,beanstalk quarantine,,"{""green_mode"": ""quarantine"", ""q_sem"": 0.05}",beanstalk,6,20,200,2,True,200,14.0941,14.1903,16.662,130.754,544.804,211.093,28.67,6.64,0.35,64.35,80.8,18.71,0.99,181.39,2.92,157.28,1572.5,92.98,157,0,2,20,1,27,79,3,79,105,377.24,110.12,47.64,188.89,580.3,19,0,0,20,101,62,56,756,,0.03
qsem,beanstalk quarantine,,"{""green_mode"": ""quarantine"", ""q_sem"": 0.0}",beanstalk,3,100,1000,10,True,1000,18.4488,54.2039,63.4996,118.497,185.642,116.51,22.47,4.96,0.33,72.24,414.47,91.5,6.13,1332.78,51.57,1059.55,7398.5,66.84,737,0,10,367,42,362,192,2,192,924,177.74,55.72,18.81,76.99,812.2,28,0,0,60,273,136,464,3638,,0.33
qsem,beanstalk quarantine,,"{""green_mode"": ""quarantine"", ""q_sem"": 0.05}",beanstalk,5,20,200,2,True,200,15.3665,13.0154,13.1232,142.027,353.841,159.337,28.13,8.92,0.34,62.61,86.45,27.41,1.04,192.42,6.87,183.05,1684.0,91.33,168,0,2,18,5,35,104,0,104,101,176.38,78.41,27.52,124.37,665.5,18,0,0,27,97,78,71,811,,0.04
qsem,beanstalk quarantine,,"{""green_mode"": ""quarantine"", ""q_sem"": 0.05}",beanstalk,8,20,200,2,True,200,13.7632,14.5315,16.123,168.344,390.369,178.085,31.26,7.36,0.34,61.04,86.05,20.25,0.94,168.02,5.46,152.53,1573.2,95.26,157,0,2,11,6,25,82,2,82,88,221.05,80.28,34.31,122.35,601.6,15,0,0,27,107,57,50,743,,0.03
qsem,beanstalk quarantine,,"{""green_mode"": ""quarantine"", ""q_sem"": 0.05}",beanstalk,9,20,200,2,True,200,16.0545,12.4576,13.7564,125.086,389.424,175.232,27.59,7.35,0.3,64.76,88.59,23.6,0.97,207.93,2.69,177.58,1805.8,93.73,180,0,2,19,1,32,82,1,82,87,293.2,96.91,29.91,112.48,677.6,15,0,0,27,109,59,71,781,,0.03
qsem,beanstalk quarantine,,"{""green_mode"": ""quarantine"", ""q_sem"": 0.05}",beanstalk,4,20,200,2,True,200,19.2745,10.3764,12.5367,243.116,410.793,232.234,23.21,8.35,0.28,68.16,89.48,32.18,1.07,262.76,0.77,243.68,1975.3,85.4,196,0,2,30,4,29,102,1,102,111,283.31,95.35,39.52,150.95,779.9,15,0,0,28,132,76,64,856,,0.07
fair,beanstalk quarantine no-budget,,"{""budget"": false, ""green_mode"": ""quarantine""}",beanstalk,8,100,1000,10,True,1000,22.6389,44.1718,47.6104,910.965,1084.412,802.252,18.73,8.71,0.37,72.19,424.03,197.24,8.29,1634.33,16.73,0.0,12019.3,88.49,1191,0,10,550,65,97,438,19,438,982,887.51,270.92,138.47,551.88,0.0,205,0,0,147,1050,310,141,4764,,0.5
fair,beanstalk quarantine no-budget,,"{""budget"": false, ""green_mode"": ""quarantine""}",beanstalk,9,100,1000,10,True,1000,19.4739,51.3509,73.7866,682.907,839.286,634.582,21.12,10.2,0.44,68.24,411.35,198.58,8.59,1328.88,27.85,0.0,9366.2,80.16,934,0,10,653,68,94,370,18,370,982,703.95,209.36,113.33,482.73,0.0,166,0,0,113,787,277,147,4527,,0.48
qsem,beanstalk quarantine,,"{""green_mode"": ""quarantine"", ""q_sem"": 0.0}",beanstalk,8,100,1000,10,True,1000,13.0237,76.7833,97.5067,92.464,159.439,93.896,32.56,7.48,0.47,59.49,424.03,97.39,6.17,774.77,4.02,742.7,6163.6,78.88,613,0,10,360,43,337,184,5,184,931,135.13,43.46,15.79,82.76,555.6,21,0,0,61,173,130,440,3470,,0.32
main,serial,,{},serial,5,100,1000,10,True,1000,223.9555,4.4652,4.4193,1319.016,1420.512,1244.663,1.92,0.46,92.16,5.45,430.15,103.66,20640.72,1221.02,125.54,0.0,13426.9,9.99,1320,0,1,378,70,320,305,15,305,0,0.0,0.0,8.58,60.63,0.0,0,0,0,0,0,0,0,3018,,0.08
main,serial,,{},serial,6,100,1000,10,True,1000,234.0046,4.2734,4.2596,1360.19,1497.142,1306.255,1.77,0.47,92.57,5.19,414.91,109.12,21661.8,1214.64,107.91,0.0,14036.3,10.0,1374,0,1,365,71,374,354,20,354,0,0.0,0.0,8.91,55.64,0.0,0,0,0,0,0,0,0,3113,,0.08
qsem,beanstalk quarantine,,"{""green_mode"": ""quarantine"", ""q_sem"": 0.05}",beanstalk,7,20,200,2,True,200,12.2717,16.2976,19.3478,120.046,281.237,135.463,38.73,8.35,0.37,52.55,95.05,20.5,0.91,128.97,5.0,101.37,1357.1,92.16,138,0,2,15,1,35,72,1,72,92,164.01,79.36,24.62,117.44,430.6,11,0,0,18,71,56,67,713,,0.13
qsem,beanstalk quarantine,,"{""green_mode"": ""quarantine"", ""q_sem"": 0.0}",beanstalk,5,100,1000,10,True,1000,15.6883,63.7416,70.7343,107.133,177.11,107.389,27.42,6.2,0.4,65.98,430.15,97.2,6.29,1035.19,9.08,964.92,6576.7,69.87,655,0,10,413,48,362,174,0,174,914,183.96,52.38,17.19,72.33,647.5,25,0,0,49,190,128,465,3581,,0.38
main,serial,,{},serial,9,100,1000,10,True,1000,225.869,4.4273,4.3909,1332.222,1451.432,1253.764,1.82,0.45,92.07,5.66,411.35,101.42,20794.65,1279.49,197.56,0.0,13548.3,10.0,1319,0,1,380,69,319,298,21,298,0,0.0,0.0,8.56,75.79,0.0,0,0,0,0,0,0,0,3018,,0.08
qsem,beanstalk quarantine,,"{""green_mode"": ""quarantine"", ""q_sem"": 0.0}",beanstalk,6,100,1000,10,True,1000,16.2054,61.7077,64.8863,104.892,167.427,102.606,25.6,5.98,0.39,68.02,414.91,96.87,6.39,1102.37,5.75,1073.44,7109.3,73.12,706,0,10,391,40,378,207,5,207,887,149.39,44.26,14.17,63.78,736.4,16,0,0,69,247,147,459,3636,,0.38
main,serial,,{},serial,8,100,1000,10,True,1000,236.1607,4.2344,4.221,1380.19,1506.372,1313.304,1.8,0.48,92.21,5.52,424.03,113.16,21775.24,1303.65,150.21,0.0,14161.0,9.99,1378,0,1,346,53,378,355,23,355,0,0.0,0.0,8.88,54.86,0.0,0,0,0,0,0,0,0,3102,,0.14
main,serial,,{},serial,4,100,1000,10,True,1000,231.4581,4.3204,4.3018,1358.278,1461.608,1280.091,1.8,0.5,91.67,6.03,415.85,116.45,21218.4,1395.11,216.99,0.0,13835.3,9.96,1353,0,1,427,63,353,331,22,331,0,0.0,0.0,8.78,73.11,0.0,0,0,0,0,0,0,0,3133,,0.16
main,serial,,{},serial,7,100,1000,10,True,1000,223.0409,4.4835,4.485,1304.586,1402.579,1231.208,1.92,0.45,91.56,6.08,427.62,99.32,20420.8,1356.35,214.28,0.0,13376.3,10.0,1311,0,1,359,63,311,293,18,293,0,0.0,0.0,8.29,51.42,0.0,0,0,0,0,0,0,0,2981,,0.15
main,beanstalk-noplace,,{},beanstalk-noplace,5,100,1000,10,True,1000,16.7295,59.7747,253.2176,362.916,754.661,376.334,25.71,7.75,0.41,66.12,430.15,129.66,6.93,1106.2,4.7,1093.21,7437.5,74.1,742,0,10,441,52,397,332,6,332,0,141.84,34.01,304.36,760.58,815.3,25,0,0,91,320,247,422,4046,,0.07
qsem,beanstalk quarantine,,"{""green_mode"": ""quarantine"", ""q_sem"": 0.0}",beanstalk,7,100,1000,10,True,1000,14.1732,70.5557,87.804,98.158,158.422,97.847,30.17,6.1,0.41,63.32,427.62,86.51,5.77,897.42,6.19,866.46,6043.4,71.07,607,0,10,330,38,365,154,2,154,928,138.32,49.51,14.96,57.25,618.7,22,0,0,46,144,112,463,3385,,0.46
main,beanstalk-noplace,,{},beanstalk-noplace,7,100,1000,10,True,1000,16.8347,59.4011,314.1505,423.262,755.305,385.372,25.4,7.22,0.4,66.98,427.62,121.54,6.72,1127.59,3.58,1093.2,7052.0,69.82,706,0,10,396,46,437,295,5,295,0,141.28,32.62,298.62,760.0,794.2,21,0,0,84,256,216,450,3848,,0.07
main,beanstalk-noplace,,{},beanstalk-noplace,4,100,1000,10,True,1000,20.3546,49.129,47.4151,577.066,1004.802,579.781,20.43,7.69,0.38,71.51,415.85,156.48,7.64,1455.49,15.89,1334.16,8842.5,72.4,875,0,10,548,40,474,368,5,368,0,163.29,37.48,431.6,1008.3,935.4,27,0,0,122,394,251,481,4411,,0.12
main,beanstalk-noplace,,{},beanstalk-noplace,3,100,1000,10,True,1000,18.8663,53.0045,63.723,264.769,415.241,247.25,21.97,6.98,0.37,70.68,414.47,131.63,7.03,1333.51,12.32,1276.94,7743.6,68.41,765,0,10,446,50,427,330,8,330,0,144.41,34.68,167.45,420.41,916.0,22,0,0,99,328,239,437,4058,,0.14
main,serial,,{},serial,3,100,1000,10,True,1000,231.0485,4.3281,4.2629,1355.286,1484.43,1287.539,1.79,0.46,92.41,5.33,414.47,107.27,21351.71,1231.4,206.9,0.0,13858.4,10.0,1353,0,1,392,78,353,337,16,337,0,0.0,0.0,8.8,55.77,0.0,0,0,0,0,0,0,0,3098,,0.14
main,beanstalk-noplace,,{},beanstalk-noplace,6,100,1000,10,True,1000,17.9103,55.8337,,646.102,1054.949,652.775,23.17,7.35,0.39,69.1,414.91,131.68,6.91,1237.53,6.93,1202.38,8000.2,74.45,796,0,10,386,55,438,378,9,378,0,105.97,33.9,523.94,1061.08,871.8,29,0,0,109,356,278,440,4094,,0.15
main,beanstalk-noplace,,{},beanstalk-noplace,9,100,1000,10,True,1000,19.8702,50.3266,113.2078,414.55,743.515,429.082,20.7,6.51,0.34,72.44,411.35,129.4,6.78,1439.49,2.77,1433.03,7872.1,66.03,782,0,10,427,44,411,307,12,307,0,276.97,37.63,306.07,745.21,1031.2,23,0,0,101,357,218,425,4016,,0.12
main,beanstalk-noplace,,{},beanstalk-noplace,8,100,1000,10,True,1000,20.3322,49.1831,65.0181,406.525,724.347,393.457,20.86,6.52,0.33,72.29,424.03,132.58,6.75,1469.85,4.27,1425.1,8595.2,70.46,854,0,10,360,30,407,373,8,373,0,178.75,38.3,307.07,726.57,970.3,26,0,0,123,434,258,420,4103,,0.12
main,beanstalk,,{},beanstalk,3,100,1000,10,True,1000,17.668,56.5993,,541.313,993.803,563.18,23.46,6.95,0.39,69.2,414.47,122.79,6.89,1222.66,26.61,1133.18,8032.8,75.78,798,0,10,419,54,437,314,6,314,914,152.95,39.85,482.77,1011.11,869.6,29,0,0,100,358,220,440,4009,,0.26
queue,batched k=1,,"{""batch_k"": 1}",batched,3,100,1000,10,True,1000,72.3366,13.8243,13.393,409.428,526.224,385.129,5.73,1.72,87.02,5.53,414.47,124.22,6294.6,400.38,100.03,0.0,39544.7,91.11,4327,1289,10,463,80,933,353,27,353,0,0.0,0.0,7.24,42.52,0.0,0,0,2947,0,0,0,0,6170,,0.13
main,beanstalk,,{},beanstalk,8,100,1000,10,True,1000,19.4787,51.3382,57.2245,296.601,543.04,310.354,21.77,6.62,0.34,71.27,424.03,128.88,6.65,1388.31,8.28,1335.74,8264.2,70.71,821,0,10,334,29,406,361,8,361,873,200.18,38.09,204.09,546.18,951.6,30,0,0,120,400,249,421,3992,,0.25
main,beanstalk,,{},beanstalk,9,100,1000,10,True,1000,18.768,53.2822,105.8684,187.229,476.521,244.181,21.92,6.32,0.35,71.42,411.35,118.58,6.51,1340.36,26.6,1147.86,7357.1,65.33,738,0,10,379,60,438,295,9,295,868,164.97,34.07,165.42,480.38,866.7,17,0,0,87,268,217,470,3886,,0.24
queue,batched k=1,,"{""batch_k"": 1}",batched,4,100,1000,10,True,1000,72.8324,13.7302,13.7078,401.434,530.415,385.075,5.71,1.85,86.27,6.17,415.85,134.73,6283.2,449.46,112.56,0.0,39229.0,89.77,4289,1218,10,525,74,935,347,28,347,0,0.0,0.0,7.64,50.86,0.0,0,0,2914,0,0,0,0,6189,,0.15
main,beanstalk,,{},beanstalk,7,100,1000,10,True,1000,15.0414,66.4832,,592.21,883.939,569.61,28.43,8.42,0.44,62.7,427.62,126.68,6.69,943.15,4.8,894.54,6762.3,74.93,676,0,10,403,41,422,288,5,288,902,180.45,34.47,451.24,902.48,673.7,21,0,0,80,253,213,423,3830,,0.3
queue,batched k=1,,"{""batch_k"": 1}",batched,5,100,1000,10,True,1000,64.4762,15.5096,15.7448,358.971,443.361,335.507,6.67,1.83,84.9,6.6,430.15,118.04,5473.75,425.68,133.54,0.0,35167.8,90.91,3908,1196,10,434,77,765,316,17,316,0,0.0,0.0,7.77,40.54,0.0,0,0,2575,0,0,0,0,5675,,0.18
main,beanstalk,,{},beanstalk,6,100,1000,10,True,1000,17.0313,58.7153,59.3572,488.401,798.324,440.606,24.36,7.36,0.4,67.88,414.91,125.29,6.86,1156.07,13.95,1094.09,7732.3,75.67,771,0,10,377,48,378,358,9,358,896,158.1,36.28,331.38,803.75,798.4,24,0,0,109,382,258,389,4015,,0.35
queue,batched k=1,,"{""batch_k"": 1}",batched,7,100,1000,10,True,1000,61.9147,16.1513,16.4555,336.237,419.891,318.747,6.91,1.81,83.99,7.29,427.62,112.06,5200.39,451.39,105.45,0.0,33970.9,91.45,3761,1031,10,420,68,730,294,25,294,0,0.0,0.0,7.49,60.81,0.0,0,0,2442,0,0,0,0,5500,,0.16
main,beanstalk,,{},beanstalk,5,100,1000,10,True,1000,17.1128,58.4357,69.0617,342.448,681.561,353.579,25.14,7.3,0.38,67.18,430.15,124.88,6.58,1149.67,13.42,1070.85,7581.0,73.83,758,0,10,393,54,449,309,2,309,873,126.76,35.66,255.34,689.01,848.0,24,0,0,89,298,222,460,3962,,0.38
queue,batched-par k=1,,"{""batch_k"": 1}",batched-par,4,100,1000,10,True,1000,49.7694,20.0927,20.525,245.621,420.202,251.329,8.36,2.79,81.37,7.48,415.85,139.03,4049.78,372.27,95.56,0.0,27621.3,92.5,3185,1037,10,549,77,694,357,14,357,0,0.0,0.0,4.66,23.95,0.0,0,0,1814,0,0,0,0,5105,,0.14
queue,batched k=1,,"{""batch_k"": 1}",batched,8,100,1000,10,True,1000,74.633,13.3989,13.5321,402.535,517.564,393.67,5.68,1.76,86.16,6.41,424.03,131.03,6430.14,478.1,86.32,0.0,40762.1,91.03,4493,1397,10,409,54,965,383,16,383,0,0.0,0.0,7.7,41.12,0.0,0,0,3094,0,0,0,0,6301,,0.19
queue,batched-par k=1,,"{""batch_k"": 1}",batched-par,3,100,1000,10,True,1000,48.8548,20.4688,20.3409,264.518,354.219,247.56,8.48,2.61,81.84,7.06,414.47,127.57,3998.44,345.01,69.24,0.0,27093.4,92.43,3174,1026,10,496,83,687,351,17,351,0,0.0,0.0,5.01,45.4,0.0,0,0,1806,0,0,0,0,5038,,0.19
queue,batched-par k=1,,"{""batch_k"": 1}",batched-par,7,100,1000,10,True,1000,43.1231,23.1894,23.9705,224.709,298.402,211.559,9.92,2.71,79.06,8.32,427.62,116.72,3409.26,358.71,87.89,0.0,24098.0,93.14,2804,853,10,445,71,553,302,16,302,0,0.0,0.0,4.44,28.54,0.0,0,0,1486,0,0,0,0,4567,,0.16
queue,batched-par k=1,,"{""batch_k"": 1}",batched-par,5,100,1000,10,True,1000,42.8161,23.3557,24.1031,216.477,295.526,211.814,10.05,2.84,79.61,7.5,430.15,121.53,3408.7,321.23,56.25,0.0,23660.2,92.1,2827,937,10,462,79,543,312,20,312,0,0.0,0.0,4.61,28.37,0.0,0,0,1495,0,0,0,0,4621,,0.21
main,beanstalk,,{},beanstalk,4,100,1000,10,True,1000,21.83,45.8084,47.8859,484.136,994.967,514.297,19.05,6.0,0.32,74.63,415.85,130.98,7.03,1629.14,18.74,1550.6,9178.7,70.08,910,0,10,417,46,370,376,12,376,887,168.9,42.25,394.08,997.49,1019.2,32,0,0,135,526,253,384,4258,,0.48
queue,batched k=1,,"{""batch_k"": 1}",batched,9,100,1000,10,True,1000,62.5968,15.9753,15.5618,343.237,452.974,328.582,6.57,1.73,85.75,5.94,411.35,108.48,5367.89,371.96,111.73,0.0,34408.7,91.61,3797,1070,10,433,73,709,304,25,304,0,0.0,0.0,7.22,45.5,0.0,0,0,2468,0,0,0,0,5559,,0.23
queue,batched-par k=1,,"{""batch_k"": 1}",batched-par,6,100,1000,10,True,1000,54.2976,18.417,18.1983,299.193,399.486,285.941,7.64,2.33,85.44,4.59,414.91,126.78,4638.92,249.15,41.37,0.0,30366.6,93.21,3556,1198,10,431,75,791,393,29,393,0,0.0,0.0,5.49,39.6,0.0,0,0,2134,0,0,0,0,5409,,0.2
queue,batched k=1,,"{""batch_k"": 1}",batched,6,100,1000,10,True,1000,73.9587,13.5211,13.3329,415.107,515.839,399.089,5.61,1.6,88.34,4.45,414.91,118.08,6533.39,329.49,50.49,0.0,40620.6,91.54,4431,1253,10,401,76,976,366,22,366,0,0.0,0.0,8.06,56.86,0.0,0,0,3043,0,0,0,0,6220,,0.29
queue,batched-par k=1,,"{""batch_k"": 1}",batched-par,9,100,1000,10,True,1000,44.0899,22.6809,22.5979,206.565,383.867,221.355,9.33,2.62,81.06,6.99,411.35,115.35,3573.9,308.4,50.33,0.0,24532.2,92.74,2864,910,10,474,70,525,304,26,304,0,0.0,0.0,5.02,38.78,0.0,0,0,1534,0,0,0,0,4668,,0.17
queue,batched-par k=1,,"{""batch_k"": 1}",batched-par,8,100,1000,10,True,1000,52.0445,19.2143,19.6152,270.522,362.767,265.438,8.15,2.65,82.35,6.85,424.03,137.99,4285.98,356.45,55.7,0.0,29054.6,93.04,3435,1203,10,441,52,713,388,23,388,0,0.0,0.0,4.84,34.46,0.0,0,0,2024,0,0,0,0,5287,,0.27
fair,batched k=1 released,,"{""batch_k"": 1, ""queue_agents"": ""released""}",batched,3,100,1000,10,True,1000,72.6878,13.7575,13.4,1729.557,3338.083,1703.972,5.7,2.13,0.0,92.16,414.47,155.13,0.0,6699.18,0.0,0.0,39837.8,91.34,4360,1269,10,692,167,1003,371,14,371,0,0.0,0.0,7.09,55.69,0.0,0,0,2975,0,0,0,0,6437,,0.25
fair,batched k=1 released,,"{""batch_k"": 1, ""queue_agents"": ""released""}",batched,4,100,1000,10,True,1000,74.3353,13.4526,13.96,1758.07,3514.531,1803.383,5.59,2.16,0.0,92.24,415.85,160.76,0.0,6856.91,0.0,0.0,40775.6,91.42,4444,1296,10,736,160,1062,373,19,373,0,0.0,0.0,7.69,43.94,0.0,0,0,3052,0,0,0,0,6572,,0.22
fair,batched k=1 released,,"{""batch_k"": 1, ""queue_agents"": ""released""}",batched,7,100,1000,10,True,1000,67.8276,14.7433,14.7987,1689.36,3042.234,1613.983,6.3,2.24,0.0,91.46,427.62,151.7,0.0,6203.44,0.0,0.0,37085.0,91.13,4113,1182,10,696,148,876,333,20,333,0,0.0,0.0,7.0,40.26,0.0,0,0,2760,0,0,0,0,6162,,0.22
fair,batched k=1 released,,"{""batch_k"": 1, ""queue_agents"": ""released""}",batched,9,100,1000,10,True,1000,71.2397,14.0371,13.2258,1776.948,3461.256,1766.361,5.77,2.22,0.0,92.0,411.35,158.24,0.0,6554.39,0.0,0.0,39233.6,91.79,4310,1195,10,712,161,983,345,30,345,0,0.0,0.0,7.23,43.27,0.0,0,0,2935,0,0,0,0,6397,,0.21
fair,batched k=1 released,,"{""batch_k"": 1, ""queue_agents"": ""released""}",batched,5,100,1000,10,True,1000,71.8604,13.9159,13.9358,1738.867,3310.367,1721.201,5.99,2.3,0.0,91.71,430.15,165.44,0.0,6590.45,0.0,0.0,38955.4,90.35,4284,1282,10,725,173,928,354,21,354,0,0.0,0.0,7.31,41.3,0.0,0,0,2909,0,0,0,0,6384,,0.27
fair,batched k=1 released,,"{""batch_k"": 1, ""queue_agents"": ""released""}",batched,8,100,1000,10,True,1000,75.7227,13.2061,12.8928,1789.856,3550.233,1797.876,5.6,2.11,0.0,92.29,424.03,159.43,0.0,6988.8,0.0,0.0,41745.6,91.88,4569,1439,10,653,126,990,383,19,383,0,0.0,0.0,7.56,39.73,0.0,0,0,3167,0,0,0,0,6624,,0.3
fair,batched k=1 released,,"{""batch_k"": 1, ""queue_agents"": ""released""}",batched,6,100,1000,10,True,1000,77.405,12.9191,13.0263,1890.671,3609.226,1955.735,5.36,2.02,0.0,92.62,414.91,155.99,0.0,7169.6,0.0,0.0,42709.3,91.96,4689,1356,10,667,205,1123,394,20,394,0,0.0,0.0,7.51,44.29,0.0,0,0,3275,0,0,0,0,6770,,0.33
place,beanstalk soft,file-oracle,"{""flag_clean"": 0.0451, ""flag_recall"": 1.0, ""placement_fallback"": ""least-overlap""}",beanstalk,7,100,1000,10,True,1000,16.2992,61.3526,59.3329,431.821,804.604,444.438,26.24,7.42,0.41,65.94,427.62,120.98,6.61,1074.71,10.58,983.55,6979.9,71.37,698,0,10,336,45,446,332,2,332,736,167.6,32.17,347.82,807.1,713.8,23,0,0,86,249,248,449,3775,,0.38
place,beanstalk soft,file-oracle,"{""flag_clean"": 0.0451, ""flag_recall"": 1.0, ""placement_fallback"": ""least-overlap""}",beanstalk,6,100,1000,10,True,1000,18.1766,55.0157,,630.928,1019.69,597.29,22.83,7.1,0.37,69.7,414.91,129.13,6.73,1266.9,4.39,1240.85,8144.9,74.68,812,0,10,316,56,418,396,9,396,710,134.93,36.41,495.46,1039.32,906.9,27,0,0,122,385,283,427,3997,,0.42
place,beanstalk soft,file-oracle,"{""flag_clean"": 0.0451, ""flag_recall"": 1.0, ""placement_fallback"": ""least-overlap""}",beanstalk,4,100,1000,10,True,1000,24.0218,41.6288,40.7687,252.514,598.855,313.926,17.31,5.67,0.31,76.72,415.85,136.12,7.34,1842.87,16.68,1808.65,8633.7,59.9,857,0,10,467,56,401,374,9,374,721,196.18,39.63,206.37,601.93,1146.0,40,0,0,123,439,261,418,4259,,0.47
place,beanstalk soft,file-oracle,"{""flag_clean"": 0.0451, ""flag_recall"": 1.0, ""placement_fallback"": ""least-overlap""}",beanstalk,5,100,1000,10,True,1000,19.4332,51.4582,,633.279,1082.076,641.852,22.13,5.94,0.32,71.6,430.15,115.4,6.31,1391.46,34.89,1270.58,8020.6,68.79,799,0,10,316,75,464,324,6,324,692,164.77,35.74,521.69,1102.36,946.0,22,0,0,98,330,232,469,3899,,0.47
place,beanstalk hard,file-oracle,"{""flag_clean"": 0.0451, ""flag_recall"": 1.0, ""placement_fallback"": ""wait""}",beanstalk,8,100,1000,10,True,1000,24.3635,41.045,,741.982,1243.1,709.502,17.4,2.79,0.19,79.62,424.03,67.89,4.63,1939.8,669.5,1249.12,10133.0,69.32,1005,0,10,35,48,783,303,3,303,0,136.21,30.86,554.48,1268.15,943.6,15,0,0,105,215,201,790,3645,,0.31
place,beanstalk hard,file-oracle,"{""flag_clean"": 0.0451, ""flag_recall"": 1.0, ""placement_fallback"": ""wait""}",beanstalk,9,100,1000,10,True,1000,23.8226,41.9769,59.3728,249.157,509.905,264.648,17.27,2.71,0.19,79.83,411.35,64.56,4.51,1901.85,668.95,1207.14,9743.9,68.17,971,0,10,27,41,797,285,5,285,0,122.91,28.51,193.15,535.63,856.0,12,0,0,78,143,213,828,3562,,0.36
place,beanstalk soft,file-oracle,"{""flag_clean"": 0.0451, ""flag_recall"": 1.0, ""placement_fallback"": ""least-overlap""}",beanstalk,3,100,1000,10,True,1000,20.6306,48.4718,,734.076,1213.421,698.652,20.09,6.26,0.32,73.33,414.47,129.2,6.55,1512.84,15.76,1452.14,8990.1,72.63,894,0,10,337,68,473,351,8,351,685,170.3,44.54,613.2,1232.09,1041.2,40,0,0,107,419,252,475,4047,,0.59
place,beanstalk hard,file-oracle,"{""flag_clean"": 0.0451, ""flag_recall"": 1.0, ""placement_fallback"": ""wait""}",beanstalk,5,100,1000,10,True,1000,23.7068,42.182,52.5045,364.343,881.868,429.844,18.14,2.93,0.2,78.73,430.15,69.35,4.64,1866.54,701.91,1134.38,9691.3,68.13,966,0,10,44,51,808,302,4,302,0,115.09,27.91,335.31,907.23,915.2,14,0,0,78,140,228,826,3623,,0.44
place,beanstalk hard,file-oracle,"{""flag_clean"": 0.0451, ""flag_recall"": 1.0, ""placement_fallback"": ""wait""}",beanstalk,3,100,1000,10,True,1000,22.5986,44.2506,60.2367,381.448,773.276,407.003,18.34,3.04,0.21,78.41,414.47,68.66,4.69,1772.04,619.85,1125.6,9924.8,73.2,983,0,10,50,43,800,301,4,301,0,102.12,29.49,323.88,795.86,871.7,15,0,0,94,171,211,812,3638,,0.59
place,beanstalk soft,file-oracle,"{""flag_clean"": 0.0451, ""flag_recall"": 1.0, ""placement_fallback"": ""least-overlap""}",beanstalk,9,100,1000,10,True,1000,18.7394,53.3635,,684.345,1098.749,676.963,21.95,5.79,0.32,71.94,411.35,108.46,6.07,1348.06,7.0,1321.41,8110.1,72.13,807,0,10,259,50,444,329,11,329,706,109.99,37.33,538.8,1100.61,904.4,23,0,0,109,356,231,451,3801,,0.62
place,beanstalk soft,module-oracle,"{""flag_clean"": 0.7369, ""flag_recall"": 1.0, ""placement_fallback"": ""least-overlap""}",beanstalk,5,100,1000,10,True,1000,18.6411,53.6448,188.1585,341.193,774.826,411.135,23.08,7.05,0.37,69.5,430.15,131.44,6.88,1295.64,17.89,1231.25,7856.1,70.24,780,0,10,420,45,435,322,2,322,990,124.9,36.57,311.5,795.54,878.0,26,0,0,94,334,230,446,4025,,0.24
place,beanstalk soft,file-oracle,"{""flag_clean"": 0.0451, ""flag_recall"": 1.0, ""placement_fallback"": ""least-overlap""}",beanstalk,8,100,1000,10,True,1000,20.4064,49.0042,,640.404,984.699,557.336,20.78,5.86,0.3,73.05,424.03,119.68,6.17,1490.77,37.82,1315.49,8717.0,71.2,866,0,10,236,41,408,372,10,372,703,198.54,41.82,412.41,993.85,899.3,32,0,0,134,446,248,420,3907,,0.64
place,beanstalk soft,module-oracle,"{""flag_clean"": 0.7369, ""flag_recall"": 1.0, ""placement_fallback"": ""least-overlap""}",beanstalk,3,100,1000,10,True,1000,20.2592,49.3602,53.0913,246.098,505.381,287.956,20.46,6.25,0.34,72.95,414.47,126.68,6.8,1477.98,12.0,1428.94,8320.3,68.45,828,0,10,409,43,451,339,5,339,984,200.01,36.1,194.72,510.37,969.9,24,0,0,113,362,231,466,4095,,0.43
place,beanstalk hard,file-oracle,"{""flag_clean"": 0.0451, ""flag_recall"": 1.0, ""placement_fallback"": ""wait""}",beanstalk,6,100,1000,10,True,1000,23.2987,42.9209,,769.476,1299.989,760.717,17.81,2.98,0.2,79.01,414.91,69.44,4.68,1840.84,554.6,1263.92,9752.7,69.77,975,0,10,47,41,800,320,5,320,0,96.58,28.2,639.85,1336.08,923.1,15,0,0,97,173,228,802,3668,,0.54
place,beanstalk soft,module-oracle,"{""flag_clean"": 0.7369, ""flag_recall"": 1.0, ""placement_fallback"": ""least-overlap""}",beanstalk,6,100,1000,10,True,1000,20.6632,48.3952,,664.785,1124.44,687.182,20.08,6.34,0.33,73.26,414.91,130.96,6.74,1513.71,8.74,1443.39,8627.4,69.59,860,0,10,351,43,403,384,7,384,986,181.63,39.74,518.12,1129.65,937.9,38,0,0,123,445,268,415,4105,,0.24
place,beanstalk soft,module-oracle,"{""flag_clean"": 0.7369, ""flag_recall"": 1.0, ""placement_fallback"": ""least-overlap""}",beanstalk,4,100,1000,10,True,1000,23.3856,42.7613,38.7557,408.853,885.482,467.422,17.78,5.9,0.3,76.02,415.85,138.06,6.96,1777.69,10.08,1729.81,8600.8,61.3,850,0,10,427,63,455,353,7,353,980,319.01,37.48,333.43,894.97,1211.7,23,0,0,112,379,248,471,4149,,0.45
place,beanstalk soft,module-oracle,"{""flag_clean"": 0.7369, ""flag_recall"": 1.0, ""placement_fallback"": ""least-overlap""}",beanstalk,7,100,1000,10,True,1000,15.8678,63.0209,276.2355,407.743,692.833,367.621,26.95,7.5,0.42,65.14,427.62,118.96,6.59,1033.61,3.01,1017.03,6913.6,72.62,691,0,10,373,51,428,291,7,291,986,116.9,34.13,270.92,697.07,748.8,31,0,0,87,251,212,440,3780,,0.23
place,beanstalk hard,file-oracle,"{""flag_clean"": 0.0451, ""flag_recall"": 1.0, ""placement_fallback"": ""wait""}",beanstalk,7,100,1000,10,True,1000,25.0306,39.9511,72.8706,366.898,634.039,356.219,17.08,2.52,0.18,80.22,427.62,63.02,4.48,2007.95,817.8,1166.67,9761.2,65.0,974,0,10,28,42,806,280,4,280,0,208.52,28.79,263.2,657.88,914.1,11,0,0,80,150,205,824,3561,,0.56
place,beanstalk soft,module-oracle,"{""flag_clean"": 0.7369, ""flag_recall"": 1.0, ""placement_fallback"": ""least-overlap""}",beanstalk,9,100,1000,10,True,1000,17.2148,58.0895,171.5441,333.813,735.922,388.692,23.9,7.14,0.4,68.57,411.35,122.9,6.82,1180.41,4.85,1171.74,7655.8,74.12,762,0,10,405,54,415,325,6,325,979,139.69,34.99,299.53,736.16,875.4,22,0,0,97,337,235,425,3972,,0.23
place,beanstalk hard,module-oracle,"{""flag_clean"": 0.7369, ""flag_recall"": 1.0, ""placement_fallback"": ""wait""}",beanstalk,3,100,1000,10,True,1000,114.3131,8.7479,9.2885,20.752,84.133,30.017,3.63,0.32,0.03,96.02,414.47,36.89,3.79,10976.16,10419.02,116.42,12886.1,18.79,1284,0,8,8,3,733,212,1,212,0,68.13,23.27,23.08,205.99,89.6,3,0,0,70,71,151,1213,3724,,0.19
place,beanstalk hard,module-oracle,"{""flag_clean"": 0.7369, ""flag_recall"": 1.0, ""placement_fallback"": ""wait""}",beanstalk,5,100,1000,10,True,1000,120.4244,8.304,9.2145,15.724,79.793,27.352,3.57,0.27,0.03,96.13,430.15,32.22,3.69,11576.39,10919.67,86.5,12562.5,17.39,1251,0,6,4,3,656,184,2,184,0,100.86,23.58,21.64,184.39,110.3,3,0,0,62,64,136,1187,3629,,0.2
place,beanstalk hard,file-oracle,"{""flag_clean"": 0.0451, ""flag_recall"": 1.0, ""placement_fallback"": ""wait""}",beanstalk,4,100,1000,10,True,1000,22.7909,43.8772,65.5802,331.411,692.954,345.338,18.25,2.71,0.2,78.84,415.85,61.85,4.5,1796.89,621.94,1154.33,9728.2,71.14,965,0,10,30,57,765,287,3,287,0,81.56,29.51,276.13,717.01,824.1,13,0,0,96,182,196,783,3561,,0.71
place,beanstalk hard,module-oracle,"{""flag_clean"": 0.7369, ""flag_recall"": 1.0, ""placement_fallback"": ""wait""}",beanstalk,8,100,1000,10,True,1000,116.6767,8.5707,9.1503,17.868,117.739,33.998,3.63,0.32,0.03,96.01,424.03,37.31,3.69,11202.64,10725.58,24.88,12755.1,18.22,1266,0,7,2,3,686,191,2,191,0,61.94,25.02,28.89,252.54,36.3,4,0,0,70,71,134,1195,3654,,0.19
place,beanstalk soft,module-level,"{""flag_clean"": 0.9033, ""flag_recall"": 0.9402, ""placement_fallback"": ""least-overlap""}",beanstalk,5,100,1000,10,True,1000,16.6785,59.9576,85.1719,339.357,554.338,306.215,25.79,7.61,0.41,66.18,430.15,127.0,6.88,1103.81,4.92,1084.83,7347.9,73.43,729,0,10,410,50,430,321,9,321,994,143.81,33.43,231.68,561.31,796.9,19,0,0,96,290,234,439,3950,,0.2
place,beanstalk hard,module-level,"{""flag_clean"": 0.9033, ""flag_recall"": 0.9402, ""placement_fallback"": ""wait""}",beanstalk,3,100,1000,10,True,1000,179.0192,5.586,5.7365,11.241,66.71,22.136,2.32,0.19,0.02,97.48,414.47,33.55,3.7,17450.19,16713.72,66.91,12765.6,11.88,1269,0,6,7,0,504,197,2,197,0,66.71,23.21,17.72,139.22,68.3,3,0,0,69,69,140,1200,3679,,0.15
place,beanstalk soft,module-level,"{""flag_clean"": 0.9033, ""flag_recall"": 0.9402, ""placement_fallback"": ""least-overlap""}",beanstalk,7,100,1000,10,True,1000,16.1629,61.87,,487.989,872.861,514.768,26.46,7.85,0.41,65.29,427.62,126.84,6.59,1055.24,8.89,982.35,7059.5,72.8,705,0,10,377,56,504,308,3,308,997,120.87,31.01,397.73,876.14,741.1,18,0,0,83,195,228,510,3837,,0.2
place,beanstalk soft,module-level,"{""flag_clean"": 0.9033, ""flag_recall"": 0.9402, ""placement_fallback"": ""least-overlap""}",beanstalk,9,100,1000,10,True,1000,18.0028,55.5469,84.8159,302.064,555.615,319.515,22.85,6.72,0.37,70.06,411.35,120.95,6.68,1261.29,3.44,1222.64,7806.8,72.27,783,0,10,393,48,488,315,7,315,991,130.38,34.1,248.43,556.8,914.4,23,0,0,96,283,227,500,3976,,0.19
place,beanstalk hard,module-oracle,"{""flag_clean"": 0.7369, ""flag_recall"": 1.0, ""placement_fallback"": ""wait""}",beanstalk,7,100,1000,10,True,1000,114.5139,8.7326,8.9695,12.009,70.162,24.251,3.73,0.27,0.03,95.96,427.62,30.96,3.65,10989.15,10405.39,125.09,12372.7,18.01,1231,0,6,7,7,582,167,1,167,0,62.39,23.81,17.23,125.13,102.9,3,0,0,60,61,120,1170,3580,,0.31
place,beanstalk hard,module-oracle,"{""flag_clean"": 0.7369, ""flag_recall"": 1.0, ""placement_fallback"": ""wait""}",beanstalk,6,100,1000,10,True,1000,111.2526,8.9886,9.3357,23.199,128.288,37.284,3.73,0.35,0.03,95.89,414.91,38.5,3.79,10668.06,10136.46,115.54,13061.3,19.57,1302,0,7,4,3,765,220,0,220,0,55.6,23.54,27.8,241.19,66.2,4,0,0,80,80,151,1222,3750,,0.34
place,beanstalk hard,module-oracle,"{""flag_clean"": 0.7369, ""flag_recall"": 1.0, ""placement_fallback"": ""wait""}",beanstalk,4,100,1000,10,True,1000,113.3461,8.8225,9.1697,17.273,85.204,29.492,3.67,0.33,0.03,95.97,415.85,37.75,3.74,10877.27,10301.33,170.44,13026.4,19.15,1296,0,8,9,7,698,203,3,203,0,85.37,24.13,21.76,164.43,142.7,3,0,0,87,88,138,1208,3723,,0.4
place,beanstalk soft,module-oracle,"{""flag_clean"": 0.7369, ""flag_recall"": 1.0, ""placement_fallback"": ""least-overlap""}",beanstalk,8,100,1000,10,True,1000,17.8637,55.9795,,677.492,1053.251,646.674,23.74,7.96,0.38,67.92,424.03,142.25,6.7,1213.39,7.51,1103.27,8019.3,74.82,797,0,10,376,37,467,357,8,357,990,107.79,35.01,520.27,1055.99,844.9,24,0,0,120,326,245,471,4060,,0.52
place,beanstalk hard,module-level,"{""flag_clean"": 0.9033, ""flag_recall"": 0.9402, ""placement_fallback"": ""wait""}",beanstalk,6,100,1000,10,True,1000,184.6048,5.417,5.7257,11.513,75.697,24.181,2.25,0.2,0.02,97.53,414.91,37.48,3.76,18004.32,17123.12,137.25,12920.6,11.67,1285,0,6,10,4,547,208,2,208,0,58.08,23.66,20.94,200.45,57.3,3,0,0,74,74,145,1211,3722,,0.16
place,beanstalk soft,module-level,"{""flag_clean"": 0.9033, ""flag_recall"": 0.9402, ""placement_fallback"": ""least-overlap""}",beanstalk,3,100,1000,10,True,1000,18.5429,53.9289,56.6156,397.308,837.668,428.293,22.35,6.99,0.38,70.28,414.47,129.55,7.04,1303.24,2.24,1287.48,8400.7,75.51,833,0,10,459,50,448,339,6,339,992,185.72,37.42,347.67,840.94,930.9,21,0,0,109,378,236,455,4182,,0.35
place,beanstalk soft,module-level,"{""flag_clean"": 0.9033, ""flag_recall"": 0.9402, ""placement_fallback"": ""least-overlap""}",beanstalk,4,100,1000,10,True,1000,23.2272,43.0529,45.8239,338.558,810.922,430.16,17.9,6.0,0.31,75.78,415.85,139.4,7.29,1760.17,7.87,1724.35,8845.9,63.47,878,0,10,484,55,371,349,12,349,989,260.81,41.72,294.67,811.99,1177.6,28,0,0,124,493,238,384,4277,,0.35
place,beanstalk hard,module-level,"{""flag_clean"": 0.9033, ""flag_recall"": 0.9402, ""placement_fallback"": ""wait""}",beanstalk,7,100,1000,10,True,1000,182.838,5.4693,5.6089,10.845,55.11,19.213,2.34,0.16,0.02,97.49,427.62,28.52,3.59,17824.08,16922.76,108.17,12262.6,11.18,1222,0,5,7,4,393,157,1,157,0,87.41,23.35,16.33,205.66,103.1,3,0,0,59,59,112,1163,3550,,0.15
place,beanstalk hard,module-level,"{""flag_clean"": 0.9033, ""flag_recall"": 0.9402, ""placement_fallback"": ""wait""}",beanstalk,8,100,1000,10,True,1000,185.0306,5.4045,5.5353,11.485,69.518,23.303,2.29,0.2,0.02,97.48,424.03,37.74,3.69,18037.6,17287.64,37.27,12919.4,11.64,1273,0,5,13,2,516,186,1,186,0,59.57,24.68,20.81,202.54,24.4,3,0,0,77,78,128,1195,3672,,0.15
place,beanstalk hard,module-level,"{""flag_clean"": 0.9033, ""flag_recall"": 0.9402, ""placement_fallback"": ""wait""}",beanstalk,9,100,1000,10,True,1000,180.3435,5.545,5.5436,11.197,54.519,20.427,2.28,0.18,0.02,97.52,411.35,31.86,3.66,17587.48,16791.98,113.8,12807.4,11.84,1272,0,5,5,4,481,185,0,185,0,55.9,23.44,17.65,129.74,68.0,3,0,0,75,75,130,1197,3652,,0.15
place,beanstalk soft,module-level,"{""flag_clean"": 0.9033, ""flag_recall"": 0.9402, ""placement_fallback"": ""least-overlap""}",beanstalk,6,100,1000,10,True,1000,17.4707,57.2385,117.5018,369.236,579.729,344.37,23.75,7.25,0.4,68.6,414.91,126.69,6.94,1198.53,3.81,1179.87,7410.0,70.69,739,0,10,392,54,339,333,7,333,993,162.79,37.95,241.24,583.93,855.5,23,0,0,105,391,235,348,3918,,0.36
place,beanstalk hard,module-level,"{""flag_clean"": 0.9033, ""flag_recall"": 0.9402, ""placement_fallback"": ""wait""}",beanstalk,4,100,1000,10,True,1000,187.4838,5.3338,5.5874,11.424,61.933,22.129,2.22,0.2,0.02,97.57,415.85,36.88,3.72,18291.92,17548.23,29.38,12870.6,11.44,1282,0,6,12,0,538,200,1,200,0,65.76,23.87,19.0,139.45,87.5,3,0,0,79,79,136,1203,3707,,0.3
place,beanstalk hard,module-level,"{""flag_clean"": 0.9033, ""flag_recall"": 0.9402, ""placement_fallback"": ""wait""}",beanstalk,5,100,1000,10,True,1000,187.3695,5.337,5.7607,11.501,66.986,22.498,2.3,0.18,0.02,97.5,430.15,34.64,3.69,18268.47,17322.29,108.15,12665.0,11.27,1262,0,5,14,2,508,184,0,184,0,81.32,23.46,20.51,218.41,86.1,3,0,0,68,68,133,1194,3658,,0.28
place,beanstalk soft,module-level,"{""flag_clean"": 0.9033, ""flag_recall"": 0.9402, ""placement_fallback"": ""least-overlap""}",beanstalk,8,100,1000,10,True,1000,19.7422,50.653,65.8396,360.068,720.862,391.558,21.48,6.52,0.34,71.66,424.03,128.71,6.67,1414.81,28.66,1265.65,8493.6,71.7,844,0,10,373,45,355,339,9,339,992,195.36,43.11,280.78,725.99,950.1,31,0,0,116,471,232,373,4056,,0.37
place,beanstalk hard,module-oracle,"{""flag_clean"": 0.7369, ""flag_recall"": 1.0, ""placement_fallback"": ""wait""}",beanstalk,9,100,1000,10,True,1000,113.5995,8.8029,9.0756,16.286,84.525,28.152,3.62,0.3,0.03,96.05,411.35,33.89,3.72,10910.99,10340.83,160.86,12647.7,18.56,1256,0,6,9,6,674,192,1,192,0,79.98,23.51,20.42,140.92,104.9,3,0,0,63,63,139,1193,3659,,0.47
place,beanstalk soft,predicted,"{""flag_clean"": 0.1733, ""flag_recall"": 0.5812, ""placement_fallback"": ""least-overlap""}",beanstalk,3,100,1000,10,True,1000,17.668,56.5993,,541.313,993.803,563.18,23.46,6.95,0.39,69.2,414.47,122.79,6.89,1222.66,26.61,1133.18,8032.8,75.78,798,0,10,419,54,437,314,6,314,914,152.95,39.85,482.77,1011.11,869.6,29,0,0,100,358,220,440,4009,,0.25
place,beanstalk soft,predicted,"{""flag_clean"": 0.1733, ""flag_recall"": 0.5812, ""placement_fallback"": ""least-overlap""}",beanstalk,7,100,1000,10,True,1000,15.0414,66.4832,,592.21,883.939,569.61,28.43,8.42,0.44,62.7,427.62,126.68,6.69,943.15,4.8,894.54,6762.3,74.93,676,0,10,403,41,422,288,5,288,902,180.45,34.47,451.24,902.48,673.7,21,0,0,80,253,213,423,3830,,0.25
place,beanstalk hard,predicted,"{""flag_clean"": 0.1733, ""flag_recall"": 0.5812, ""placement_fallback"": ""wait""}",beanstalk,5,100,1000,10,True,1000,33.2271,30.0959,34.289,133.128,647.654,217.813,12.95,1.84,0.13,85.09,430.15,61.03,4.29,2827.24,2078.89,658.74,12267.9,61.54,1219,0,10,84,25,1078,232,3,232,0,81.96,25.14,189.48,740.52,475.7,7,0,0,62,69,174,1150,3837,,0.22
place,beanstalk hard,predicted,"{""flag_clean"": 0.1733, ""flag_recall"": 0.5812, ""placement_fallback"": ""wait""}",beanstalk,6,100,1000,10,True,1000,31.2588,31.991,53.58,144.948,480.972,174.562,13.27,2.11,0.14,84.47,414.91,66.05,4.47,2640.44,1846.06,708.66,12691.0,67.67,1266,0,10,84,27,1107,280,3,280,0,74.45,25.57,140.63,541.84,536.6,9,0,0,88,105,196,1161,3983,,0.22
place,beanstalk hard,predicted,"{""flag_clean"": 0.1733, ""flag_recall"": 0.5812, ""placement_fallback"": ""wait""}",beanstalk,4,100,1000,10,True,1000,32.8471,30.4441,37.2359,231.753,804.347,300.927,12.66,2.01,0.14,85.2,415.85,65.99,4.44,2798.43,2138.2,579.69,12378.4,62.81,1231,0,10,112,22,1097,247,4,247,0,98.85,25.81,253.61,861.18,478.6,8,0,0,86,101,165,1130,3938,,0.28
place,beanstalk soft,predicted,"{""flag_clean"": 0.1733, ""flag_recall"": 0.5812, ""placement_fallback"": ""least-overlap""}",beanstalk,6,100,1000,10,True,1000,17.0313,58.7153,59.3572,488.401,798.324,440.606,24.36,7.36,0.4,67.88,414.91,125.29,6.86,1156.07,13.95,1094.09,7732.3,75.67,771,0,10,377,48,378,358,9,358,896,158.1,36.28,331.38,803.75,798.4,24,0,0,109,382,258,389,4015,,0.36
place,beanstalk soft,predicted,"{""flag_clean"": 0.1733, ""flag_recall"": 0.5812, ""placement_fallback"": ""least-overlap""}",beanstalk,4,100,1000,10,True,1000,21.83,45.8084,47.8859,484.136,994.967,514.297,19.05,6.0,0.32,74.63,415.85,130.98,7.03,1629.14,18.74,1550.6,9178.7,70.08,910,0,10,417,46,370,376,12,376,887,168.9,42.25,394.08,997.49,1019.2,32,0,0,135,526,253,384,4258,,0.39
place,beanstalk hard,predicted,"{""flag_clean"": 0.1733, ""flag_recall"": 0.5812, ""placement_fallback"": ""wait""}",beanstalk,7,100,1000,10,True,1000,32.3868,30.8768,30.7237,181.04,604.118,232.312,13.2,1.79,0.13,84.87,427.62,58.12,4.2,2748.73,2063.82,587.53,12169.4,62.63,1218,0,10,85,18,1108,208,1,208,0,88.37,26.0,205.36,666.08,467.5,6,0,0,62,74,150,1144,3796,,0.31
place,beanstalk hard,predicted,"{""flag_clean"": 0.1733, ""flag_recall"": 0.5812, ""placement_fallback"": ""wait""}",beanstalk,3,100,1000,10,True,1000,33.8487,29.5432,33.1677,221.047,627.014,249.575,12.24,2.07,0.13,85.55,414.47,70.12,4.42,2895.86,2001.24,805.68,12486.5,61.48,1242,0,10,111,22,1120,250,4,250,0,109.37,25.96,219.83,735.99,639.7,7,0,0,66,75,188,1167,3957,,0.36
place,beanstalk hard,predicted,"{""flag_clean"": 0.1733, ""flag_recall"": 0.5812, ""placement_fallback"": ""wait""}",beanstalk,9,100,1000,10,True,1000,31.3756,31.8719,36.0537,159.39,504.154,190.302,13.11,1.95,0.14,84.8,411.35,61.09,4.32,2660.8,1899.6,681.57,12218.6,64.91,1218,0,10,88,19,1078,232,1,232,0,110.69,25.51,159.49,562.14,475.2,7,0,0,67,77,168,1140,3846,,0.28
place,beanstalk soft,hot-file-rule,"{""flag_clean"": 0.02, ""flag_recall"": 0.3, ""placement_fallback"": ""least-overlap""}",beanstalk,4,100,1000,10,True,1000,19.0833,52.4019,74.936,351.048,629.324,376.617,21.79,7.1,0.37,70.75,415.85,135.41,7.02,1350.05,39.16,1204.63,8293.7,72.43,820,0,10,422,72,434,357,4,357,395,157.58,37.98,281.21,633.04,898.3,33,0,0,112,382,249,438,4118,,0.27
place,beanstalk soft,predicted,"{""flag_clean"": 0.1733, ""flag_recall"": 0.5812, ""placement_fallback"": ""least-overlap""}",beanstalk,9,100,1000,10,True,1000,18.768,53.2822,105.8684,187.229,476.521,244.181,21.92,6.32,0.35,71.42,411.35,118.58,6.51,1340.36,26.6,1147.86,7357.1,65.33,738,0,10,379,60,438,295,9,295,868,164.97,34.07,165.42,480.38,866.7,17,0,0,87,268,217,470,3886,,0.41
place,beanstalk soft,predicted,"{""flag_clean"": 0.1733, ""flag_recall"": 0.5812, ""placement_fallback"": ""least-overlap""}",beanstalk,8,100,1000,10,True,1000,19.4787,51.3382,57.2245,296.601,543.04,310.354,21.77,6.62,0.34,71.27,424.03,128.88,6.65,1388.31,8.28,1335.74,8264.2,70.71,821,0,10,334,29,406,361,8,361,873,200.18,38.09,204.09,546.18,951.6,30,0,0,120,400,249,421,3992,,0.44
place,beanstalk hard,predicted,"{""flag_clean"": 0.1733, ""flag_recall"": 0.5812, ""placement_fallback"": ""wait""}",beanstalk,8,100,1000,10,True,1000,32.0317,31.2191,33.4258,277.157,701.173,300.824,13.24,2.01,0.13,84.61,424.03,64.53,4.29,2710.32,1962.97,664.13,12583.3,65.47,1248,0,10,83,23,1093,237,2,237,0,78.49,27.22,265.89,790.52,489.3,8,0,0,83,99,157,1149,3886,,0.34
place,beanstalk soft,hot-file-rule,"{""flag_clean"": 0.02, ""flag_recall"": 0.3, ""placement_fallback"": ""least-overlap""}",beanstalk,5,100,1000,10,True,1000,17.0495,58.6528,,614.038,977.378,584.38,25.23,7.24,0.38,67.14,430.15,123.5,6.53,1144.77,5.84,1122.03,7676.0,75.04,765,0,10,364,53,436,314,5,314,383,142.35,35.19,472.36,982.7,848.1,21,0,0,95,317,224,448,3916,,0.28
place,beanstalk soft,predicted,"{""flag_clean"": 0.1733, ""flag_recall"": 0.5812, ""placement_fallback"": ""least-overlap""}",beanstalk,5,100,1000,10,True,1000,17.1128,58.4357,69.0617,342.448,681.561,353.579,25.14,7.3,0.38,67.18,430.15,124.88,6.58,1149.67,13.42,1070.85,7581.0,73.83,758,0,10,393,54,449,309,2,309,873,126.76,35.66,255.34,689.01,848.0,24,0,0,89,298,222,460,3962,,0.51
place,beanstalk soft,hot-file-rule,"{""flag_clean"": 0.02, ""flag_recall"": 0.3, ""placement_fallback"": ""least-overlap""}",beanstalk,3,100,1000,10,True,1000,18.5005,54.0526,,629.143,1008.78,584.545,22.4,6.86,0.36,70.37,414.47,126.97,6.71,1301.9,9.59,1218.95,7681.2,69.2,768,0,10,373,52,505,348,3,348,368,102.32,31.87,464.15,1012.0,859.7,20,0,0,94,251,257,517,3989,,0.42
place,beanstalk module soft,module sets,"{""placement_fallback"": ""least-overlap"", ""placement_model"": ""module""}",beanstalk,4,100,1000,10,True,1000,21.7352,46.0083,59.4249,295.965,588.503,335.934,19.13,6.44,0.34,74.08,415.85,140.01,7.49,1610.17,7.38,1565.71,8422.1,64.58,837,0,10,521,49,393,342,10,342,912,244.38,38.91,236.99,592.42,1095.0,27,0,0,114,427,238,410,4274,,0.14
place,beanstalk soft,hot-file-rule,"{""flag_clean"": 0.02, ""flag_recall"": 0.3, ""placement_fallback"": ""least-overlap""}",beanstalk,6,100,1000,10,True,1000,18.9935,52.6497,,693.402,1106.666,681.801,21.85,6.53,0.35,71.28,414.91,123.99,6.57,1353.87,9.58,1305.72,8557.9,75.1,854,0,10,302,47,447,384,12,384,356,155.0,37.1,557.51,1127.18,937.2,25,0,0,121,405,275,449,4002,,0.33
place,beanstalk module soft,module sets,"{""placement_fallback"": ""least-overlap"", ""placement_model"": ""module""}",beanstalk,3,100,1000,10,True,1000,19.2456,51.9598,137.5542,322.86,717.641,358.631,21.54,6.99,0.36,71.11,414.47,134.56,6.98,1368.56,2.93,1346.04,7946.0,68.81,790,0,10,444,48,430,333,9,333,919,195.42,36.86,275.39,718.31,982.8,23,0,0,106,349,236,441,4104,,0.15
place,beanstalk soft,hot-file-rule,"{""flag_clean"": 0.02, ""flag_recall"": 0.3, ""placement_fallback"": ""least-overlap""}",beanstalk,7,100,1000,10,True,1000,17.471,57.2376,,681.687,1012.83,634.413,24.48,6.74,0.38,68.41,427.62,117.7,6.57,1195.21,5.03,1185.28,7320.6,69.84,730,0,10,354,53,417,313,7,313,412,151.89,34.34,492.48,1015.92,879.3,19,0,0,91,309,229,421,3821,,0.32
place,beanstalk soft,hot-file-rule,"{""flag_clean"": 0.02, ""flag_recall"": 0.3, ""placement_fallback"": ""least-overlap""}",beanstalk,9,100,1000,10,True,1000,18.0263,55.4744,83.1461,223.794,488.511,257.093,22.82,7.06,0.38,69.74,411.35,127.27,6.88,1257.13,8.32,1221.17,7468.2,69.05,746,0,10,397,69,378,343,7,343,466,211.92,35.14,160.71,489.47,910.3,28,0,0,102,344,248,402,3977,,0.27
place,beanstalk hard,hot-file-rule,"{""flag_clean"": 0.02, ""flag_recall"": 0.3, ""placement_fallback"": ""wait""}",beanstalk,4,100,1000,10,True,1000,20.814,48.0446,43.8425,639.826,1079.69,609.708,19.98,5.37,0.29,74.36,415.85,111.75,5.97,1547.83,277.81,1259.93,9234.9,73.95,913,0,10,285,56,618,338,6,338,0,130.3,33.22,480.58,1086.13,1005.1,19,0,0,118,289,226,624,4045,,0.24
place,beanstalk hard,hot-file-rule,"{""flag_clean"": 0.02, ""flag_recall"": 0.3, ""placement_fallback"": ""wait""}",beanstalk,5,100,1000,10,True,1000,19.9062,50.2356,110.2425,217.453,543.743,240.879,21.61,5.35,0.29,72.74,430.15,106.58,5.87,1448.02,382.78,1059.66,8218.2,68.81,818,0,10,297,56,559,294,4,294,0,113.37,31.49,168.98,551.94,807.1,20,0,0,86,217,214,601,3880,,0.22
place,beanstalk module soft,module sets,"{""placement_fallback"": ""least-overlap"", ""placement_model"": ""module""}",beanstalk,5,100,1000,10,True,1000,16.8665,59.289,77.2788,252.747,330.457,222.635,25.5,7.93,0.42,66.14,430.15,133.82,7.11,1115.57,11.77,1047.52,7118.9,70.35,706,0,10,448,58,396,328,5,328,909,179.82,33.32,147.16,336.57,780.0,24,0,0,85,291,248,415,3973,,0.15
place,beanstalk soft,hot-file-rule,"{""flag_clean"": 0.02, ""flag_recall"": 0.3, ""placement_fallback"": ""least-overlap""}",beanstalk,8,100,1000,10,True,1000,19.8804,50.3009,78.2194,321.125,604.385,344.14,21.33,6.63,0.33,71.71,424.03,131.88,6.58,1425.55,3.43,1402.4,8509.8,71.34,843,0,10,324,41,436,375,6,375,380,102.23,36.74,253.26,612.89,981.1,26,0,0,124,397,257,446,4036,,0.33
place,beanstalk hard,hot-file-rule,"{""flag_clean"": 0.02, ""flag_recall"": 0.3, ""placement_fallback"": ""wait""}",beanstalk,7,100,1000,10,True,1000,20.5074,48.7628,55.0626,254.424,579.953,285.126,20.85,4.6,0.27,74.28,427.62,94.36,5.56,1523.2,272.02,1229.56,7919.8,64.36,789,0,10,234,32,585,272,7,272,0,136.47,30.16,186.26,593.34,828.4,17,0,0,77,178,203,611,3700,,0.23
place,beanstalk hard,hot-file-rule,"{""flag_clean"": 0.02, ""flag_recall"": 0.3, ""placement_fallback"": ""wait""}",beanstalk,3,100,1000,10,True,1000,20.4001,49.0194,135.9237,351.111,766.65,389.31,20.32,4.94,0.29,74.45,414.47,100.83,5.86,1518.85,347.95,1164.91,8284.2,67.68,825,0,10,286,37,586,300,3,300,0,103.7,30.59,294.53,774.09,827.8,15,0,0,90,219,214,606,3872,,0.31
place,beanstalk module soft,module sets,"{""placement_fallback"": ""least-overlap"", ""placement_model"": ""module""}",beanstalk,6,100,1000,10,True,1000,20.7967,48.0846,70.044,301.384,493.779,297.22,19.95,6.97,0.35,72.73,414.91,144.9,7.25,1512.6,1.78,1493.49,8906.3,71.38,886,0,10,403,47,372,426,10,426,892,292.74,40.21,193.55,499.57,1031.0,38,0,0,134,498,302,388,4283,,0.17
place,beanstalk hard,hot-file-rule,"{""flag_clean"": 0.02, ""flag_recall"": 0.3, ""placement_fallback"": ""wait""}",beanstalk,8,100,1000,10,True,1000,20.3837,49.0588,161.9267,426.574,850.678,451.769,20.8,5.38,0.28,73.54,424.03,109.59,5.71,1499.04,227.25,1263.85,8818.3,72.1,877,0,10,228,30,590,331,5,331,0,124.01,33.43,339.95,861.1,887.0,22,0,0,110,281,226,596,3887,,0.25
place,beanstalk module hard,module sets,"{""placement_fallback"": ""wait"", ""placement_model"": ""module""}",beanstalk,3,100,1000,10,True,1000,347.0456,2.8815,2.8932,10.866,51.774,18.449,1.19,0.09,0.01,98.7,414.47,31.78,3.68,34254.63,33308.5,87.02,12875.0,6.18,1278,0,7,5,2,382,197,0,197,0,66.36,22.87,24.4,211.22,22.6,3,0,0,71,72,137,1206,3682,,0.07
place,beanstalk module hard,module sets,"{""placement_fallback"": ""wait"", ""placement_model"": ""module""}",beanstalk,4,100,1000,10,True,1000,352.5039,2.8368,2.8235,10.853,53.054,18.685,1.18,0.1,0.01,98.71,415.85,34.47,3.69,34796.37,34150.13,109.4,12943.4,6.12,1284,0,8,10,1,391,195,1,195,0,58.92,23.49,24.67,220.17,54.6,3,0,0,78,79,133,1205,3695,,0.07
place,beanstalk hard,hot-file-rule,"{""flag_clean"": 0.02, ""flag_recall"": 0.3, ""placement_fallback"": ""wait""}",beanstalk,9,100,1000,10,True,1000,19.4785,51.3386,60.9727,359.493,778.764,413.604,21.12,5.05,0.28,73.55,411.35,98.41,5.53,1432.57,279.46,1148.05,7994.2,68.4,798,0,10,230,49,575,283,5,283,0,94.04,31.67,321.25,786.25,846.5,15,0,0,85,212,203,586,3713,,0.24
place,beanstalk module hard,module sets,"{""placement_fallback"": ""wait"", ""placement_model"": ""module""}",beanstalk,7,100,1000,10,True,1000,345.4717,2.8946,2.8071,10.655,44.709,16.839,1.24,0.08,0.01,98.67,427.62,27.1,3.56,34088.9,33524.78,60.01,12349.5,5.96,1235,0,10,5,2,324,154,3,154,0,56.79,23.28,24.37,269.09,48.8,2,0,0,66,66,113,1169,3556,,0.07
place,beanstalk hard,hot-file-rule,"{""flag_clean"": 0.02, ""flag_recall"": 0.3, ""placement_fallback"": ""wait""}",beanstalk,6,100,1000,10,True,1000,20.2125,49.4743,48.5168,507.419,973.511,502.191,20.53,5.27,0.29,73.91,414.91,106.56,5.89,1493.89,206.99,1281.33,8580.1,70.75,853,0,10,262,38,553,337,6,337,0,123.2,32.88,404.03,978.79,897.5,22,0,0,104,286,239,567,3922,,0.3
place,beanstalk module hard,module sets,"{""placement_fallback"": ""wait"", ""placement_model"": ""module""}",beanstalk,5,100,1000,10,True,1000,352.5864,2.8362,2.831,10.768,77.258,24.894,1.22,0.09,0.01,98.68,430.15,30.82,3.63,34794.04,34142.76,212.47,12482.6,5.9,1244,0,9,4,1,372,178,0,178,0,68.15,23.18,25.56,289.62,67.2,5,0,0,59,59,131,1185,3608,,0.1
place,beanstalk module soft,module sets,"{""placement_fallback"": ""least-overlap"", ""placement_model"": ""module""}",beanstalk,7,100,1000,10,True,1000,16.8356,59.3981,,558.295,992.365,614.955,25.4,7.35,0.4,66.85,427.62,123.79,6.7,1125.45,5.04,1089.64,7221.7,71.49,721,0,10,394,41,432,307,5,307,905,138.36,34.35,490.24,995.09,763.3,23,0,0,91,286,221,435,3898,,0.17
place,beanstalk module hard,module sets,"{""placement_fallback"": ""wait"", ""placement_model"": ""module""}",beanstalk,8,100,1000,10,True,1000,363.4953,2.7511,2.714,10.858,55.363,19.228,1.17,0.1,0.01,98.73,424.03,35.7,3.64,35886.17,35270.59,0.0,12798.1,5.87,1272,0,8,1,0,383,186,4,186,0,49.26,24.65,25.24,230.07,5.5,3,0,0,72,72,132,1200,3650,,0.12
place,beanstalk module hard,module sets,"{""placement_fallback"": ""wait"", ""placement_model"": ""module""}",beanstalk,6,100,1000,10,True,1000,338.5661,2.9536,2.9164,11.021,60.195,20.791,1.23,0.11,0.01,98.66,414.91,36.65,3.73,33401.31,32731.12,139.72,13041.2,6.42,1297,0,9,5,1,433,210,0,210,0,54.61,23.54,25.56,232.14,48.1,3,0,0,78,78,143,1219,3727,,0.13
place,beanstalk module hard,module sets,"{""placement_fallback"": ""wait"", ""placement_model"": ""module""}",beanstalk,9,100,1000,10,True,1000,342.3447,2.921,2.8425,10.918,58.568,20.626,1.2,0.1,0.01,98.69,411.35,33.3,3.67,33786.14,33164.99,132.75,12918.8,6.29,1287,0,8,8,1,410,186,2,186,0,57.06,23.56,23.82,172.93,47.7,4,0,0,79,80,133,1207,3677,,0.14
qsem,batched k=1,,"{""batch_k"": 1, ""q_sem"": 0.0}",batched,7,100,1000,10,True,1000,41.088,24.338,25.2809,201.42,262.631,200.217,10.41,2.18,79.03,8.38,427.62,89.76,3247.19,344.24,101.66,0.0,22425.3,90.96,2467,662,10,426,67,277,154,20,154,0,0.0,0.0,6.16,32.44,0.0,0,0,1293,0,0,0,0,4067,,0.09
qsem,batched k=1,,"{""batch_k"": 1, ""q_sem"": 0.0}",batched,8,100,1000,10,True,1000,44.594,22.4245,23.4049,217.059,329.707,220.486,9.51,2.07,80.34,8.09,424.03,92.2,3582.57,360.6,52.7,0.0,24033.7,89.82,2676,701,10,410,55,322,184,15,184,0,0.0,0.0,7.04,46.98,0.0,0,0,1477,0,0,0,0,4285,,0.09
place,beanstalk module soft,module sets,"{""placement_fallback"": ""least-overlap"", ""placement_model"": ""module""}",beanstalk,9,100,1000,10,True,1000,17.1099,58.4458,221.2417,329.283,791.232,390.568,24.04,7.37,0.41,68.18,411.35,126.09,6.93,1166.62,2.61,1148.39,7247.9,70.6,725,0,10,435,49,421,308,8,308,914,154.37,35.01,329.26,793.03,835.0,23,0,0,92,292,224,433,3927,,0.19
qsem,batched k=1,,"{""batch_k"": 1, ""q_sem"": 0.0}",batched,9,100,1000,10,True,1000,43.5829,22.9448,22.0188,224.051,308.899,221.545,9.44,2.03,82.69,5.84,411.35,88.58,3603.83,254.52,59.67,0.0,23714.2,90.69,2661,735,10,441,77,349,182,17,182,0,0.0,0.0,6.15,31.79,0.0,0,0,1462,0,0,0,0,4301,,0.09
qsem,batched k=1,,"{""batch_k"": 1, ""q_sem"": 0.0}",batched,3,100,1000,10,True,1000,45.0422,22.2014,21.9628,239.48,295.271,229.707,9.2,2.11,82.89,5.8,414.47,94.89,3733.55,261.31,103.05,0.0,24432.7,90.41,2752,769,10,459,79,344,192,16,192,0,0.0,0.0,5.98,26.4,0.0,0,0,1544,0,0,0,0,4419,,0.13
qsem,batched-par k=1,,"{""batch_k"": 1, ""q_sem"": 0.0}",batched-par,3,100,1000,10,True,1000,32.0406,31.2104,31.9236,153.268,220.681,152.275,12.94,3.28,75.93,7.85,414.47,104.95,2432.98,251.67,40.46,0.0,17869.5,92.95,2082,594,10,523,82,260,192,24,192,0,0.0,0.0,3.67,23.41,0.0,0,0,866,0,0,0,0,3821,,0.1
qsem,batched k=1,,"{""batch_k"": 1, ""q_sem"": 0.0}",batched,5,100,1000,10,True,1000,43.9116,22.773,22.401,231.276,308.838,224.018,9.8,2.13,82.89,5.18,430.15,93.65,3639.99,227.36,55.68,0.0,23772.1,90.23,2635,721,10,447,83,310,174,21,174,0,0.0,0.0,6.91,53.14,0.0,0,0,1440,0,0,0,0,4277,,0.15
qsem,batched-par k=1,,"{""batch_k"": 1, ""q_sem"": 0.0}",batched-par,7,100,1000,10,True,1000,28.4548,35.1435,36.6319,132.752,176.74,129.409,15.03,3.43,72.37,9.17,427.62,97.55,2059.27,261.04,70.2,0.0,15952.6,93.44,1805,449,10,473,70,198,154,17,154,0,0.0,0.0,3.25,18.73,0.0,0,0,634,0,0,0,0,3449,,0.1
qsem,batched k=1,,"{""batch_k"": 1, ""q_sem"": 0.0}",batched,4,100,1000,10,True,1000,46.2329,21.6296,22.4191,241.118,298.431,229.715,8.99,2.34,80.47,8.19,415.85,108.29,3720.3,378.85,113.7,0.0,24709.5,89.08,2710,783,10,551,67,352,191,17,191,0,0.0,0.0,6.46,41.6,0.0,0,0,1502,0,0,0,0,4469,,0.18
qsem,batched k=1,,"{""batch_k"": 1, ""q_sem"": 0.0}",batched,6,100,1000,10,True,1000,49.1938,20.3278,20.8168,259.251,309.906,247.319,8.43,1.88,81.91,7.78,414.91,92.41,4029.57,382.48,81.58,0.0,26143.9,88.57,2912,779,10,416,68,416,207,18,207,0,0.0,0.0,6.89,37.23,0.0,0,0,1687,0,0,0,0,4553,,0.17
qsem,batched-par k=1,,"{""batch_k"": 1, ""q_sem"": 0.0}",batched-par,4,100,1000,10,True,1000,34.9615,28.6029,31.0512,165.969,224.159,163.555,11.89,3.22,74.75,10.14,415.85,112.48,2613.44,354.37,75.77,0.0,18894.7,90.07,2138,576,10,575,66,271,191,15,191,0,0.0,0.0,4.11,28.77,0.0,0,0,932,0,0,0,0,3919,,0.16
qsem,batched-par k=1,,"{""batch_k"": 1, ""q_sem"": 0.0}",batched-par,9,100,1000,10,True,1000,31.724,31.5219,32.6085,148.663,219.361,148.057,12.97,3.15,74.63,9.25,411.35,100.02,2367.59,293.44,78.47,0.0,17438.9,91.62,1991,567,10,504,69,247,182,22,182,0,0.0,0.0,4.08,37.57,0.0,0,0,787,0,0,0,0,3699,,0.11
qsem,batched-par k=1,,"{""batch_k"": 1, ""q_sem"": 0.0}",batched-par,5,100,1000,10,True,1000,29.3684,34.0503,35.1276,137.492,210.051,138.265,14.65,3.55,74.92,6.89,430.15,104.12,2200.29,202.26,28.84,0.0,16414.7,93.15,1888,514,10,511,84,229,174,19,174,0,0.0,0.0,3.67,24.69,0.0,0,0,695,0,0,0,0,3592,,0.18
qsem,batched-par k=1,,"{""batch_k"": 1, ""q_sem"": 0.0}",batched-par,6,100,1000,10,True,1000,34.1109,29.3161,30.099,166.575,235.305,164.153,12.16,2.96,77.25,7.63,414.91,100.94,2634.94,260.3,39.23,0.0,18795.9,91.84,2160,633,10,453,70,309,207,28,207,0,0.0,0.0,4.29,43.35,0.0,0,0,925,0,0,0,0,3848,,0.18
qsem,beanstalk-noplace,,"{""q_sem"": 0.0}",beanstalk-noplace,3,100,1000,10,True,1000,14.0298,71.277,106.9909,286.339,442.946,247.216,29.54,7.34,0.46,62.66,414.47,102.98,6.45,879.08,6.53,845.8,5985.6,71.11,593,0,10,433,59,436,192,6,192,0,113.2,29.63,184.09,443.24,647.4,14,0,0,60,149,139,444,3598,,0.06
place,beanstalk module soft,module sets,"{""placement_fallback"": ""least-overlap"", ""placement_model"": ""module""}",beanstalk,8,100,1000,10,True,1000,20.3229,49.2056,182.9089,530.322,936.507,531.788,20.86,6.78,0.34,72.01,424.03,137.82,6.97,1463.47,2.08,1435.24,8180.4,67.09,810,0,10,400,40,425,354,8,354,927,246.43,37.79,393.54,945.35,982.4,24,0,0,111,379,251,431,4071,,0.32
qsem,batched-par k=1,,"{""batch_k"": 1, ""q_sem"": 0.0}",batched-par,8,100,1000,10,True,1000,31.598,31.6476,32.924,144.521,215.039,148.983,13.42,3.1,75.48,8.0,424.03,98.06,2384.99,252.71,45.27,0.0,17335.9,91.44,1987,538,10,435,60,241,184,27,184,0,0.0,0.0,3.77,27.56,0.0,0,0,776,0,0,0,0,3633,,0.17
qsem,beanstalk-noplace,,"{""q_sem"": 0.0}",beanstalk-noplace,7,100,1000,10,True,1000,11.641,85.9029,,411.706,608.2,402.052,36.73,9.88,0.57,52.82,427.62,114.97,6.67,614.85,7.13,577.49,5160.7,73.89,515,0,10,475,44,402,154,4,154,0,93.33,30.62,271.47,612.9,475.5,12,0,0,43,109,115,406,3502,,0.07
qsem,beanstalk-noplace,,"{""q_sem"": 0.0}",beanstalk-noplace,5,100,1000,10,True,1000,13.7377,72.7925,122.1526,162.67,307.249,177.969,31.31,7.51,0.48,60.7,430.15,103.22,6.55,833.85,6.55,802.59,5607.3,68.03,557,0,10,449,66,355,174,3,174,0,137.23,32.49,110.99,313.17,559.6,14,0,0,47,162,130,395,3537,,0.1
qsem,beanstalk-noplace,,"{""q_sem"": 0.0}",beanstalk-noplace,4,100,1000,10,True,1000,13.7608,72.6703,169.8149,283.024,509.815,305.21,30.22,9.26,0.52,60.0,415.85,127.49,7.16,825.58,4.17,804.91,5869.1,71.08,583,0,10,557,48,422,191,2,191,0,135.91,31.55,203.89,511.97,666.6,16,0,0,62,145,131,438,3779,,0.12
qsem,beanstalk-noplace,,"{""q_sem"": 0.0}",beanstalk-noplace,8,100,1000,10,True,1000,12.6723,78.9125,123.8762,253.478,379.498,253.19,33.46,7.25,0.46,58.83,424.03,91.84,5.89,745.46,5.94,716.41,5736.6,75.45,570,0,10,331,39,410,184,3,184,0,81.45,31.47,181.35,381.2,506.7,12,0,0,58,150,130,420,3392,,0.09
qsem,beanstalk-noplace,,"{""q_sem"": 0.0}",beanstalk-noplace,9,100,1000,10,True,1000,12.6472,79.0689,80.0172,270.311,591.887,314.099,32.52,7.83,0.5,59.14,411.35,99.0,6.37,748.01,3.86,714.16,5798.0,76.41,580,0,10,410,36,403,182,4,182,0,123.38,32.3,250.21,599.12,577.0,15,0,0,54,168,132,412,3514,,0.1
qsem,beanstalk-noplace,,"{""q_sem"": 0.0}",beanstalk-noplace,6,100,1000,10,True,1000,15.124,66.1201,70.686,300.885,667.928,346.603,27.43,6.21,0.41,65.94,414.91,93.96,6.22,997.31,6.64,972.64,6405.8,70.59,636,0,10,365,49,416,207,5,207,0,140.02,32.66,264.91,666.61,716.8,15,0,0,66,205,146,431,3559,,0.12
qsem,beanstalk,,"{""q_sem"": 0.0}",beanstalk,3,100,1000,10,True,1000,15.7834,63.3578,78.1517,302.022,602.78,328.002,26.26,6.06,0.41,67.27,414.47,95.57,6.49,1061.81,35.22,897.51,6008.9,63.45,597,0,10,417,52,409,192,4,192,910,169.32,31.79,226.84,609.23,673.1,15,0,0,58,181,138,416,3555,,0.24
qsem,beanstalk,,"{""q_sem"": 0.0}",beanstalk,4,100,1000,10,True,1000,14.8086,67.5284,82.9044,295.816,569.36,316.974,28.08,6.61,0.42,64.89,415.85,97.87,6.25,960.89,7.57,905.79,6380.8,71.81,633,0,10,406,54,440,191,4,191,902,124.47,32.93,234.43,575.04,673.8,13,0,0,62,181,133,452,3616,,0.24
qsem,beanstalk,,"{""q_sem"": 0.0}",beanstalk,6,100,1000,10,True,1000,13.275,75.3295,,500.886,742.373,457.506,31.26,7.25,0.46,61.04,414.91,96.19,6.14,810.26,8.12,774.74,6330.1,79.47,631,0,10,360,42,438,207,4,207,900,118.14,32.38,352.51,748.89,606.4,17,0,0,65,187,146,444,3573,,0.24
qsem,batched k=1,,"{""batch_k"": 1, ""q_sem"": 0.05}",batched,3,100,1000,10,True,1000,115.0531,8.6916,8.5881,656.362,782.376,620.573,3.6,1.46,88.43,6.5,414.47,168.42,10174.47,747.95,222.18,0.0,63616.9,92.16,6836,2214,10,465,77,2300,613,20,613,0,0.0,0.0,8.37,54.05,0.0,0,0,5203,0,0,0,0,8934,,0.16
qsem,beanstalk,,"{""q_sem"": 0.0}",beanstalk,8,100,1000,10,True,1000,12.7409,78.4876,,480.926,744.814,484.998,33.28,7.07,0.46,59.19,424.03,90.1,5.84,754.11,12.33,638.95,5835.4,76.33,578,0,10,303,44,444,184,2,184,939,83.87,30.38,369.07,751.09,513.8,12,0,0,57,131,129,447,3354,,0.31
qsem,batched k=1,,"{""batch_k"": 1, ""q_sem"": 0.05}",batched,8,100,1000,10,True,1000,131.3423,7.6137,7.4483,758.919,938.299,720.045,3.23,1.37,90.0,5.4,424.03,180.57,11820.18,709.45,106.6,0.0,72711.5,92.27,7752,2526,10,406,56,2822,708,20,708,0,0.0,0.0,8.81,40.97,0.0,0,0,6024,0,0,0,0,9886,,0.19
qsem,batched-par k=1,,"{""batch_k"": 1, ""q_sem"": 0.05}",batched-par,6,100,1000,10,True,1000,91.0982,10.9772,10.8514,493.306,698.336,486.58,4.55,2.04,86.98,6.42,414.91,185.88,7923.79,585.25,65.7,0.0,50359.0,92.13,5816,2122,10,437,77,2104,704,21,704,0,0.0,0.0,7.2,94.8,0.0,0,0,4091,0,0,0,0,7978,,0.17
qsem,beanstalk,,"{""q_sem"": 0.0}",beanstalk,7,100,1000,10,True,1000,11.3293,88.2667,,443.762,658.364,426.025,37.74,8.36,0.54,53.36,427.62,94.74,6.08,604.49,15.81,551.76,5547.6,81.61,553,0,10,373,32,428,154,4,154,936,92.19,31.35,337.04,676.91,536.8,13,0,0,44,123,114,430,3389,,0.42
qsem,batched k=1,,"{""batch_k"": 1, ""q_sem"": 0.05}",batched,7,100,1000,10,True,1000,111.4099,8.9759,9.0044,636.352,741.566,598.63,3.84,1.42,88.14,6.61,427.62,157.89,9819.28,736.21,162.33,0.0,61578.5,92.12,6610,2073,10,404,68,2185,589,23,589,0,0.0,0.0,8.3,43.28,0.0,0,0,4998,0,0,0,0,8626,,0.27
qsem,batched k=1,,"{""batch_k"": 1, ""q_sem"": 0.05}",batched,6,100,1000,10,True,1000,119.7167,8.3531,8.131,689.72,867.89,662.489,3.47,1.4,90.83,4.3,414.91,168.03,10873.45,515.27,64.73,0.0,66519.6,92.61,7133,2247,10,414,74,2448,641,22,641,0,0.0,0.0,8.71,49.82,0.0,0,0,5470,0,0,0,0,9210,,0.29
qsem,batched-par k=1,,"{""batch_k"": 1, ""q_sem"": 0.05}",batched-par,8,100,1000,10,True,1000,95.9554,10.4215,10.2773,528.254,722.58,515.117,4.42,2.06,87.41,6.11,424.03,197.66,8387.62,586.23,68.19,0.0,53538.6,92.99,6093,2311,10,452,60,2223,739,18,739,0,0.0,0.0,6.62,40.65,0.0,0,0,4336,0,0,0,0,8302,,0.18
qsem,batched-par k=1,,"{""batch_k"": 1, ""q_sem"": 0.05}",batched-par,5,100,1000,10,True,1000,81.2139,12.3132,12.1642,448.481,624.036,434.798,5.3,2.17,87.06,5.47,430.15,176.12,7070.52,444.6,62.61,0.0,45429.2,93.23,5282,1984,10,459,80,1784,637,26,637,0,0.0,0.0,6.04,49.2,0.0,0,0,3619,0,0,0,0,7404,,0.23
qsem,beanstalk,,"{""q_sem"": 0.0}",beanstalk,9,100,1000,10,True,1000,14.7938,67.5957,68.0096,206.149,438.36,226.511,27.81,6.64,0.42,65.13,411.35,98.29,6.29,963.46,8.9,914.87,6094.9,68.66,605,0,10,400,45,427,182,6,182,890,135.56,32.28,154.57,442.69,688.3,14,0,0,55,164,134,441,3545,,0.44
qsem,batched-par k=1,,"{""batch_k"": 1, ""q_sem"": 0.05}",batched-par,9,100,1000,10,True,1000,82.1476,12.1732,12.1958,454.112,611.21,437.786,5.01,2.16,86.66,6.17,411.35,177.23,7119.2,506.98,108.9,0.0,46163.5,93.66,5427,2068,10,465,71,1816,678,16,678,0,0.0,0.0,5.86,44.08,0.0,0,0,3733,0,0,0,0,7586,,0.17
qsem,batched k=1,,"{""batch_k"": 1, ""q_sem"": 0.05}",batched,9,100,1000,10,True,1000,117.4909,8.5113,8.2517,675.094,796.896,639.858,3.5,1.39,89.37,5.73,411.35,163.57,10500.73,673.44,139.42,0.0,64913.4,92.08,6934,2131,10,440,73,2417,627,20,627,0,0.0,0.0,8.21,53.25,0.0,0,0,5287,0,0,0,0,9021,,0.3
qsem,batched-par k=1,,"{""batch_k"": 1, ""q_sem"": 0.05}",batched-par,7,100,1000,10,True,1000,77.7978,12.8538,12.9404,427.833,542.367,405.316,5.5,2.24,84.6,7.67,427.62,173.9,6581.36,596.89,102.33,0.0,43643.3,93.5,5040,1845,10,430,73,1698,626,16,626,0,0.0,0.0,5.94,54.31,0.0,0,0,3398,0,0,0,0,7112,,0.27
qsem,batched-par k=1,,"{""batch_k"": 1, ""q_sem"": 0.05}",batched-par,4,100,1000,10,True,1000,91.7434,10.9,10.639,499.823,738.889,490.721,4.53,2.13,87.02,6.32,415.85,195.43,7983.26,579.8,105.34,0.0,51263.0,93.13,5888,2250,10,544,75,2064,689,26,689,0,0.0,0.0,6.63,42.37,0.0,0,0,4173,0,0,0,0,8147,,0.31
qsem,batched k=1,,"{""batch_k"": 1, ""q_sem"": 0.05}",batched,5,100,1000,10,True,1000,110.817,9.0239,8.8304,647.247,724.733,603.392,3.88,1.47,89.28,5.37,430.15,162.82,9893.71,595.01,104.26,0.0,60998.8,91.74,6520,2032,10,434,75,2157,587,19,587,0,0.0,0.0,8.38,55.47,0.0,0,0,4914,0,0,0,0,8560,,0.41
qsem,batched k=1,,"{""batch_k"": 1, ""q_sem"": 0.1}",batched,3,100,1000,10,True,1000,144.9368,6.8996,6.8139,838.984,992.599,792.245,2.86,1.39,89.71,6.04,414.47,201.27,13002.81,875.14,207.45,0.0,80485.3,92.55,8536,2720,10,462,81,3438,784,21,784,0,0.0,0.0,9.16,52.18,0.0,0,0,6731,0,0,0,0,10803,,0.18
qsem,batched k=1,,"{""batch_k"": 1, ""q_sem"": 0.05}",batched,4,100,1000,10,True,1000,126.12,7.929,7.6732,718.024,903.936,688.879,3.3,1.49,89.54,5.67,415.85,188.3,11293.01,714.83,153.1,0.0,68954.9,91.12,7366,2282,10,512,72,2640,663,27,663,0,0.0,0.0,8.83,51.98,0.0,0,0,5676,0,0,0,0,9568,,0.44
qsem,batched-par k=1,,"{""batch_k"": 1, ""q_sem"": 0.05}",batched-par,3,100,1000,10,True,1000,83.5177,11.9735,11.8985,484.219,613.113,440.374,4.96,2.15,85.73,7.16,414.47,179.48,7160.1,597.73,121.91,0.0,46791.1,93.38,5362,1945,10,490,86,1902,638,24,638,0,0.0,0.0,6.21,42.65,0.0,0,0,3700,0,0,0,0,7514,,0.34
qsem,beanstalk,,"{""q_sem"": 0.0}",beanstalk,5,100,1000,10,True,1000,12.3865,80.7328,592.6671,288.306,625.28,332.396,34.73,7.56,0.49,57.22,430.15,93.62,6.11,708.77,11.17,613.16,5554.2,74.73,552,0,10,380,53,436,174,1,174,928,135.04,29.82,269.58,628.28,591.4,13,0,0,47,108,129,444,3474,,0.63
qsem,batched k=1,,"{""batch_k"": 1, ""q_sem"": 0.1}",batched,9,100,1000,10,True,1000,145.7337,6.8618,6.734,863.781,974.391,799.873,2.82,1.32,90.15,5.7,411.35,192.87,13138.35,830.8,173.32,0.0,80885.7,92.5,8552,2721,10,443,72,3512,787,23,787,0,0.0,0.0,9.1,52.86,0.0,0,0,6742,0,0,0,0,10805,,0.17
qsem,batched k=1,,"{""batch_k"": 1, ""q_sem"": 0.1}",batched,8,100,1000,10,True,1000,154.9943,6.4519,6.3085,898.495,1119.667,856.403,2.74,1.32,90.77,5.17,424.03,204.08,14069.32,802.01,129.57,0.0,85747.6,92.21,9043,2857,10,402,56,3793,836,22,836,0,0.0,0.0,9.46,60.86,0.0,0,0,7185,0,0,0,0,11303,,0.18
qsem,batched k=1,,"{""batch_k"": 1, ""q_sem"": 0.1}",batched,4,100,1000,10,True,1000,148.5041,6.7338,6.5834,863.289,998.735,815.679,2.8,1.39,90.15,5.66,415.85,206.71,13387.95,839.91,173.44,0.0,81670.5,91.66,8671,2795,10,508,71,3609,798,23,798,0,0.0,0.0,9.04,48.27,0.0,0,0,6850,0,0,0,0,11000,,0.26
qsem,batched-par k=1,,"{""batch_k"": 1, ""q_sem"": 0.1}",batched-par,7,100,1000,10,True,1000,100.2143,9.9786,10.0374,563.623,700.669,530.715,4.27,2.08,86.18,7.47,427.62,208.39,8636.87,748.55,154.37,0.0,56260.2,93.57,6437,2443,10,437,80,2564,820,16,820,0,0.0,0.0,6.34,31.79,0.0,0,0,4601,0,0,0,0,8710,,0.18
qsem,batched-par k=1,,"{""batch_k"": 1, ""q_sem"": 0.1}",batched-par,4,100,1000,10,True,1000,113.9232,8.7778,8.694,637.496,824.095,617.85,3.65,2.02,88.37,5.96,415.85,229.71,10067.8,678.96,117.94,0.0,63619.4,93.07,7202,2660,10,539,76,3055,881,19,881,0,0.0,0.0,7.36,44.31,0.0,0,0,5302,0,0,0,0,9641,,0.22
qsem,batched k=1,,"{""batch_k"": 1, ""q_sem"": 0.1}",batched,5,100,1000,10,True,1000,142.3487,7.025,6.9042,823.701,954.864,778.409,3.02,1.37,89.77,5.84,430.15,194.89,12778.6,831.24,101.16,0.0,78607.1,92.04,8342,2745,10,439,77,3284,771,16,771,0,0.0,0.0,9.24,51.35,0.0,0,0,6555,0,0,0,0,10568,,0.3
qsem,batched k=1,,"{""batch_k"": 1, ""q_sem"": 0.1}",batched,6,100,1000,10,True,1000,150.7113,6.6352,6.3623,873.482,1091.503,841.245,2.75,1.33,91.7,4.22,414.91,200.17,13820.58,635.46,119.54,0.0,83983.0,92.87,8867,2850,10,411,76,3634,822,19,822,0,0.0,0.0,9.4,70.6,0.0,0,0,7026,0,0,0,0,11119,,0.28
qsem,batched k=1,,"{""batch_k"": 1, ""q_sem"": 0.1}",batched,7,100,1000,10,True,1000,139.7224,7.157,7.0738,805.13,951.3,759.855,3.06,1.38,89.26,6.3,427.62,192.4,12471.85,880.36,171.5,0.0,77546.6,92.5,8249,2644,10,407,67,3257,754,21,754,0,0.0,0.0,9.25,64.57,0.0,0,0,6474,0,0,0,0,10431,,0.27
qsem,batched-par k=1,,"{""batch_k"": 1, ""q_sem"": 0.1}",batched-par,3,100,1000,10,True,1000,102.7038,9.7367,9.9007,568.244,761.715,546.958,4.04,2.11,86.65,7.2,414.47,217.01,8898.97,739.94,153.29,0.0,57537.2,93.37,6635,2528,10,491,84,2663,843,13,843,0,0.0,0.0,7.3,48.92,0.0,0,0,4779,0,0,0,0,8982,,0.25
qsem,batched k=1,,"{""batch_k"": 1, ""q_sem"": 0.2}",batched,3,100,1000,10,True,1000,176.2601,5.6734,5.6506,1025.791,1149.079,966.074,2.35,1.26,90.09,6.3,414.47,222.01,15879.22,1110.31,186.62,0.0,97530.4,92.22,10242,3386,10,461,82,4718,957,24,957,0,0.0,0.0,10.16,72.27,0.0,0,0,8261,0,0,0,0,12684,,0.22
qsem,batched-par k=1,,"{""batch_k"": 1, ""q_sem"": 0.1}",batched-par,5,100,1000,10,True,1000,97.7375,10.2315,10.3848,542.894,701.382,521.472,4.4,2.17,86.75,6.67,430.15,212.24,8478.97,652.39,64.11,0.0,54536.1,93.0,6307,2362,10,465,75,2492,823,26,823,0,0.0,0.0,6.67,47.43,0.0,0,0,4458,0,0,0,0,8621,,0.31
qsem,batched-par k=1,,"{""batch_k"": 1, ""q_sem"": 0.1}",batched-par,9,100,1000,10,True,1000,100.7462,9.9259,9.9765,575.502,718.286,541.83,4.08,2.06,87.57,6.28,411.35,207.82,8822.67,632.77,98.7,0.0,56691.1,93.79,6638,2567,10,466,70,2609,843,15,843,0,0.0,0.0,6.92,43.84,0.0,0,0,4780,0,0,0,0,8962,,0.24
qsem,batched-par k=1,,"{""batch_k"": 1, ""q_sem"": 0.1}",batched-par,6,100,1000,10,True,1000,106.4521,9.3939,9.0956,607.575,779.957,584.75,3.9,1.95,89.6,4.55,414.91,207.74,9538.09,484.48,50.97,0.0,59756.6,93.56,6930,2687,10,429,74,2774,876,17,876,0,0.0,0.0,6.99,50.59,0.0,0,0,5037,0,0,0,0,9252,,0.29
qsem,batched-par k=1,,"{""batch_k"": 1, ""q_sem"": 0.1}",batched-par,8,100,1000,10,True,1000,110.9435,9.0136,8.7601,622.5,822.714,602.353,3.82,1.95,88.54,5.69,424.03,216.25,9822.96,631.11,96.0,0.0,61799.6,92.84,7015,2591,10,440,56,2913,876,20,876,0,0.0,0.0,7.37,44.08,0.0,0,0,5119,0,0,0,0,9351,,0.3
qsem,beanstalk,,"{""q_sem"": 0.1}",beanstalk,4,20,200,2,True,200,24.4259,8.188,10.9143,551.903,871.374,590.748,18.32,9.4,0.25,72.03,89.48,45.94,1.23,351.87,0.21,351.51,2779.9,94.84,276,0,2,26,9,46,160,3,160,95,403.73,97.92,380.01,874.08,1294.0,19,0,0,50,228,113,48,1049,,0.04
qsem,batched k=1,,"{""batch_k"": 1, ""q_sem"": 0.2}",batched,5,100,1000,10,True,1000,181.4486,5.5112,5.4382,1062.434,1173.509,1003.487,2.37,1.31,90.86,5.46,430.15,237.51,16487.28,989.92,121.45,0.0,100837.9,92.62,10598,3653,10,443,71,4834,995,20,995,0,0.0,0.0,10.47,54.47,0.0,0,0,8583,0,0,0,0,13056,,0.25
qsem,beanstalk,,"{""q_sem"": 0.1}",beanstalk,3,20,200,2,True,200,19.1895,10.4224,13.739,426.516,690.446,464.88,21.11,7.5,0.28,71.1,81.03,28.78,1.09,272.89,5.08,262.24,2146.0,93.2,215,0,2,29,3,33,111,6,111,111,370.29,109.91,292.72,694.38,949.2,23,0,0,37,178,80,37,898,,0.06
qsem,beanstalk,,"{""q_sem"": 0.1}",beanstalk,6,20,200,2,True,200,18.3633,10.8913,,547.721,1082.93,648.764,22.0,7.98,0.31,69.7,80.8,29.31,1.15,255.99,0.11,253.15,1974.5,89.6,197,0,2,20,4,46,126,2,126,97,345.06,76.59,550.9,1101.8,887.6,19,0,0,38,150,90,47,887,,0.03
qsem,beanstalk,,"{""q_sem"": 0.1}",beanstalk,5,20,200,2,True,200,18.4544,10.8375,,511.934,1078.221,587.672,23.42,9.54,0.32,66.72,86.45,35.21,1.18,246.25,4.75,238.93,2091.8,94.46,208,0,2,17,3,46,144,1,144,99,207.86,75.04,523.06,1076.0,904.1,19,0,0,40,159,106,49,929,,0.07
qsem,batched k=1,,"{""batch_k"": 1, ""q_sem"": 0.2}",batched,4,100,1000,10,True,1000,185.3291,5.3958,5.2656,1087.549,1208.425,1026.272,2.24,1.33,90.96,5.46,415.85,247.38,16857.16,1012.52,242.6,0.0,102686.3,92.35,10774,3795,10,508,73,4916,1015,22,1015,0,0.0,0.0,10.37,59.53,0.0,0,0,8737,0,0,0,0,13319,,0.33
qsem,beanstalk,,"{""q_sem"": 0.1}",beanstalk,7,20,200,2,True,200,21.1504,9.4561,,750.857,1127.486,716.324,22.47,8.74,0.27,68.51,95.05,36.99,1.15,289.81,3.65,250.05,2153.6,84.85,217,0,2,26,4,56,133,3,133,89,221.5,78.37,508.47,1129.62,919.9,18,0,0,39,157,97,60,938,,0.04
qsem,batched k=1,,"{""batch_k"": 1, ""q_sem"": 0.2}",batched,7,100,1000,10,True,1000,176.6852,5.6598,5.547,1040.978,1166.272,974.61,2.42,1.41,90.52,5.65,427.62,249.19,15994.32,997.4,201.87,0.0,98373.2,92.8,10347,3386,10,407,73,4796,967,20,967,0,0.0,0.0,9.87,54.87,0.0,0,0,8360,0,0,0,0,12741,,0.29
qsem,batched-par k=1,,"{""batch_k"": 1, ""q_sem"": 0.2}",batched-par,7,100,1000,10,True,1000,124.8098,8.0122,7.9704,712.438,893.478,672.777,3.43,2.08,87.76,6.73,427.62,259.09,10953.85,840.42,143.5,0.0,70084.1,93.59,8175,3360,10,439,73,3485,1059,18,1059,0,0.0,0.0,7.53,36.97,0.0,0,0,6098,0,0,0,0,10691,,0.19
qsem,batched-par k=1,,"{""batch_k"": 1, ""q_sem"": 0.2}",batched-par,3,100,1000,10,True,1000,129.4146,7.7271,7.8289,740.702,904.666,699.76,3.2,2.04,88.08,6.68,414.47,264.01,11398.66,864.32,162.99,0.0,73203.8,94.28,8542,3665,10,498,89,3579,1078,24,1078,0,0.0,0.0,8.07,54.2,0.0,0,0,6440,0,0,0,0,11142,,0.22
qsem,beanstalk-noplace,,"{""q_sem"": 0.1}",beanstalk-noplace,5,20,200,2,True,200,20.0421,9.979,37.8405,503.96,918.449,538.08,21.57,8.69,0.3,69.44,86.45,34.82,1.22,278.34,4.48,260.4,2165.2,90.03,215,0,2,43,8,45,128,3,128,0,299.67,87.34,380.07,925.19,928.3,25,0,0,38,163,93,52,956,,0.02
qsem,beanstalk,,"{""q_sem"": 0.1}",beanstalk,9,20,200,2,True,200,18.2206,10.9766,,602.27,1070.987,687.949,24.31,7.66,0.3,67.73,88.59,27.9,1.1,246.83,1.46,231.62,2070.9,94.71,206,0,2,23,1,37,113,4,113,92,295.57,96.03,526.09,1072.33,868.7,21,0,0,35,166,82,40,879,,0.04
qsem,beanstalk,,"{""q_sem"": 0.1}",beanstalk,8,20,200,2,True,200,20.428,9.7905,,828.651,1191.585,821.757,21.06,8.08,0.28,70.58,86.05,33.02,1.13,288.36,4.22,282.08,2358.2,96.2,236,0,2,18,6,43,137,4,137,89,348.73,85.53,602.97,1215.73,1029.5,18,0,0,43,191,98,45,948,,0.07
qsem,beanstalk-noplace,,"{""q_sem"": 0.1}",beanstalk-noplace,7,20,200,2,True,200,17.7836,11.2463,,645.616,1047.68,728.112,26.73,10.2,0.33,62.74,95.05,36.29,1.16,223.16,1.26,221.32,2041.7,95.67,206,0,2,24,3,49,135,2,135,0,406.8,84.32,516.12,1049.37,876.3,20,0,0,36,154,101,52,924,,0.02
qsem,beanstalk-noplace,,"{""q_sem"": 0.1}",beanstalk-noplace,8,20,200,2,True,200,19.1614,10.4376,11.9166,428.619,792.849,510.591,22.45,9.19,0.31,68.05,86.05,35.2,1.17,260.81,5.83,252.98,2129.4,92.61,212,0,2,23,10,42,144,4,144,0,193.77,72.18,328.33,795.63,919.7,17,0,0,43,167,105,45,949,,0.02
qsem,beanstalk-noplace,,"{""q_sem"": 0.1}",beanstalk-noplace,9,20,200,2,True,200,18.2703,10.9467,15.3267,450.785,617.688,395.329,24.24,9.46,0.31,65.98,88.59,34.58,1.15,241.09,1.1,234.86,2133.8,97.32,214,0,2,27,3,39,132,5,132,0,357.55,80.9,266.24,617.01,908.0,22,0,0,39,169,98,45,933,,0.02
qsem,beanstalk-noplace,,"{""q_sem"": 0.1}",beanstalk-noplace,4,20,200,2,True,200,23.6243,8.4659,,741.749,1397.506,814.409,18.94,9.0,0.27,71.79,89.48,42.54,1.26,339.21,1.69,335.5,2679.0,94.5,268,0,2,48,2,39,142,3,142,0,404.85,118.6,689.34,1397.82,1191.1,21,0,0,45,226,100,42,1048,,0.03
qsem,batched k=1,,"{""batch_k"": 1, ""q_sem"": 0.2}",batched,6,100,1000,10,True,1000,186.0972,5.3735,5.2627,1074.609,1281.047,1038.975,2.23,1.28,91.77,4.72,414.91,237.36,17078.88,878.56,131.15,0.0,103703.6,92.88,10928,3747,10,410,74,5132,1024,20,1024,0,0.0,0.0,9.84,54.06,0.0,0,0,8884,0,0,0,0,13382,,0.34
qsem,beanstalk-noplace,,"{""q_sem"": 0.1}",beanstalk-noplace,6,20,200,2,True,200,16.8611,11.8616,,641.22,989.278,652.427,23.96,9.12,0.35,66.57,80.8,30.75,1.17,224.5,2.9,214.46,1968.9,97.31,198,0,2,25,2,37,134,2,134,0,230.5,71.18,483.16,988.59,846.9,21,0,0,38,157,99,41,916,,0.04
qsem,batched-par k=1,,"{""batch_k"": 1, ""q_sem"": 0.2}",batched-par,5,100,1000,10,True,1000,126.2543,7.9205,7.9403,689.048,955.783,682.685,3.41,2.05,88.07,6.47,430.15,258.66,11119.42,817.19,122.14,0.0,70598.1,93.2,8261,3400,10,476,79,3567,1102,13,1102,0,0.0,0.0,7.81,46.48,0.0,0,0,6146,0,0,0,0,10852,,0.26
qsem,beanstalk,,"{""q_sem"": 0.05}",beanstalk,7,20,200,2,True,200,10.0106,19.9787,,409.809,564.774,363.153,47.48,12.24,0.48,39.8,95.05,24.51,0.96,79.69,1.18,77.33,1076.2,89.59,109,0,2,17,2,57,83,1,83,93,127.02,37.93,267.91,566.91,393.3,9,0,0,17,47,67,62,708,,0.03
qsem,beanstalk-noplace,,"{""q_sem"": 0.05}",beanstalk-noplace,3,20,200,2,True,200,11.0778,18.0542,,333.237,629.451,359.555,36.57,6.83,0.43,56.17,81.03,15.12,0.95,124.45,0.11,108.78,1297.6,97.61,127,0,2,33,0,28,59,0,59,0,200.66,61.72,304.57,636.05,465.6,11,0,0,20,94,39,33,708,,0.01
qsem,batched-par k=1,,"{""batch_k"": 1, ""q_sem"": 0.2}",batched-par,8,100,1000,10,True,1000,141.6503,7.0596,6.8122,814.277,1012.058,780.263,2.99,1.94,89.86,5.2,424.03,275.36,12729.02,736.63,95.87,0.0,79602.3,93.66,9096,3680,10,445,56,4125,1158,25,1158,0,0.0,0.0,8.35,51.53,0.0,0,0,6913,0,0,0,0,11724,,0.21
qsem,beanstalk,,"{""q_sem"": 0.05}",beanstalk,5,20,200,2,True,200,16.4772,12.138,,432.786,899.792,501.242,26.23,7.32,0.31,66.13,86.45,24.12,1.03,217.93,4.26,205.8,1872.9,94.72,187,0,2,17,4,39,102,0,102,97,353.96,94.52,419.12,909.16,762.1,24,0,0,32,143,72,44,824,,0.03
qsem,batched k=1,,"{""batch_k"": 1, ""q_sem"": 0.2}",batched,9,100,1000,10,True,1000,188.0944,5.3165,5.2025,1105.663,1257.436,1036.132,2.19,1.28,90.53,6.0,411.35,239.85,17029.01,1129.23,217.65,0.0,104289.5,92.41,10936,3665,10,445,74,5180,1031,21,1031,0,0.0,0.0,10.6,58.29,0.0,0,0,8884,0,0,0,0,13433,,0.3
qsem,beanstalk,,"{""q_sem"": 0.05}",beanstalk,3,20,200,2,True,200,12.2475,16.3299,59.3654,251.985,551.843,317.881,33.08,7.82,0.42,58.69,81.03,19.15,1.02,143.76,1.04,125.24,1375.2,93.57,136,0,2,31,4,43,77,2,77,119,181.26,68.01,225.69,554.95,457.9,13,0,0,22,88,57,48,752,,0.06
qsem,beanstalk,,"{""q_sem"": 0.05}",beanstalk,8,20,200,2,True,200,13.8116,14.4806,,491.987,804.554,504.885,31.15,7.38,0.35,61.12,86.05,20.39,0.97,168.82,5.05,154.81,1583.0,95.51,158,0,2,10,4,41,89,1,89,87,180.48,63.03,414.35,828.7,630.8,14,0,0,31,116,59,42,756,,0.04
qsem,beanstalk-noplace,,"{""q_sem"": 0.05}",beanstalk-noplace,6,20,200,2,True,200,15.9225,12.5608,13.3696,363.458,701.841,405.442,25.37,6.66,0.33,67.64,80.8,21.2,1.04,215.41,0.75,189.21,1777.0,93.0,179,0,2,24,2,34,96,2,96,0,313.8,79.25,284.88,704.39,765.7,18,0,0,30,138,69,41,817,,0.02
qsem,beanstalk-noplace,,"{""q_sem"": 0.05}",beanstalk-noplace,5,20,200,2,True,200,13.6775,14.6225,56.4674,337.867,585.629,339.104,31.6,9.83,0.39,58.17,86.45,26.9,1.06,159.13,5.49,133.11,1508.0,91.88,151,0,2,41,4,48,87,5,87,0,277.17,59.83,227.76,589.13,524.7,17,0,0,24,94,68,57,811,,0.02
qsem,batched k=1,,"{""batch_k"": 1, ""q_sem"": 0.2}",batched,8,100,1000,10,True,1000,187.015,5.3472,5.2487,1091.774,1244.671,1038.86,2.27,1.28,91.3,5.15,424.03,239.58,17074.76,963.13,170.24,0.0,104007.5,92.69,10919,3719,10,399,55,5068,1029,17,1029,0,0.0,0.0,10.62,63.74,0.0,0,0,8873,0,0,0,0,13364,,0.34
qsem,beanstalk-noplace,,"{""q_sem"": 0.05}",beanstalk-noplace,7,20,200,2,True,200,9.5706,20.8974,,402.593,554.898,370.035,49.66,11.42,0.53,38.39,95.05,21.86,1.01,73.49,2.54,65.39,1068.3,93.02,108,0,2,35,3,48,78,0,78,0,95.79,40.7,269.94,556.59,327.6,9,0,0,16,57,62,51,731,,0.02
qsem,beanstalk,,"{""q_sem"": 0.05}",beanstalk,6,20,200,2,True,200,13.6954,14.6035,25.2502,329.637,407.433,311.842,29.5,5.26,0.34,64.9,80.8,14.4,0.93,177.77,3.62,166.26,1462.3,88.98,146,0,2,11,1,32,73,1,73,112,254.8,67.84,195.19,426.3,631.4,15,0,0,23,109,51,37,711,,0.06
qsem,beanstalk-noplace,,"{""q_sem"": 0.05}",beanstalk-noplace,8,20,200,2,True,200,14.1632,14.1211,,635.779,824.377,510.328,30.38,7.58,0.33,61.71,86.05,21.48,0.94,174.79,3.42,169.42,1569.2,92.33,157,0,2,18,6,41,77,2,77,0,316.26,76.76,424.9,849.79,636.1,13,0,0,27,115,52,42,749,,0.02
qsem,beanstalk,,"{""q_sem"": 0.05}",beanstalk,4,20,200,2,True,200,14.7846,13.5276,,434.643,867.992,518.593,30.26,9.37,0.36,60.01,89.48,27.72,1.05,177.45,1.39,174.51,1670.1,94.14,166,0,2,27,6,42,100,0,100,101,201.86,65.49,443.54,887.08,741.8,17,0,0,30,123,70,43,819,,0.07
qsem,beanstalk-noplace,,"{""q_sem"": 0.05}",beanstalk-noplace,4,20,200,2,True,200,17.4844,11.4388,,522.354,1029.109,583.105,25.59,9.5,0.32,64.59,89.48,33.23,1.12,225.86,2.85,222.82,1916.4,91.34,192,0,2,48,3,42,99,3,99,0,300.55,87.22,505.23,1029.43,848.1,19,0,0,31,147,71,45,888,,0.03
qsem,beanstalk-noplace,,"{""q_sem"": 0.05}",beanstalk-noplace,9,20,200,2,True,200,12.6958,15.7532,22.1729,287.165,426.195,272.896,34.89,9.09,0.4,55.62,88.59,23.08,1.02,141.23,1.57,128.27,1427.8,93.72,144,0,2,24,4,33,93,1,93,0,174.71,67.38,182.81,430.25,516.7,14,0,0,24,105,70,39,777,,0.02
qsem,beanstalk,,"{""q_sem"": 0.05}",beanstalk,9,20,200,2,True,200,18.1812,11.0004,,590.502,1068.625,694.637,24.36,8.26,0.29,67.09,88.59,30.02,1.04,243.97,6.02,187.33,1889.4,86.6,189,0,2,22,1,52,94,2,94,93,281.3,82.46,524.91,1069.96,733.0,18,0,0,32,133,65,55,818,,0.06
main,batched k=4,,{},batched,5,20,200,2,True,200,28.6887,6.9714,6.8184,112.07,284.011,136.375,15.07,2.31,76.92,5.71,86.45,13.26,441.33,32.74,4.2,0.0,3272.3,95.05,350,71,2,32,5,161,49,0,49,0,0.0,0.0,22.59,162.48,0.0,0,97,124,0,0,0,0,631,,0.02
main,batched k=4,,{},batched,8,20,200,2,True,200,23.4612,8.5247,8.0432,97.9,213.171,110.404,18.34,2.16,76.27,3.23,86.05,10.14,357.88,15.16,0.81,0.0,2720.0,96.61,290,57,2,17,5,125,39,0,39,0,0.0,0.0,16.43,74.33,0.0,0,77,97,0,0,0,0,546,,0.02
main,batched k=4,,{},batched,6,20,200,2,True,200,28.8971,6.9211,6.2644,157.258,254.29,144.256,13.98,1.77,81.43,2.82,80.8,10.23,470.63,16.28,6.16,0.0,3336.3,96.21,357,76,2,24,2,174,48,2,48,0,0.0,0.0,21.63,118.93,0.0,0,101,123,0,0,0,0,631,,0.02
qsem,batched-par k=1,,"{""batch_k"": 1, ""q_sem"": 0.2}",batched-par,6,100,1000,10,True,1000,133.8587,7.4706,7.3524,757.738,1004.134,737.124,3.1,1.91,89.87,5.12,414.91,255.69,12029.72,685.55,81.33,0.0,75447.6,93.94,8773,3519,10,445,71,3974,1129,21,1129,0,0.0,0.0,8.26,44.43,0.0,0,0,6623,0,0,0,0,11368,,0.31
main,batched k=4,,{},batched,7,20,200,2,True,200,22.3508,8.9482,9.8778,92.575,164.978,95.529,21.26,2.25,68.99,7.5,95.05,10.04,308.39,33.53,18.04,0.0,2539.4,94.68,274,59,2,29,4,116,35,1,35,0,0.0,0.0,17.72,91.05,0.0,0,71,87,0,0,0,0,539,,0.02
qsem,beanstalk-noplace,,"{""q_sem"": 0.1}",beanstalk-noplace,3,20,200,2,True,200,21.0336,9.5086,30.1933,495.768,840.267,486.939,19.26,5.96,0.27,74.51,81.03,25.08,1.12,313.44,1.4,302.17,2347.6,93.01,232,0,2,34,4,39,105,1,105,0,369.33,101.75,324.46,846.87,1029.9,23,0,0,39,181,68,51,908,,0.12
main,batched-aimd,,{},batched-aimd,3,20,200,2,True,200,24.3789,8.2038,8.1769,114.071,206.866,116.196,16.62,2.18,77.26,3.94,81.03,10.64,376.68,19.23,0.0,0.0,2783.0,95.13,298,54,2,29,4,112,42,1,42,0,0.0,0.0,11.57,63.05,0.0,0,58,80,0,0,0,0,570,,0.02
main,batched k=4,,{},batched,4,20,200,2,True,200,30.3373,6.5925,6.7746,152.329,294.401,146.156,14.75,2.84,77.46,4.96,89.48,17.21,469.97,30.08,6.55,0.0,3502.5,96.21,372,87,2,43,3,178,52,1,52,0,0.0,0.0,17.21,75.7,0.0,0,104,130,0,0,0,0,668,,0.03
main,batched k=4,,{},batched,9,20,200,2,True,200,25.5386,7.8313,7.6629,117.447,221.638,118.936,17.34,2.04,75.58,5.04,88.59,10.4,386.05,25.73,12.19,0.0,2921.1,95.32,306,59,2,23,0,144,44,0,44,0,0.0,0.0,16.77,68.45,0.0,0,85,100,0,0,0,0,573,,0.02
main,batched-aimd,,{},batched-aimd,5,20,200,2,True,200,23.6251,8.4656,8.9343,91.313,205.671,103.821,18.3,2.79,70.46,8.46,86.45,13.17,332.9,39.98,12.21,0.0,2680.3,94.54,287,58,2,33,5,115,47,3,47,0,0.0,0.0,13.74,66.67,0.0,0,49,82,0,0,0,0,570,,0.03
main,batched-aimd,,{},batched-aimd,9,20,200,2,True,200,23.7123,8.4345,8.4838,106.095,188.707,108.979,18.68,2.16,74.44,4.72,88.59,10.23,353.03,22.4,5.96,0.0,2741.9,96.36,295,57,2,23,1,108,41,1,41,0,0.0,0.0,11.71,60.79,0.0,0,56,83,0,0,0,0,560,,0.02
main,batched-aimd,,{},batched-aimd,6,20,200,2,True,200,26.7566,7.4748,7.0138,131.068,205.027,131.008,15.1,1.98,79.63,3.3,80.8,10.59,426.11,17.63,4.81,0.0,3083.7,96.04,333,68,2,25,3,125,49,0,49,0,0.0,0.0,11.71,50.15,0.0,0,63,93,0,0,0,0,607,,0.02
main,batched-aimd,,{},batched-aimd,7,20,200,2,True,200,22.1006,9.0495,9.5445,101.857,147.54,95.796,21.51,2.29,69.95,6.25,95.05,10.13,309.19,27.64,5.71,0.0,2533.2,95.52,277,61,2,27,4,95,38,0,38,0,0.0,0.0,10.52,55.63,0.0,0,54,71,0,0,0,0,542,,0.02
qsem,batched-par k=1,,"{""batch_k"": 1, ""q_sem"": 0.2}",batched-par,9,100,1000,10,True,1000,129.9596,7.6947,7.6162,749.465,908.981,712.786,3.17,1.98,89.43,5.42,411.35,257.66,11622.1,704.85,137.23,0.0,73418.7,94.16,8541,3563,10,471,74,3646,1105,22,1105,0,0.0,0.0,7.66,51.38,0.0,0,0,6414,0,0,0,0,11139,,0.27
main,batched+place,,{},batched+place,3,20,200,2,True,200,23.4489,8.5292,9.4533,94.673,220.512,107.005,17.28,2.02,74.04,6.67,81.03,9.46,347.22,31.27,13.4,0.0,2624.9,93.29,278,57,2,27,4,119,38,0,38,80,0.0,0.0,15.9,62.56,0.0,0,75,90,0,0,0,0,543,,0.03
main,batched+place,,{},batched+place,9,20,200,2,True,200,23.8472,8.3867,8.6793,111.29,190.732,106.025,18.57,2.04,72.06,7.33,88.59,9.73,343.69,34.94,7.54,0.0,2723.6,95.18,297,62,2,14,0,132,40,0,40,94,0.0,0.0,14.04,62.99,0.0,0,82,94,0,0,0,0,551,,0.03
qsem,batched-par k=1,,"{""batch_k"": 1, ""q_sem"": 0.2}",batched-par,4,100,1000,10,True,1000,144.9234,6.9002,6.8703,817.831,1053.585,788.841,2.87,1.97,88.75,6.41,415.85,285.59,12861.76,929.13,140.5,0.0,81353.2,93.56,9189,3686,10,554,75,4193,1150,21,1150,0,0.0,0.0,9.31,90.11,0.0,0,0,7018,0,0,0,0,11914,,0.35
queue,batched k=16,,"{""batch_k"": 16}",batched,4,20,200,2,True,200,42.2678,4.7317,4.5291,216.313,460.847,218.983,10.58,1.87,84.48,3.07,89.48,15.83,714.12,25.94,3.39,0.0,4704.4,92.75,507,126,2,41,2,277,50,1,50,0,0.0,0.0,26.94,102.78,0.0,0,182,196,0,0,0,0,799,,0.03
main,batched+place,,{},batched+place,4,20,200,2,True,200,29.9946,6.6679,6.6503,143.454,256.716,140.793,14.92,2.25,75.98,6.85,89.48,13.5,455.81,41.11,18.45,0.0,3384.4,94.03,362,76,2,18,4,175,51,1,51,89,0.0,0.0,19.9,74.84,0.0,0,102,127,0,0,0,0,632,,0.05
main,batched+place,,{},batched+place,6,20,200,2,True,200,29.7853,6.7147,6.7361,145.305,275.512,148.284,13.56,1.71,81.26,3.46,80.8,10.21,484.06,20.63,2.43,0.0,3455.8,96.69,366,78,2,19,1,187,51,0,51,128,0.0,0.0,19.83,115.37,0.0,0,105,126,0,0,0,0,636,,0.05
queue,batched k=16,,"{""batch_k"": 16}",batched,7,20,200,2,True,200,31.9602,6.2578,6.4011,130.753,315.353,153.647,14.87,1.67,78.46,5.01,95.05,10.65,501.51,31.99,16.35,0.0,3543.2,92.39,389,101,2,27,3,187,38,2,38,0,0.0,0.0,22.95,143.47,0.0,0,133,142,0,0,0,0,656,,0.03
main,batched+place,,{},batched+place,8,20,200,2,True,200,25.0797,7.9746,7.9035,106.052,306.567,116.747,17.16,1.78,75.8,5.26,86.05,8.94,380.22,26.39,4.79,0.0,2887.7,95.95,310,74,2,8,3,132,43,0,43,88,0.0,0.0,19.53,108.82,0.0,0,83,109,0,0,0,0,561,,0.05
main,batched+place,,{},batched+place,5,20,200,2,True,200,28.1424,7.1067,6.7451,134.761,261.391,128.437,15.36,1.75,74.31,8.58,86.45,9.87,418.25,48.27,17.74,0.0,3140.3,92.99,328,53,2,9,4,159,47,0,47,96,0.0,0.0,17.97,69.91,0.0,0,90,106,0,0,0,0,584,,0.06
queue,batched k=16,,"{""batch_k"": 16}",batched,6,20,200,2,True,200,43.2139,4.6281,4.0111,249.181,399.177,231.469,9.35,1.13,88.14,1.38,80.8,9.79,761.78,11.91,10.21,0.0,4884.9,94.2,522,132,2,25,2,278,48,1,48,0,0.0,0.0,27.86,110.33,0.0,0,191,205,0,0,0,0,796,,0.03
queue,batched k=16,,"{""batch_k"": 16}",batched,5,20,200,2,True,200,41.1158,4.8643,4.5567,152.698,497.39,206.934,10.51,1.64,82.24,5.6,86.45,13.49,676.29,46.08,18.06,0.0,4506.0,91.33,473,102,2,33,4,257,50,0,50,0,0.0,0.0,34.89,190.75,0.0,0,169,179,0,0,0,0,756,,0.03
main,batched+place,,{},batched+place,7,20,200,2,True,200,24.9516,8.0155,7.6535,112.919,249.845,115.064,19.05,1.99,74.87,4.09,95.05,9.94,373.61,20.43,4.93,0.0,2845.1,95.02,303,61,2,23,0,137,38,1,38,107,0.0,0.0,17.33,75.64,0.0,0,80,103,0,0,0,0,565,,0.06
main,batched-aimd,,{},batched-aimd,4,20,200,2,True,200,26.3882,7.5792,7.7517,132.652,221.035,123.675,16.95,3.14,74.97,4.93,89.48,16.56,395.69,26.04,0.0,0.0,3020.2,95.38,316,51,2,41,3,125,54,0,54,0,0.0,0.0,12.5,61.54,0.0,0,56,87,0,0,0,0,611,,0.08
main,batched-aimd,,{},batched-aimd,8,20,200,2,True,200,24.3943,8.1986,7.538,107.945,218.831,113.816,17.64,2.27,75.49,4.6,86.05,11.09,368.3,22.45,0.78,0.0,2777.1,94.87,293,46,2,17,5,111,41,3,41,0,0.0,0.0,10.62,48.47,0.0,0,57,72,0,0,0,0,554,,0.07
queue,batched-par k=4,,"{""batch_k"": 4}",batched-par,4,20,200,2,True,200,30.2859,6.6037,6.5587,140.282,293.798,147.06,14.77,2.82,78.1,4.3,89.48,17.11,473.09,26.04,4.59,0.0,3498.2,96.25,370,73,2,40,3,176,52,0,52,0,0.0,0.0,18.1,103.48,0.0,0,106,122,0,0,0,0,662,,0.02
queue,batched k=16,,"{""batch_k"": 16}",batched,9,20,200,2,True,200,36.2158,5.5224,5.3171,172.597,373.287,184.2,12.23,1.42,83.35,3.0,88.59,10.28,603.73,21.73,9.73,0.0,4048.0,93.15,433,109,2,22,0,223,42,0,42,0,0.0,0.0,24.2,103.03,0.0,0,156,165,0,0,0,0,697,,0.03
queue,batched-par k=4,,"{""batch_k"": 4}",batched-par,3,20,200,2,True,200,25.6867,7.7861,7.9565,114.941,275.983,122.698,15.77,2.23,77.38,4.62,81.03,11.46,397.53,23.72,0.0,0.0,2969.9,96.35,319,69,2,33,5,146,42,2,42,0,0.0,0.0,20.74,112.63,0.0,0,88,107,0,0,0,0,596,,0.02
queue,batched-par k=4,,"{""batch_k"": 4}",batched-par,5,20,200,2,True,200,28.812,6.9416,6.8539,115.932,251.923,136.048,15.0,2.25,76.45,6.3,86.45,12.98,440.52,36.29,17.72,0.0,3304.9,95.59,345,69,2,30,4,165,49,1,49,0,0.0,0.0,19.74,151.42,0.0,0,100,108,0,0,0,0,625,,0.02
queue,batched-par k=4,,"{""batch_k"": 4}",batched-par,6,20,200,2,True,200,27.3121,7.3228,6.8338,131.628,254.251,135.085,14.79,1.93,80.51,2.77,80.8,10.52,439.76,15.16,5.93,0.0,3168.2,96.67,339,69,2,25,4,161,48,1,48,0,0.0,0.0,16.93,79.7,0.0,0,97,113,0,0,0,0,613,,0.02
main,batched k=4,,{},batched,3,20,200,2,True,200,24.3294,8.2205,8.3774,107.557,263.074,116.487,16.65,2.18,77.62,3.55,81.03,10.61,377.68,17.27,0.0,0.0,2775.2,95.06,292,56,2,32,4,133,42,0,42,0,0.0,0.0,17.88,104.56,0.0,0,80,93,0,0,0,0,566,,0.12
fair,batched k=4 suspects,,"{""queue_suspects"": true}",batched,4,20,200,2,True,200,16.3297,12.2476,13.0532,52.368,146.674,62.126,27.4,5.1,58.3,9.2,89.48,16.67,190.41,30.03,8.78,0.0,1795.5,91.63,194,38,2,42,3,71,53,1,53,0,0.0,0.0,11.55,52.18,0.0,0,23,50,0,0,45,0,490,,0.02
fair,batched k=4 suspects,,"{""queue_suspects"": true}",batched,6,20,200,2,True,200,13.0259,15.3541,15.124,42.992,108.93,48.985,31.02,3.86,58.81,6.31,80.8,10.06,153.22,16.43,5.44,0.0,1464.0,93.66,161,30,2,23,1,55,49,0,49,0,0.0,0.0,7.91,30.57,0.0,0,9,36,0,0,45,0,433,,0.02
fair,batched k=4 suspects,,"{""queue_suspects"": true}",batched,5,20,200,2,True,200,17.2813,11.5732,11.7453,52.591,164.151,67.5,25.01,3.87,61.23,9.89,86.45,13.37,211.63,34.17,4.96,0.0,1923.5,92.75,210,40,2,31,5,80,50,0,50,0,0.0,0.0,13.14,76.28,0.0,0,27,61,0,0,41,0,491,,0.02
fair,batched k=4 suspects,,"{""queue_suspects"": true}",batched,3,20,200,2,True,200,13.8859,14.4031,14.7585,45.057,110.532,50.893,29.18,4.09,56.99,9.74,81.03,11.36,158.28,27.05,5.88,0.0,1538.6,92.34,160,23,2,27,6,55,44,0,44,0,0.0,0.0,10.22,41.26,0.0,0,17,35,0,0,39,0,431,,0.02
queue,batched-par k=4,,"{""batch_k"": 4}",batched-par,8,20,200,2,True,200,22.2141,9.0033,8.5438,90.902,212.055,102.857,19.37,2.19,74.98,3.46,86.05,9.73,333.12,15.37,1.07,0.0,2567.0,96.3,278,62,2,19,4,121,38,0,38,0,0.0,0.0,15.41,61.77,0.0,0,73,90,0,0,0,0,535,,0.03
fair,batched k=4 suspects,,"{""queue_suspects"": true}",batched,7,20,200,2,True,200,12.7404,15.6981,17.2883,35.849,75.325,39.196,37.3,4.09,47.19,11.42,95.05,10.41,120.25,29.1,2.62,0.0,1381.1,90.33,153,30,2,30,3,46,37,0,37,0,0.0,0.0,8.87,35.95,0.0,0,9,36,0,0,32,0,420,,0.02
queue,batched-par k=4,,"{""batch_k"": 4}",batched-par,7,20,200,2,True,200,22.9661,8.7085,8.7495,92.553,228.2,100.407,20.69,2.15,70.72,6.44,95.05,9.86,324.83,29.58,5.47,0.0,2611.6,94.76,272,44,2,26,4,129,38,1,38,0,0.0,0.0,17.04,85.47,0.0,0,78,80,0,0,0,0,537,,0.02
queue,batched k=16,,"{""batch_k"": 16}",batched,3,20,200,2,True,200,37.4168,5.3452,5.2302,183.237,418.719,193.676,10.83,1.48,84.79,2.9,81.03,11.11,634.48,21.72,10.12,0.0,4164.7,92.75,451,104,2,32,4,235,41,0,41,0,0.0,0.0,28.24,180.74,0.0,0,165,165,0,0,0,0,724,,0.07
fair,batched k=4 suspects,,"{""queue_suspects"": true}",batched,8,20,200,2,True,200,14.6447,13.6568,14.3128,49.165,125.213,57.03,29.38,3.55,61.35,5.72,86.05,10.4,179.7,16.74,1.84,0.0,1679.8,95.59,182,32,2,19,5,64,40,0,40,0,0.0,0.0,10.49,54.42,0.0,0,21,46,0,0,35,0,441,,0.02
fair,batched k=4 suspects,,"{""queue_suspects"": true}",batched,9,20,200,2,True,200,13.9141,14.374,15.576,44.956,103.763,50.822,31.83,4.15,56.72,7.29,88.59,11.56,157.85,20.29,10.99,0.0,1567.6,93.89,168,33,2,29,0,54,42,0,42,0,0.0,0.0,8.59,31.77,0.0,0,17,38,0,0,38,0,439,,0.02
queue,batched-par k=4,,"{""batch_k"": 4}",batched-par,9,20,200,2,True,200,24.611,8.1264,8.0707,103.017,226.117,113.795,18.0,2.14,74.93,4.94,88.59,10.52,368.8,24.32,13.45,0.0,2838.5,96.11,296,51,2,24,0,142,43,0,43,0,0.0,0.0,14.52,68.14,0.0,0,88,84,0,0,0,0,563,,0.03
queue,batched k=16,,"{""batch_k"": 16}",batched,8,20,200,2,True,200,34.4648,5.803,5.2383,142.549,359.426,173.654,12.48,1.61,82.36,3.54,86.05,11.11,567.73,24.4,17.88,0.0,3818.7,92.33,408,92,2,19,5,210,40,3,40,0,0.0,0.0,25.38,112.55,0.0,0,144,150,0,0,0,0,670,,0.06
fair,batched-par k=4 suspects,,"{""batch_k"": 4, ""queue_suspects"": true}",batched-par,5,20,200,2,True,200,15.6348,12.792,13.1515,52.403,139.825,60.318,27.65,4.05,60.25,8.05,86.45,12.65,188.4,25.18,6.26,0.0,1745.5,93.04,184,33,2,30,6,71,47,1,47,0,0.0,0.0,11.76,60.56,0.0,0,22,43,0,0,38,0,462,,0.02
fair,batched-par k=4 suspects,,"{""batch_k"": 4, ""queue_suspects"": true}",batched-par,6,20,200,2,True,200,13.7273,14.5695,14.2914,50.891,100.616,53.789,29.43,3.86,61.45,5.26,80.8,10.59,168.7,14.45,3.72,0.0,1550.4,94.12,169,30,2,23,1,60,51,1,51,0,0.0,0.0,7.65,22.81,0.0,0,15,35,0,0,48,0,444,,0.02
fair,batched-par k=4 suspects,,"{""batch_k"": 4, ""queue_suspects"": true}",batched-par,8,20,200,2,True,200,13.3129,15.023,15.8551,43.022,101.949,49.191,32.32,4.08,57.51,6.1,86.05,10.86,153.11,16.24,1.59,0.0,1541.9,96.52,163,31,2,21,4,52,39,1,39,0,0.0,0.0,9.2,42.39,0.0,0,16,35,0,0,33,0,424,,0.02
fair,batched-par k=4 suspects,,"{""batch_k"": 4, ""queue_suspects"": true}",batched-par,3,20,200,2,True,200,14.5449,13.7505,14.9694,48.553,128.967,54.264,27.85,4.29,57.89,9.97,81.03,12.47,168.41,28.99,6.37,0.0,1615.7,92.57,176,35,2,36,4,57,45,1,45,0,0.0,0.0,9.11,43.68,0.0,0,17,41,0,0,40,0,458,,0.03
fair,batched-par k=4 suspects,,"{""batch_k"": 4, ""queue_suspects"": true}",batched-par,7,20,200,2,True,200,14.6742,13.6293,15.0224,33.78,108.126,45.955,32.39,3.78,48.41,15.42,95.05,11.1,142.09,45.25,7.03,0.0,1507.1,85.59,153,14,2,29,3,52,37,1,37,0,0.0,0.0,13.15,74.4,0.0,0,16,28,0,0,30,0,420,,0.03
fair,batched-par k=4 suspects,,"{""batch_k"": 4, ""queue_suspects"": true}",batched-par,4,20,200,2,True,200,14.9092,13.4146,14.1322,48.313,116.024,54.416,30.01,5.56,55.27,9.16,89.48,16.57,164.81,27.32,1.16,0.0,1654.1,92.46,175,28,2,42,1,61,51,0,51,0,0.0,0.0,9.16,40.08,0.0,0,17,38,0,0,47,0,468,,0.04
place,batched+place soft,default point,"{""placement_fallback"": ""least-overlap""}",batched+place,5,20,200,2,True,200,28.1424,7.1067,6.7451,134.761,261.391,128.437,15.36,1.75,74.31,8.58,86.45,9.87,418.25,48.27,17.74,0.0,3140.3,92.99,328,53,2,9,4,159,47,0,47,96,0.0,0.0,17.97,69.91,0.0,0,90,106,0,0,0,0,584,,0.03
place,batched+place soft,default point,"{""placement_fallback"": ""least-overlap""}",batched+place,3,20,200,2,True,200,23.4489,8.5292,9.4533,94.673,220.512,107.005,17.28,2.02,74.04,6.67,81.03,9.46,347.22,31.27,13.4,0.0,2624.9,93.29,278,57,2,27,4,119,38,0,38,80,0.0,0.0,15.9,62.56,0.0,0,75,90,0,0,0,0,543,,0.03
place,batched+place soft,default point,"{""placement_fallback"": ""least-overlap""}",batched+place,7,20,200,2,True,200,24.9516,8.0155,7.6535,112.919,249.845,115.064,19.05,1.99,74.87,4.09,95.05,9.94,373.61,20.43,4.93,0.0,2845.1,95.02,303,61,2,23,0,137,38,1,38,107,0.0,0.0,17.33,75.64,0.0,0,80,103,0,0,0,0,565,,0.03
place,batched+place soft,default point,"{""placement_fallback"": ""least-overlap""}",batched+place,8,20,200,2,True,200,25.0797,7.9746,7.9035,106.052,306.567,116.747,17.16,1.78,75.8,5.26,86.05,8.94,380.22,26.39,4.79,0.0,2887.7,95.95,310,74,2,8,3,132,43,0,43,88,0.0,0.0,19.53,108.82,0.0,0,83,109,0,0,0,0,561,,0.03
place,batched+place soft,default point,"{""placement_fallback"": ""least-overlap""}",batched+place,6,20,200,2,True,200,29.7853,6.7147,6.7361,145.305,275.512,148.284,13.56,1.71,81.26,3.46,80.8,10.21,484.06,20.63,2.43,0.0,3455.8,96.69,366,78,2,19,1,187,51,0,51,128,0.0,0.0,19.83,115.37,0.0,0,105,126,0,0,0,0,636,,0.04
place,batched+place hard,default point,"{""placement_fallback"": ""wait""}",batched+place,5,20,200,2,True,200,29.4347,6.7947,7.268,93.334,220.203,93.949,14.69,1.65,51.54,32.12,86.45,9.74,303.43,189.07,184.86,0.0,3049.5,86.34,324,56,2,5,2,147,48,0,48,0,0.0,0.0,16.52,83.34,0.0,0,82,104,0,0,0,0,577,,0.03
place,batched+place hard,default point,"{""placement_fallback"": ""wait""}",batched+place,7,20,200,2,True,200,21.2904,9.3939,10.3681,40.05,120.974,50.769,22.32,1.83,37.92,37.93,95.05,7.77,161.46,161.52,159.35,0.0,2271.3,88.9,243,43,2,13,1,88,31,1,31,0,0.0,0.0,13.15,77.3,0.0,0,52,64,0,0,0,0,488,,0.03
qsem,batched-aimd,,"{""q_sem"": 0.0}",batched-aimd,4,20,200,2,True,200,21.9569,9.1087,9.0158,105.226,197.484,98.23,20.38,3.01,71.55,5.06,89.48,13.22,314.21,22.23,1.55,0.0,2487.9,94.42,264,49,2,37,2,99,42,0,42,0,0.0,0.0,13.25,54.98,0.0,0,45,73,0,0,0,0,543,,0.02
place,batched+place soft,default point,"{""placement_fallback"": ""least-overlap""}",batched+place,9,20,200,2,True,200,23.8472,8.3867,8.6793,111.29,190.732,106.025,18.57,2.04,72.06,7.33,88.59,9.73,343.69,34.94,7.54,0.0,2723.6,95.18,297,62,2,14,0,132,40,0,40,94,0.0,0.0,14.04,62.99,0.0,0,82,94,0,0,0,0,551,,0.05
qsem,batched-aimd,,"{""q_sem"": 0.0}",batched-aimd,3,20,200,2,True,200,21.1733,9.4459,9.5651,95.428,201.472,97.246,19.13,2.3,74.25,4.32,81.03,9.73,314.42,18.29,0.0,0.0,2459.6,96.8,263,53,2,32,4,92,35,0,35,0,0.0,0.0,12.92,63.05,0.0,0,51,73,0,0,0,0,530,,0.03
qsem,batched-aimd,,"{""q_sem"": 0.0}",batched-aimd,6,20,200,2,True,200,23.5251,8.5016,8.1287,114.233,188.387,112.042,17.17,2.01,77.37,3.45,80.8,9.46,364.01,16.23,3.9,0.0,2693.2,95.4,290,55,2,25,4,105,38,2,38,0,0.0,0.0,9.73,46.63,0.0,0,56,73,0,0,0,0,555,,0.02
qsem,batched-aimd,,"{""q_sem"": 0.0}",batched-aimd,7,20,200,2,True,200,20.0139,9.9931,10.5338,82.797,137.801,83.235,23.75,2.02,67.3,6.94,95.05,8.07,269.38,27.77,4.46,0.0,2265.1,94.31,237,46,2,23,3,78,28,0,28,0,0.0,0.0,11.79,63.05,0.0,0,49,58,0,0,0,0,488,,0.02
place,batched+place hard,default point,"{""placement_fallback"": ""wait""}",batched+place,3,20,200,2,True,200,25.1056,7.9663,9.4007,68.524,211.734,85.251,16.14,1.73,54.86,27.27,81.03,8.69,275.48,136.92,135.82,0.0,2785.6,92.46,301,57,2,14,1,129,41,1,41,0,0.0,0.0,13.3,55.08,0.0,0,77,91,0,0,0,0,557,,0.05
fair,batched-par k=4 suspects,,"{""batch_k"": 4, ""queue_suspects"": true}",batched-par,9,20,200,2,True,200,14.4156,13.8739,14.8988,51.32,99.745,54.011,30.73,4.32,58.13,6.83,88.59,12.45,167.58,19.69,7.49,0.0,1619.8,93.64,171,27,2,28,1,62,43,1,43,0,0.0,0.0,10.73,52.76,0.0,0,19,42,0,0,38,0,443,,0.02
place,batched+place hard,default point,"{""placement_fallback"": ""wait""}",batched+place,8,20,200,2,True,200,24.9354,8.0207,8.3817,56.031,256.179,91.531,17.25,1.81,59.37,21.57,86.05,9.0,296.1,107.55,105.67,0.0,2749.1,91.88,297,66,2,7,3,123,38,1,38,0,0.0,0.0,16.76,119.14,0.0,0,74,91,0,0,0,0,543,,0.04
place,batched+place hard,default point,"{""placement_fallback"": ""wait""}",batched+place,4,20,200,2,True,200,27.016,7.403,7.468,86.674,236.286,94.702,16.56,1.75,56.67,25.02,89.48,9.46,306.22,135.17,133.36,0.0,2988.5,92.18,324,72,2,5,3,138,48,1,48,0,0.0,0.0,16.94,82.95,0.0,0,80,104,0,0,0,0,578,,0.06
place,batched+place hard,default point,"{""placement_fallback"": ""wait""}",batched+place,6,20,200,2,True,200,30.5292,6.5511,7.0189,79.897,283.366,107.031,13.23,1.51,56.92,28.34,80.8,9.23,347.54,173.01,172.75,0.0,3405.5,92.96,359,74,2,11,1,166,47,4,47,0,0.0,0.0,18.95,92.56,0.0,0,92,118,0,0,0,0,621,,0.06
qsem,batched-aimd,,"{""q_sem"": 0.05}",batched-aimd,3,20,200,2,True,200,31.2262,6.4049,6.2897,164.115,245.472,156.263,12.97,2.34,81.07,3.62,81.03,14.6,506.28,22.62,0.0,0.0,3603.2,96.16,391,73,2,31,6,157,66,2,66,0,0.0,0.0,11.15,59.3,0.0,0,70,108,0,0,0,0,690,,0.02
qsem,batched-aimd,,"{""q_sem"": 0.0}",batched-aimd,9,20,200,2,True,200,21.666,9.2311,8.7801,95.793,210.591,97.626,20.44,2.32,72.78,4.46,88.59,10.05,315.37,19.31,2.21,0.0,2475.9,95.23,255,33,2,25,1,94,33,4,33,0,0.0,0.0,12.46,60.5,0.0,0,48,63,0,0,0,0,517,,0.03
qsem,batched-aimd,,"{""q_sem"": 0.05}",batched-aimd,7,20,200,2,True,200,30.9759,6.4566,6.7813,145.912,213.161,143.182,15.34,2.6,74.44,7.62,95.05,16.1,461.17,47.19,6.52,0.0,3539.5,95.22,381,77,2,26,4,151,69,2,69,0,0.0,0.0,12.32,69.34,0.0,0,68,108,0,0,0,0,678,,0.02
qsem,batched-aimd,,"{""q_sem"": 0.05}",batched-aimd,8,20,200,2,True,200,29.1042,6.8719,6.9142,150.577,220.148,139.053,14.78,2.41,77.22,5.59,86.05,14.05,449.46,32.52,4.1,0.0,3313.8,94.88,349,59,2,18,6,139,61,2,61,0,0.0,0.0,12.23,62.15,0.0,0,63,92,0,0,0,0,630,,0.02
qsem,batched-aimd,,"{""q_sem"": 0.0}",batched-aimd,5,20,200,2,True,200,23.6848,8.4442,8.4228,100.663,184.281,107.436,18.25,2.5,73.1,6.15,86.45,11.82,346.3,29.12,12.4,0.0,2693.3,94.76,286,53,2,30,5,101,39,2,39,0,0.0,0.0,12.26,66.67,0.0,0,55,76,0,0,0,0,557,,0.03
qsem,batched-aimd,,"{""q_sem"": 0.05}",batched-aimd,6,20,200,2,True,200,36.0078,5.5544,5.702,179.58,249.317,177.877,11.22,2.48,79.85,6.45,80.8,17.85,575.08,46.43,11.73,0.0,4127.6,95.53,453,98,2,24,3,186,87,3,87,0,0.0,0.0,12.8,76.27,0.0,0,74,132,0,0,0,0,767,,0.02
place,batched+place hard,default point,"{""placement_fallback"": ""wait""}",batched+place,9,20,200,2,True,200,23.1098,8.6543,8.9161,65.957,189.021,80.006,19.17,1.86,55.84,23.13,88.59,8.59,258.1,106.92,105.7,0.0,2489.3,89.76,267,57,2,10,0,106,37,1,37,0,0.0,0.0,13.76,73.97,0.0,0,62,79,0,0,0,0,515,,0.05
qsem,batched-aimd,,"{""q_sem"": 0.1}",batched-aimd,3,20,200,2,True,200,36.5991,5.4646,5.3055,195.92,272.951,189.964,11.07,2.38,84.13,2.42,81.03,17.4,615.81,17.74,0.0,0.0,4267.3,97.16,459,93,2,29,3,184,88,2,88,0,0.0,0.0,11.57,51.27,0.0,0,75,133,0,0,0,0,778,,0.02
qsem,batched-aimd,,"{""q_sem"": 0.05}",batched-aimd,4,20,200,2,True,200,33.9529,5.8905,6.091,170.938,243.362,166.19,13.18,2.79,78.79,5.24,89.48,18.95,535.02,35.62,0.0,0.0,3940.0,96.7,424,88,2,38,3,171,73,6,73,0,0.0,0.0,11.51,52.93,0.0,0,69,123,0,0,0,0,741,,0.03
qsem,batched-aimd,,"{""q_sem"": 0.05}",batched-aimd,5,20,200,2,True,200,36.3599,5.5006,5.3203,189.388,266.195,176.132,11.89,2.63,78.11,7.38,86.45,19.11,567.99,53.64,7.03,0.0,4144.4,94.99,434,78,2,30,5,180,78,3,78,0,0.0,0.0,14.75,66.67,0.0,0,75,128,0,0,0,0,745,,0.03
place,batched+place soft,default point,"{""placement_fallback"": ""least-overlap""}",batched+place,4,20,200,2,True,200,29.9946,6.6679,6.6503,143.454,256.716,140.793,14.92,2.25,75.98,6.85,89.48,13.5,455.81,41.11,18.45,0.0,3384.4,94.03,362,76,2,18,4,175,51,1,51,89,0.0,0.0,19.9,74.84,0.0,0,102,127,0,0,0,0,632,,0.1
qsem,batched-aimd,,"{""q_sem"": 0.05}",batched-aimd,9,20,200,2,True,200,37.0566,5.3971,5.4178,181.993,269.104,184.947,11.95,2.64,80.55,4.86,88.59,19.54,596.95,36.05,8.28,0.0,4309.2,96.91,463,92,2,27,1,190,87,3,87,0,0.0,0.0,11.88,50.87,0.0,0,76,134,0,0,0,0,780,,0.03
qsem,batched-aimd,,"{""q_sem"": 0.1}",batched-aimd,7,20,200,2,True,200,38.7722,5.1583,5.2522,194.543,278.274,188.267,12.26,3.09,77.84,6.81,95.05,23.97,603.58,52.83,2.95,0.0,4431.8,95.25,474,95,2,27,4,201,106,1,106,0,0.0,0.0,12.59,53.64,0.0,0,68,138,0,0,0,0,808,,0.02
qsem,batched-aimd,,"{""q_sem"": 0.1}",batched-aimd,5,20,200,2,True,200,41.7685,4.7883,4.6798,221.678,290.918,210.292,10.35,3.09,80.82,5.74,86.45,25.82,675.15,47.94,4.54,0.0,4796.9,95.7,517,107,2,33,5,220,114,3,114,0,0.0,0.0,13.38,70.27,0.0,0,74,159,0,0,0,0,867,,0.03
qsem,batched-aimd,,"{""q_sem"": 0.1}",batched-aimd,6,20,200,2,True,200,43.8351,4.5626,4.5501,229.466,292.845,223.014,9.22,2.6,82.19,5.99,80.8,22.81,720.57,52.52,7.76,0.0,5045.6,95.92,538,107,2,26,3,234,116,3,116,0,0.0,0.0,12.86,58.0,0.0,0,75,161,0,0,0,0,883,,0.02
qsem,batched-aimd,,"{""q_sem"": 0.1}",batched-aimd,9,20,200,2,True,200,41.958,4.7667,4.735,222.945,289.009,213.536,10.56,2.87,81.95,4.62,88.59,24.09,687.69,38.79,4.55,0.0,4863.9,96.6,523,91,2,24,1,235,117,3,117,0,0.0,0.0,12.16,50.04,0.0,0,74,153,0,0,0,0,867,,0.02
qsem,batched-aimd,,"{""q_sem"": 0.2}",batched-aimd,3,20,200,2,True,200,42.2241,4.7366,4.7191,228.942,301.653,218.574,9.59,2.8,83.47,4.13,81.03,23.69,704.89,34.88,4.08,0.0,4913.6,96.97,530,104,2,29,4,235,125,4,125,0,0.0,0.0,12.9,60.48,0.0,0,70,160,0,0,0,0,888,,0.02
qsem,batched-aimd,,"{""q_sem"": 0.2}",batched-aimd,7,20,200,2,True,200,45.4343,4.402,4.2812,242.778,326.874,227.59,10.46,3.45,80.04,6.05,95.05,31.32,727.32,55.0,7.34,0.0,5192.5,95.24,558,120,2,23,4,243,144,5,144,0,0.0,0.0,12.8,61.83,0.0,0,64,168,0,0,0,0,930,,0.02
qsem,batched-aimd,,"{""q_sem"": 0.1}",batched-aimd,8,20,200,2,True,200,40.1072,4.9866,4.9511,212.632,288.192,200.749,10.73,2.64,80.78,5.85,86.05,21.2,647.96,46.93,1.06,0.0,4632.4,96.25,501,103,2,18,6,208,102,1,102,0,0.0,0.0,12.36,63.22,0.0,0,77,151,0,0,0,0,822,,0.04
qsem,batched-aimd,,"{""q_sem"": 0.2}",batched-aimd,5,20,200,2,True,200,48.4205,4.1305,4.1685,252.998,340.154,243.855,8.93,3.43,80.5,7.14,86.45,33.25,779.6,69.11,4.55,0.0,5508.7,94.81,584,118,2,33,3,263,154,3,154,0,0.0,0.0,13.78,64.09,0.0,0,68,179,0,0,0,0,974,,0.04
qsem,batched-aimd,,"{""q_sem"": 0.2}",batched-aimd,4,20,200,2,True,200,50.1159,3.9908,4.003,259.967,354.311,257.011,8.93,3.88,81.59,5.6,89.48,38.89,817.81,56.14,0.0,0.0,5763.2,95.83,615,122,2,43,2,282,157,4,157,0,0.0,0.0,13.46,52.79,0.0,0,73,191,0,0,0,0,1019,,0.04
qsem,batched-aimd,,"{""q_sem"": 0.2}",batched-aimd,6,20,200,2,True,200,48.7377,4.1036,4.0827,257.265,355.19,251.714,8.29,3.21,82.87,5.63,80.8,31.26,807.79,54.9,8.08,0.0,5610.3,95.93,603,130,2,24,4,269,152,3,152,0,0.0,0.0,13.79,77.97,0.0,0,72,189,0,0,0,0,982,,0.04
qsem,batched-aimd,,"{""q_sem"": 0.1}",batched-aimd,4,20,200,2,True,200,42.9366,4.658,4.669,222.977,290.976,215.891,10.42,3.46,80.34,5.78,89.48,29.69,689.95,49.62,9.49,0.0,4935.5,95.79,524,100,2,40,3,230,114,3,114,0,0.0,0.0,12.6,53.7,0.0,0,79,154,0,0,0,0,881,,0.02
fair,beanstalk quarantine,,"{""green_mode"": ""quarantine""}",beanstalk,5,20,200,2,True,200,9.6111,20.8094,20.6762,119.384,278.091,127.794,44.98,6.07,0.44,48.51,86.45,11.66,0.85,93.25,6.82,68.77,1115.5,96.72,111,0,2,12,4,23,52,0,52,115,198.35,66.3,19.91,71.53,301.3,11,0,0,14,57,39,54,638,,0.03
fair,beanstalk quarantine,,"{""green_mode"": ""quarantine""}",beanstalk,8,20,200,2,True,200,9.3136,21.474,34.5255,107.535,201.96,111.983,46.2,5.16,0.43,48.22,86.05,9.6,0.8,89.82,4.89,54.37,1003.1,89.76,100,0,2,8,4,21,38,1,38,85,142.93,65.22,20.61,70.32,347.1,7,0,0,15,53,24,47,590,,0.03
fair,beanstalk quarantine,,"{""green_mode"": ""quarantine""}",beanstalk,4,20,200,2,True,200,8.9061,22.4564,26.8294,104.275,210.362,113.003,50.23,8.97,0.49,40.3,89.48,15.98,0.88,71.79,0.67,57.14,1002.6,93.81,100,0,2,23,4,22,50,0,50,99,118.21,64.82,20.08,81.25,277.6,9,0,0,14,50,36,50,646,,0.04
qsem,batched-aimd,,"{""q_sem"": 0.2}",batched-aimd,8,20,200,2,True,200,48.1769,4.1514,4.161,256.808,334.874,243.492,8.93,3.07,81.16,6.83,86.05,29.63,782.02,65.84,5.06,0.0,5483.7,94.85,591,124,2,18,6,267,151,6,151,0,0.0,0.0,13.04,58.7,0.0,0,70,182,0,0,0,0,966,,0.05
fair,beanstalk no-budget,,"{""budget"": false}",beanstalk,3,20,200,2,True,200,7.0437,28.3941,,277.179,400.318,277.388,57.52,8.78,0.65,33.06,81.03,12.37,0.91,46.57,2.46,0.0,759.7,89.88,76,0,2,24,6,24,46,2,46,153,107.93,51.05,192.82,403.43,0.0,10,0,0,15,48,34,27,613,,0.03
fair,beanstalk quarantine,,"{""green_mode"": ""quarantine""}",beanstalk,7,20,200,2,True,200,8.4271,23.7329,24.2435,48.071,209.631,81.507,56.4,7.42,0.5,35.68,95.05,12.51,0.85,60.13,2.64,54.9,940.5,93.0,95,0,2,22,2,25,37,2,37,128,147.81,60.42,24.25,119.57,235.6,12,0,0,8,37,31,58,614,,0.04
qsem,batched-aimd,,"{""q_sem"": 0.0}",batched-aimd,8,20,200,2,True,200,20.778,9.6256,8.9239,82.592,187.433,91.978,20.71,2.07,71.7,5.51,86.05,8.62,297.97,22.92,2.93,0.0,2331.4,93.5,250,49,2,20,4,81,30,2,30,0,0.0,0.0,11.25,55.3,0.0,0,46,65,0,0,0,0,502,,0.11
fair,beanstalk quarantine,,"{""green_mode"": ""quarantine""}",beanstalk,3,20,200,2,True,200,8.9275,22.4027,21.9061,123.203,205.523,110.295,45.38,6.39,0.49,47.74,81.03,11.41,0.88,85.24,2.16,55.54,1044.5,97.5,103,0,2,30,3,26,41,0,41,136,160.88,63.44,28.98,126.54,244.7,7,0,0,12,53,29,50,644,,0.06
fair,beanstalk no-budget,,"{""budget"": false}",beanstalk,8,20,200,2,True,200,6.474,30.8928,,237.099,364.298,233.988,66.46,8.47,0.65,24.42,86.05,10.96,0.84,31.62,6.38,0.0,736.9,94.86,73,0,2,12,3,25,44,0,44,114,102.01,45.76,194.22,388.44,0.0,8,0,0,13,47,31,26,580,,0.03
fair,beanstalk no-budget,,"{""budget"": false}",beanstalk,9,20,200,2,True,200,7.2944,27.4184,,286.481,415.414,278.34,60.72,8.35,0.6,30.33,88.59,12.18,0.87,44.25,3.84,0.0,807.3,92.23,80,0,2,28,2,40,40,0,40,124,97.26,41.51,198.88,416.75,0.0,7,0,0,12,37,28,43,616,,0.03
fair,beanstalk quarantine,,"{""green_mode"": ""quarantine""}",beanstalk,9,20,200,2,True,200,8.2499,24.2426,24.7468,92.201,193.959,97.631,53.69,6.55,0.51,39.26,88.59,10.8,0.84,64.77,0.14,59.2,962.3,97.2,97,0,2,20,1,22,38,1,38,99,124.66,54.2,20.76,69.43,247.3,6,0,0,12,50,28,46,611,,0.03
fair,beanstalk quarantine,,"{""green_mode"": ""quarantine""}",beanstalk,6,20,200,2,True,200,7.818,25.582,31.3418,100.1,200.309,103.034,51.68,6.93,0.55,40.84,80.8,10.84,0.86,63.86,1.87,58.98,849.4,90.54,86,0,2,19,2,24,46,2,46,101,153.39,51.72,21.19,64.87,274.2,10,0,0,11,42,38,43,614,,0.06
qsem,batched-aimd,,"{""q_sem"": 0.2}",batched-aimd,9,20,200,2,True,200,46.808,4.2728,4.3533,244.682,309.434,240.287,9.46,3.22,82.33,4.98,88.59,30.18,770.78,46.62,6.48,0.0,5457.0,97.15,586,124,2,23,1,261,151,5,151,0,0.0,0.0,12.62,50.94,0.0,0,67,178,0,0,0,0,965,,0.08
fair,beanstalk no-budget,,"{""budget"": false}",beanstalk,6,20,200,2,True,200,6.403,31.2354,,249.414,365.313,247.876,63.1,8.22,0.7,27.98,80.8,10.52,0.9,35.84,0.0,0.0,729.1,94.88,73,0,2,19,2,28,52,1,52,142,128.37,41.22,192.09,384.18,0.0,8,0,0,12,44,41,29,612,,0.05
fair,beanstalk no-budget,,"{""budget"": false}",beanstalk,4,20,200,2,True,200,9.2976,21.5109,,408.516,538.773,405.329,48.12,8.68,0.48,42.72,89.48,16.14,0.9,79.44,2.93,0.0,1011.7,90.67,101,0,2,25,6,23,54,1,54,141,240.13,79.59,278.93,557.86,0.0,13,0,0,17,77,38,24,656,,0.06
fair,beanstalk-noplace quarantine,,"{""green_mode"": ""quarantine""}",beanstalk-noplace,3,20,200,2,True,200,9.4528,21.1576,25.6087,124.975,228.14,129.954,42.86,6.85,0.48,49.82,81.03,12.95,0.9,94.18,0.0,80.35,1095.8,96.6,107,0,2,33,1,20,44,0,44,0,145.75,67.6,29.9,115.49,331.3,8,0,0,17,64,27,43,658,,0.02
fair,beanstalk quarantine no-budget,,"{""budget"": false, ""green_mode"": ""quarantine""}",beanstalk,4,20,200,2,True,200,8.6134,23.2195,27.4939,182.871,314.671,182.023,51.94,10.34,0.53,37.19,89.48,17.82,0.91,64.07,1.54,0.0,967.9,93.65,97,0,2,24,3,19,55,1,55,147,210.79,99.56,30.46,128.47,0.0,21,0,0,18,59,38,38,654,,0.04
fair,beanstalk-noplace quarantine,,"{""green_mode"": ""quarantine""}",beanstalk-noplace,4,20,200,2,True,200,10.2119,19.585,21.6572,157.321,277.051,146.465,43.81,9.46,0.47,46.26,89.48,19.33,0.95,94.48,1.69,84.46,1175.3,95.91,117,0,2,41,2,24,55,0,55,0,142.16,69.3,27.06,83.11,373.5,9,0,0,15,69,40,48,707,,0.02
fair,beanstalk no-budget,,"{""budget"": false}",beanstalk,7,20,200,2,True,200,6.9904,28.6106,28.8241,115.482,248.782,120.003,67.99,7.51,0.59,23.91,95.05,10.49,0.83,33.43,2.94,0.0,750.3,89.45,76,0,2,16,2,40,36,2,36,132,120.61,40.98,87.82,257.37,0.0,7,0,0,7,29,31,47,580,,0.06
fair,beanstalk-noplace quarantine,,"{""green_mode"": ""quarantine""}",beanstalk-noplace,7,20,200,2,True,200,8.1978,24.3968,25.9781,70.027,175.788,76.881,57.98,8.28,0.54,33.2,95.05,13.58,0.89,54.44,3.17,40.86,955.1,97.09,96,0,2,27,2,26,41,0,41,0,144.84,50.03,16.83,73.18,221.3,6,0,0,10,35,31,61,629,,0.02
fair,beanstalk quarantine no-budget,,"{""budget"": false, ""green_mode"": ""quarantine""}",beanstalk,3,20,200,2,True,200,8.837,22.6322,24.4072,256.836,360.909,231.456,45.84,7.47,0.52,46.16,81.03,13.21,0.92,81.58,6.18,0.0,968.9,91.37,95,0,2,34,3,14,42,2,42,155,281.51,103.1,42.27,172.04,0.0,13,0,0,12,64,32,31,645,,0.05
fair,beanstalk quarantine no-budget,,"{""budget"": false, ""green_mode"": ""quarantine""}",beanstalk,7,20,200,2,True,200,7.8037,25.6288,25.4298,48.071,218.361,94.421,60.9,7.47,0.54,31.09,95.05,11.66,0.84,48.52,3.56,0.0,873.4,93.27,88,0,2,20,3,21,37,2,37,136,147.81,57.95,25.77,119.57,0.0,12,0,0,8,37,31,51,603,,0.04
fair,beanstalk quarantine no-budget,,"{""budget"": false, ""green_mode"": ""quarantine""}",beanstalk,6,20,200,2,True,200,9.5576,20.9258,26.8806,285.495,425.514,271.022,42.27,6.68,0.5,50.55,80.8,12.76,0.95,96.63,4.44,0.0,1112.0,96.96,111,0,2,22,1,16,57,2,57,145,230.09,96.22,44.89,161.42,0.0,20,0,0,16,84,44,27,664,,0.05
fair,beanstalk-noplace quarantine,,"{""green_mode"": ""quarantine""}",beanstalk-noplace,8,20,200,2,True,200,9.4743,21.1098,21.2484,109.332,210.77,113.875,45.41,7.16,0.46,46.97,86.05,13.57,0.87,89.0,2.23,63.07,1096.3,96.43,110,0,2,23,6,25,44,2,44,0,158.38,58.59,28.85,118.38,325.4,8,0,0,16,63,31,47,643,,0.02
fair,beanstalk quarantine no-budget,,"{""budget"": false, ""green_mode"": ""quarantine""}",beanstalk,8,20,200,2,True,200,7.4051,27.0083,37.0224,151.486,238.687,145.193,58.1,6.57,0.55,34.78,86.05,9.73,0.81,51.51,9.7,0.0,858.9,96.65,86,0,2,11,6,17,38,0,38,120,137.01,72.4,32.25,115.59,0.0,9,0,0,15,54,24,31,581,,0.05
fair,beanstalk quarantine no-budget,,"{""budget"": false, ""green_mode"": ""quarantine""}",beanstalk,5,20,200,2,True,200,9.3889,21.3016,19.1204,194.93,351.526,193.752,46.04,6.48,0.47,47.01,86.45,12.16,0.88,88.28,10.25,0.0,1087.1,96.49,108,0,2,14,4,17,54,0,54,142,235.53,79.98,34.34,129.27,0.0,16,0,0,14,71,41,37,644,,0.05
fair,beanstalk-noplace quarantine,,"{""green_mode"": ""quarantine""}",beanstalk-noplace,5,20,200,2,True,200,11.8085,16.9369,14.9529,134.921,258.61,127.788,36.61,6.63,0.39,56.37,86.45,15.66,0.93,133.12,4.52,117.07,1356.5,95.73,136,0,2,30,4,30,52,3,52,0,166.52,74.85,32.23,138.39,462.7,9,0,0,19,77,37,59,698,,0.02
main,serial,,{},serial,4,20,200,2,True,200,44.8818,4.4561,4.4575,236.793,300.765,227.995,9.97,1.73,82.93,5.37,89.48,15.53,744.45,48.18,0.0,0.0,2664.6,49.48,258,0,1,37,1,58,54,4,54,0,0.0,0.0,8.49,43.99,0.0,0,0,0,0,0,0,0,553,,0.02
main,serial,,{},serial,5,20,200,2,True,200,42.9946,4.6518,4.6878,219.946,296.606,215.725,10.05,1.46,82.16,6.32,86.45,12.56,706.53,54.35,5.27,0.0,2562.2,49.66,250,0,1,29,4,50,48,2,48,0,0.0,0.0,7.7,39.19,0.0,0,0,0,0,0,0,0,529,,0.02
fair,beanstalk-noplace quarantine,,"{""green_mode"": ""quarantine""}",beanstalk-noplace,9,20,200,2,True,200,8.6082,23.2337,22.8815,75.866,185.996,88.42,51.46,8.55,0.5,39.49,88.59,14.72,0.86,67.99,0.09,46.01,974.7,94.36,99,0,2,28,2,27,43,1,43,0,145.89,52.64,20.05,73.18,228.4,6,0,0,12,47,33,52,639,,0.04
fair,beanstalk quarantine no-budget,,"{""budget"": false, ""green_mode"": ""quarantine""}",beanstalk,9,20,200,2,True,200,9.0958,21.9882,23.3637,173.408,321.285,178.139,48.7,7.22,0.48,43.6,88.59,13.14,0.87,79.32,1.39,0.0,1010.0,92.54,101,0,2,21,2,20,44,1,44,126,199.49,85.26,30.69,91.6,0.0,10,0,0,14,65,32,36,630,,0.07
main,serial,,{},serial,3,20,200,2,True,200,41.8404,4.7801,4.7627,220.174,274.659,215.412,9.68,1.27,84.54,4.51,81.03,10.6,707.44,37.74,0.0,0.0,2507.2,49.94,244,0,1,29,3,44,41,3,41,0,0.0,0.0,7.41,42.64,0.0,0,0,0,0,0,0,0,517,,0.02
qsem,beanstalk quarantine,,"{""green_mode"": ""quarantine"", ""q_sem"": 0.0}",beanstalk,7,20,200,2,True,200,8.0703,24.7822,27.4939,61.204,179.182,78.934,58.89,5.52,0.49,35.1,95.05,8.92,0.79,56.65,2.2,46.27,820.5,84.72,83,0,2,18,2,26,28,2,28,126,131.47,49.68,18.45,65.18,129.5,7,0,0,7,27,24,56,576,,0.03
qsem,beanstalk quarantine,,"{""green_mode"": ""quarantine"", ""q_sem"": 0.0}",beanstalk,9,20,200,2,True,200,8.6809,23.039,21.3028,98.468,242.42,111.297,51.02,5.65,0.47,42.85,88.59,9.81,0.82,74.4,0.02,53.3,962.1,92.35,96,0,2,20,2,24,33,1,33,93,233.62,60.34,24.96,85.64,240.9,7,0,0,10,47,24,49,602,,0.03
fair,beanstalk no-budget,,"{""budget"": false}",beanstalk,5,20,200,2,True,200,7.547,26.5005,24.8117,250.904,383.511,240.996,57.28,8.75,0.59,33.38,86.45,13.2,0.89,50.39,9.17,0.0,863.8,95.38,86,0,2,23,3,21,51,0,51,146,130.13,59.49,164.31,384.5,0.0,12,0,0,15,57,38,29,630,,0.05
fair,beanstalk-noplace quarantine,,"{""green_mode"": ""quarantine""}",beanstalk-noplace,6,20,200,2,True,200,9.5544,20.9329,24.2917,90.768,231.926,105.282,42.29,6.83,0.48,50.4,80.8,13.05,0.92,96.31,7.29,62.93,1099.6,95.91,110,0,2,25,3,26,55,2,55,0,209.68,51.65,30.39,150.13,341.8,8,0,0,14,60,44,50,668,,0.07
main,serial,,{},serial,7,20,200,2,True,200,41.8651,4.7772,4.7958,214.156,255.139,207.285,11.35,1.16,81.36,6.13,95.05,9.71,681.24,51.3,3.78,0.0,2483.4,49.43,241,0,1,23,4,41,38,3,38,0,0.0,0.0,7.38,33.05,0.0,0,0,0,0,0,0,0,505,,0.04
qsem,beanstalk quarantine,,"{""green_mode"": ""quarantine"", ""q_sem"": 0.0}",beanstalk,3,20,200,2,True,200,8.6844,23.0298,25.2313,104.666,197.027,104.47,46.65,6.47,0.5,46.39,81.03,11.23,0.87,80.57,0.0,59.71,968.9,92.97,95,0,2,32,3,22,35,1,35,140,150.99,61.77,23.46,115.79,240.7,8,0,0,11,48,25,47,629,,0.05
main,serial,,{},serial,9,20,200,2,True,200,43.0601,4.6447,4.6401,219.49,293.161,218.768,10.29,1.3,83.37,5.04,88.59,11.24,717.99,43.39,4.67,0.0,2576.4,49.86,251,0,1,24,1,51,42,9,42,0,0.0,0.0,7.67,32.94,0.0,0,0,0,0,0,0,0,526,,0.03
qsem,beanstalk quarantine,,"{""green_mode"": ""quarantine"", ""q_sem"": 0.0}",beanstalk,6,20,200,2,True,200,6.695,29.873,31.0731,77.284,172.073,84.176,60.35,6.21,0.62,32.82,80.8,8.32,0.83,43.95,1.93,31.12,777.5,96.77,79,0,2,14,4,24,38,1,38,129,144.32,48.63,18.49,65.99,156.3,6,0,0,7,29,33,49,579,,0.06
main,serial,,{},serial,6,20,200,2,True,200,43.4652,4.6014,4.4645,236.219,278.309,225.082,9.3,1.4,84.91,4.4,80.8,12.19,738.09,38.23,5.76,0.0,2596.5,49.78,253,0,1,23,4,53,49,4,49,0,0.0,0.0,7.52,31.99,0.0,0,0,0,0,0,0,0,529,,0.05
main,beanstalk,,{},beanstalk,3,20,200,2,True,200,8.2787,24.1583,,334.331,474.418,325.736,48.94,7.69,0.54,42.84,81.03,12.73,0.89,70.92,2.79,46.33,904.7,91.06,89,0,2,29,2,33,44,2,44,120,158.19,43.65,229.77,477.53,302.6,8,0,0,14,53,32,36,634,,0.03
main,beanstalk,,{},beanstalk,5,20,200,2,True,200,8.6728,23.0605,21.9424,241.398,433.79,243.185,49.84,6.84,0.49,42.83,86.45,11.87,0.85,74.29,7.31,48.76,946.0,90.89,94,0,2,11,2,35,52,0,52,128,127.65,46.77,182.66,434.78,249.6,10,0,0,16,48,37,46,620,,0.03
main,beanstalk,,{},beanstalk,6,20,200,2,True,200,7.8623,25.438,,309.531,441.881,267.931,51.39,6.94,0.56,41.11,80.8,10.92,0.89,64.64,0.9,49.13,870.7,92.29,87,0,2,20,4,42,51,2,51,100,159.27,44.57,225.13,460.75,255.8,8,0,0,12,42,41,45,629,,0.03
qsem,beanstalk quarantine,,"{""green_mode"": ""quarantine"", ""q_sem"": 0.0}",beanstalk,8,20,200,2,True,200,7.1362,28.0262,37.4967,102.019,185.192,107.796,60.29,4.43,0.54,34.74,86.05,6.33,0.77,49.58,4.46,27.79,828.6,96.77,82,0,2,8,2,17,30,0,30,96,143.85,64.85,19.8,66.13,183.7,9,0,0,12,44,18,38,553,,0.07
qsem,beanstalk quarantine,,"{""green_mode"": ""quarantine"", ""q_sem"": 0.0}",beanstalk,4,20,200,2,True,200,7.3981,27.0341,32.6466,81.416,188.939,93.21,60.47,8.81,0.58,30.13,89.48,13.04,0.86,44.58,1.68,21.91,870.2,98.03,87,0,2,22,3,28,42,1,42,118,135.17,60.68,16.05,50.43,169.3,8,0,0,12,34,31,53,614,,0.08
main,beanstalk,,{},beanstalk,7,20,200,2,True,200,8.2367,24.2817,26.5004,84.374,277.804,126.698,57.7,5.5,0.49,36.3,95.05,9.07,0.81,59.8,2.74,33.72,798.0,80.74,81,0,2,14,2,49,33,1,33,117,120.61,36.22,94.6,286.39,116.3,5,0,0,7,25,27,56,574,,0.04
main,beanstalk-noplace,,{},beanstalk-noplace,3,20,200,2,True,200,8.9801,22.2714,,209.301,483.014,265.786,45.11,6.85,0.5,47.53,81.03,12.3,0.91,85.37,0.0,65.16,991.6,92.02,97,0,2,29,2,32,44,0,44,0,154.3,57.01,223.34,489.62,278.0,7,0,0,16,60,28,37,637,,0.02
main,beanstalk-noplace,,{},beanstalk-noplace,5,20,200,2,True,200,9.9984,20.0031,,346.658,502.002,308.302,43.23,7.95,0.46,48.36,86.45,15.89,0.91,96.71,4.35,75.54,1042.1,86.86,105,0,2,30,4,39,52,4,52,0,198.89,49.72,214.18,505.5,303.8,7,0,0,15,56,41,49,673,,0.02
main,serial,,{},serial,8,20,200,2,True,200,41.0746,4.8692,4.7971,214.219,267.225,209.555,10.47,1.19,83.84,4.49,86.05,9.77,688.75,36.92,3.64,0.0,2457.6,49.86,240,0,1,15,5,40,38,2,38,0,0.0,0.0,7.16,34.13,0.0,0,0,0,0,0,0,0,495,,0.02
main,beanstalk-noplace,,{},beanstalk-noplace,4,20,200,2,True,200,8.7737,22.7955,,312.915,497.906,306.604,50.99,12.32,0.56,36.12,89.48,21.63,0.98,63.39,3.88,53.27,985.7,93.62,98,0,2,42,1,28,62,0,62,0,113.59,50.95,232.34,494.17,312.3,11,0,0,17,65,45,33,705,,0.02
main,beanstalk-noplace,,{},beanstalk-noplace,8,20,200,2,True,200,7.5038,26.6531,,234.765,424.814,261.381,57.34,8.61,0.58,33.47,86.05,12.92,0.88,50.23,1.56,29.9,865.8,96.16,87,0,2,19,7,42,49,0,49,0,87.33,43.23,225.11,450.23,219.2,8,0,0,17,44,32,43,617,,0.02
main,beanstalk-noplace,,{},beanstalk-noplace,9,20,200,2,True,200,7.5675,26.4289,,251.068,398.375,242.595,58.53,9.47,0.57,31.43,88.59,14.34,0.86,47.56,1.43,37.93,831.4,91.56,85,0,2,25,4,49,45,1,45,0,95.63,36.58,173.67,395.4,180.3,9,0,0,10,31,36,54,624,,0.01
queue,batched k=1,,"{""batch_k"": 1}",batched,3,20,200,2,True,200,23.1611,8.6352,8.4818,112.066,155.9,108.557,17.49,2.18,75.93,4.39,81.03,10.11,351.74,20.34,0.0,0.0,2704.3,97.3,274,21,2,26,4,44,41,2,41,0,0.0,0.0,6.64,32.01,0.0,0,0,31,0,0,0,0,543,,0.02
main,beanstalk-noplace,,{},beanstalk-noplace,7,20,200,2,True,200,7.8889,25.3522,,228.456,382.986,216.77,60.25,8.39,0.56,30.81,95.05,13.24,0.88,48.61,3.83,33.59,827.7,87.44,83,0,2,28,3,51,39,0,39,0,81.63,36.1,160.93,386.14,148.2,5,0,0,8,25,31,58,615,,0.03
main,beanstalk,,{},beanstalk,8,20,200,2,True,200,6.9371,28.8304,,264.976,392.085,256.821,62.02,6.98,0.59,30.41,86.05,9.68,0.82,42.19,4.73,23.09,775.1,93.11,78,0,2,11,3,32,41,0,41,107,111.83,43.61,208.11,416.23,156.6,8,0,0,14,44,27,33,576,,0.06
queue,batched k=1,,"{""batch_k"": 1}",batched,9,20,200,2,True,200,23.1097,8.6544,8.6881,105.814,138.885,104.843,19.17,2.38,73.23,5.22,88.59,11.02,338.46,24.13,3.31,0.0,2671.0,96.32,277,24,2,26,1,47,43,2,43,0,0.0,0.0,6.23,32.22,0.0,0,0,32,0,0,0,0,548,,0.02
queue,batched k=1,,"{""batch_k"": 1}",batched,8,20,200,2,True,200,23.8201,8.3963,8.3034,111.817,152.365,109.585,18.06,2.42,74.25,5.26,86.05,11.54,353.74,25.07,0.73,0.0,2761.8,96.62,284,30,2,18,4,47,40,5,40,0,0.0,0.0,6.72,30.83,0.0,0,0,39,0,0,0,0,547,,0.02
main,beanstalk,,{},beanstalk,4,20,200,2,True,200,9.535,20.9753,1105.7003,291.803,423.182,276.018,46.92,7.14,0.46,45.48,89.48,13.62,0.87,86.73,4.75,51.44,1055.7,92.26,106,0,2,19,5,39,52,1,52,125,182.58,49.16,183.85,442.27,263.8,8,0,0,17,63,36,43,648,,0.07
queue,batched-par k=1,,"{""batch_k"": 1}",batched-par,4,20,200,2,True,200,23.2702,8.5947,8.8126,105.537,151.995,104.12,19.23,3.68,70.89,6.2,89.48,17.13,329.94,28.86,0.0,0.0,2710.6,97.07,275,15,2,38,2,58,55,0,55,0,0.0,0.0,6.17,38.77,0.0,0,0,20,0,0,0,0,568,,0.02
queue,batched-par k=1,,"{""batch_k"": 1}",batched-par,5,20,200,2,True,200,22.7146,8.8049,9.0339,97.837,142.661,99.851,19.03,2.88,70.39,7.7,86.45,13.08,319.76,35.0,3.76,0.0,2623.9,96.26,263,8,2,27,5,53,48,5,48,0,0.0,0.0,5.2,24.68,0.0,0,0,10,0,0,0,0,543,,0.02
main,beanstalk-noplace,,{},beanstalk-noplace,6,20,200,2,True,200,8.386,23.8494,,332.701,465.946,318.35,48.18,8.18,0.56,43.08,80.8,13.72,0.95,72.25,1.15,55.43,862.3,85.69,86,0,2,34,3,36,53,2,53,0,128.2,42.3,215.6,465.26,217.8,12,0,0,12,45,44,41,657,,0.05
qsem,beanstalk quarantine,,"{""green_mode"": ""quarantine"", ""q_sem"": 0.0}",beanstalk,5,20,200,2,True,200,8.4114,23.7772,24.4294,88.857,180.756,86.394,51.39,5.97,0.5,42.15,86.45,10.04,0.83,70.9,5.34,47.83,952.7,94.38,95,0,2,17,5,27,39,0,39,108,114.39,54.1,19.47,68.44,239.7,6,0,0,12,38,28,57,605,,0.08
queue,batched-par k=1,,"{""batch_k"": 1}",batched-par,6,20,200,2,True,200,23.1016,8.6574,8.5501,107.47,147.826,107.115,17.49,2.43,74.84,5.23,80.8,11.25,345.8,24.18,3.71,0.0,2714.6,97.92,275,19,2,24,4,55,49,5,49,0,0.0,0.0,5.42,32.03,0.0,0,0,21,0,0,0,0,553,,0.02
queue,batched k=1,,"{""batch_k"": 1}",batched,7,20,200,2,True,200,23.0992,8.6583,8.9709,101.506,131.203,100.746,20.58,2.27,70.42,6.73,95.05,10.47,325.35,31.11,5.09,0.0,2651.9,95.67,278,29,2,23,4,43,38,5,38,0,0.0,0.0,6.01,27.34,0.0,0,0,35,0,0,0,0,544,,0.04
queue,batched k=1,,"{""batch_k"": 1}",batched,4,20,200,2,True,200,26.189,7.6368,7.7352,122.969,183.469,121.401,17.08,3.1,74.16,5.66,89.48,16.24,388.43,29.63,0.0,0.0,3006.3,95.66,308,37,2,39,1,63,55,3,55,0,0.0,0.0,8.11,41.66,0.0,0,0,50,0,0,0,0,605,,0.03
queue,batched-par k=1,,"{""batch_k"": 1}",batched-par,9,20,200,2,True,200,22.065,9.0641,9.2982,98.244,136.131,98.682,20.07,2.76,71.77,5.39,88.59,12.2,316.74,23.77,3.14,0.0,2600.3,98.21,264,14,2,29,1,49,43,6,43,0,0.0,0.0,5.2,27.13,0.0,0,0,15,0,0,0,0,542,,0.02
main,beanstalk,,{},beanstalk,9,20,200,2,True,200,8.1289,24.6036,38.4451,172.126,234.326,154.493,54.49,8.53,0.52,36.45,88.59,13.87,0.85,59.27,2.85,33.17,884.3,90.65,88,0,2,21,1,38,43,0,43,107,114.81,44.21,105.17,232.96,167.9,8,0,0,13,43,30,45,614,,0.08
queue,batched k=1,,"{""batch_k"": 1}",batched,5,20,200,2,True,200,24.7125,8.0931,8.1282,110.52,173.87,112.046,17.49,2.52,73.04,6.94,86.45,12.47,361.02,34.31,5.9,0.0,2827.3,95.34,287,27,2,28,6,52,46,3,46,0,0.0,0.0,6.92,30.76,0.0,0,0,38,0,0,0,0,564,,0.05
queue,batched-par k=1,,"{""batch_k"": 1}",batched-par,3,20,200,2,True,200,21.8366,9.1589,9.2398,100.546,137.915,100.12,18.55,2.57,73.85,5.03,81.03,11.22,322.51,21.98,0.0,0.0,2592.9,98.95,262,13,2,30,4,46,42,4,42,0,0.0,0.0,5.01,24.88,0.0,0,0,16,0,0,0,0,538,,0.05
queue,batched-par k=1,,"{""batch_k"": 1}",batched-par,7,20,200,2,True,200,22.1038,9.0482,9.2414,93.528,131.374,94.26,21.5,2.19,68.88,7.42,95.05,9.68,304.52,32.82,2.45,0.0,2563.5,96.65,253,11,2,24,4,40,38,2,38,0,0.0,0.0,5.27,34.42,0.0,0,0,13,0,0,0,0,517,,0.03
fair,batched k=1 released,,"{""batch_k"": 1, ""queue_agents"": ""released""}",batched,5,20,200,2,True,200,26.722,7.4845,7.5758,616.32,1078.21,560.727,16.18,3.98,0.0,79.85,86.45,21.25,0.0,426.74,0.0,0.0,3067.9,95.67,318,35,2,66,11,72,63,3,63,0,0.0,0.0,8.09,50.64,0.0,0,0,52,0,0,0,0,650,,0.02
queue,batched k=1,,"{""batch_k"": 1}",batched,6,20,200,2,True,200,25.351,7.8892,7.7124,119.688,168.424,119.101,15.94,2.28,76.02,5.76,80.8,11.58,385.43,29.21,5.14,0.0,2920.7,96.01,303,35,2,24,4,58,49,7,49,0,0.0,0.0,7.34,33.08,0.0,0,0,47,0,0,0,0,583,,0.02
fair,batched k=1 released,,"{""batch_k"": 1, ""queue_agents"": ""released""}",batched,7,20,200,2,True,200,25.2387,7.9243,7.9752,537.693,1008.439,540.783,18.83,4.01,0.0,77.15,95.05,20.26,0.0,389.46,0.0,0.0,2915.5,96.27,306,32,2,64,5,59,51,7,51,0,0.0,0.0,7.02,32.16,0.0,0,0,48,0,0,0,0,628,,0.02
fair,batched k=1 released,,"{""batch_k"": 1, ""queue_agents"": ""released""}",batched,9,20,200,2,True,200,24.3321,8.2196,8.1589,526.72,1027.595,538.391,18.2,3.85,0.0,77.95,88.59,18.72,0.0,379.33,0.0,0.0,2835.2,97.1,293,31,2,54,6,54,49,3,49,0,0.0,0.0,6.79,32.22,0.0,0,0,41,0,0,0,0,599,,0.02
fair,batched k=1 released,,"{""batch_k"": 1, ""queue_agents"": ""released""}",batched,8,20,200,2,True,200,26.0975,7.6636,7.6843,558.051,1102.056,565.952,16.49,3.48,0.0,80.03,86.05,18.18,0.0,417.72,0.0,0.0,3002.1,95.86,311,41,2,43,16,66,57,7,57,0,0.0,0.0,7.49,39.82,0.0,0,0,47,0,0,0,0,618,,0.02
fair,batched k=1 released,,"{""batch_k"": 1, ""queue_agents"": ""released""}",batched,3,20,200,2,True,200,24.6339,8.1189,8.5192,549.02,934.392,528.512,16.45,3.68,0.0,79.88,81.03,18.11,0.0,393.54,0.0,0.0,2813.2,95.17,292,30,2,66,8,55,51,3,51,0,0.0,0.0,6.65,36.34,0.0,0,0,38,0,0,0,0,612,,0.04
place,beanstalk soft,file-oracle,"{""flag_clean"": 0.0451, ""flag_recall"": 1.0, ""placement_fallback"": ""least-overlap""}",beanstalk,5,20,200,2,True,200,10.2047,19.5988,,397.395,538.829,320.232,42.36,5.11,0.41,52.12,86.45,10.42,0.84,106.38,4.16,88.43,1126.0,91.95,112,0,2,6,5,43,48,0,48,14,204.31,57.58,239.85,540.48,301.6,11,0,0,17,63,32,49,618,,0.03
queue,batched-par k=1,,"{""batch_k"": 1}",batched-par,8,20,200,2,True,200,22.009,9.0872,8.972,101.394,138.293,99.243,19.55,2.57,72.58,5.3,86.05,11.32,319.49,23.32,0.34,0.0,2588.3,98.0,260,13,2,19,5,45,39,6,39,0,0.0,0.0,5.2,26.82,0.0,0,0,15,0,0,0,0,524,,0.04
fair,batched k=1 released,,"{""batch_k"": 1, ""queue_agents"": ""released""}",batched,6,20,200,2,True,200,27.7639,7.2036,7.3211,621.071,1143.155,618.154,14.55,3.56,0.0,81.89,80.8,19.76,0.0,454.71,0.0,0.0,3242.3,97.32,334,41,2,66,5,80,66,8,66,0,0.0,0.0,8.81,40.72,0.0,0,0,60,0,0,0,0,674,,0.05
place,beanstalk soft,file-oracle,"{""flag_clean"": 0.0451, ""flag_recall"": 1.0, ""placement_fallback"": ""least-overlap""}",beanstalk,6,20,200,2,True,200,7.0553,28.3475,,220.302,339.524,214.463,57.26,5.73,0.6,36.41,80.8,8.08,0.84,51.38,1.91,34.84,758.3,89.56,76,0,2,7,3,39,47,1,47,12,121.46,33.59,153.6,357.88,180.4,8,0,0,9,31,39,45,582,,0.03
place,beanstalk soft,file-oracle,"{""flag_clean"": 0.0451, ""flag_recall"": 1.0, ""placement_fallback"": ""least-overlap""}",beanstalk,4,20,200,2,True,200,9.5606,20.9193,33.5405,202.54,265.856,190.852,46.79,7.19,0.46,45.56,89.48,13.74,0.87,87.12,0.13,78.42,1090.5,95.05,109,0,2,16,3,30,53,0,53,17,124.86,58.43,128.52,281.65,354.9,11,0,0,17,73,37,36,646,,0.04
place,beanstalk hard,file-oracle,"{""flag_clean"": 0.0451, ""flag_recall"": 1.0, ""placement_fallback"": ""wait""}",beanstalk,5,20,200,2,True,200,10.8301,18.467,,429.757,571.191,350.382,39.91,4.4,0.38,55.31,86.45,9.52,0.82,119.8,27.15,92.47,1159.6,89.23,115,0,2,2,5,44,47,0,47,0,204.31,58.43,253.99,572.85,331.7,11,0,0,17,66,31,49,611,,0.03
place,beanstalk hard,file-oracle,"{""flag_clean"": 0.0451, ""flag_recall"": 1.0, ""placement_fallback"": ""wait""}",beanstalk,6,20,200,2,True,200,7.9755,25.0768,,224.015,343.237,217.762,50.66,4.76,0.52,44.06,80.8,7.59,0.83,70.28,25.96,39.62,750.9,78.46,75,0,2,4,3,37,47,1,47,0,121.46,33.49,140.5,361.59,180.4,8,0,0,9,31,39,44,575,,0.03
fair,batched k=1 released,,"{""batch_k"": 1, ""queue_agents"": ""released""}",batched,4,20,200,2,True,200,27.6277,7.2391,7.1305,566.629,1173.249,592.75,16.19,4.44,0.0,79.37,89.48,24.52,0.0,438.56,0.0,0.0,3207.8,96.76,327,39,2,73,9,78,70,2,70,0,0.0,0.0,8.3,43.27,0.0,0,0,55,0,0,0,0,672,,0.06
place,beanstalk soft,file-oracle,"{""flag_clean"": 0.0451, ""flag_recall"": 1.0, ""placement_fallback"": ""least-overlap""}",beanstalk,8,20,200,2,True,200,6.8616,29.1478,,208.731,385.746,225.677,62.7,6.12,0.57,30.61,86.05,8.4,0.78,42.0,1.13,32.31,797.8,96.89,79,0,2,3,5,31,39,0,39,15,115.5,49.96,191.58,396.9,191.8,8,0,0,13,46,26,33,563,,0.03
place,beanstalk soft,file-oracle,"{""flag_clean"": 0.0451, ""flag_recall"": 1.0, ""placement_fallback"": ""least-overlap""}",beanstalk,9,20,200,2,True,200,7.2017,27.7712,70.5285,136.99,269.76,142.11,61.5,7.26,0.58,30.65,88.59,10.46,0.83,44.15,2.25,14.86,808.4,93.54,80,0,2,9,2,45,43,0,43,19,90.88,37.44,105.66,270.51,131.7,7,0,0,11,29,32,51,580,,0.04
place,beanstalk hard,file-oracle,"{""flag_clean"": 0.0451, ""flag_recall"": 1.0, ""placement_fallback"": ""wait""}",beanstalk,9,20,200,2,True,200,6.8584,29.1614,83.1996,124.379,269.76,139.398,64.58,6.69,0.6,28.13,88.59,9.17,0.83,38.58,21.16,8.33,787.5,95.68,78,0,2,4,2,49,43,0,43,0,66.14,34.68,105.34,270.51,102.2,7,0,0,11,24,32,54,569,,0.03
place,beanstalk soft,file-oracle,"{""flag_clean"": 0.0451, ""flag_recall"": 1.0, ""placement_fallback"": ""least-overlap""}",beanstalk,7,20,200,2,True,200,8.3041,24.0846,,278.109,471.651,291.517,57.23,5.33,0.48,36.96,95.05,8.85,0.79,61.39,1.95,49.86,918.1,92.13,93,0,2,4,2,50,39,1,39,5,117.34,44.85,223.99,472.09,201.9,7,0,0,11,38,30,55,577,,0.03
place,beanstalk soft,file-oracle,"{""flag_clean"": 0.0451, ""flag_recall"": 1.0, ""placement_fallback"": ""least-overlap""}",beanstalk,3,20,200,2,True,200,8.8635,22.5645,,236.93,503.838,305.439,45.71,4.96,0.46,48.87,81.03,8.8,0.82,86.63,2.18,79.36,998.2,93.85,98,0,2,8,5,29,42,2,42,20,156.08,63.02,244.76,510.01,321.5,10,0,0,14,65,30,33,596,,0.07
place,beanstalk hard,file-oracle,"{""flag_clean"": 0.0451, ""flag_recall"": 1.0, ""placement_fallback"": ""wait""}",beanstalk,7,20,200,2,True,200,8.8014,22.7238,,261.899,455.441,274.638,54.0,4.77,0.45,40.78,95.05,8.4,0.79,71.79,27.45,43.25,919.8,87.09,93,0,2,1,2,49,39,1,39,0,117.34,44.12,198.1,455.88,198.3,7,0,0,11,37,30,56,571,,0.05
place,beanstalk hard,file-oracle,"{""flag_clean"": 0.0451, ""flag_recall"": 1.0, ""placement_fallback"": ""wait""}",beanstalk,4,20,200,2,True,200,9.7338,20.5469,34.7087,200.566,262.878,181.96,45.96,5.86,0.43,47.75,89.48,11.41,0.83,92.95,16.64,75.73,1105.4,94.63,111,0,2,7,4,32,52,0,52,0,124.86,56.67,122.27,281.65,334.8,11,0,0,17,71,36,40,629,,0.06
place,beanstalk hard,file-oracle,"{""flag_clean"": 0.0451, ""flag_recall"": 1.0, ""placement_fallback"": ""wait""}",beanstalk,3,20,200,2,True,200,9.7542,20.5039,,239.947,506.855,303.233,41.53,3.74,0.41,54.32,81.03,7.3,0.79,105.97,25.28,80.52,1056.0,90.22,104,0,2,2,6,32,41,2,41,0,156.08,63.57,226.02,513.02,319.1,9,0,0,14,65,29,39,588,,0.06
place,beanstalk soft,module-oracle,"{""flag_clean"": 0.7369, ""flag_recall"": 1.0, ""placement_fallback"": ""least-overlap""}",beanstalk,5,20,200,2,True,200,8.2309,24.2985,,289.609,416.342,271.04,52.52,8.16,0.54,38.78,86.45,13.44,0.88,63.84,4.74,45.57,935.8,94.75,93,0,2,22,3,45,51,0,51,197,148.42,50.48,186.34,425.8,244.5,9,0,0,14,45,38,48,639,,0.03
place,beanstalk soft,module-oracle,"{""flag_clean"": 0.7369, ""flag_recall"": 1.0, ""placement_fallback"": ""least-overlap""}",beanstalk,7,20,200,2,True,200,7.785,25.6904,,195.729,351.911,199.053,61.05,6.82,0.53,31.59,95.05,10.63,0.83,49.19,0.0,26.88,751.5,80.44,76,0,2,17,3,50,38,0,38,197,85.38,33.1,141.83,357.89,148.9,6,0,0,8,20,30,56,586,,0.03
place,beanstalk soft,module-oracle,"{""flag_clean"": 0.7369, ""flag_recall"": 1.0, ""placement_fallback"": ""least-overlap""}",beanstalk,8,20,200,2,True,200,7.8327,25.534,,320.067,450.33,287.098,54.93,6.13,0.51,38.43,86.05,9.61,0.8,60.2,3.83,40.4,915.5,97.4,91,0,2,9,6,35,41,0,41,194,148.62,54.52,222.35,456.97,236.9,8,0,0,15,54,26,37,590,,0.03
place,beanstalk soft,module-oracle,"{""flag_clean"": 0.7369, ""flag_recall"": 1.0, ""placement_fallback"": ""least-overlap""}",beanstalk,3,20,200,2,True,200,9.0429,22.1167,19.3492,180.384,310.758,182.381,44.8,6.35,0.46,48.38,81.03,11.49,0.84,87.51,3.66,56.39,985.3,90.8,97,0,2,27,4,33,37,1,37,192,167.7,55.09,121.54,314.22,257.0,9,0,0,14,59,25,38,625,,0.05
place,beanstalk hard,file-oracle,"{""flag_clean"": 0.0451, ""flag_recall"": 1.0, ""placement_fallback"": ""wait""}",beanstalk,8,20,200,2,True,200,7.2494,27.5885,,207.783,384.799,223.16,59.35,5.54,0.53,34.58,86.05,8.03,0.77,50.14,14.12,34.79,808.2,92.9,80,0,2,1,5,30,39,0,39,0,115.5,49.51,180.84,395.95,188.3,8,0,0,13,46,26,34,560,,0.07
place,beanstalk hard,module-oracle,"{""flag_clean"": 0.7369, ""flag_recall"": 1.0, ""placement_fallback"": ""wait""}",beanstalk,5,20,200,2,True,200,27.5019,7.2722,8.5954,21.784,93.026,31.369,15.72,1.46,0.14,82.68,86.45,8.04,0.75,454.8,434.36,0.0,2206.7,66.86,220,0,2,1,0,116,41,0,41,0,43.86,26.29,23.83,126.59,0.0,3,0,0,14,14,30,206,704,,0.03
place,beanstalk soft,module-oracle,"{""flag_clean"": 0.7369, ""flag_recall"": 1.0, ""placement_fallback"": ""least-overlap""}",beanstalk,4,20,200,2,True,200,7.9885,25.0361,,333.301,463.115,316.141,56.0,10.24,0.58,33.18,89.48,16.35,0.92,53.01,4.31,37.94,816.1,85.13,82,0,2,32,7,49,48,0,48,196,86.15,36.53,239.65,479.31,171.7,7,0,0,14,32,34,50,638,,0.06
place,beanstalk soft,module-level,"{""flag_clean"": 0.9033, ""flag_recall"": 0.9402, ""placement_fallback"": ""least-overlap""}",beanstalk,3,20,200,2,True,200,10.1971,19.6134,66.9122,268.54,444.532,280.412,39.73,5.69,0.42,54.17,81.03,11.6,0.85,110.47,0.25,84.44,1054.6,86.19,104,0,2,21,2,29,41,3,41,195,210.96,58.08,178.88,448.42,373.2,10,0,0,16,69,28,35,627,,0.03
place,beanstalk hard,module-oracle,"{""flag_clean"": 0.7369, ""flag_recall"": 1.0, ""placement_fallback"": ""wait""}",beanstalk,4,20,200,2,True,200,27.0944,7.3816,7.3005,20.989,86.802,32.286,16.51,1.42,0.14,81.93,89.48,7.68,0.75,443.99,425.44,3.56,2266.9,69.72,225,0,2,2,1,114,42,0,42,0,45.75,25.26,23.23,121.44,1.8,3,0,0,12,14,30,211,713,,0.05
place,beanstalk soft,module-level,"{""flag_clean"": 0.9033, ""flag_recall"": 0.9402, ""placement_fallback"": ""least-overlap""}",beanstalk,4,20,200,2,True,200,11.1593,17.9223,781.4092,442.45,577.51,378.935,40.09,6.82,0.42,52.67,89.48,15.22,0.93,117.56,1.68,97.45,1273.2,95.08,127,0,2,33,3,43,53,0,53,196,215.72,74.35,268.63,596.61,416.3,9,0,0,18,80,35,47,696,,0.03
place,beanstalk soft,module-level,"{""flag_clean"": 0.9033, ""flag_recall"": 0.9402, ""placement_fallback"": ""least-overlap""}",beanstalk,5,20,200,2,True,200,10.2353,19.5401,16.837,419.642,556.815,352.598,42.23,6.8,0.44,50.52,86.45,13.93,0.9,103.42,4.71,90.77,1168.9,95.17,116,0,2,27,3,42,54,0,54,197,173.09,54.89,261.85,566.61,362.8,7,0,0,17,67,38,49,676,,0.03
place,beanstalk soft,module-level,"{""flag_clean"": 0.9033, ""flag_recall"": 0.9402, ""placement_fallback"": ""least-overlap""}",beanstalk,6,20,200,2,True,200,8.1445,24.5564,,172.91,280.302,160.784,49.61,7.47,0.54,42.38,80.8,12.17,0.88,69.03,8.01,14.49,771.2,78.91,77,0,2,22,3,45,49,0,49,196,88.54,33.14,119.49,286.25,127.1,7,0,0,9,27,40,50,618,,0.03
place,beanstalk soft,module-oracle,"{""flag_clean"": 0.7369, ""flag_recall"": 1.0, ""placement_fallback"": ""least-overlap""}",beanstalk,6,20,200,2,True,200,9.4893,21.0763,46.2778,173.133,237.604,166.288,42.58,6.14,0.48,50.8,80.8,11.65,0.91,96.42,3.31,58.32,855.0,75.08,85,0,2,20,2,42,51,1,51,187,137.84,35.07,100.72,249.72,214.4,7,0,0,10,38,42,47,627,,0.06
place,beanstalk hard,module-oracle,"{""flag_clean"": 0.7369, ""flag_recall"": 1.0, ""placement_fallback"": ""wait""}",beanstalk,3,20,200,2,True,200,24.5937,8.1322,8.67,18.11,79.866,30.887,16.47,1.18,0.15,82.19,81.03,5.83,0.74,404.28,380.81,3.29,2142.9,72.61,214,0,2,0,0,106,36,1,36,0,55.6,24.51,22.88,131.06,9.6,3,0,0,15,16,25,198,687,,0.05
place,beanstalk soft,module-oracle,"{""flag_clean"": 0.7369, ""flag_recall"": 1.0, ""placement_fallback"": ""least-overlap""}",beanstalk,9,20,200,2,True,200,7.7133,25.9293,39.2676,162.927,237.403,147.136,57.43,7.0,0.55,35.03,88.59,10.79,0.84,54.04,2.28,49.77,867.9,93.76,86,0,2,15,1,43,42,1,42,195,123.46,42.6,105.43,239.49,207.0,7,0,0,10,38,33,48,595,,0.05
place,beanstalk hard,module-oracle,"{""flag_clean"": 0.7369, ""flag_recall"": 1.0, ""placement_fallback"": ""wait""}",beanstalk,8,20,200,2,True,200,27.8125,7.191,7.7874,18.734,92.617,31.552,15.47,1.11,0.13,83.29,86.05,6.16,0.72,463.31,442.93,1.06,2105.9,63.1,209,0,2,0,0,96,33,1,33,0,43.88,28.66,21.31,141.86,0.5,3,0,0,15,17,21,192,676,,0.04
place,beanstalk soft,module-level,"{""flag_clean"": 0.9033, ""flag_recall"": 0.9402, ""placement_fallback"": ""least-overlap""}",beanstalk,9,20,200,2,True,200,8.5163,23.4844,,237.14,464.923,273.409,52.01,7.08,0.5,40.41,88.59,12.06,0.86,68.82,0.4,49.65,930.7,91.07,93,0,2,23,4,45,43,0,43,196,109.57,43.11,217.59,470.69,214.9,6,0,0,13,44,30,49,625,,0.03
place,beanstalk hard,module-level,"{""flag_clean"": 0.9033, ""flag_recall"": 0.9402, ""placement_fallback"": ""wait""}",beanstalk,3,20,200,2,True,200,38.6275,5.1777,5.608,13.738,73.103,24.868,10.49,0.87,0.1,88.55,81.03,6.71,0.74,684.08,657.57,2.77,2430.3,52.43,243,0,2,2,1,99,38,0,38,0,53.87,24.4,20.64,124.1,4.6,2,0,0,18,18,25,225,723,,0.03
place,beanstalk hard,module-level,"{""flag_clean"": 0.9033, ""flag_recall"": 0.9402, ""placement_fallback"": ""wait""}",beanstalk,4,20,200,2,True,200,43.2348,4.6259,5.1107,13.229,54.138,22.73,10.35,0.92,0.09,88.65,89.48,7.93,0.75,766.53,728.26,0.0,2527.1,48.71,250,0,2,3,2,101,42,0,42,0,51.29,24.68,17.45,101.17,0.7,3,0,0,14,14,30,236,740,,0.03
place,beanstalk hard,module-oracle,"{""flag_clean"": 0.7369, ""flag_recall"": 1.0, ""placement_fallback"": ""wait""}",beanstalk,9,20,200,2,True,200,28.5623,7.0022,7.7186,18.637,60.522,25.908,15.51,1.06,0.13,83.31,88.59,6.03,0.74,475.89,459.81,0.0,2103.9,61.38,208,0,2,2,0,94,34,0,34,0,39.22,25.04,19.3,85.51,0.0,2,0,0,13,13,25,195,680,,0.06
place,beanstalk hard,module-level,"{""flag_clean"": 0.9033, ""flag_recall"": 0.9402, ""placement_fallback"": ""wait""}",beanstalk,6,20,200,2,True,200,37.9324,5.2725,5.2115,12.539,75.511,23.39,10.65,0.74,0.1,88.51,80.8,5.62,0.74,671.48,648.22,3.16,2315.3,50.87,230,0,2,1,0,90,39,0,39,0,77.65,21.94,18.11,108.13,24.4,2,0,0,8,9,33,221,710,,0.03
place,beanstalk hard,module-level,"{""flag_clean"": 0.9033, ""flag_recall"": 0.9402, ""placement_fallback"": ""wait""}",beanstalk,8,20,200,2,True,200,40.7735,4.9051,5.2577,11.564,53.927,20.906,10.55,0.66,0.09,88.7,86.05,5.4,0.71,723.31,678.39,0.0,2381.9,48.68,237,0,2,1,0,78,30,0,30,0,38.92,25.36,18.38,144.58,0.0,2,0,0,15,15,18,222,699,,0.03
place,beanstalk hard,module-oracle,"{""flag_clean"": 0.7369, ""flag_recall"": 1.0, ""placement_fallback"": ""wait""}",beanstalk,7,20,200,2,True,200,33.6079,5.951,6.6567,11.754,68.049,21.858,14.14,0.81,0.11,84.94,95.05,5.47,0.71,570.92,529.89,2.75,2123.8,52.66,215,0,2,2,0,67,28,0,28,0,61.58,24.8,16.12,81.45,15.4,3,0,0,9,10,22,205,675,,0.07
place,beanstalk soft,module-level,"{""flag_clean"": 0.9033, ""flag_recall"": 0.9402, ""placement_fallback"": ""least-overlap""}",beanstalk,7,20,200,2,True,200,8.5564,23.3743,24.6542,87.556,254.419,113.06,55.55,7.6,0.5,36.35,95.05,13.0,0.86,62.21,3.24,29.68,852.5,83.03,86,0,2,30,0,38,34,1,34,197,98.94,40.95,72.37,253.44,156.3,10,0,0,8,26,27,60,613,,0.05
place,beanstalk soft,module-level,"{""flag_clean"": 0.9033, ""flag_recall"": 0.9402, ""placement_fallback"": ""least-overlap""}",beanstalk,8,20,200,2,True,200,8.1725,24.4722,,323.498,463.815,300.579,52.65,6.53,0.51,40.31,86.05,10.68,0.83,65.89,3.15,40.45,925.6,94.38,92,0,2,19,4,37,42,0,42,197,127.82,46.27,221.02,465.28,223.1,7,0,0,15,51,27,41,612,,0.04
place,beanstalk hard,module-oracle,"{""flag_clean"": 0.7369, ""flag_recall"": 1.0, ""placement_fallback"": ""wait""}",beanstalk,6,20,200,2,True,200,26.6306,7.5102,8.7765,18.462,81.373,27.474,15.17,1.06,0.14,83.63,80.8,5.63,0.74,445.44,429.36,5.6,2138.1,66.9,213,0,2,0,2,102,39,1,39,0,79.16,22.76,23.19,150.93,44.0,2,0,0,10,12,33,201,692,,0.09
place,beanstalk soft,predicted,"{""flag_clean"": 0.1733, ""flag_recall"": 0.5812, ""placement_fallback"": ""least-overlap""}",beanstalk,4,20,200,2,True,200,9.535,20.9753,1105.7003,291.803,423.182,276.018,46.92,7.14,0.46,45.48,89.48,13.62,0.87,86.73,4.75,51.44,1055.7,92.26,106,0,2,19,5,39,52,1,52,125,182.58,49.16,183.85,442.27,263.8,8,0,0,17,63,36,43,648,,0.05
place,beanstalk soft,predicted,"{""flag_clean"": 0.1733, ""flag_recall"": 0.5812, ""placement_fallback"": ""least-overlap""}",beanstalk,3,20,200,2,True,200,8.2787,24.1583,,334.331,474.418,325.736,48.94,7.69,0.54,42.84,81.03,12.73,0.89,70.92,2.79,46.33,904.7,91.06,89,0,2,29,2,33,44,2,44,120,158.19,43.65,229.77,477.53,302.6,8,0,0,14,53,32,36,634,,0.05
place,beanstalk soft,predicted,"{""flag_clean"": 0.1733, ""flag_recall"": 0.5812, ""placement_fallback"": ""least-overlap""}",beanstalk,6,20,200,2,True,200,7.8623,25.438,,309.531,441.881,267.931,51.39,6.94,0.56,41.11,80.8,10.92,0.89,64.64,0.9,49.13,870.7,92.29,87,0,2,20,4,42,51,2,51,100,159.27,44.57,225.13,460.75,255.8,8,0,0,12,42,41,45,629,,0.04
place,beanstalk hard,module-level,"{""flag_clean"": 0.9033, ""flag_recall"": 0.9402, ""placement_fallback"": ""wait""}",beanstalk,9,20,200,2,True,200,42.9834,4.653,4.6643,11.225,56.569,21.187,10.3,0.64,0.08,88.97,88.59,5.54,0.72,764.82,743.33,0.0,2379.8,46.14,236,0,2,0,1,82,33,0,33,0,38.2,23.57,16.52,102.65,0.0,2,0,0,14,14,24,222,702,,0.06
place,beanstalk hard,module-level,"{""flag_clean"": 0.9033, ""flag_recall"": 0.9402, ""placement_fallback"": ""wait""}",beanstalk,7,20,200,2,True,200,47.2818,4.23,4.5377,11.342,49.57,18.466,10.05,0.62,0.08,89.26,95.05,5.84,0.71,844.03,809.83,6.1,2354.0,41.49,236,0,2,3,0,78,29,0,29,0,52.12,23.45,20.37,153.05,11.2,2,0,0,9,9,23,227,700,,0.07
place,beanstalk soft,predicted,"{""flag_clean"": 0.1733, ""flag_recall"": 0.5812, ""placement_fallback"": ""least-overlap""}",beanstalk,9,20,200,2,True,200,8.1289,24.6036,38.4451,172.126,234.326,154.493,54.49,8.53,0.52,36.45,88.59,13.87,0.85,59.27,2.85,33.17,884.3,90.65,88,0,2,21,1,38,43,0,43,107,114.81,44.21,105.17,232.96,167.9,8,0,0,13,43,30,45,614,,0.05
place,beanstalk hard,module-level,"{""flag_clean"": 0.9033, ""flag_recall"": 0.9402, ""placement_fallback"": ""wait""}",beanstalk,5,20,200,2,True,200,44.9978,4.4447,5.0128,13.232,91.156,25.92,9.61,0.86,0.08,89.45,86.45,7.77,0.75,804.98,756.95,0.0,2487.6,46.07,247,0,2,2,1,100,41,0,41,0,40.01,24.98,24.3,167.01,0.0,2,0,0,15,15,30,232,733,,0.08
place,beanstalk hard,predicted,"{""flag_clean"": 0.1733, ""flag_recall"": 0.5812, ""placement_fallback"": ""wait""}",beanstalk,5,20,200,2,True,200,10.5346,18.985,21.3736,198.393,436.431,215.065,41.03,6.02,0.4,52.54,86.45,12.69,0.85,110.7,68.98,36.49,1145.9,90.65,114,0,2,7,3,59,55,0,55,0,94.25,39.97,159.75,441.31,208.5,10,0,0,17,42,39,72,635,,0.04
place,beanstalk soft,hot-file-rule,"{""flag_clean"": 0.02, ""flag_recall"": 0.3, ""placement_fallback"": ""least-overlap""}",beanstalk,3,20,200,2,True,200,8.2516,24.2377,,294.054,455.866,285.611,49.1,7.11,0.52,43.28,81.03,11.73,0.86,71.42,1.26,63.51,927.3,93.65,91,0,2,24,3,30,41,2,41,5,131.89,53.94,214.62,460.41,266.0,9,0,0,14,57,29,34,623,,0.02
place,beanstalk soft,predicted,"{""flag_clean"": 0.1733, ""flag_recall"": 0.5812, ""placement_fallback"": ""least-overlap""}",beanstalk,7,20,200,2,True,200,8.2367,24.2817,26.5004,84.374,277.804,126.698,57.7,5.5,0.49,36.3,95.05,9.07,0.81,59.8,2.74,33.72,798.0,80.74,81,0,2,14,2,49,33,1,33,117,120.61,36.22,94.6,286.39,116.3,5,0,0,7,25,27,56,574,,0.06
place,beanstalk hard,predicted,"{""flag_clean"": 0.1733, ""flag_recall"": 0.5812, ""placement_fallback"": ""wait""}",beanstalk,7,20,200,2,True,200,10.6497,18.7798,24.4636,81.792,290.39,119.226,44.63,4.2,0.37,50.81,95.05,8.95,0.78,108.21,87.94,18.94,1050.1,82.17,106,0,2,12,0,68,32,1,32,0,79.05,34.54,81.26,302.06,98.6,4,0,0,6,15,27,91,594,,0.04
place,beanstalk soft,hot-file-rule,"{""flag_clean"": 0.02, ""flag_recall"": 0.3, ""placement_fallback"": ""least-overlap""}",beanstalk,4,20,200,2,True,200,10.552,18.9538,26.5211,144.14,346.885,177.491,42.4,8.93,0.43,48.24,89.48,18.84,0.91,101.81,4.33,82.65,1060.4,83.74,106,0,2,29,3,38,57,1,57,2,135.37,47.76,122.34,353.15,342.1,8,0,0,16,58,42,48,679,,0.02
place,beanstalk hard,predicted,"{""flag_clean"": 0.1733, ""flag_recall"": 0.5812, ""placement_fallback"": ""wait""}",beanstalk,3,20,200,2,True,200,10.1899,19.6273,,210.714,372.63,207.791,39.76,4.28,0.4,55.56,81.03,8.73,0.82,113.23,76.85,35.73,947.7,77.51,93,0,2,17,3,50,38,1,38,0,88.21,33.97,122.03,377.29,116.4,5,0,0,12,29,27,64,604,,0.06
place,beanstalk soft,hot-file-rule,"{""flag_clean"": 0.02, ""flag_recall"": 0.3, ""placement_fallback"": ""least-overlap""}",beanstalk,5,20,200,2,True,200,9.9088,20.184,37.7535,212.71,309.727,209.651,43.62,8.21,0.47,47.69,86.45,16.28,0.94,94.51,5.39,84.66,1116.2,93.87,111,0,2,28,5,38,58,0,58,6,143.12,54.44,130.72,314.66,365.1,11,0,0,18,66,41,45,681,,0.02
place,beanstalk soft,hot-file-rule,"{""flag_clean"": 0.02, ""flag_recall"": 0.3, ""placement_fallback"": ""least-overlap""}",beanstalk,6,20,200,2,True,200,7.5451,26.5074,,290.456,433.098,291.227,53.55,7.94,0.61,37.91,80.8,11.98,0.91,57.2,3.25,42.84,851.8,94.08,85,0,2,25,2,37,51,1,51,8,136.69,39.53,211.91,437.77,222.9,9,0,0,12,45,40,40,635,,0.02
place,beanstalk hard,predicted,"{""flag_clean"": 0.1733, ""flag_recall"": 0.5812, ""placement_fallback"": ""wait""}",beanstalk,4,20,200,2,True,200,10.7002,18.6913,,380.439,544.408,345.521,41.81,6.43,0.4,51.36,89.48,13.76,0.86,109.92,53.7,55.02,1128.7,87.9,113,0,2,15,4,65,52,0,52,0,113.02,38.67,249.19,564.39,242.2,6,0,0,13,39,39,74,646,,0.06
place,beanstalk hard,predicted,"{""flag_clean"": 0.1733, ""flag_recall"": 0.5812, ""placement_fallback"": ""wait""}",beanstalk,9,20,200,2,True,200,8.7619,22.8261,,251.235,422.527,243.36,50.55,6.3,0.48,42.68,88.59,11.03,0.83,74.78,42.07,31.55,999.0,95.02,100,0,2,15,3,57,42,0,42,0,79.83,38.11,177.55,426.98,162.9,6,0,0,13,36,29,64,613,,0.03
place,beanstalk soft,predicted,"{""flag_clean"": 0.1733, ""flag_recall"": 0.5812, ""placement_fallback"": ""least-overlap""}",beanstalk,8,20,200,2,True,200,6.9371,28.8304,,264.976,392.085,256.821,62.02,6.98,0.59,30.41,86.05,9.68,0.82,42.19,4.73,23.09,775.1,93.11,78,0,2,11,3,32,41,0,41,107,111.83,43.61,208.11,416.23,156.6,8,0,0,14,44,27,33,576,,0.07
place,beanstalk soft,predicted,"{""flag_clean"": 0.1733, ""flag_recall"": 0.5812, ""placement_fallback"": ""least-overlap""}",beanstalk,5,20,200,2,True,200,8.6728,23.0605,21.9424,241.398,433.79,243.185,49.84,6.84,0.49,42.83,86.45,11.87,0.85,74.29,7.31,48.76,946.0,90.89,94,0,2,11,2,35,52,0,52,128,127.65,46.77,182.66,434.78,249.6,10,0,0,16,48,37,46,620,,0.09
place,beanstalk hard,predicted,"{""flag_clean"": 0.1733, ""flag_recall"": 0.5812, ""placement_fallback"": ""wait""}",beanstalk,8,20,200,2,True,200,9.1264,21.9144,114.7636,134.819,289.199,140.323,47.14,4.77,0.43,47.65,86.05,8.71,0.78,86.98,64.66,19.18,953.4,87.05,95,0,2,4,3,53,40,0,40,0,96.95,37.2,90.91,297.57,106.5,8,0,0,14,29,26,66,583,,0.05
place,beanstalk hard,hot-file-rule,"{""flag_clean"": 0.02, ""flag_recall"": 0.3, ""placement_fallback"": ""wait""}",beanstalk,3,20,200,2,True,200,8.3353,23.9943,,317.653,479.465,307.947,48.6,6.74,0.51,44.15,81.03,11.23,0.85,73.6,8.39,58.47,948.7,94.85,93,0,2,22,3,35,41,2,41,0,131.89,53.09,234.4,484.01,253.3,9,0,0,14,55,29,38,621,,0.02
place,beanstalk soft,hot-file-rule,"{""flag_clean"": 0.02, ""flag_recall"": 0.3, ""placement_fallback"": ""least-overlap""}",beanstalk,9,20,200,2,True,200,7.3339,27.2706,28.5514,172.808,331.698,171.37,60.4,8.56,0.57,30.47,88.59,12.55,0.84,44.7,0.0,31.95,808.4,91.86,80,0,2,16,0,40,42,1,42,8,100.18,39.67,129.37,327.16,189.6,7,0,0,11,34,32,46,594,,0.02
place,beanstalk soft,hot-file-rule,"{""flag_clean"": 0.02, ""flag_recall"": 0.3, ""placement_fallback"": ""least-overlap""}",beanstalk,8,20,200,2,True,200,7.0703,28.2873,,255.813,398.279,251.989,60.85,6.82,0.59,31.74,86.05,9.64,0.83,44.88,1.37,19.7,819.5,96.59,81,0,2,15,6,29,37,0,37,8,86.29,48.05,197.83,409.42,187.2,7,0,0,14,50,23,31,582,,0.03
place,beanstalk soft,hot-file-rule,"{""flag_clean"": 0.02, ""flag_recall"": 0.3, ""placement_fallback"": ""least-overlap""}",beanstalk,7,20,200,2,True,200,8.0643,24.8007,,261.254,405.459,247.709,58.94,7.45,0.51,33.11,95.05,12.01,0.82,53.4,3.19,38.36,851.0,87.94,86,0,2,15,3,47,42,1,42,5,108.27,45.95,174.23,406.72,169.2,7,0,0,11,34,32,52,601,,0.03
place,beanstalk hard,hot-file-rule,"{""flag_clean"": 0.02, ""flag_recall"": 0.3, ""placement_fallback"": ""wait""}",beanstalk,6,20,200,2,True,200,7.6252,26.2288,,290.456,433.098,290.206,52.98,7.86,0.6,38.56,80.8,11.98,0.91,58.81,17.98,40.41,860.6,94.05,86,0,2,25,2,37,51,1,51,0,136.69,39.39,209.71,437.77,215.4,9,0,0,12,45,40,41,637,,0.02
place,beanstalk hard,hot-file-rule,"{""flag_clean"": 0.02, ""flag_recall"": 0.3, ""placement_fallback"": ""wait""}",beanstalk,8,20,200,2,True,200,7.0781,28.2562,,239.563,382.029,235.159,60.79,6.75,0.58,31.88,86.05,9.56,0.82,45.13,23.69,18.97,775.6,91.31,77,0,2,15,6,29,36,0,36,0,86.29,47.31,182.59,393.17,177.0,7,0,0,13,45,23,32,576,,0.02
place,beanstalk hard,hot-file-rule,"{""flag_clean"": 0.02, ""flag_recall"": 0.3, ""placement_fallback"": ""wait""}",beanstalk,5,20,200,2,True,200,9.5513,20.9395,41.2553,207.41,309.727,201.339,45.26,7.84,0.48,46.43,86.45,14.97,0.91,88.69,5.92,77.64,1081.2,94.33,108,0,2,24,5,38,56,0,56,0,143.12,52.35,127.16,314.66,327.8,11,0,0,18,63,39,45,666,,0.03
place,beanstalk hard,hot-file-rule,"{""flag_clean"": 0.02, ""flag_recall"": 0.3, ""placement_fallback"": ""wait""}",beanstalk,9,20,200,2,True,200,7.2501,27.5859,28.9878,167.778,326.667,166.649,61.09,8.66,0.58,29.67,88.59,12.55,0.84,43.02,7.87,24.82,829.1,95.3,82,0,2,16,0,45,42,1,42,0,100.18,38.47,127.11,322.13,164.9,7,0,0,11,31,32,51,596,,0.02
place,beanstalk hard,hot-file-rule,"{""flag_clean"": 0.02, ""flag_recall"": 0.3, ""placement_fallback"": ""wait""}",beanstalk,7,20,200,2,True,200,9.1246,21.9188,,262.406,406.61,247.832,52.09,5.93,0.44,41.54,95.05,10.81,0.81,75.81,16.73,50.18,870.2,79.47,88,0,2,12,3,47,42,1,42,0,108.27,45.85,160.58,407.88,169.2,7,0,0,11,34,32,54,597,,0.03
place,beanstalk module soft,module sets,"{""placement_fallback"": ""least-overlap"", ""placement_model"": ""module""}",beanstalk,4,20,200,2,True,200,10.5569,18.9449,,360.903,613.413,394.987,42.38,8.56,0.45,48.61,89.48,18.07,0.95,102.65,1.04,100.67,1146.6,90.51,115,0,2,33,1,44,54,0,54,169,175.33,63.25,298.78,615.02,398.2,10,0,0,17,68,37,47,688,,0.02
place,beanstalk module soft,module sets,"{""placement_fallback"": ""least-overlap"", ""placement_model"": ""module""}",beanstalk,6,20,200,2,True,200,7.1705,27.892,40.7735,125.784,208.873,125.481,56.34,7.36,0.61,35.69,80.8,10.56,0.87,51.18,0.0,25.49,769.4,89.42,77,0,2,23,5,45,44,1,44,161,130.75,35.02,88.87,214.01,146.8,10,0,0,8,25,37,52,607,,0.02
place,beanstalk module soft,module sets,"{""placement_fallback"": ""least-overlap"", ""placement_model"": ""module""}",beanstalk,5,20,200,2,True,200,8.8076,22.7076,,349.915,503.752,319.491,49.08,8.7,0.51,41.72,86.45,15.32,0.89,73.48,2.8,44.78,992.9,93.94,99,0,2,24,4,49,57,0,57,158,134.06,40.08,248.96,512.72,250.9,9,0,0,16,48,42,51,660,,0.02
place,beanstalk module soft,module sets,"{""placement_fallback"": ""least-overlap"", ""placement_model"": ""module""}",beanstalk,8,20,200,2,True,200,9.4417,21.1826,29.2576,194.229,317.855,190.558,45.57,6.26,0.46,47.71,86.05,11.82,0.87,90.1,2.56,48.38,879.9,77.66,87,0,2,20,4,42,44,0,44,165,94.73,42.69,139.24,326.07,193.2,6,0,0,13,42,31,45,613,,0.02
place,beanstalk module soft,module sets,"{""placement_fallback"": ""least-overlap"", ""placement_model"": ""module""}",beanstalk,3,20,200,2,True,200,10.4452,19.1476,31.4249,215.606,292.492,194.101,38.79,6.02,0.42,54.78,81.03,12.58,0.87,114.43,0.77,111.53,1054.2,84.11,104,0,2,26,2,33,43,1,43,169,155.48,50.95,119.31,295.7,382.3,9,0,0,15,59,29,45,639,,0.02
place,beanstalk module soft,module sets,"{""placement_fallback"": ""least-overlap"", ""placement_model"": ""module""}",beanstalk,7,20,200,2,True,200,7.9783,25.0679,25.8858,220.713,361.359,194.702,59.57,8.1,0.53,31.8,95.05,12.92,0.85,50.75,7.37,20.18,832.4,86.95,84,0,2,32,2,54,33,1,33,155,88.21,37.21,146.31,368.54,104.9,6,0,0,8,25,26,59,613,,0.02
place,beanstalk module soft,module sets,"{""placement_fallback"": ""least-overlap"", ""placement_model"": ""module""}",beanstalk,9,20,200,2,True,200,7.9662,25.1059,48.3117,114.748,218.152,111.519,55.6,7.68,0.55,36.17,88.59,12.23,0.88,57.62,1.26,36.39,863.3,90.31,85,0,2,25,0,38,42,0,42,159,107.92,41.88,73.21,218.06,190.1,8,0,0,11,37,32,48,617,,0.02
place,beanstalk module hard,module sets,"{""placement_fallback"": ""wait"", ""placement_model"": ""module""}",beanstalk,5,20,200,2,True,200,67.07,2.982,2.8451,11.253,163.352,37.147,6.45,0.65,0.06,92.85,86.45,8.72,0.75,1245.48,1220.67,24.1,2395.5,29.76,237,0,2,2,1,68,43,0,43,0,85.75,28.96,23.94,185.05,55.4,6,0,0,19,25,30,212,727,,0.02
place,beanstalk hard,hot-file-rule,"{""flag_clean"": 0.02, ""flag_recall"": 0.3, ""placement_fallback"": ""wait""}",beanstalk,4,20,200,2,True,200,10.3255,19.3696,26.6535,144.14,345.099,176.682,43.33,8.93,0.43,47.3,89.48,18.45,0.9,97.69,16.69,75.01,1047.0,84.5,105,0,2,28,3,39,56,1,56,0,135.37,47.67,123.77,351.37,321.7,8,0,0,16,58,41,47,674,,0.05
place,beanstalk module hard,module sets,"{""placement_fallback"": ""wait"", ""placement_model"": ""module""}",beanstalk,8,20,200,2,True,200,72.4249,2.7615,2.5219,10.872,97.136,24.317,5.94,0.36,0.05,93.65,86.05,5.18,0.71,1356.56,1355.8,0.0,2286.5,26.31,226,0,2,0,0,53,30,0,30,0,50.8,26.55,24.53,205.64,0.0,3,0,0,12,15,18,211,686,,0.02
place,beanstalk module hard,module sets,"{""placement_fallback"": ""wait"", ""placement_model"": ""module""}",beanstalk,6,20,200,2,True,200,66.8388,2.9923,2.6798,11.169,86.505,23.868,6.04,0.45,0.06,93.45,80.8,6.06,0.74,1249.17,1237.88,10.91,2257.4,28.15,224,0,2,2,0,64,39,0,39,0,77.66,22.51,27.22,221.2,21.6,4,0,0,10,12,32,212,706,,0.03
place,beanstalk module hard,module sets,"{""placement_fallback"": ""wait"", ""placement_model"": ""module""}",beanstalk,7,20,200,2,True,200,74.1235,2.6982,2.5738,11.155,54.758,19.517,6.41,0.36,0.05,93.19,95.05,5.26,0.7,1381.45,1367.74,13.08,2166.1,24.35,216,0,2,1,0,64,28,0,28,0,55.09,24.23,29.26,157.47,18.7,2,0,0,9,10,22,206,674,,0.03
qsem,batched k=1,,"{""batch_k"": 1, ""q_sem"": 0.0}",batched,4,20,200,2,True,200,23.929,8.3581,8.3889,108.62,161.508,109.435,18.7,2.81,73.42,5.08,89.48,13.43,351.36,24.32,0.0,0.0,2763.6,96.24,282,29,2,38,1,44,42,2,42,0,0.0,0.0,6.86,33.68,0.0,0,0,38,0,0,0,0,564,,0.02
place,beanstalk module hard,module sets,"{""placement_fallback"": ""wait"", ""placement_model"": ""module""}",beanstalk,9,20,200,2,True,200,74.0442,2.7011,2.5353,11.316,93.851,24.04,5.98,0.42,0.05,93.55,88.59,6.16,0.73,1385.41,1364.98,18.67,2315.5,26.06,228,0,2,3,0,61,34,0,34,0,61.43,26.78,25.68,164.81,19.8,4,0,0,17,21,25,207,702,,0.02
qsem,batched k=1,,"{""batch_k"": 1, ""q_sem"": 0.0}",batched,5,20,200,2,True,200,23.5254,8.5014,8.6772,104.527,155.478,104.447,18.37,2.32,71.67,7.63,86.45,10.92,337.23,35.9,5.98,0.0,2676.0,94.79,275,28,2,27,5,41,39,2,39,0,0.0,0.0,6.67,40.05,0.0,0,0,34,0,0,0,0,543,,0.02
qsem,batched k=1,,"{""batch_k"": 1, ""q_sem"": 0.0}",batched,6,20,200,2,True,200,23.473,8.5204,8.4118,112.01,153.937,109.232,17.21,2.0,75.56,5.23,80.8,9.38,354.73,24.55,4.33,0.0,2714.8,96.38,276,26,2,24,4,43,38,4,38,0,0.0,0.0,6.63,31.89,0.0,0,0,34,0,0,0,0,542,,0.02
qsem,batched k=1,,"{""batch_k"": 1, ""q_sem"": 0.0}",batched,3,20,200,2,True,200,22.2666,8.9821,9.009,103.619,147.664,103.052,18.19,1.95,75.18,4.67,81.03,8.7,334.81,20.8,0.0,0.0,2607.7,97.59,262,18,2,26,4,36,35,0,35,0,0.0,0.0,6.5,33.03,0.0,0,0,27,0,0,0,0,523,,0.03
qsem,batched k=1,,"{""batch_k"": 1, ""q_sem"": 0.0}",batched,9,20,200,2,True,200,22.4317,8.916,8.8555,101.914,140.14,100.975,19.75,2.34,72.68,5.23,88.59,10.51,326.08,23.46,3.95,0.0,2586.6,96.09,262,17,2,27,1,37,33,3,33,0,0.0,0.0,6.18,22.71,0.0,0,0,26,0,0,0,0,525,,0.02
qsem,batched k=1,,"{""batch_k"": 1, ""q_sem"": 0.0}",batched,8,20,200,2,True,200,22.9971,8.6967,8.5123,104.29,149.551,105.899,18.71,1.99,74.76,4.54,86.05,9.16,343.84,20.89,1.84,0.0,2669.1,96.72,267,23,2,19,5,38,30,6,30,0,0.0,0.0,6.58,33.96,0.0,0,0,31,0,0,0,0,522,,0.02
place,beanstalk module hard,module sets,"{""placement_fallback"": ""wait"", ""placement_model"": ""module""}",beanstalk,3,20,200,2,True,200,71.5787,2.7941,2.6481,10.927,52.812,18.393,5.66,0.38,0.05,93.91,81.03,5.46,0.72,1344.37,1336.98,0.0,2475.4,28.82,245,0,2,0,0,69,35,0,35,0,53.65,22.95,23.68,162.54,0.0,2,0,0,14,14,24,231,715,,0.02
qsem,batched-par k=1,,"{""batch_k"": 1, ""q_sem"": 0.0}",batched-par,4,20,200,2,True,200,22.259,8.9851,9.1578,99.353,146.361,99.182,20.1,3.25,71.01,5.64,89.48,14.48,316.13,25.1,2.47,0.0,2598.0,97.26,267,19,2,41,2,45,42,3,42,0,0.0,0.0,5.79,35.59,0.0,0,0,22,0,0,0,0,553,,0.02
qsem,batched-par k=1,,"{""batch_k"": 1, ""q_sem"": 0.0}",batched-par,7,20,200,2,True,200,21.1191,9.4701,9.8016,89.907,120.346,88.533,22.5,1.97,67.9,7.63,95.05,8.3,286.81,32.22,2.43,0.0,2449.3,96.64,246,13,2,24,4,31,28,3,28,0,0.0,0.0,4.94,25.53,0.0,0,0,15,0,0,0,0,501,,0.02
qsem,batched-par k=1,,"{""batch_k"": 1, ""q_sem"": 0.0}",batched-par,8,20,200,2,True,200,20.9269,9.5571,9.4998,94.335,125.969,92.932,20.56,2.01,72.0,5.43,86.05,8.41,301.36,22.71,2.13,0.0,2458.3,97.89,243,8,2,19,5,34,30,4,30,0,0.0,0.0,4.73,21.72,0.0,0,0,9,0,0,0,0,496,,0.02
qsem,batched-par k=1,,"{""batch_k"": 1, ""q_sem"": 0.0}",batched-par,9,20,200,2,True,200,20.6581,9.6814,9.7667,87.853,131.136,90.399,21.44,2.54,70.39,5.63,88.59,10.5,290.83,23.24,2.94,0.0,2430.3,98.03,245,7,2,26,1,37,33,4,33,0,0.0,0.0,4.71,31.57,0.0,0,0,8,0,0,0,0,508,,0.02
qsem,batched-par k=1,,"{""batch_k"": 1, ""q_sem"": 0.0}",batched-par,5,20,200,2,True,200,22.0725,9.0611,9.355,95.406,130.779,95.229,19.58,2.5,69.41,8.51,86.45,11.01,306.41,37.57,5.15,0.0,2524.2,95.3,252,10,2,27,5,42,39,3,39,0,0.0,0.0,5.14,26.57,0.0,0,0,10,0,0,0,0,521,,0.02
place,beanstalk module hard,module sets,"{""placement_fallback"": ""wait"", ""placement_model"": ""module""}",beanstalk,4,20,200,2,True,200,78.7293,2.5403,2.401,11.137,153.338,35.486,5.68,0.52,0.05,93.75,89.48,8.16,0.75,1476.2,1464.18,8.83,2376.2,25.15,236,0,2,2,0,75,43,1,43,0,45.01,25.67,27.81,167.11,1.3,3,0,0,14,16,31,220,727,,0.03
place,beanstalk hard,predicted,"{""flag_clean"": 0.1733, ""flag_recall"": 0.5812, ""placement_fallback"": ""wait""}",beanstalk,6,20,200,2,True,200,9.8249,20.3565,96.7991,198.142,320.638,170.005,41.12,5.13,0.44,53.31,80.8,10.09,0.86,104.74,82.6,21.12,947.2,80.34,95,0,2,17,3,57,48,1,48,0,78.38,29.1,103.67,339.5,119.3,6,0,0,10,20,39,75,623,,0.16
qsem,batched-par k=1,,"{""batch_k"": 1, ""q_sem"": 0.0}",batched-par,3,20,200,2,True,200,20.5952,9.711,9.7739,95.52,125.926,93.833,19.67,2.53,73.4,4.39,81.03,10.42,302.36,18.1,0.0,0.0,2455.5,99.36,250,12,2,32,4,38,35,3,35,0,0.0,0.0,4.57,17.6,0.0,0,0,12,0,0,0,0,520,,0.04
qsem,beanstalk-noplace,,"{""q_sem"": 0.0}",beanstalk-noplace,5,20,200,2,True,200,9.4514,21.161,,297.464,443.929,269.961,45.74,6.64,0.47,47.16,86.45,12.54,0.89,89.14,6.0,52.59,935.6,82.49,94,0,2,31,3,39,39,2,39,0,198.89,49.13,182.05,447.43,205.3,8,0,0,12,47,29,47,635,,0.02
qsem,beanstalk,,"{""q_sem"": 0.0}",beanstalk,6,20,200,2,True,200,7.4727,26.7639,,252.372,371.741,242.491,54.07,5.69,0.56,39.68,80.8,8.5,0.84,59.31,2.48,45.9,739.1,82.42,74,0,2,15,2,37,38,1,38,132,217.11,41.33,171.04,390.61,182.7,9,0,0,6,28,33,46,576,,0.04
qsem,beanstalk,,"{""q_sem"": 0.0}",beanstalk,9,20,200,2,True,200,6.7766,29.5135,,255.271,384.346,236.072,65.36,7.87,0.6,26.17,88.59,10.66,0.82,35.46,2.04,27.28,757.1,93.11,75,0,2,22,3,44,33,1,33,116,99.88,38.06,183.42,385.68,132.8,6,0,0,9,28,25,47,585,,0.03
qsem,batched-par k=1,,"{""batch_k"": 1, ""q_sem"": 0.0}",batched-par,6,20,200,2,True,200,21.6305,9.2462,9.2244,101.609,137.907,98.577,18.68,2.07,73.89,5.37,80.8,8.95,319.64,23.22,3.48,0.0,2537.1,97.74,255,11,2,22,4,43,38,5,38,0,0.0,0.0,4.91,20.99,0.0,0,0,12,0,0,0,0,520,,0.02
qsem,beanstalk-noplace,,"{""q_sem"": 0.0}",beanstalk-noplace,4,20,200,2,True,200,8.9831,22.2641,,277.866,447.398,265.29,49.8,10.01,0.52,39.66,89.48,17.99,0.94,71.25,0.0,39.02,933.0,86.55,94,0,2,50,1,45,42,0,42,0,109.17,43.3,187.05,443.67,248.8,7,0,0,13,43,30,50,676,,0.03
qsem,beanstalk-noplace,,"{""q_sem"": 0.0}",beanstalk-noplace,6,20,200,2,True,200,6.8982,28.9929,,268.216,391.508,262.713,58.57,7.73,0.65,33.06,80.8,10.66,0.89,45.61,4.2,33.37,683.0,82.51,68,0,2,31,3,41,38,1,38,0,149.9,31.65,184.84,390.82,155.6,6,0,0,7,23,33,45,606,,0.02
qsem,beanstalk-noplace,,"{""q_sem"": 0.0}",beanstalk-noplace,8,20,200,2,True,200,6.1046,32.7621,,193.611,328.16,196.805,70.48,7.16,0.67,21.69,86.05,8.74,0.82,26.48,1.54,12.33,691.7,94.43,70,0,2,22,7,33,30,1,30,0,83.34,39.4,170.88,353.58,109.4,5,0,0,12,35,19,35,575,,0.02
qsem,beanstalk,,"{""q_sem"": 0.0}",beanstalk,7,20,200,2,True,200,7.8213,25.571,31.1807,99.028,230.454,108.593,60.77,5.47,0.51,33.26,95.05,8.55,0.8,52.03,6.13,38.13,792.0,84.38,80,0,2,17,3,49,28,1,28,124,102.35,35.28,70.5,232.87,117.2,5,0,0,6,21,23,59,569,,0.04
qsem,beanstalk-noplace,,"{""q_sem"": 0.0}",beanstalk-noplace,7,20,200,2,True,200,7.3303,27.2842,,192.194,336.058,187.851,64.84,7.17,0.57,27.43,95.05,10.51,0.83,40.21,4.89,10.25,749.4,85.19,76,0,2,28,1,57,28,0,28,0,71.91,30.01,135.51,339.21,53.6,4,0,0,6,12,22,64,588,,0.02
qsem,beanstalk,,"{""q_sem"": 0.0}",beanstalk,5,20,200,2,True,200,7.8085,25.6132,22.9806,254.525,414.146,249.038,55.36,5.73,0.51,38.4,86.45,8.95,0.8,59.96,4.1,51.57,864.0,92.21,86,0,2,10,4,42,39,0,39,108,106.36,43.5,184.71,415.13,207.9,6,0,0,12,37,28,49,584,,0.05
qsem,batched k=1,,"{""batch_k"": 1, ""q_sem"": 0.05}",batched,3,20,200,2,True,200,27.5344,7.2637,6.9752,139.128,190.496,134.099,14.71,2.6,78.57,4.12,81.03,14.33,432.66,22.66,2.27,0.0,3205.0,97.0,326,36,2,28,4,80,70,3,70,0,0.0,0.0,7.9,39.17,0.0,0,0,53,0,0,0,0,627,,0.02
qsem,beanstalk,,"{""q_sem"": 0.0}",beanstalk,8,20,200,2,True,200,6.589,30.3538,,244.256,371.196,229.91,65.3,5.29,0.6,28.81,86.05,6.97,0.8,37.97,4.3,21.08,756.5,95.68,75,0,2,13,3,39,30,0,30,101,83.8,43.72,197.67,395.34,134.8,7,0,0,12,35,18,40,559,,0.05
qsem,beanstalk-noplace,,"{""q_sem"": 0.0}",beanstalk-noplace,9,20,200,2,True,200,6.5316,30.6204,30.2976,160.749,309.185,160.665,67.81,8.14,0.65,23.4,88.59,10.63,0.85,30.56,0.44,10.24,719.0,91.74,73,0,2,27,1,45,33,0,33,0,75.0,35.53,130.18,314.88,73.1,4,0,0,9,23,24,50,589,,0.03
qsem,beanstalk-noplace,,"{""q_sem"": 0.0}",beanstalk-noplace,3,20,200,2,True,200,7.4707,26.7711,63.5171,125.431,239.075,132.145,54.23,6.86,0.59,38.32,81.03,10.24,0.88,57.26,0.0,35.49,803.3,89.61,79,0,2,32,3,35,35,0,35,0,106.11,40.46,93.44,245.68,173.9,6,0,0,11,37,24,42,610,,0.05
qsem,batched k=1,,"{""batch_k"": 1, ""q_sem"": 0.05}",batched,4,20,200,2,True,200,29.9222,6.684,6.6416,144.688,205.079,143.017,14.95,3.49,76.17,5.39,89.48,20.91,455.82,32.24,0.0,0.0,3437.8,95.74,361,51,2,38,2,100,82,6,82,0,0.0,0.0,8.8,38.1,0.0,0,0,73,0,0,0,0,687,,0.02
qsem,batched k=1,,"{""batch_k"": 1, ""q_sem"": 0.05}",batched,5,20,200,2,True,200,29.3628,6.8113,6.8524,138.766,201.679,136.071,14.72,3.17,74.06,8.04,86.45,18.64,434.93,47.23,4.08,0.0,3346.1,94.96,345,49,2,29,5,84,77,2,77,0,0.0,0.0,9.01,39.78,0.0,0,0,66,0,0,0,0,653,,0.02
qsem,beanstalk,,"{""q_sem"": 0.0}",beanstalk,4,20,200,2,True,200,7.4901,26.7018,28.0889,166.825,334.055,175.777,59.73,7.77,0.57,31.93,89.48,11.64,0.85,47.83,0.0,33.03,826.7,91.97,83,0,2,24,7,44,42,0,42,123,75.19,39.0,139.26,338.04,146.3,6,0,0,12,35,30,48,613,,0.06
qsem,beanstalk,,"{""q_sem"": 0.0}",beanstalk,3,20,200,2,True,200,7.697,25.9841,83.534,180.654,310.739,181.78,52.63,6.96,0.55,39.86,81.03,10.71,0.85,61.36,3.15,36.19,844.0,91.38,83,0,2,26,4,37,35,0,35,97,129.21,43.32,119.14,313.85,208.2,8,0,0,12,40,24,43,600,,0.05
qsem,batched k=1,,"{""batch_k"": 1, ""q_sem"": 0.05}",batched,9,20,200,2,True,200,28.5102,7.015,7.0168,136.875,183.37,135.928,15.54,3.09,76.37,5.0,88.59,17.63,435.46,28.52,3.63,0.0,3293.5,96.27,346,46,2,25,1,89,82,2,82,0,0.0,0.0,8.45,50.09,0.0,0,0,62,0,0,0,0,655,,0.02
qsem,batched k=1,,"{""batch_k"": 1, ""q_sem"": 0.05}",batched,7,20,200,2,True,200,28.326,7.0607,7.4014,129.244,177.259,128.356,16.78,2.86,72.66,7.7,95.05,16.22,411.63,43.61,6.88,0.0,3209.5,94.42,337,46,2,23,4,80,70,4,70,0,0.0,0.0,8.27,37.06,0.0,0,0,63,0,0,0,0,634,,0.02
qsem,batched k=1,,"{""batch_k"": 1, ""q_sem"": 0.0}",batched,7,20,200,2,True,200,21.9385,9.1164,9.7215,93.659,130.678,93.505,21.66,2.27,68.77,7.3,95.05,9.95,301.73,32.03,5.27,0.0,2537.7,96.39,264,27,2,24,4,34,28,6,28,0,0.0,0.0,5.72,32.93,0.0,0,0,30,0,0,0,0,522,,0.1
qsem,batched-par k=1,,"{""batch_k"": 1, ""q_sem"": 0.05}",batched-par,6,20,200,2,True,200,27.1616,7.3633,7.4412,129.925,176.324,126.44,14.87,3.22,74.36,7.54,80.8,17.51,403.96,40.96,7.43,0.0,3124.4,95.86,320,26,2,21,3,91,84,5,84,0,0.0,0.0,7.12,37.52,0.0,0,0,31,0,0,0,0,630,,0.02
qsem,batched-par k=1,,"{""batch_k"": 1, ""q_sem"": 0.05}",batched-par,9,20,200,2,True,200,25.8643,7.7327,7.6997,122.852,170.923,121.177,17.13,3.78,74.31,4.79,88.59,19.55,384.37,24.78,3.48,0.0,3066.6,98.8,324,29,2,24,1,92,84,7,84,0,0.0,0.0,6.28,31.46,0.0,0,0,33,0,0,0,0,639,,0.02
qsem,batched k=1,,"{""batch_k"": 1, ""q_sem"": 0.05}",batched,6,20,200,2,True,200,29.64,6.7476,6.5044,150.613,199.687,145.339,13.63,3.07,78.66,4.64,80.8,18.17,466.29,27.53,5.32,0.0,3468.5,97.52,361,49,2,25,2,96,80,9,80,0,0.0,0.0,9.09,48.63,0.0,0,0,72,0,0,0,0,675,,0.04
qsem,batched-par k=1,,"{""batch_k"": 1, ""q_sem"": 0.05}",batched-par,3,20,200,2,True,200,24.298,8.2311,8.1756,120.136,154.809,115.096,16.67,2.92,76.03,4.38,81.03,14.17,369.48,21.28,0.0,0.0,2875.6,98.62,295,22,2,31,4,72,67,3,67,0,0.0,0.0,5.59,28.55,0.0,0,0,25,0,0,0,0,596,,0.03
qsem,batched k=1,,"{""batch_k"": 1, ""q_sem"": 0.1}",batched,4,20,200,2,True,200,33.2374,6.0173,5.8926,162.263,231.001,162.087,13.46,4.38,76.89,5.26,89.48,29.13,511.16,34.98,0.0,0.0,3839.4,96.26,413,74,2,38,2,128,114,4,114,0,0.0,0.0,9.47,44.12,0.0,0,0,95,0,0,0,0,769,,0.02
qsem,batched k=1,,"{""batch_k"": 1, ""q_sem"": 0.1}",batched,5,20,200,2,True,200,32.9097,6.0772,6.0044,162.112,234.165,158.647,13.14,3.69,76.65,6.52,86.45,24.3,504.53,42.92,7.72,0.0,3752.0,95.01,397,64,2,28,6,117,111,1,111,0,0.0,0.0,9.2,50.91,0.0,0,0,85,0,0,0,0,737,,0.02
qsem,batched-par k=1,,"{""batch_k"": 1, ""q_sem"": 0.05}",batched-par,5,20,200,2,True,200,26.4599,7.5586,7.6876,122.825,181.146,119.612,16.34,3.55,71.79,8.32,86.45,18.78,379.92,44.04,3.72,0.0,3035.4,95.6,311,25,2,29,5,82,75,5,75,0,0.0,0.0,6.73,35.21,0.0,0,0,31,0,0,0,0,620,,0.03
qsem,batched k=1,,"{""batch_k"": 1, ""q_sem"": 0.05}",batched,8,20,200,2,True,200,27.0451,7.3951,7.489,126.16,174.617,126.523,15.91,2.64,75.33,6.12,86.05,14.3,407.44,33.11,2.75,0.0,3117.5,96.06,319,32,2,18,5,69,59,7,59,0,0.0,0.0,8.45,42.43,0.0,0,0,53,0,0,0,0,603,,0.03
qsem,batched k=1,,"{""batch_k"": 1, ""q_sem"": 0.1}",batched,7,20,200,2,True,200,32.1454,6.2217,6.1035,157.583,214.167,154.271,14.79,3.91,76.08,5.23,95.05,25.11,489.12,33.61,4.03,0.0,3754.5,97.33,401,74,2,26,4,114,105,5,105,0,0.0,0.0,8.74,39.18,0.0,0,0,91,0,0,0,0,737,,0.02
qsem,batched-par k=1,,"{""batch_k"": 1, ""q_sem"": 0.05}",batched-par,4,20,200,2,True,200,27.9486,7.156,7.2387,132.118,190.255,130.884,16.01,3.87,74.18,5.94,89.48,21.65,414.63,33.21,0.0,0.0,3259.3,97.18,335,42,2,42,2,90,83,4,83,0,0.0,0.0,7.6,45.81,0.0,0,0,48,0,0,0,0,664,,0.04
qsem,batched-par k=1,,"{""batch_k"": 1, ""q_sem"": 0.05}",batched-par,7,20,200,2,True,200,25.5924,7.8148,7.8666,116.579,157.906,114.72,18.57,3.02,71.69,6.72,95.05,15.48,366.92,34.39,4.35,0.0,2977.2,96.94,302,27,2,26,4,74,66,5,66,0,0.0,0.0,6.6,43.19,0.0,0,0,31,0,0,0,0,599,,0.03
qsem,batched-par k=1,,"{""batch_k"": 1, ""q_sem"": 0.1}",batched-par,4,20,200,2,True,200,31.6824,6.3127,6.3964,150.521,215.699,149.513,14.12,5.15,73.5,7.23,89.48,32.65,465.73,45.79,0.0,0.0,3638.9,95.71,380,51,2,40,2,127,114,2,114,0,0.0,0.0,8.72,46.2,0.0,0,0,64,0,0,0,0,736,,0.02
qsem,batched k=1,,"{""batch_k"": 1, ""q_sem"": 0.1}",batched,9,20,200,2,True,200,31.8236,6.2846,6.2808,155.996,219.187,155.058,13.92,3.53,77.68,4.87,88.59,22.48,494.38,31.02,4.3,0.0,3709.3,97.13,400,70,2,25,0,119,110,3,110,0,0.0,0.0,8.62,39.95,0.0,0,0,87,0,0,0,0,738,,0.03
qsem,batched k=1,,"{""batch_k"": 1, ""q_sem"": 0.1}",batched,3,20,200,2,True,200,30.5865,6.5388,6.5002,153.134,211.809,146.737,13.25,3.29,76.66,6.8,81.03,20.14,468.98,41.58,0.0,0.0,3500.6,95.37,372,52,2,31,4,106,95,3,95,0,0.0,0.0,8.46,44.01,0.0,0,0,74,0,0,0,0,701,,0.04
qsem,batched-par k=1,,"{""batch_k"": 1, ""q_sem"": 0.1}",batched-par,7,20,200,2,True,200,29.3971,6.8034,6.8084,137.278,200.448,134.689,16.17,4.43,71.93,7.47,95.05,26.07,422.9,43.92,3.18,0.0,3388.8,96.06,350,34,2,29,4,112,105,5,105,0,0.0,0.0,7.37,40.74,0.0,0,0,40,0,0,0,0,689,,0.02
qsem,batched k=1,,"{""batch_k"": 1, ""q_sem"": 0.1}",batched,8,20,200,2,True,200,33.3196,6.0025,6.1234,159.62,219.017,157.429,12.91,3.3,75.45,8.34,86.05,21.97,502.79,55.58,5.3,0.0,3780.6,94.55,399,60,2,17,5,122,101,9,101,0,0.0,0.0,9.21,41.99,0.0,0,0,89,0,0,0,0,726,,0.03
qsem,batched k=1,,"{""batch_k"": 1, ""q_sem"": 0.1}",batched,6,20,200,2,True,200,34.311,5.829,5.7774,170.237,235.076,168.018,11.78,3.42,78.19,6.61,80.8,23.5,536.56,45.36,9.53,0.0,3932.6,95.51,418,70,2,24,4,134,116,5,116,0,0.0,0.0,9.81,42.95,0.0,0,0,97,0,0,0,0,763,,0.03
qsem,batched-par k=1,,"{""batch_k"": 1, ""q_sem"": 0.1}",batched-par,8,20,200,2,True,200,30.3765,6.584,6.9058,139.701,190.466,140.468,14.16,4.08,72.99,8.77,86.05,24.77,443.46,53.25,1.2,0.0,3466.4,95.1,362,39,2,18,3,117,104,4,104,0,0.0,0.0,8.06,50.83,0.0,0,0,54,0,0,0,0,688,,0.02
qsem,batched k=1,,"{""batch_k"": 1, ""q_sem"": 0.2}",batched,4,20,200,2,True,200,38.4815,5.1973,5.0126,196.947,274.271,193.631,11.63,4.75,79.11,4.51,89.48,36.58,608.86,34.72,0.0,0.0,4434.0,96.02,476,80,2,39,2,176,152,4,152,0,0.0,0.0,10.42,43.86,0.0,0,0,120,0,0,0,0,871,,0.02
qsem,batched-par k=1,,"{""batch_k"": 1, ""q_sem"": 0.1}",batched-par,6,20,200,2,True,200,30.614,6.533,6.6159,148.688,205.359,145.651,13.2,3.51,75.78,7.51,80.8,21.52,463.99,45.97,3.44,0.0,3539.8,96.36,378,52,2,23,4,124,114,6,114,0,0.0,0.0,7.38,51.3,0.0,0,0,58,0,0,0,0,721,,0.02
qsem,batched-par k=1,,"{""batch_k"": 1, ""q_sem"": 0.1}",batched-par,9,20,200,2,True,200,29.4555,6.7899,6.8862,143.144,190.989,140.971,15.04,3.95,75.81,5.2,88.59,23.28,446.62,30.62,3.68,0.0,3474.6,98.3,362,38,2,24,1,121,115,4,115,0,0.0,0.0,6.9,35.87,0.0,0,0,43,0,0,0,0,705,,0.03
qsem,batched k=1,,"{""batch_k"": 1, ""q_sem"": 0.2}",batched,3,20,200,2,True,200,34.4413,5.807,5.7212,176.789,241.655,171.747,11.76,3.37,79.74,5.13,81.03,23.24,549.25,35.31,0.0,0.0,3955.3,95.7,409,61,2,30,4,135,119,3,119,0,0.0,0.0,10.15,46.82,0.0,0,0,87,0,0,0,0,761,,0.03
qsem,batched-par k=1,,"{""batch_k"": 1, ""q_sem"": 0.1}",batched-par,5,20,200,2,True,200,30.4652,6.5649,6.6127,148.624,205.185,144.71,14.19,4.31,74.85,6.64,86.45,26.28,456.08,40.48,5.6,0.0,3554.4,97.22,375,42,2,29,6,130,117,8,117,0,0.0,0.0,7.4,37.54,0.0,0,0,50,0,0,0,0,729,,0.03
qsem,batched-par k=1,,"{""batch_k"": 1, ""q_sem"": 0.1}",batched-par,3,20,200,2,True,200,27.5659,7.2553,7.3024,134.167,181.837,129.138,14.7,3.57,74.51,7.22,81.03,19.67,410.79,39.83,0.0,0.0,3177.8,96.07,336,36,2,31,3,97,93,2,93,0,0.0,0.0,7.39,64.12,0.0,0,0,41,0,0,0,0,662,,0.04
qsem,batched k=1,,"{""batch_k"": 1, ""q_sem"": 0.2}",batched,7,20,200,2,True,200,37.1775,5.3796,5.3702,179.67,256.58,178.294,12.78,4.04,75.89,7.29,95.05,30.03,564.28,54.18,3.69,0.0,4233.9,94.9,449,79,2,25,4,159,134,5,134,0,0.0,0.0,10.57,51.47,0.0,0,0,110,0,0,0,0,813,,0.02
qsem,batched-par k=1,,"{""batch_k"": 1, ""q_sem"": 0.05}",batched-par,8,20,200,2,True,200,24.9488,8.0164,8.1781,113.022,161.455,114.195,17.25,3.08,73.21,6.47,86.05,15.37,365.28,32.28,0.69,0.0,2901.9,96.93,297,24,2,17,4,69,61,5,61,0,0.0,0.0,6.75,49.24,0.0,0,0,31,0,0,0,0,580,,0.07
qsem,batched k=1,,"{""batch_k"": 1, ""q_sem"": 0.2}",batched,9,20,200,2,True,200,37.9985,5.2634,5.3157,190.867,273.029,190.62,11.66,4.01,79.6,4.73,88.59,30.49,604.91,35.98,4.61,0.0,4410.4,96.72,469,85,2,23,1,169,148,4,148,0,0.0,0.0,10.19,53.06,0.0,0,0,117,0,0,0,0,844,,0.02
qsem,batched k=1,,"{""batch_k"": 1, ""q_sem"": 0.2}",batched,6,20,200,2,True,200,37.6281,5.3152,5.3776,187.719,261.633,185.056,10.74,3.78,78.18,7.3,80.8,28.48,588.38,54.9,8.67,0.0,4277.9,94.74,457,79,2,25,4,163,144,5,144,0,0.0,0.0,9.93,43.06,0.0,0,0,108,0,0,0,0,831,,0.03
qsem,batched-par k=1,,"{""batch_k"": 1, ""q_sem"": 0.2}",batched-par,3,20,200,2,True,200,31.2936,6.3911,6.2437,157.054,234.538,156.198,12.95,3.93,79.26,3.86,81.03,24.6,496.06,24.19,2.32,0.0,3710.3,98.8,397,52,2,30,2,139,128,5,128,0,0.0,0.0,8.35,55.38,0.0,0,0,64,0,0,0,0,760,,0.02
qsem,batched-par k=1,,"{""batch_k"": 1, ""q_sem"": 0.2}",batched-par,6,20,200,2,True,200,35.5276,5.6294,5.6333,183.424,245.436,175.779,11.37,4.13,78.33,6.17,80.8,29.37,556.56,43.82,4.49,0.0,4133.2,96.95,434,58,2,22,4,171,151,8,151,0,0.0,0.0,9.09,40.27,0.0,0,0,75,0,0,0,0,815,,0.02
qsem,batched k=1,,"{""batch_k"": 1, ""q_sem"": 0.2}",batched,8,20,200,2,True,200,40.3413,4.9577,5.07,203.015,261.842,197.249,10.67,3.58,77.91,7.84,86.05,28.86,628.63,63.28,4.69,0.0,4575.6,94.52,480,79,2,17,5,176,151,4,151,0,0.0,0.0,11.36,50.3,0.0,0,0,125,0,0,0,0,852,,0.03
main,batched k=4,,{},batched,5,5,50,2,True,50,8.4899,5.8894,7.6958,12.649,43.91,16.77,52.34,3.51,29.41,14.73,22.22,1.49,12.48,6.25,0.0,0.0,609.7,59.84,62,5,2,1,0,11,9,0,9,0,0.0,0.0,12.07,79.37,0.0,0,2,5,0,0,0,0,122,,0.01
qsem,batched-par k=1,,"{""batch_k"": 1, ""q_sem"": 0.2}",batched-par,7,20,200,2,True,200,34.6756,5.7677,5.5311,173.059,274.748,167.366,13.71,4.52,75.92,5.85,95.05,31.35,526.53,40.57,3.02,0.0,4023.1,96.69,414,49,2,25,4,163,145,3,145,0,0.0,0.0,9.18,43.35,0.0,0,0,66,0,0,0,0,787,,0.02
main,batched k=4,,{},batched,6,5,50,2,True,50,8.3834,5.9641,7.0342,12.544,46.855,18.976,49.99,4.88,32.85,12.28,20.96,2.04,13.77,5.15,1.48,0.0,590.3,58.67,62,8,2,2,0,12,10,0,10,0,0.0,0.0,10.67,49.37,0.0,0,2,9,0,0,0,0,124,,0.01
qsem,batched-par k=1,,"{""batch_k"": 1, ""q_sem"": 0.2}",batched-par,8,20,200,2,True,200,36.3136,5.5076,5.5493,173.181,255.33,175.358,11.85,4.44,76.04,7.67,86.05,32.28,552.25,55.7,4.25,0.0,4163.3,95.54,446,70,2,19,6,167,150,6,150,0,0.0,0.0,10.09,81.38,0.0,0,0,90,0,0,0,0,821,,0.02
main,batched k=4,,{},batched,4,5,50,2,True,50,7.3167,6.8337,6.5741,15.067,64.278,21.655,48.52,5.18,44.14,2.15,17.75,1.9,16.15,0.79,0.38,0.0,650.6,74.1,69,10,2,2,0,17,11,1,11,0,0.0,0.0,9.07,44.37,0.0,0,5,11,0,0,0,0,133,,0.02
qsem,batched-par k=1,,"{""batch_k"": 1, ""q_sem"": 0.2}",batched-par,5,20,200,2,True,200,34.8662,5.7362,5.8972,164.562,255.303,164.428,12.4,4.35,74.25,9.0,86.45,30.32,517.77,62.78,5.6,0.0,4003.7,95.69,419,56,2,29,5,162,148,3,148,0,0.0,0.0,8.87,45.8,0.0,0,0,68,0,0,0,0,799,,0.03
qsem,batched-par k=1,,"{""batch_k"": 1, ""q_sem"": 0.2}",batched-par,4,20,200,2,True,200,34.4151,5.8114,5.6804,173.3,233.805,169.925,13.0,5.43,76.86,4.71,89.48,37.36,529.06,32.41,0.0,0.0,4018.4,97.3,420,52,2,42,3,160,150,1,150,0,0.0,0.0,8.5,35.92,0.0,0,0,69,0,0,0,0,813,,0.03
main,batched k=4,,{},batched,8,5,50,2,True,50,6.3426,7.8832,7.9942,12.513,36.912,16.474,52.48,5.07,38.22,4.23,16.64,1.61,12.12,1.34,0.0,0.0,570.5,74.96,61,9,2,3,0,10,10,0,10,0,0.0,0.0,6.24,21.31,0.0,0,0,9,0,0,0,0,124,,0.01
main,batched-aimd,,{},batched-aimd,3,5,50,2,True,50,10.3218,4.8441,5.313,15.378,68.278,25.683,49.09,8.13,33.34,9.44,25.33,4.2,17.21,4.87,0.0,0.0,751.5,60.67,82,12,2,3,0,23,14,3,14,0,0.0,0.0,11.76,46.99,0.0,0,5,15,0,0,0,0,152,,0.01
main,batched-aimd,,{},batched-aimd,4,5,50,2,True,50,7.3893,6.7665,6.4638,12.258,57.245,21.577,48.05,4.74,43.93,3.29,17.75,1.75,16.23,1.21,0.0,0.0,680.4,76.73,69,6,2,2,0,15,10,0,10,0,0.0,0.0,9.38,53.62,0.0,0,4,10,0,0,0,0,131,,0.01
qsem,batched k=1,,"{""batch_k"": 1, ""q_sem"": 0.2}",batched,5,20,200,2,True,200,38.942,5.1358,5.1998,189.12,276.904,188.826,11.1,3.92,76.89,8.08,86.45,30.56,598.86,62.97,5.71,0.0,4413.6,94.45,474,85,2,30,4,169,149,4,149,0,0.0,0.0,10.52,49.71,0.0,0,0,121,0,0,0,0,857,,0.04
main,batched-aimd,,{},batched-aimd,6,5,50,2,True,50,8.6994,5.7476,6.8532,14.816,49.904,21.324,48.18,5.44,35.42,10.97,20.96,2.36,15.41,4.77,1.45,0.0,673.4,64.5,68,8,2,3,0,16,10,2,10,0,0.0,0.0,11.03,46.22,0.0,0,4,8,0,0,0,0,133,,0.01
main,batched k=4,,{},batched,7,5,50,2,True,50,8.2997,6.0243,6.5407,11.84,44.893,19.857,52.69,4.57,35.3,7.43,21.87,1.9,14.65,3.08,0.0,0.0,632.3,63.49,64,7,2,2,1,12,9,0,9,0,0.0,0.0,11.02,55.45,0.0,0,3,9,0,0,0,0,125,,0.01
main,batched-aimd,,{},batched-aimd,7,5,50,2,True,50,8.1876,6.1068,6.655,12.233,41.208,18.653,53.41,4.63,33.33,8.62,21.87,1.9,13.65,3.53,0.0,0.0,621.4,63.25,65,8,2,2,1,12,9,0,9,0,0.0,0.0,9.52,43.78,0.0,0,3,9,0,0,0,0,126,,0.01
main,batched-aimd,,{},batched-aimd,8,5,50,2,True,50,7.175,6.9687,7.3726,15.109,52.478,20.702,46.39,5.03,43.06,5.52,16.64,1.81,15.45,1.98,0.0,0.0,665.8,77.33,68,8,2,4,0,14,10,2,10,0,0.0,0.0,7.55,36.27,0.0,0,2,9,0,0,0,0,134,,0.01
main,batched-aimd,,{},batched-aimd,5,5,50,2,True,50,9.2957,5.3789,6.7035,12.154,54.674,20.011,47.81,3.74,32.14,16.31,22.22,1.74,14.94,7.58,2.2,0.0,661.4,59.29,68,8,2,1,0,14,9,1,9,0,0.0,0.0,15.62,101.06,0.0,0,4,8,0,0,0,0,129,,0.01
qsem,batched-par k=1,,"{""batch_k"": 1, ""q_sem"": 0.2}",batched-par,9,20,200,2,True,200,33.3004,6.0059,6.1862,162.961,223.402,163.465,13.3,4.69,77.12,4.89,88.59,31.23,513.65,32.54,4.83,0.0,3935.8,98.49,415,47,2,27,1,165,154,5,154,0,0.0,0.0,8.06,38.72,0.0,0,0,56,0,0,0,0,801,,0.02
main,batched-aimd,,{},batched-aimd,9,5,50,2,True,50,7.1602,6.9831,7.4371,11.057,34.946,14.976,60.25,4.74,30.12,4.89,21.57,1.7,10.78,1.75,0.63,0.0,531.9,61.9,55,4,2,1,0,6,6,0,6,0,0.0,0.0,7.07,24.69,0.0,0,0,4,0,0,0,0,112,,0.01
main,batched+place,,{},batched+place,3,5,50,2,True,50,9.8521,5.0751,5.7351,12.073,64.883,23.049,51.43,7.27,31.72,9.58,25.33,3.58,15.62,4.72,0.0,0.0,717.4,60.68,78,14,2,0,0,20,14,2,14,4,0.0,0.0,10.83,39.3,0.0,0,4,14,0,0,0,0,144,,0.01
main,batched k=4,,{},batched,9,5,50,2,True,50,7.3807,6.7744,7.311,11.223,35.729,15.756,58.45,4.6,30.98,5.97,21.57,1.7,11.43,2.2,0.73,0.0,527.4,59.55,53,4,2,1,0,6,6,0,6,0,0.0,0.0,7.22,23.65,0.0,0,0,4,0,0,0,0,110,,0.01
main,batched+place,,{},batched+place,4,5,50,2,True,50,8.0522,6.2095,6.1888,13.126,63.953,22.443,44.09,4.41,42.04,9.46,17.75,1.78,16.93,3.81,0.0,0.0,646.1,66.86,68,12,2,1,0,16,10,1,10,3,0.0,0.0,11.27,57.01,0.0,0,4,13,0,0,0,0,130,,0.01
main,batched+place,,{},batched+place,5,5,50,2,True,50,8.5025,5.8806,6.1934,11.774,62.26,22.848,52.27,4.89,39.89,2.95,22.22,2.08,16.96,1.25,0.0,0.0,704.9,69.09,74,11,2,2,0,17,9,2,9,2,0.0,0.0,9.21,34.85,0.0,0,6,11,0,0,0,0,137,,0.01
main,batched+place,,{},batched+place,6,5,50,2,True,50,8.201,6.0968,5.9977,14.057,54.272,23.168,51.1,3.42,43.66,1.81,20.96,1.4,17.9,0.74,0.0,0.0,686.0,69.71,73,11,2,1,1,18,11,0,11,2,0.0,0.0,11.49,46.26,0.0,0,7,13,0,0,0,0,135,,0.01
main,batched+place,,{},batched+place,7,5,50,2,True,50,8.0523,6.2094,7.4141,10.869,43.415,16.936,54.31,4.71,30.34,10.63,21.87,1.9,12.22,4.28,0.0,0.0,594.9,61.56,62,7,2,2,1,10,9,0,9,3,0.0,0.0,8.72,31.56,0.0,0,1,7,0,0,0,0,123,,0.01
main,batched+place,,{},batched+place,8,5,50,2,True,50,7.2986,6.8506,7.4494,15.115,59.164,22.406,45.6,4.05,47.11,3.23,16.64,1.48,17.19,1.18,0.0,0.0,621.1,70.91,69,14,2,1,0,17,10,0,10,5,0.0,0.0,8.69,35.91,0.0,0,7,14,0,0,0,0,130,,0.01
main,batched+place,,{},batched+place,9,5,50,2,True,50,7.6635,6.5244,8.1203,10.876,33.086,14.861,56.29,4.3,28.02,11.39,21.57,1.65,10.74,4.36,0.37,0.0,516.9,56.21,54,6,2,0,0,6,6,0,6,8,0.0,0.0,8.37,34.2,0.0,0,0,6,0,0,0,0,110,,0.01
queue,batched k=16,,"{""batch_k"": 16}",batched,3,5,50,2,True,50,10.3792,4.8173,5.3423,13.007,69.534,25.25,48.82,6.72,33.82,10.64,25.33,3.49,17.55,5.52,0.0,0.0,745.4,59.85,78,11,2,3,0,20,15,0,15,0,0.0,0.0,13.05,56.64,0.0,0,5,14,0,0,0,0,146,,0.01
queue,batched k=16,,"{""batch_k"": 16}",batched,4,5,50,2,True,50,7.3167,6.8337,6.5741,15.067,64.278,21.655,48.52,5.18,44.14,2.15,17.75,1.9,16.15,0.79,0.38,0.0,650.6,74.1,69,10,2,2,0,17,11,1,11,0,0.0,0.0,9.07,44.37,0.0,0,5,11,0,0,0,0,133,,0.01
queue,batched k=16,,"{""batch_k"": 16}",batched,7,5,50,2,True,50,8.2997,6.0243,6.5407,11.84,44.893,19.857,52.69,4.57,35.3,7.43,21.87,1.9,14.65,3.08,0.0,0.0,632.3,63.49,64,7,2,2,1,12,9,0,9,0,0.0,0.0,11.02,55.45,0.0,0,3,9,0,0,0,0,125,,0.01
queue,batched k=16,,"{""batch_k"": 16}",batched,6,5,50,2,True,50,8.3834,5.9641,7.0342,12.544,46.855,18.976,49.99,4.88,32.85,12.28,20.96,2.04,13.77,5.15,1.48,0.0,590.3,58.67,62,8,2,2,0,12,10,0,10,0,0.0,0.0,10.67,49.37,0.0,0,2,9,0,0,0,0,124,,0.01
queue,batched k=16,,"{""batch_k"": 16}",batched,9,5,50,2,True,50,7.3807,6.7744,7.311,11.223,35.729,15.756,58.45,4.6,30.98,5.97,21.57,1.7,11.43,2.2,0.73,0.0,527.4,59.55,53,4,2,1,0,6,6,0,6,0,0.0,0.0,7.22,23.65,0.0,0,0,4,0,0,0,0,110,,0.01
queue,batched k=16,,"{""batch_k"": 16}",batched,5,5,50,2,True,50,8.4899,5.8894,7.6958,12.649,43.91,16.77,52.34,3.51,29.41,14.73,22.22,1.49,12.48,6.25,0.0,0.0,609.7,59.84,62,5,2,1,0,11,9,0,9,0,0.0,0.0,12.07,79.37,0.0,0,2,5,0,0,0,0,122,,0.01
queue,batched-par k=4,,"{""batch_k"": 4}",batched-par,3,5,50,2,True,50,9.7633,5.1212,5.8597,11.319,59.112,21.962,51.9,6.46,31.03,10.61,25.33,3.15,15.15,5.18,0.0,0.0,684.7,58.44,69,3,2,2,0,18,14,1,14,0,0.0,0.0,11.77,59.35,0.0,0,3,5,0,0,0,0,136,,0.01
main,batched k=4,,{},batched,3,5,50,2,True,50,10.3792,4.8173,5.3423,13.007,69.534,25.25,48.82,6.72,33.82,10.64,25.33,3.49,17.55,5.52,0.0,0.0,745.4,59.85,78,11,2,3,0,20,15,0,15,0,0.0,0.0,13.05,56.64,0.0,0,5,14,0,0,0,0,146,,0.06
queue,batched-par k=4,,"{""batch_k"": 4}",batched-par,5,5,50,2,True,50,8.5353,5.858,7.9887,11.187,38.653,16.682,52.07,4.39,28.18,15.36,22.22,1.88,12.03,6.55,0.0,0.0,593.3,57.92,60,2,2,2,0,12,9,2,9,0,0.0,0.0,12.36,81.51,0.0,0,1,2,0,0,0,0,123,,0.01
queue,batched-par k=4,,"{""batch_k"": 4}",batched-par,4,5,50,2,True,50,7.3009,6.8485,6.7531,12.028,67.146,21.168,48.63,5.13,43.2,3.05,17.75,1.87,15.77,1.11,0.84,0.0,638.7,72.9,68,10,2,2,0,16,11,1,11,0,0.0,0.0,8.91,48.41,0.0,0,4,11,0,0,0,0,132,,0.01
queue,batched-par k=4,,"{""batch_k"": 4}",batched-par,7,5,50,2,True,50,7.6936,6.4989,7.3301,10.677,34.12,15.451,56.84,4.93,28.54,9.69,21.87,1.9,10.98,3.73,0.0,0.0,576.8,62.48,58,1,2,2,1,9,9,0,9,0,0.0,0.0,7.74,43.11,0.0,0,0,1,0,0,0,0,119,,0.01
queue,batched-par k=4,,"{""batch_k"": 4}",batched-par,6,5,50,2,True,50,8.4089,5.9461,7.0486,13.807,49.753,19.375,49.84,5.74,32.66,11.76,20.96,2.41,13.73,4.94,1.45,0.0,605.0,59.95,62,5,2,2,0,14,10,1,10,0,0.0,0.0,10.96,43.62,0.0,0,2,6,0,0,0,0,125,,0.01
queue,batched-par k=4,,"{""batch_k"": 4}",batched-par,9,5,50,2,True,50,7.5318,6.6385,7.3377,11.082,42.382,16.319,57.28,4.51,31.61,6.61,21.57,1.7,11.9,2.49,1.55,0.0,551.0,60.96,56,2,2,1,0,8,6,0,6,0,0.0,0.0,7.15,22.52,0.0,0,2,2,0,0,0,0,113,,0.01
queue,batched-par k=4,,"{""batch_k"": 4}",batched-par,8,5,50,2,True,50,6.8403,7.3097,7.7294,11.919,45.861,19.178,48.66,6.15,40.58,4.61,16.64,2.1,13.88,1.58,0.0,0.0,591.3,72.04,59,1,2,4,0,14,10,2,10,0,0.0,0.0,7.36,37.2,0.0,0,2,2,0,0,0,0,125,,0.01
main,serial,,{},serial,3,5,50,2,True,50,12.0573,4.1469,4.6426,32.481,72.818,36.51,42.02,6.13,44.34,7.51,25.33,3.69,26.73,4.53,0.0,0.0,658.4,45.5,65,0,1,3,0,15,14,1,14,0,0.0,0.0,9.21,45.39,0.0,0,0,0,0,0,0,0,133,,0.01
main,serial,,{},serial,5,5,50,2,True,50,11.0694,4.5169,5.2768,31.267,53.903,32.819,40.15,2.95,46.47,10.44,22.22,1.63,25.72,5.78,0.0,0.0,605.1,45.55,60,0,1,1,0,10,9,1,9,0,0.0,0.0,9.65,69.36,0.0,0,0,0,0,0,0,0,121,,0.01
main,serial,,{},serial,6,5,50,2,True,50,11.1817,4.4716,4.7223,36.245,60.362,37.765,37.48,4.38,51.91,6.23,20.96,2.45,29.02,3.48,0.0,0.0,621.7,46.33,61,0,1,3,0,11,10,1,10,0,0.0,0.0,8.12,36.03,0.0,0,0,0,0,0,0,0,125,,0.01
main,serial,,{},serial,7,5,50,2,True,50,10.5708,4.73,4.9759,30.318,56.452,33.368,41.37,2.88,49.73,6.02,21.87,1.52,26.28,3.18,0.0,0.0,607.7,47.9,59,0,1,2,1,9,9,0,9,0,0.0,0.0,7.32,31.71,0.0,0,0,0,0,0,0,0,120,,0.01
main,serial,,{},serial,4,5,50,2,True,50,10.3065,4.8513,4.9147,35.727,67.702,38.685,34.45,3.56,59.0,2.99,17.75,1.83,30.4,1.54,0.0,0.0,605.2,48.93,61,0,1,2,0,11,10,1,10,0,0.0,0.0,7.66,39.24,0.0,0,0,0,0,0,0,0,124,,0.02
main,beanstalk,,{},beanstalk,3,5,50,2,True,50,6.53,7.657,7.2389,55.914,225.008,86.146,77.59,9.76,0.63,12.02,25.33,3.19,0.21,3.92,0.91,0.77,583.4,74.45,58,0,2,1,0,39,15,0,15,5,58.24,34.94,74.02,225.54,16.6,3,0,0,5,7,10,51,190,,0.01
main,beanstalk,,{},beanstalk,4,5,50,2,True,50,5.1633,9.6838,10.8206,34.555,76.234,37.353,68.76,6.99,0.77,23.48,17.75,1.81,0.2,6.06,0.0,0.0,443.5,71.58,45,0,2,2,0,27,11,0,11,3,43.68,29.72,28.58,79.67,0.2,3,0,0,5,6,6,39,171,,0.01
main,serial,,{},serial,8,5,50,2,True,50,11.2302,4.4523,4.4637,44.293,78.331,44.0,29.64,3.69,61.61,5.06,16.64,2.07,34.6,2.84,0.0,0.0,661.5,49.08,63,0,1,4,0,13,10,3,10,0,0.0,0.0,8.12,42.08,0.0,0,0,0,0,0,0,0,130,,0.01
main,beanstalk,,{},beanstalk,7,5,50,2,True,50,5.8299,8.5764,9.3275,20.225,57.07,26.645,75.01,7.38,0.63,16.97,21.87,2.15,0.18,4.95,0.0,0.0,496.2,70.92,50,0,2,1,2,26,9,0,9,7,37.55,26.64,18.1,57.24,0.0,2,0,0,1,1,8,49,170,,0.01
main,beanstalk,,{},beanstalk,5,5,50,2,True,50,6.0774,8.2272,11.5717,25.404,66.451,29.005,73.12,4.91,0.6,21.36,22.22,1.49,0.18,6.49,0.0,0.0,464.2,63.65,46,0,2,1,0,24,9,0,9,5,42.51,27.36,23.91,94.37,0.0,2,0,0,2,3,8,43,166,,0.01
main,beanstalk,,{},beanstalk,6,5,50,2,True,50,5.5148,9.0665,8.4824,35.542,163.98,58.475,76.0,8.86,0.72,14.42,20.96,2.44,0.2,3.98,0.0,1.67,498.5,75.32,50,0,2,2,0,31,12,0,12,4,58.12,29.56,49.11,166.83,16.4,2,0,0,3,3,10,47,178,,0.01
main,beanstalk,,{},beanstalk,8,5,50,2,True,50,4.0787,12.2588,24.8655,50.019,119.124,56.214,81.6,7.76,0.92,9.71,16.64,1.58,0.19,1.98,0.0,0.62,416.8,85.15,42,0,2,1,0,26,10,0,10,4,48.8,30.44,38.82,124.95,7.2,3,0,0,4,5,6,37,164,,0.01
main,beanstalk,,{},beanstalk,9,5,50,2,True,50,5.5006,9.09,10.8389,15.169,88.197,31.739,78.43,5.99,0.65,14.94,21.57,1.65,0.18,4.11,1.44,1.08,490.2,74.26,50,0,2,0,0,22,6,0,6,7,73.25,31.16,20.1,89.53,33.2,2,0,0,1,0,6,49,161,,0.01
main,beanstalk-noplace,,{},beanstalk-noplace,3,5,50,2,True,50,7.295,6.854,9.728,44.771,139.348,55.026,69.46,9.21,0.57,20.77,25.33,3.36,0.21,7.57,0.0,0.0,579.9,66.25,57,0,2,3,0,39,14,0,14,0,54.09,31.41,36.36,139.58,0.0,2,0,0,4,4,10,53,191,,0.01
main,beanstalk-noplace,,{},beanstalk-noplace,7,5,50,2,True,50,5.852,8.5441,10.5981,27.522,75.304,31.658,74.73,7.62,0.65,17.0,21.87,2.23,0.19,4.98,0.0,0.0,508.6,72.42,52,0,2,2,1,31,9,0,9,0,35.84,24.12,19.54,83.16,0.0,2,0,0,1,1,8,51,174,,0.01
main,beanstalk-noplace,,{},beanstalk-noplace,4,5,50,2,True,50,4.6658,10.7162,11.9797,28.905,82.94,34.865,76.09,7.83,0.85,15.22,17.75,1.83,0.2,3.55,0.0,0.04,444.3,79.36,45,0,2,3,0,28,10,0,10,0,48.89,29.5,22.64,84.8,5.0,3,0,0,4,4,6,41,171,,0.01
main,beanstalk-noplace,,{},beanstalk-noplace,5,5,50,2,True,50,6.1644,8.1111,15.0181,26.111,69.905,32.549,72.09,4.84,0.6,22.47,22.22,1.49,0.18,6.93,0.0,0.0,455.1,61.53,46,0,2,1,0,26,9,0,9,0,40.47,25.59,24.14,87.85,0.0,3,0,0,2,2,8,44,166,,0.01
main,beanstalk-noplace,,{},beanstalk-noplace,6,5,50,2,True,50,5.9693,8.3762,11.2299,25.736,65.22,31.395,70.21,7.39,0.66,21.74,20.96,2.21,0.2,6.49,0.0,0.0,433.2,60.48,43,0,2,3,0,24,10,0,10,0,46.79,27.74,18.7,55.34,0.0,3,0,0,1,2,9,41,169,,0.01
main,beanstalk-noplace,,{},beanstalk-noplace,8,5,50,2,True,50,4.1905,11.9318,26.3824,59.277,134.557,66.509,79.43,9.82,0.98,9.77,16.64,2.06,0.21,2.05,0.0,0.03,439.2,87.35,44,0,2,6,0,30,10,0,10,0,53.09,33.63,49.56,143.53,8.9,2,0,0,4,5,6,39,176,,0.01
queue,batched k=1,,"{""batch_k"": 1}",batched,3,5,50,2,True,50,9.7417,5.1326,5.8918,13.786,60.223,21.522,52.01,7.09,29.73,11.17,25.33,3.45,14.48,5.44,0.0,0.0,723.1,61.86,75,8,2,3,0,15,15,0,15,0,0.0,0.0,11.23,59.36,0.0,0,0,10,0,0,0,0,143,,0.01
queue,batched k=16,,"{""batch_k"": 16}",batched,8,5,50,2,True,50,6.3426,7.8832,7.9942,12.513,36.912,16.474,52.48,5.07,38.22,4.23,16.64,1.61,12.12,1.34,0.0,0.0,570.5,74.96,61,9,2,3,0,10,10,0,10,0,0.0,0.0,6.24,21.31,0.0,0,0,9,0,0,0,0,124,,0.06
main,beanstalk-noplace,,{},beanstalk-noplace,9,5,50,2,True,50,5.2846,9.4615,11.2982,14.142,76.176,29.2,81.63,6.69,0.69,10.99,21.57,1.77,0.18,2.9,0.36,1.35,477.8,75.35,49,0,2,2,0,22,6,0,6,0,65.16,32.4,20.38,81.85,22.5,2,0,0,0,0,6,49,165,,0.01
queue,batched k=1,,"{""batch_k"": 1}",batched,4,5,50,2,True,50,7.4219,6.7368,6.8414,17.34,43.95,21.017,47.84,5.34,41.85,4.97,17.75,1.98,15.53,1.84,0.65,0.0,708.1,79.51,73,9,2,2,0,14,11,2,11,0,0.0,0.0,8.67,34.02,0.0,0,0,10,0,0,0,0,138,,0.01
queue,batched k=1,,"{""batch_k"": 1}",batched,5,5,50,2,True,50,8.6571,5.7756,7.4454,13.124,36.898,16.611,51.33,3.45,28.53,16.69,22.22,1.49,12.35,7.22,2.14,0.0,628.6,60.51,65,6,2,1,0,9,9,0,9,0,0.0,0.0,13.64,92.17,0.0,0,0,6,0,0,0,0,125,,0.01
queue,batched k=1,,"{""batch_k"": 1}",batched,6,5,50,2,True,50,9.4772,5.2758,7.0218,14.235,37.203,19.961,44.22,6.94,28.16,20.67,20.96,3.29,13.34,9.8,2.73,0.0,675.4,59.39,70,8,2,3,0,12,10,2,10,0,0.0,0.0,18.7,119.31,0.0,0,0,8,0,0,0,0,135,,0.01
queue,batched k=1,,"{""batch_k"": 1}",batched,7,5,50,2,True,50,8.3486,5.989,6.8375,13.202,47.237,19.773,52.38,5.86,33.61,8.14,21.87,2.45,14.03,3.4,0.0,0.0,692.6,69.14,71,7,2,3,1,12,9,3,9,0,0.0,0.0,9.19,39.98,0.0,0,0,9,0,0,0,0,136,,0.01
queue,batched-par k=1,,"{""batch_k"": 1}",batched-par,3,5,50,2,True,50,9.4205,5.3076,6.2966,12.766,49.204,19.711,53.78,7.02,27.86,11.34,25.33,3.31,13.12,5.34,0.0,0.0,685.6,60.65,69,4,2,2,0,15,14,1,14,0,0.0,0.0,10.55,59.17,0.0,0,0,4,0,0,0,0,136,,0.01
queue,batched-par k=1,,"{""batch_k"": 1}",batched-par,4,5,50,2,True,50,6.8098,7.3423,7.2967,13.705,39.674,18.489,52.14,5.35,39.9,2.61,17.75,1.82,13.59,0.89,0.0,0.0,676.5,82.79,68,6,2,2,0,12,11,0,11,0,0.0,0.0,6.38,26.98,0.0,0,0,7,0,0,0,0,131,,0.01
queue,batched k=1,,"{""batch_k"": 1}",batched,8,5,50,2,True,50,7.0014,7.1415,7.645,13.122,50.846,19.502,47.54,5.15,41.28,6.04,16.64,1.8,14.45,2.11,0.0,0.0,678.1,80.71,71,9,2,4,0,12,10,2,10,0,0.0,0.0,6.68,25.56,0.0,0,0,9,0,0,0,0,137,,0.01
main,serial,,{},serial,9,5,50,2,True,50,10.0044,4.9978,5.1831,28.58,58.682,31.939,43.12,3.64,49.57,3.67,21.57,1.82,24.8,1.84,0.8,0.0,587.7,48.95,57,0,1,1,0,7,6,1,6,0,0.0,0.0,6.71,23.99,0.0,0,0,0,0,0,0,0,115,,0.05
queue,batched-par k=1,,"{""batch_k"": 1}",batched-par,6,5,50,2,True,50,8.4622,5.9086,6.8755,15.054,33.552,18.945,49.53,5.23,32.09,13.16,20.96,2.21,13.58,5.57,1.74,0.0,659.3,64.93,67,5,2,2,1,12,10,2,10,0,0.0,0.0,9.19,51.71,0.0,0,0,5,0,0,0,0,131,,0.01
queue,batched k=1,,"{""batch_k"": 1}",batched,9,5,50,2,True,50,7.0934,7.0488,7.3525,11.662,31.636,15.439,60.82,4.78,31.49,2.91,21.57,1.7,11.17,1.03,0.5,0.0,580.7,68.22,60,4,2,1,0,6,6,0,6,0,0.0,0.0,7.35,32.02,0.0,0,0,4,0,0,0,0,117,,0.01
queue,batched-par k=1,,"{""batch_k"": 1}",batched-par,5,5,50,2,True,50,8.6074,5.8089,7.854,12.645,38.533,17.061,51.63,4.19,28.84,15.33,22.22,1.8,12.41,6.6,0.0,0.0,631.4,61.13,63,2,2,1,0,11,9,2,9,0,0.0,0.0,12.04,82.15,0.0,0,0,2,0,0,0,0,125,,0.01
queue,batched-par k=1,,"{""batch_k"": 1}",batched-par,7,5,50,2,True,50,7.982,6.2641,6.9222,10.782,41.24,17.413,54.79,5.87,30.49,8.85,21.87,2.34,12.17,3.53,0.0,0.0,640.9,66.92,64,3,2,2,1,11,9,2,9,0,0.0,0.0,7.99,40.82,0.0,0,0,3,0,0,0,0,127,,0.01
queue,batched-par k=1,,"{""batch_k"": 1}",batched-par,8,5,50,2,True,50,6.5978,7.5783,7.8868,12.536,43.215,17.471,50.45,5.51,38.62,5.42,16.64,1.82,12.74,1.79,0.0,0.0,621.1,78.45,63,2,2,4,0,11,10,1,10,0,0.0,0.0,5.48,18.91,0.0,0,0,2,0,0,0,0,128,,0.01
queue,batched-par k=1,,"{""batch_k"": 1}",batched-par,9,5,50,2,True,50,7.4056,6.7516,7.289,11.002,43.862,15.941,58.25,5.11,30.76,5.87,21.57,1.89,11.39,2.17,0.63,0.0,583.0,65.61,59,2,2,1,0,7,6,1,6,0,0.0,0.0,6.37,24.36,0.0,0,0,2,0,0,0,0,117,,0.01
