group,label,note,overrides,policy,seed,N,M,R,complete,green,makespan_h,green_per_h,steady_green_per_h,lat_p50_min,lat_p95_min,lat_mean_min,busy_pct,rework_pct,blocked_pct,idle_pct,busy_agent_h,rework_agent_h,blocked_agent_h,idle_agent_h,idle_placement_agent_h,idle_paused_agent_h,ci_min,ci_util_pct,ci_runs,ci_aborted,ci_max_busy,conflicts,dissolved,reds,culprits,false_blames,fixes,overlap_starts,max_red_age_min,mean_red_age_min,green_staleness_min,green_gap_max_min,paused_min,max_open_reds,bisect_rounds,cancelled_units,searches,search_runs,suspect_hits,val_runs,events,stop_reason,wall_s
main,batched-aimd,,{},batched-aimd,1,1000,10000,100,True,10000,1129.5302,8.8532,9.0094,6590.658,7011.89,6283.619,0.38,2.1,90.61,6.9,4296.05,23764.79,1023505.02,77964.32,6288.62,0.0,1237671.6,18.26,128651,45462,20,23893,5266,38940,4181,143,4181,0,0.0,0.0,14.61,676.61,0.0,0,1913,113936,0,0,0,0,166868,,10.98
main,batched-aimd,,{},batched-aimd,0,1000,10000,100,True,10000,1116.4892,8.9566,8.9796,6615.137,7115.945,6298.662,0.38,2.1,91.93,5.59,4294.16,23426.68,1026350.34,62418.04,6364.52,0.0,1234680.3,18.43,128472,45922,20,24496,5645,38450,4137,136,4137,0,0.0,0.0,11.58,165.48,0.0,0,1946,113777,0,0,0,0,167241,,11.18
main,batched-aimd,,{},batched-aimd,2,1000,10000,100,True,10000,1109.1911,9.0156,9.0374,6584.046,6944.75,6259.001,0.39,2.12,91.92,5.57,4277.82,23562.37,1019604.39,61746.5,5815.81,0.0,1225822.2,18.42,127573,45481,20,23694,5286,37962,4098,133,4098,0,0.0,0.0,11.7,92.22,0.0,0,1946,112943,0,0,0,0,165498,,7.64
main,batched-aimd,,{},batched-aimd,3,1000,10000,100,True,10000,1113.6237,8.9797,9.0254,6612.367,7051.388,6269.14,0.38,2.11,91.72,5.8,4227.47,23485.01,1021371.62,64539.55,4882.43,0.0,1230910.0,18.42,128054,45556,20,24724,5743,38351,4131,126,4131,0,0.0,0.0,11.69,119.18,0.0,0,1945,113406,0,0,0,0,167035,,7.65
main,batched-aimd,,{},batched-aimd,4,1000,10000,100,True,10000,1113.9187,8.9773,9.0043,6583.395,7146.545,6273.49,0.38,2.1,91.76,5.75,4278.65,23440.8,1022140.84,64058.44,5387.44,0.0,1230085.6,18.4,127896,44842,20,23591,5407,38530,4098,136,4098,0,0.0,0.0,11.8,152.2,0.0,0,1956,113235,0,0,0,0,165721,,7.36
main,batched k=4,,{},batched,4,1000,10000,100,True,10000,2099.5079,4.763,4.7788,12546.27,13713.662,11895.989,0.2,1.04,93.39,5.36,4278.65,21855.94,1960808.9,112564.44,8431.77,0.0,2343878.4,18.61,240818,102256,20,22604,5181,112329,3939,38,3939,0,0.0,0.0,21.91,176.28,0.0,0,8044,224131,0,0,0,0,277399,,26.07
main,batched k=4,,{},batched,2,1000,10000,100,True,10000,2117.3687,4.7228,4.7506,12548.881,13380.813,12003.775,0.2,1.04,93.45,5.31,4277.82,21926.89,1978702.22,112461.81,12867.21,0.0,2361737.2,18.59,242415,102230,20,22545,4957,113780,3972,35,3972,0,0.0,0.0,21.66,158.95,0.0,0,8101,225636,0,0,0,0,278967,,26.46
main,batched-aimd,,{},batched-aimd,5,1000,10000,100,True,10000,1118.4456,8.941,8.9607,6614.236,7134.434,6317.511,0.38,2.1,92.04,5.48,4283.64,23515.1,1029403.43,61243.46,4757.71,0.0,1235273.6,18.41,128443,45086,20,24014,5657,39069,4125,156,4125,0,0.0,0.0,11.99,112.93,0.0,0,1938,113718,0,0,0,0,166738,,7.64
main,batched k=4,,{},batched,1,1000,10000,100,True,10000,2135.3886,4.683,4.7412,12565.738,13702.064,11951.731,0.2,1.04,92.25,6.52,4296.05,22122.81,1969832.36,139137.39,14043.91,0.0,2366176.4,18.47,243198,103179,20,23039,5030,114070,3989,46,3989,0,0.0,0.0,22.13,337.17,0.0,0,8148,226342,0,0,0,0,280272,,26.56
main,batched k=4,,{},batched,5,1000,10000,100,True,10000,2129.8936,4.6951,4.7319,12649.224,13818.769,12045.271,0.2,1.01,93.24,5.54,4283.64,21580.95,1985964.3,118064.7,11315.05,0.0,2373466.8,18.57,243886,103925,20,22360,5219,112998,3985,51,3985,0,0.0,0.0,22.24,182.61,0.0,0,8163,227049,0,0,0,0,280282,,26.64
main,batched k=4,,{},batched,9,1000,10000,100,True,10000,2176.3066,4.5949,4.5579,12965.314,14193.751,12330.283,0.2,0.98,93.45,5.38,4248.69,21358.44,2033688.7,117010.75,10117.15,0.0,2422539.6,18.55,248910,106188,20,22273,4560,116701,4080,34,4080,0,0.0,0.0,22.77,410.68,0.0,0,8309,231775,0,0,0,0,285297,,26.69
main,batched k=4,,{},batched,7,1000,10000,100,True,10000,2094.1963,4.7751,4.7596,12517.679,13452.335,11862.696,0.2,1.04,93.37,5.39,4229.87,21841.79,1955274.23,112850.43,13989.95,0.0,2330482.5,18.55,239327,100930,20,23033,4993,110021,3927,38,3927,0,0.0,0.0,21.79,193.04,0.0,0,8002,222699,0,0,0,0,276325,,26.75
main,batched k=4,,{},batched,8,1000,10000,100,True,10000,2139.8995,4.6731,4.6918,12636.505,13887.906,12122.959,0.2,1.03,93.39,5.38,4285.2,22009.89,1998483.31,115121.09,11218.37,0.0,2384819.7,18.57,244875,102888,20,22464,4941,114716,4002,47,4002,0,0.0,0.0,22.11,163.54,0.0,0,8191,227982,0,0,0,0,281388,,26.9
main,batched k=4,,{},batched,3,1000,10000,100,True,10000,2117.6815,4.7221,4.7367,12636.353,13447.915,11951.095,0.2,1.02,93.03,5.74,4227.47,21668.43,1970180.68,121604.93,13308.67,0.0,2353894.6,18.53,241815,102542,20,22970,5275,112021,3974,31,3974,0,0.0,0.0,21.82,174.24,0.0,0,8115,225034,0,0,0,0,278790,,27.18
main,batched k=4,,{},batched,6,1000,10000,100,True,10000,2157.3278,4.6354,4.6419,12770.958,13901.62,12239.712,0.2,0.99,93.57,5.24,4231.65,21320.48,2018631.48,113144.17,12343.96,0.0,2401562.8,18.55,246586,104034,20,22151,5113,115978,4032,50,4032,0,0.0,0.0,22.32,280.82,0.0,0,8243,229529,0,0,0,0,282819,,27.17
main,batched k=4,,{},batched,0,1000,10000,100,True,10000,2143.511,4.6652,4.658,12767.807,14018.623,12137.351,0.2,0.99,93.38,5.43,4294.16,21314.03,2001577.75,116325.11,12270.85,0.0,2376367.9,18.48,243850,101706,20,22383,5153,115900,4003,47,4003,0,0.0,0.0,21.75,215.31,0.0,0,8174,226947,0,0,0,0,280283,,27.3
main,batched-aimd,,{},batched-aimd,6,1000,10000,100,True,10000,1127.9927,8.8653,8.9319,6647.772,7088.018,6350.078,0.38,1.99,91.83,5.8,4231.65,22466.19,1035880.09,65414.82,6460.58,0.0,1243666.5,18.38,129340,46295,20,23085,5321,38692,4175,135,4175,0,0.0,0.0,12.0,121.46,0.0,0,1962,114608,0,0,0,0,166735,,7.23
main,batched-aimd,,{},batched-aimd,7,1000,10000,100,True,10000,1110.3128,9.0065,9.0018,6602.761,7021.246,6257.165,0.38,2.16,91.76,5.69,4229.87,23990.28,1018870.52,63222.14,7923.2,0.0,1225747.0,18.4,127576,45511,20,24484,5315,38270,4076,145,4076,0,0.0,0.0,11.94,177.88,0.0,0,1954,112943,0,0,0,0,166281,,7.86
main,batched-aimd,,{},batched-aimd,8,1000,10000,100,True,10000,1117.4184,8.9492,9.0116,6564.285,7096.997,6304.216,0.38,2.1,91.93,5.59,4285.2,23455.22,1027247.48,62430.5,5215.03,0.0,1236734.3,18.45,128652,45780,20,23614,5222,38170,4112,157,4112,0,0.0,0.0,11.72,91.34,0.0,0,1959,113861,0,0,0,0,166535,,7.59
main,batched-aimd,,{},batched-aimd,9,1000,10000,100,True,10000,1146.419,8.7228,8.7689,6771.544,7133.475,6430.601,0.37,2.01,91.48,6.14,4248.69,23025.1,1048741.68,70403.58,4949.84,0.0,1258206.8,18.29,130650,45902,20,23548,4828,39400,4235,167,4235,0,0.0,0.0,13.44,482.16,0.0,0,1934,115826,0,0,0,0,168600,,8.7
fair,beanstalk quarantine,,"{""green_mode"": ""quarantine""}",beanstalk,0,1000,10000,100,True,10000,583.1391,17.1486,17.924,1771.655,7496.282,2648.297,0.74,6.39,0.05,92.82,4294.16,37290.87,302.45,541251.62,71.03,540780.67,163429.5,4.67,16245,0,100,33936,2929,4392,6529,75,6529,9849,5113.84,1443.66,36.57,617.35,34632.8,531,0,0,2084,4148,4693,12097,90910,,26.68
main,batched+place,,{},batched+place,4,1000,10000,100,True,10000,2089.0143,4.7869,4.8079,12464.526,13333.077,11795.742,0.2,1.04,93.07,5.69,4278.65,21631.09,1944325.83,118778.75,9766.85,0.0,2332072.4,18.61,239617,102123,20,22244,5158,110660,3910,48,3910,9987,0.0,0.0,21.65,225.87,0.0,0,8005,223005,0,0,0,0,275819,,34.55
main,batched+place,,{},batched+place,0,1000,10000,100,True,10000,2172.8186,4.6023,4.5667,12979.259,13962.756,12328.744,0.2,0.99,93.58,5.23,4294.16,21525.55,2033265.17,113733.75,9266.37,0.0,2419306.5,18.56,248435,104843,20,22482,5037,117936,4070,43,4070,9990,0.0,0.0,22.05,182.25,0.0,0,8322,231291,0,0,0,0,285030,,35.17
main,batched+place,,{},batched+place,2,1000,10000,100,True,10000,2108.0484,4.7437,4.7406,12564.032,13427.257,11951.801,0.2,1.03,93.47,5.3,4277.82,21668.92,1970297.86,111803.84,11005.72,0.0,2351322.3,18.59,241457,102211,20,22345,4990,112999,3941,51,3941,9983,0.0,0.0,22.08,196.69,0.0,0,8065,224769,0,0,0,0,277794,,35.1
main,batched+place,,{},batched+place,6,1000,10000,100,True,10000,2151.6089,4.6477,4.6647,12702.734,13678.603,12144.303,0.2,0.99,93.08,5.73,4231.65,21232.38,2002818.17,123326.73,11577.93,0.0,2388538.8,18.5,245215,103092,20,21951,5171,116517,4041,23,4041,9983,0.0,0.0,22.01,203.67,0.0,0,8208,228239,0,0,0,0,281230,,34.78
main,batched+place,,{},batched+place,1,1000,10000,100,True,10000,2174.8717,4.598,4.5942,12815.295,14184.32,12244.806,0.2,1.02,92.81,5.97,4296.05,22251.04,2018549.93,129774.69,11900.85,0.0,2405897.0,18.44,247162,105527,20,22800,5002,115830,4055,44,4055,9987,0.0,0.0,24.8,825.95,0.0,0,8297,230066,0,0,0,0,284061,,35.51
main,batched+place,,{},batched+place,3,1000,10000,100,True,10000,2102.4172,4.7564,4.762,12552.44,13566.535,11913.58,0.2,1.03,93.41,5.36,4227.47,21650.7,1963946.05,112592.95,10603.2,0.0,2342681.3,18.57,240666,102895,20,22825,5242,111260,3957,27,3957,9985,0.0,0.0,21.64,165.96,0.0,0,8051,223954,0,0,0,0,277475,,35.61
main,batched+place,,{},batched+place,5,1000,10000,100,True,10000,2109.9025,4.7396,4.7437,12620.419,13410.676,11975.078,0.2,1.0,93.59,5.2,4283.64,21098.15,1974748.22,109772.5,9118.38,0.0,2352866.4,18.59,241578,101606,20,21909,5248,112606,3971,34,3971,9986,0.0,0.0,21.91,145.4,0.0,0,8076,224866,0,0,0,0,277492,,35.24
main,batched+place,,{},batched+place,7,1000,10000,100,True,10000,2106.613,4.747,4.6774,12639.623,13771.656,11965.486,0.2,1.03,93.63,5.13,4229.87,21737.03,1972510.67,108135.4,13937.58,0.0,2344074.7,18.55,240519,100054,20,22899,5041,113122,3952,34,3952,9988,0.0,0.0,21.97,214.4,0.0,0,8040,223841,0,0,0,0,277404,,35.44
fair,beanstalk quarantine,,"{""green_mode"": ""quarantine""}",beanstalk,1,1000,10000,100,True,10000,529.6781,18.8794,23.9858,2043.758,7466.104,2706.458,0.81,8.05,0.06,91.08,4296.05,42613.51,331.57,482436.92,552.5,478787.69,159683.8,5.02,15888,0,100,39130,3094,3455,6953,74,6953,9805,5337.65,1379.59,33.0,354.67,31260.5,620,0,0,2347,3866,4850,12022,98387,,34.06
main,batched+place,,{},batched+place,8,1000,10000,100,True,10000,2112.8652,4.7329,4.767,12562.813,13599.632,11909.794,0.2,1.03,92.91,5.85,4285.2,21832.84,1963132.75,123614.45,10800.76,0.0,2346273.9,18.51,241077,102723,20,22505,5053,111760,3956,40,3956,9988,0.0,0.0,21.88,211.2,0.0,0,8102,224280,0,0,0,0,277578,,36.93
main,batched+place,,{},batched+place,9,1000,10000,100,True,10000,2165.6362,4.6176,4.6098,12935.62,13841.996,12267.33,0.2,0.98,93.43,5.39,4248.69,21197.23,2023357.71,116832.55,9632.78,0.0,2409042.9,18.54,247391,104659,20,22143,4601,116693,4053,42,4053,9984,0.0,0.0,22.58,257.99,0.0,0,8274,230301,0,0,0,0,283629,,38.24
fair,beanstalk quarantine,,"{""green_mode"": ""quarantine""}",beanstalk,6,1000,10000,100,True,10000,503.741,19.8515,21.3003,2080.261,5283.497,2431.052,0.84,7.55,0.06,91.55,4231.65,38040.03,297.71,461171.58,118.49,460150.55,160351.3,5.31,15981,0,100,34026,2986,3854,6831,57,6831,9803,3370.19,1199.86,21.3,318.9,29992.8,638,0,0,2320,3754,4755,12227,92523,,31.2
fair,beanstalk quarantine,,"{""green_mode"": ""quarantine""}",beanstalk,2,1000,10000,100,True,10000,572.3222,17.4727,19.5698,1840.767,7041.79,2530.663,0.75,6.98,0.05,92.22,4277.82,39946.24,314.25,527783.87,119.97,527101.1,158459.9,4.61,15773,0,100,35815,2927,3548,6761,68,6761,9852,4647.25,1350.22,26.0,517.71,34159.0,650,0,0,2243,3810,4769,11963,93627,,32.53
fair,beanstalk quarantine,,"{""green_mode"": ""quarantine""}",beanstalk,5,1000,10000,100,True,10000,511.1782,19.5627,20.9547,1937.262,5721.522,2530.624,0.84,7.44,0.06,91.66,4283.64,38020.33,309.55,468564.62,69.87,468093.1,161916.4,5.28,16108,0,100,34944,3219,3589,6969,59,6969,9829,3768.09,1303.9,28.4,549.01,30256.2,512,0,0,2243,3839,4964,12269,93463,,31.47
fair,beanstalk quarantine,,"{""green_mode"": ""quarantine""}",beanstalk,8,1000,10000,100,True,10000,559.6779,17.8674,19.1007,2005.609,7188.074,2823.886,0.77,6.77,0.05,92.41,4285.2,37873.01,296.66,517223.04,132.39,516648.37,165935.9,4.94,16519,0,100,33598,2725,4448,6642,62,6642,9835,4107.69,1503.32,38.64,623.63,33429.7,568,0,0,2187,4326,4689,12193,91726,,31.07
fair,beanstalk quarantine,,"{""green_mode"": ""quarantine""}",beanstalk,3,1000,10000,100,True,10000,484.9586,20.6203,20.6949,1641.872,6868.032,2529.834,0.87,7.72,0.06,91.34,4227.47,37448.22,303.57,442979.39,214.89,441874.88,159496.2,5.48,15867,0,100,34977,2935,3344,6542,64,6542,9862,4014.58,1344.99,25.27,497.87,28814.8,497,0,0,2226,3870,4558,11997,92589,,32.08
fair,beanstalk quarantine,,"{""green_mode"": ""quarantine""}",beanstalk,4,1000,10000,100,True,10000,534.0538,18.7247,21.5994,1883.594,7727.933,2738.139,0.8,7.43,0.06,91.71,4278.65,39697.86,315.35,489761.93,127.74,489405.33,166775.1,5.2,16617,0,100,36197,2926,4112,6583,81,6583,9825,4584.25,1447.7,41.6,790.67,31751.3,631,0,0,2155,4807,4670,11810,94411,,32.31
fair,beanstalk quarantine,,"{""green_mode"": ""quarantine""}",beanstalk,9,1000,10000,100,True,10000,586.1737,17.0598,19.1335,1916.909,7908.708,2815.823,0.72,6.63,0.05,92.59,4248.69,38891.99,321.22,542711.84,142.06,542157.22,165272.6,4.7,16442,0,100,36019,2783,4149,6975,67,6975,9828,5090.8,1512.3,26.45,425.64,34887.8,715,0,0,2253,4163,4947,12279,94009,,32.28
fair,beanstalk no-budget,,"{""budget"": false}",beanstalk,0,1000,10000,100,True,10000,188.7491,52.9804,,9296.33,11305.587,8994.96,2.28,62.92,0.4,34.4,4294.16,118768.15,760.5,64926.32,1843.88,0.0,182555.5,16.12,18162,0,91,104386,4574,13460,8748,108,8748,9990,6594.77,370.47,5662.47,11324.95,0.0,463,0,0,2689,4701,6167,13461,176811,,34.88
fair,beanstalk quarantine,,"{""green_mode"": ""quarantine""}",beanstalk,7,1000,10000,100,True,10000,513.7064,19.4664,21.5336,1907.518,8983.742,2950.792,0.82,8.13,0.07,90.98,4229.87,41789.46,342.61,467344.45,258.48,467004.48,158708.8,5.15,15810,0,100,39622,3018,3126,7083,70,7083,9858,4801.95,1572.85,29.58,513.54,30353.8,688,0,0,2299,3805,5023,12005,98064,,38.71
fair,beanstalk no-budget,,"{""budget"": false}",beanstalk,2,1000,10000,100,True,10000,199.9916,50.0021,,10098.281,11980.587,9778.69,2.14,58.57,0.37,38.91,4277.82,117143.06,747.63,77823.13,2745.36,0.0,174954.5,14.58,17401,0,98,103205,4465,13061,8039,84,8039,9983,6074.39,385.39,5987.56,11987.29,0.0,453,0,0,2417,4335,5706,13066,173684,,30.77
fair,beanstalk no-budget,,"{""budget"": false}",beanstalk,1,1000,10000,100,True,10000,203.5924,49.1178,,10222.445,12196.308,9857.129,2.11,60.28,0.37,37.24,4296.05,122730.96,753.33,75812.03,1786.69,0.0,181784.0,14.88,18083,0,97,105197,4473,13470,8594,105,8594,9987,6365.31,387.03,6093.43,12201.18,0.0,458,0,0,2632,4611,6067,13472,178830,,32.59
fair,beanstalk no-budget,,"{""budget"": false}",beanstalk,3,1000,10000,100,True,10000,184.3285,54.251,,9109.867,11040.368,8792.325,2.29,63.68,0.41,33.62,4227.47,117381.75,754.69,61964.55,1616.88,0.0,178628.2,16.15,17803,0,87,104302,4549,13312,8462,86,8462,9985,7001.45,375.89,5516.71,11046.54,0.0,460,0,0,2544,4486,6004,13317,175958,,32.17
fair,beanstalk no-budget,,"{""budget"": false}",beanstalk,4,1000,10000,100,True,10000,208.5882,47.9414,,10592.089,12495.882,10296.359,2.05,55.13,0.35,42.47,4278.65,114997.51,723.57,88588.46,2005.83,0.0,172219.6,13.76,17141,0,100,100103,3932,12832,7826,79,7826,9988,6560.26,383.4,6242.48,12500.11,0.0,455,0,0,2431,4295,5475,12846,169952,,28.94
fair,beanstalk no-budget,,"{""budget"": false}",beanstalk,7,1000,10000,100,True,10000,208.5312,47.9545,,10510.245,12492.88,10234.208,2.03,56.13,0.36,41.48,4229.87,117047.49,756.54,86497.27,2856.99,0.0,173739.1,13.89,17293,0,89,104145,3850,13048,8106,96,8106,9988,5876.86,374.11,6255.93,12511.87,0.0,458,0,0,2450,4244,5753,13049,174437,,30.2
fair,beanstalk no-budget,,"{""budget"": false}",beanstalk,8,1000,10000,100,True,10000,197.0133,50.758,,9828.817,11800.783,9548.638,2.18,61.05,0.38,36.4,4285.2,120271.13,746.66,71710.35,1529.84,0.0,178337.7,15.09,17748,0,97,103896,4194,13202,8356,89,8356,9988,6259.99,386.81,5897.56,11807.95,0.0,463,0,0,2547,4540,5898,13208,176201,,30.27
fair,beanstalk no-budget,,"{""budget"": false}",beanstalk,9,1000,10000,100,True,10000,248.9715,40.1652,,12996.014,14919.142,12718.328,1.71,46.93,0.31,51.06,4248.69,116834.17,764.93,127123.69,2270.07,0.0,183146.4,12.26,18217,0,100,104328,4505,13397,8922,99,8922,9984,8217.79,380.13,7457.95,14927.08,0.0,490,0,0,2619,4817,6402,13400,176377,,30.55
fair,beanstalk no-budget,,"{""budget"": false}",beanstalk,6,1000,10000,100,True,10000,195.7872,51.0759,,9716.168,11728.836,9428.566,2.16,62.67,0.39,34.78,4231.65,122693.29,767.75,68094.55,1575.38,0.0,190394.3,16.21,18960,0,98,106050,5847,13828,9281,105,9281,9984,6094.58,364.99,5859.76,11733.36,0.0,465,0,0,2892,5130,6494,13830,181443,,32.02
fair,beanstalk no-budget,,"{""budget"": false}",beanstalk,5,1000,10000,100,True,10000,213.3668,46.8677,,10809.907,12783.534,10484.008,2.01,56.96,0.36,40.66,4283.64,121541.84,778.61,86762.66,2031.87,0.0,188850.5,14.75,18795,0,94,107053,5478,13829,9147,92,9147,9986,8038.89,385.16,6390.15,12791.14,0.0,505,0,0,2797,4964,6442,13831,181233,,32.1
fair,beanstalk-noplace quarantine,,"{""green_mode"": ""quarantine""}",beanstalk-noplace,1,1000,10000,100,True,10000,515.2832,19.4068,19.7312,1897.705,6348.674,2541.605,0.83,7.7,0.06,91.41,4296.05,39656.62,314.62,471015.9,169.71,470341.71,155176.3,5.02,15447,0,100,36709,2736,3484,6651,62,6651,0,4291.28,1336.45,21.57,391.35,30547.8,583,0,0,2218,3468,4678,11979,94747,,31.58
fair,beanstalk-noplace quarantine,,"{""green_mode"": ""quarantine""}",beanstalk-noplace,0,1000,10000,100,True,10000,496.4198,20.1442,23.0903,2533.087,6670.345,2815.42,0.87,8.33,0.07,90.74,4294.16,41356.33,328.22,450441.05,279.05,449010.09,157776.8,5.3,15695,0,100,38113,3056,3243,7012,65,7012,0,4366.98,1348.51,31.87,640.8,29454.2,913,0,0,2275,3679,4985,12016,97058,,45.02
fair,beanstalk-noplace quarantine,,"{""green_mode"": ""quarantine""}",beanstalk-noplace,2,1000,10000,100,True,10000,576.7235,17.3393,20.1837,1936.392,7727.342,2769.015,0.74,6.75,0.05,92.45,4277.82,38932.56,311.56,533201.58,48.64,532845.34,158921.4,4.59,15825,0,100,35311,2972,3948,6605,68,6605,0,4556.78,1526.71,33.69,486.88,34203.9,649,0,0,2189,3732,4640,12093,92295,,28.16
fair,beanstalk-noplace quarantine,,"{""green_mode"": ""quarantine""}",beanstalk-noplace,3,1000,10000,100,True,10000,489.2965,20.4375,22.6877,1681.681,5846.89,2359.458,0.86,7.47,0.06,91.61,4227.47,36541.77,301.11,448226.17,101.9,447288.19,154740.6,5.27,15428,0,100,34476,2870,4041,6227,88,6227,0,4008.73,1249.39,52.19,917.6,28892.0,502,0,0,2094,3797,4381,11631,90988,,21.21
fair,beanstalk-noplace quarantine,,"{""green_mode"": ""quarantine""}",beanstalk-noplace,4,1000,10000,100,True,10000,446.6169,22.3906,25.1392,2199.745,5737.782,2573.013,0.96,9.65,0.08,89.32,4278.65,43098.16,342.24,398897.86,145.78,398387.43,152339.9,5.68,15163,0,100,40115,3302,2637,7187,62,7187,0,4015.38,1262.69,26.66,502.51,26358.2,705,0,0,2309,3296,5142,11867,99394,,32.59
fair,beanstalk-noplace quarantine,,"{""green_mode"": ""quarantine""}",beanstalk-noplace,5,1000,10000,100,True,10000,559.1869,17.8831,19.0439,1850.626,7272.647,2710.626,0.77,7.1,0.06,92.08,4283.64,39689.79,323.22,514890.23,84.97,514275.66,159836.4,4.76,15907,0,100,36576,3498,3319,7341,62,7341,0,4329.04,1396.91,24.74,371.15,33229.1,569,0,0,2339,3540,5254,12367,95544,,28.06
fair,beanstalk-noplace quarantine,,"{""green_mode"": ""quarantine""}",beanstalk-noplace,6,1000,10000,100,True,10000,657.5632,15.2077,17.0683,1816.814,6688.355,2587.155,0.64,5.33,0.04,93.99,4231.65,35021.69,282.45,618027.37,139.56,617668.07,163137.8,4.13,16239,0,100,31011,2852,3844,6628,83,6628,0,4203.0,1406.63,27.2,561.39,39110.7,442,0,0,2248,3855,4621,12384,87981,,20.96
fair,beanstalk-noplace quarantine,,"{""green_mode"": ""quarantine""}",beanstalk-noplace,7,1000,10000,100,True,10000,527.5276,18.9564,20.2751,1827.08,6499.958,2643.146,0.8,7.47,0.06,91.67,4229.87,39414.03,316.21,483567.49,263.68,482315.19,158651.9,5.01,15781,0,100,36071,2881,3176,6958,57,6958,0,4174.7,1361.87,30.77,564.16,31190.8,557,0,0,2272,3547,4936,12234,94480,,24.98
fair,beanstalk-noplace quarantine,,"{""green_mode"": ""quarantine""}",beanstalk-noplace,8,1000,10000,100,True,10000,526.3403,18.9991,22.3273,2072.655,5474.747,2340.375,0.81,7.85,0.06,91.27,4285.2,41329.04,317.14,480408.92,113.94,479357.67,154014.0,4.88,15341,0,100,37622,2839,3083,6735,51,6735,0,3451.35,1165.71,41.0,829.78,31181.7,676,0,0,2280,3370,4696,11971,96055,,24.22
fair,beanstalk-noplace quarantine,,"{""green_mode"": ""quarantine""}",beanstalk-noplace,9,1000,10000,100,True,10000,607.0849,16.4722,18.2626,1972.49,6666.718,2604.667,0.7,6.14,0.05,93.11,4248.69,37258.83,303.06,565274.28,154.39,564162.47,163542.3,4.49,16277,0,100,34060,2719,4861,6808,79,6808,0,4148.17,1364.67,25.2,352.6,36292.3,708,0,0,2194,3985,4844,12292,91874,,21.48
fair,beanstalk quarantine no-budget,,"{""budget"": false, ""green_mode"": ""quarantine""}",beanstalk,0,1000,10000,100,True,10000,506.4071,19.747,20.9205,10157.966,26262.277,12953.106,0.85,14.23,0.1,84.82,4294.16,72071.34,489.3,429552.35,2196.97,0.0,174423.5,5.74,17343,0,100,62209,2742,5114,6273,93,6273,9990,18282.51,7056.78,55.24,887.11,0.0,931,0,0,2070,4586,4437,12757,122111,,176.41
main,batched k=4,,{},batched,0,500,5000,50,True,5000,1048.7967,4.7674,4.7435,6228.166,6893.974,5943.609,0.41,2.06,92.39,5.14,2143.14,10809.4,484491.37,26954.43,2547.27,0.0,1160736.7,36.89,119307,50554,20,11081,2243,55589,1971,12,1971,0,0.0,0.0,21.43,163.11,0.0,0,4011,110960,0,0,0,0,137371,,12.96
main,batched k=4,,{},batched,1,500,5000,50,True,5000,1037.8029,4.8179,4.8391,6096.478,7073.168,5837.177,0.41,1.98,91.76,5.85,2108.89,10298.97,476132.43,30361.14,3417.28,0.0,1143949.9,36.74,117481,49456,20,10640,2136,55766,1938,16,1938,0,0.0,0.0,22.35,328.83,0.0,0,3937,109281,0,0,0,0,135075,,13.89
main,batched k=4,,{},batched,2,500,5000,50,True,5000,1057.144,4.7297,4.7018,6316.738,7007.622,5964.526,0.4,2.02,92.02,5.56,2128.39,10669.49,486374.34,29399.79,2290.87,0.0,1173111.2,36.99,120540,51073,20,10877,2172,56395,1983,20,1983,0,0.0,0.0,21.79,164.54,0.0,0,4040,112184,0,0,0,0,138420,,14.44
main,batched k=4,,{},batched,3,500,5000,50,True,5000,1094.5577,4.5681,4.5893,6506.368,7325.981,6187.112,0.39,1.96,92.25,5.4,2143.65,10701.47,504891.19,29542.54,1863.35,0.0,1214115.1,36.97,124751,53205,20,10795,2263,58206,2055,24,2055,0,0.0,0.0,21.7,165.91,0.0,0,4188,116105,0,0,0,0,142625,,13.06
fair,beanstalk quarantine no-budget,,"{""budget"": false, ""green_mode"": ""quarantine""}",beanstalk,3,1000,10000,100,True,10000,368.7236,27.1206,32.4147,4784.833,17506.25,6836.87,1.15,24.07,0.16,74.62,4227.47,88752.68,603.01,275140.41,1368.92,0.0,161472.9,7.3,16059,0,100,80215,3476,5514,6585,78,6585,9985,10045.65,3334.71,54.82,843.69,0.0,2999,0,0,2124,3947,4679,12112,142656,,189.57
main,batched k=4,,{},batched,4,500,5000,50,True,5000,1034.3665,4.8339,4.8792,6258.042,6856.394,5810.195,0.41,2.06,91.56,5.97,2138.8,10631.57,473551.34,30861.52,3290.79,0.0,1147609.0,36.98,117947,50246,20,10670,2061,54151,1936,20,1936,0,0.0,0.0,22.0,170.1,0.0,0,3948,109745,0,0,0,0,135573,,10.79
fair,beanstalk quarantine no-budget,,"{""budget"": false, ""green_mode"": ""quarantine""}",beanstalk,1,1000,10000,100,True,10000,404.2,24.7402,33.0906,5024.842,18911.804,7602.922,1.06,22.21,0.14,76.58,4296.05,89777.27,579.23,309547.45,2104.47,0.0,166250.2,6.86,16536,0,100,77610,3087,5073,6416,73,6416,9987,11742.69,3808.54,55.33,786.5,0.0,3205,0,0,2136,4362,4512,12174,140149,,194.34
main,batched k=4,,{},batched,5,500,5000,50,True,5000,1067.6314,4.6833,4.7589,6194.796,7218.073,6038.309,0.39,1.9,92.36,5.35,2084.71,10156.69,493035.7,28538.62,2462.69,0.0,1181713.9,36.9,121270,50874,20,10558,2065,57566,1988,23,1988,0,0.0,0.0,22.09,196.89,0.0,0,4063,112856,0,0,0,0,138839,,11.09
main,batched k=4,,{},batched,6,500,5000,50,True,5000,1086.4646,4.6021,4.5825,6459.691,7187.54,6129.322,0.39,1.87,92.16,5.58,2135.17,10136.43,500640.37,30320.32,3718.41,0.0,1205789.4,36.99,123980,53263,20,9972,2216,57443,2053,15,2053,0,0.0,0.0,22.81,197.91,0.0,0,4166,115402,0,0,0,0,141020,,11.0
main,batched-aimd,,{},batched-aimd,0,500,5000,50,True,5000,559.2653,8.9403,9.0012,3270.016,3574.679,3128.944,0.77,4.18,89.06,5.99,2143.14,11694.28,249051.06,16744.15,1919.14,0.0,614148.7,36.6,63916,22947,20,11448,2373,19215,2048,71,2048,0,0.0,0.0,11.67,131.47,0.0,0,980,56555,0,0,0,0,82483,,3.58
fair,beanstalk quarantine no-budget,,"{""budget"": false, ""green_mode"": ""quarantine""}",beanstalk,8,1000,10000,100,True,10000,493.8933,20.2473,21.9139,10596.361,25526.523,13220.25,0.87,14.63,0.1,84.41,4285.2,72255.59,478.28,416874.18,2324.45,0.0,173723.5,5.86,17291,0,100,61824,2511,5718,5811,78,5811,9988,19026.39,7627.47,39.34,653.43,0.0,921,0,0,1919,4795,4101,12496,121329,,176.57
fair,beanstalk quarantine no-budget,,"{""budget"": false, ""green_mode"": ""quarantine""}",beanstalk,6,1000,10000,100,True,10000,558.4954,17.9052,18.8457,10276.851,28343.011,13503.251,0.76,12.68,0.09,86.48,4231.65,70793.54,482.49,482987.75,2231.54,0.0,179850.3,5.37,17914,0,100,61483,2739,6661,6002,85,6002,9984,19407.77,7762.24,51.03,974.58,0.0,791,0,0,2002,5419,4211,12495,121320,,179.05
main,batched k=4,,{},batched,8,500,5000,50,True,5000,1071.105,4.6681,4.5773,6315.406,7502.379,6032.255,0.39,1.93,91.94,5.74,2100.4,10319.96,492367.94,30764.21,5724.13,0.0,1183853.4,36.84,121616,51609,20,10383,2169,56651,2010,14,2010,0,0.0,0.0,23.05,231.97,0.0,0,4081,113187,0,0,0,0,139023,,10.7
main,batched k=4,,{},batched,7,500,5000,50,True,5000,1063.09,4.7033,4.6945,6328.038,6956.078,5914.466,0.41,2.05,90.67,6.87,2180.71,10916.9,481955.23,36492.15,3911.3,0.0,1169099.3,36.66,120106,50945,20,10961,2291,56326,1981,21,1981,0,0.0,0.0,22.31,324.38,0.0,0,4047,111719,0,0,0,0,138069,,11.01
main,batched-aimd,,{},batched-aimd,1,500,5000,50,True,5000,553.3733,9.0355,9.0332,3247.226,3576.785,3099.828,0.76,3.95,89.41,5.88,2108.89,10926.15,247392.86,16258.75,1654.98,0.0,608330.7,36.64,63305,22494,20,10800,2187,18811,2019,70,2019,0,0.0,0.0,11.52,103.68,0.0,0,977,56021,0,0,0,0,81194,,3.33
main,batched k=4,,{},batched,9,500,5000,50,True,5000,1100.8485,4.542,4.4301,6646.07,7254.378,6221.758,0.39,1.86,92.33,5.42,2122.66,10256.93,508222.87,29821.78,1476.54,0.0,1220143.6,36.95,125247,52861,20,10287,2083,59838,2055,25,2055,0,0.0,0.0,22.07,167.01,0.0,0,4197,116596,0,0,0,0,142614,,11.34
main,batched-aimd,,{},batched-aimd,2,500,5000,50,True,5000,553.7614,9.0292,8.9851,3257.759,3550.653,3106.581,0.77,4.03,89.47,5.73,2128.39,11148.82,247732.97,15870.51,1017.91,0.0,608203.0,36.61,63250,21976,20,11176,2282,18853,2018,83,2018,0,0.0,0.0,11.4,74.1,0.0,0,960,55981,0,0,0,0,81527,,3.39
main,batched-aimd,,{},batched-aimd,3,500,5000,50,True,5000,570.5499,8.7635,8.8385,3364.204,3697.526,3202.42,0.75,3.89,89.66,5.7,2143.65,11099.56,255768.75,16262.99,1289.25,0.0,628162.2,36.7,65305,22875,20,10817,2285,19710,2120,71,2120,0,0.0,0.0,11.54,88.54,0.0,0,981,57817,0,0,0,0,83313,,3.37
main,batched-aimd,,{},batched-aimd,4,500,5000,50,True,5000,555.1045,9.0073,9.0064,3258.321,3573.706,3106.11,0.77,4.1,89.16,5.97,2138.8,11386.16,247456.34,16570.93,1124.13,0.0,607979.5,36.51,63170,22113,20,11178,2161,18766,1997,70,1997,0,0.0,0.0,12.36,168.72,0.0,0,994,55904,0,0,0,0,81415,,3.49
main,batched-aimd,,{},batched-aimd,6,500,5000,50,True,5000,568.1177,8.801,8.7945,3328.011,3660.187,3191.28,0.75,3.7,89.92,5.63,2135.17,10508.51,255431.47,15983.68,1520.07,0.0,627243.0,36.8,65314,23420,20,10122,2262,19337,2123,69,2123,0,0.0,0.0,11.79,76.63,0.0,0,976,57868,0,0,0,0,82628,,3.44
main,batched-aimd,,{},batched-aimd,5,500,5000,50,True,5000,557.5362,8.968,9.0976,3251.181,3527.22,3124.539,0.75,3.83,89.58,5.85,2084.71,10664.81,249713.49,16305.11,1416.73,0.0,610756.7,36.52,63546,22528,20,11046,2180,18781,2020,80,2020,0,0.0,0.0,11.51,92.1,0.0,0,986,56185,0,0,0,0,81692,,3.61
main,batched-aimd,,{},batched-aimd,8,500,5000,50,True,5000,567.0855,8.817,8.847,3272.669,3688.37,3151.472,0.74,3.86,88.76,6.64,2100.4,10953.71,251668.99,18819.63,2682.58,0.0,618422.6,36.35,64332,22838,20,10642,2183,18890,2040,91,2040,0,0.0,0.0,12.32,122.15,0.0,0,996,56939,0,0,0,0,82105,,3.47
main,batched-aimd,,{},batched-aimd,7,500,5000,50,True,5000,567.0177,8.8181,8.9643,3270.928,3613.27,3105.881,0.77,4.0,87.29,7.94,2180.71,11337.33,247486.11,22504.7,1663.33,0.0,613472.6,36.06,63710,22526,20,10960,2294,19041,2051,72,2051,0,0.0,0.0,13.88,317.32,0.0,0,970,56394,0,0,0,0,81793,,3.53
main,batched-aimd,,{},batched-aimd,9,500,5000,50,True,5000,569.4293,8.7807,8.7573,3334.58,3687.381,3182.144,0.75,3.72,89.41,6.12,2122.66,10603.08,254575.56,17413.37,1601.04,0.0,624523.8,36.56,64972,23210,20,10385,2108,19532,2092,75,2092,0,0.0,0.0,11.8,117.31,0.0,0,984,57542,0,0,0,0,82524,,3.58
main,batched+place,,{},batched+place,0,500,5000,50,True,5000,1068.2626,4.6805,4.7164,6248.122,7004.736,5947.281,0.4,2.01,90.77,6.81,2143.14,10752.07,484854.68,36381.39,3465.02,0.0,1164489.5,36.34,119564,49708,20,11031,2243,56726,1985,19,1985,4990,0.0,0.0,24.0,565.28,0.0,0,4037,111189,0,0,0,0,137599,,14.85
fair,beanstalk quarantine no-budget,,"{""budget"": false, ""green_mode"": ""quarantine""}",beanstalk,2,1000,10000,100,True,10000,268.7997,37.2024,84.0518,4878.369,10937.637,5921.014,1.59,36.05,0.23,62.12,4277.82,96909.19,630.0,166982.72,1340.86,0.0,148343.5,9.2,14776,0,100,84755,3586,2200,6838,53,6838,9983,4954.34,2401.33,19.13,318.66,0.0,3144,0,0,2270,2655,4811,12120,147989,,218.11
main,batched+place,,{},batched+place,1,500,5000,50,True,5000,1073.5042,4.6576,4.6087,6312.802,7156.667,6085.177,0.39,1.92,92.56,5.13,2108.89,10286.95,496811.12,27545.15,2813.79,0.0,1192169.7,37.02,122270,51221,20,10457,2114,58307,2007,26,2007,4986,0.0,0.0,22.0,173.84,0.0,0,4099,113809,0,0,0,0,139760,,14.45
main,batched+place,,{},batched+place,3,500,5000,50,True,5000,1042.797,4.7948,4.7736,6164.084,6996.404,5915.445,0.41,1.99,92.55,5.04,2143.65,10382.97,482570.79,26301.08,2553.78,0.0,1153740.9,36.88,118386,49477,20,10737,2212,56021,1952,19,1952,4987,0.0,0.0,21.58,137.29,0.0,0,3982,110095,0,0,0,0,136094,,14.52
main,batched+place,,{},batched+place,2,500,5000,50,True,5000,1082.5216,4.6188,4.5927,6451.901,7114.526,6084.796,0.39,1.93,91.75,5.92,2128.39,10466.04,496600.29,32066.09,3824.77,0.0,1193245.7,36.74,122665,52652,20,10571,2230,57620,2018,20,2018,4986,0.0,0.0,23.01,376.1,0.0,0,4128,114134,0,0,0,0,140274,,14.79
main,batched+place,,{},batched+place,4,500,5000,50,True,5000,1042.3381,4.7969,4.745,6270.185,7163.429,5913.678,0.41,2.02,92.53,5.03,2138.8,10552.89,482253.65,26223.72,2125.23,0.0,1156571.7,36.99,118804,49827,20,10456,2040,55500,1956,17,1956,4985,0.0,0.0,21.95,154.5,0.0,0,3979,110542,0,0,0,0,136233,,14.52
main,batched+place,,{},batched+place,5,500,5000,50,True,5000,1075.4956,4.649,4.658,6389.343,7092.454,6098.258,0.39,1.88,92.62,5.11,2084.71,10104.65,498083.53,27474.93,2522.4,0.0,1192312.3,36.95,122489,51957,20,10396,2102,56865,2018,17,2018,4987,0.0,0.0,23.08,156.22,0.0,0,4101,114028,0,0,0,0,139920,,14.58
main,serial,,{},serial,0,1000,10000,100,True,10000,2197.3316,4.551,4.5489,13113.578,13587.78,12460.133,0.2,0.53,93.98,5.29,4294.16,11614.38,2065074.47,116348.58,5830.07,0.0,131524.6,1.0,12832,0,1,9998,2920,2832,2614,218,2614,0,0.0,0.0,8.12,80.02,0.0,0,0,0,0,0,0,0,35662,,1.87
main,serial,,{},serial,1,1000,10000,100,True,10000,2198.9163,4.5477,4.6012,12992.864,13369.7,12381.363,0.2,0.53,93.32,5.96,4296.05,11582.85,2051977.7,131059.66,6413.37,0.0,131172.6,0.99,12841,0,1,9942,2846,2841,2638,203,2638,0,0.0,0.0,9.79,672.39,0.0,0,0,0,0,0,0,0,35624,,1.76
main,batched+place,,{},batched+place,6,500,5000,50,True,5000,1144.49,4.3688,4.3188,6849.335,7441.899,6489.353,0.37,1.8,92.7,5.13,2135.17,10321.07,530458.33,29330.45,2505.23,0.0,1270949.7,37.02,130565,55724,20,9770,2254,61390,2154,17,2154,4984,0.0,0.0,22.63,162.3,0.0,0,4380,121621,0,0,0,0,147506,,15.12
fair,beanstalk quarantine no-budget,,"{""budget"": false, ""green_mode"": ""quarantine""}",beanstalk,4,1000,10000,100,True,10000,292.3959,34.2002,62.3162,5106.056,11355.912,6041.73,1.46,32.69,0.21,65.64,4278.65,95586.05,610.77,191920.48,1006.39,0.0,158197.0,9.02,15748,0,100,82551,3726,3977,7341,54,7341,9988,5259.44,2507.55,22.56,267.69,0.0,3066,0,0,2392,3278,5166,12470,148492,,221.05
main,serial,,{},serial,2,1000,10000,100,True,10000,2192.2282,4.5616,4.5735,13084.318,13413.961,12433.478,0.2,0.55,93.98,5.28,4277.82,12012.66,2060233.76,115703.97,6233.93,0.0,131407.4,1.0,12846,0,1,10028,2836,2846,2633,213,2633,0,0.0,0.0,8.11,94.81,0.0,0,0,0,0,0,0,0,35720,,1.78
main,serial,,{},serial,3,1000,10000,100,True,10000,2178.256,4.5908,4.6153,12943.386,13332.961,12318.999,0.19,0.52,93.74,5.55,4227.47,11265.12,2041901.38,120861.99,5228.07,0.0,130351.1,1.0,12748,0,1,9960,2919,2748,2556,192,2556,0,0.0,0.0,8.12,176.59,0.0,0,0,0,0,0,0,0,35456,,1.74
main,serial,,{},serial,5,1000,10000,100,True,10000,2186.5787,4.5734,4.5816,13029.021,13434.31,12414.835,0.2,0.52,94.11,5.18,4283.64,11389.22,2057749.95,113155.84,4748.38,0.0,131032.5,1.0,12801,0,1,9791,2988,2801,2596,205,2596,0,0.0,0.0,8.08,82.78,0.0,0,0,0,0,0,0,0,35393,,1.84
main,serial,,{},serial,4,1000,10000,100,True,10000,2176.3039,4.5949,4.6095,12970.228,13321.098,12339.906,0.2,0.53,93.97,5.3,4278.65,11526.09,2045124.99,115374.18,5006.93,0.0,130386.6,1.0,12743,0,1,9935,2870,2743,2535,208,2535,0,0.0,0.0,8.11,143.63,0.0,0,0,0,0,0,0,0,35421,,1.94
main,serial,,{},serial,6,1000,10000,100,True,10000,2196.4516,4.5528,4.5788,13048.485,13393.402,12435.181,0.19,0.52,93.84,5.45,4231.65,11447.86,2061082.3,119689.76,5728.25,0.0,131506.5,1.0,12868,0,1,9836,2913,2868,2644,224,2644,0,0.0,0.0,8.24,135.46,0.0,0,0,0,0,0,0,0,35572,,1.68
main,serial,,{},serial,7,1000,10000,100,True,10000,2178.7579,4.5898,4.6083,13003.794,13301.254,12329.579,0.19,0.52,93.8,5.49,4229.87,11334.43,2043595.35,119598.28,6354.28,0.0,130312.9,1.0,12722,0,1,9952,2731,2722,2531,191,2531,0,0.0,0.0,8.13,140.27,0.0,0,0,0,0,0,0,0,35396,,1.74
main,serial,,{},serial,8,1000,10000,100,True,10000,2186.9016,4.5727,4.5935,13031.765,13385.531,12400.908,0.2,0.54,93.97,5.3,4285.2,11735.0,2055082.97,115798.46,5577.14,0.0,131152.9,1.0,12826,0,1,9908,2752,2826,2609,217,2609,0,0.0,0.0,8.1,70.44,0.0,0,0,0,0,0,0,0,35560,,1.68
main,serial,,{},serial,9,1000,10000,100,True,10000,2200.3702,4.5447,4.5856,13062.29,13358.885,12422.55,0.19,0.52,93.57,5.71,4248.69,11519.06,2058905.91,125696.53,5554.11,0.0,131257.7,0.99,12832,0,1,9840,2557,2832,2632,200,2632,0,0.0,0.0,9.16,389.68,0.0,0,0,0,0,0,0,0,35504,,1.79
main,beanstalk,,{},beanstalk,2,1000,10000,100,False,5,500.1972,0.01,,9.992,10.091,9.861,0.49,5.98,0.05,93.48,2464.45,29904.13,227.39,467601.22,0.0,467601.22,103653.6,3.45,10308,0,93,27608,2116,7504,4988,60,4985,5708,1901.23,177.68,14993.72,29999.63,29945.0,252,0,0,1484,2800,3564,7508,66924,stalled,9.37
main,batched+place,,{},batched+place,8,500,5000,50,True,5000,1081.2666,4.6242,4.6262,6261.672,7497.794,6075.095,0.39,1.89,91.75,5.97,2100.4,10242.09,496015.82,32275.0,3757.62,0.0,1193916.1,36.81,122717,52129,20,10220,2115,58070,2031,19,2031,4986,0.0,0.0,22.18,265.03,0.0,0,4119,114182,0,0,0,0,139987,,14.62
main,batched+place,,{},batched+place,7,500,5000,50,True,5000,1093.1699,4.5739,4.498,6491.453,7505.956,6149.253,0.4,2.0,91.75,5.85,2180.71,10949.55,501488.2,31966.49,3081.8,0.0,1209913.4,36.89,124171,51811,20,10900,2235,59413,2053,16,2053,4988,0.0,0.0,22.17,191.04,0.0,0,4168,115554,0,0,0,0,142140,,15.15
main,batched+place,,{},batched+place,9,500,5000,50,True,5000,1104.4675,4.5271,4.4844,6552.801,7190.228,6212.267,0.38,1.87,91.88,5.87,2122.66,10307.33,507381.6,32422.17,3188.41,0.0,1221820.8,36.88,125472,53439,20,10232,2063,59540,2057,22,2057,4986,0.0,0.0,23.19,287.35,0.0,0,4214,116790,0,0,0,0,142783,,14.72
fair,beanstalk quarantine no-budget,,"{""budget"": false, ""green_mode"": ""quarantine""}",beanstalk,9,1000,10000,100,True,10000,288.3487,34.6802,72.8956,4973.799,10653.948,5794.689,1.47,33.49,0.23,64.81,4248.69,96566.57,653.64,186879.77,603.77,0.0,157991.8,9.13,15709,0,100,87090,3427,3362,7289,75,7289,9984,5124.3,2259.18,20.93,259.36,0.0,3095,0,0,2362,3451,5171,12258,151934,,214.22
main,beanstalk,,{},beanstalk,0,1000,10000,100,True,10000,543.2434,18.408,16.6991,3806.494,17086.797,7262.341,0.79,9.26,0.07,89.88,4294.16,50326.52,382.65,488240.05,48.6,487197.26,180650.4,5.54,17966,0,93,46372,3791,12990,8722,96,8722,9813,4995.14,174.05,5619.74,17091.55,32369.3,253,0,0,2646,4944,6173,13022,114295,,17.27
main,beanstalk,,{},beanstalk,1,1000,10000,100,True,10000,760.2273,13.154,21.9815,6378.967,23521.758,8080.658,0.57,6.86,0.05,92.52,4296.05,52156.75,387.24,703387.24,25.61,703147.92,180568.9,3.96,17955,0,93,47774,3697,12986,8656,97,8656,9817,1686.69,178.74,8421.11,23526.63,45414.2,260,0,0,2632,4950,6121,13005,116645,,17.54
main,beanstalk,,{},beanstalk,3,1000,10000,100,True,10000,465.7564,21.4704,31.1136,3191.405,6713.214,3966.248,0.91,10.23,0.08,88.79,4227.47,47631.58,367.85,413529.53,58.5,412936.88,171860.1,6.15,17095,0,99,45362,3444,12404,7933,91,7933,9817,1629.8,170.89,2584.97,6725.71,27559.8,238,0,0,2435,4664,5590,12431,111162,,16.71
main,beanstalk,,{},beanstalk,5,1000,10000,100,True,10000,450.7137,22.187,24.0858,3274.494,8495.86,4409.911,0.95,10.98,0.09,87.99,4283.64,49480.47,383.36,396566.18,217.76,390922.3,176340.3,6.52,17530,0,95,46515,3879,12690,8463,100,8463,9830,2676.99,175.55,2752.96,8500.37,26867.8,262,0,0,2531,4816,6032,12714,113514,,17.28
main,beanstalk,,{},beanstalk,4,1000,10000,100,True,10000,493.2588,20.2733,20.4787,5835.541,15072.138,6908.13,0.87,10.09,0.08,88.97,4278.65,49770.95,369.98,438839.22,72.26,438354.49,173982.8,5.88,17301,0,100,45632,3684,12615,8300,83,8300,9805,2354.84,175.69,5596.4,15079.28,29417.8,285,0,0,2514,4660,5870,12641,112519,,17.57
main,beanstalk-noplace,,{},beanstalk-noplace,2,1000,10000,100,False,2324,597.8759,3.8871,34.5323,2644.607,3228.08,2899.341,0.49,5.68,0.04,93.78,2922.24,33976.08,264.05,560713.53,0.0,560713.53,119163.7,3.32,11860,0,90,32168,2411,8573,5585,64,5582,0,2328.45,174.81,12781.27,29994.23,35795.7,239,0,0,1714,3273,3935,8587,77690,stalled,4.35
main,beanstalk-noplace,,{},beanstalk-noplace,0,1000,10000,100,True,10000,420.8821,23.7596,27.7041,4701.472,10175.923,5026.237,1.02,12.07,0.09,86.82,4294.16,50797.66,390.62,365399.68,210.09,363446.23,179721.7,7.12,17889,0,92,47730,3727,12947,8717,79,8717,0,1392.05,171.98,3771.55,10181.78,25022.2,255,0,0,2642,4916,6156,12973,116034,,6.51
main,beanstalk-noplace,,{},beanstalk-noplace,4,1000,10000,100,False,2454,611.0372,4.0161,37.7657,3122.823,3541.374,3286.973,0.41,5.02,0.04,94.53,2519.81,30673.14,233.97,577610.31,0.0,577610.31,105348.9,2.87,10493,0,100,27894,2169,7464,5067,48,5064,0,1752.66,181.74,12572.64,29994.57,36586.1,264,0,0,1519,3012,3597,7479,67402,stalled,3.68
main,beanstalk-noplace,,{},beanstalk-noplace,6,1000,10000,100,False,1,498.9765,0.002,,9.596,9.596,9.596,0.1,1.67,0.01,98.22,496.48,8337.5,51.52,490090.98,0.0,490090.98,28698.5,0.96,2849,0,84,6133,476,2068,1590,19,1588,0,1090.09,191.72,14957.3,29926.59,29924.1,233,0,0,480,780,1129,2069,16287,stalled,0.97
fair,beanstalk quarantine no-budget,,"{""budget"": false, ""green_mode"": ""quarantine""}",beanstalk,5,1000,10000,100,True,10000,330.6807,30.2407,98.0955,5165.024,11393.144,6180.444,1.3,27.35,0.19,71.17,4283.64,90431.9,614.64,235350.49,1074.64,0.0,153095.5,7.72,15220,0,100,81230,3823,2065,7393,43,7393,9986,5327.28,2617.99,35.42,554.25,0.0,3363,0,0,2402,2898,5245,12322,144536,,242.07
main,beanstalk,,{},beanstalk,6,1000,10000,100,False,4632,663.3893,6.9823,,7131.579,9793.269,6127.102,0.43,5.31,0.04,94.21,2883.97,35240.52,257.96,625006.85,0.0,625006.85,126614.9,3.18,12592,0,93,31241,2685,9047,6238,71,6235,6734,2058.55,175.35,12506.62,29995.79,39732.1,252,0,0,1919,3542,4390,9050,78806,stalled,13.4
main,beanstalk-noplace,,{},beanstalk-noplace,3,1000,10000,100,True,10000,485.6337,20.5917,20.9001,3186.021,9455.16,4555.386,0.87,10.13,0.08,88.93,4227.47,49178.39,376.18,431851.64,56.91,431398.91,175505.1,6.02,17458,0,94,46518,3508,12587,8187,88,8187,0,1218.22,175.05,3315.56,9462.59,28966.8,248,0,0,2513,4839,5764,12619,113580,,5.69
main,beanstalk-noplace,,{},beanstalk-noplace,5,1000,10000,100,False,8053,976.7819,8.2444,23.3422,9306.366,13766.325,7857.684,0.44,5.56,0.04,93.96,4271.11,54290.08,390.41,917830.27,24.15,917402.27,197138.8,3.36,19661,0,94,47206,3942,14159,10020,107,10015,0,2178.78,173.45,10598.56,29999.98,58487.0,274,0,0,3046,5486,7081,14174,119880,stalled,6.57
main,beanstalk-noplace,,{},beanstalk-noplace,1,1000,10000,100,True,10000,522.4405,19.1409,18.1188,14616.757,26478.758,13927.22,0.82,9.96,0.07,89.14,4296.05,52058.19,384.44,465701.76,127.94,464691.55,181355.5,5.79,18060,0,100,47919,3623,13086,8720,86,8720,0,1898.51,176.86,11414.0,26484.17,30273.2,255,0,0,2676,4962,6130,13098,117313,,8.61
main,beanstalk,,{},beanstalk,7,1000,10000,100,True,10000,618.6772,16.1635,18.1308,3101.215,17020.714,5831.406,0.68,8.13,0.06,91.12,4229.87,50300.06,382.92,563764.33,159.39,562613.33,176201.9,4.75,17556,0,95,47070,3611,12728,8406,104,8406,9816,1631.7,174.33,5193.14,17026.65,36494.1,274,0,0,2549,4800,5961,12756,114597,,16.64
main,beanstalk,,{},beanstalk,8,1000,10000,100,True,10000,452.3196,22.1083,21.4719,3093.465,10745.29,4509.175,0.95,10.82,0.08,88.15,4285.2,48938.46,374.58,398721.39,153.89,393946.94,171048.1,6.3,17014,0,93,46013,3488,12256,7920,102,7920,9810,2636.32,178.16,3180.08,10751.47,26932.5,247,0,0,2452,4733,5571,12281,111774,,16.73
queue,batched k=1,,"{""batch_k"": 1}",batched,0,1000,10000,100,True,10000,694.2657,14.4037,14.5339,4028.469,4428.683,3873.215,0.62,2.45,90.53,6.4,4294.16,16985.1,628550.72,44435.73,5377.08,0.0,750864.7,18.03,79484,23422,20,14964,3765,16962,3536,191,3536,0,0.0,0.0,8.7,221.35,0.0,0,0,65757,0,0,0,0,108175,,4.1
queue,batched k=1,,"{""batch_k"": 1}",batched,1,1000,10000,100,True,10000,710.4671,14.0752,14.6012,4035.697,4444.538,3874.062,0.6,2.49,88.39,8.51,4296.05,17691.05,627985.93,60494.05,5079.23,0.0,756167.4,17.74,80090,23983,20,15052,3661,16920,3545,216,3545,0,0.0,0.0,13.98,672.68,0.0,0,0,66329,0,0,0,0,108903,,4.22
queue,batched k=1,,"{""batch_k"": 1}",batched,2,1000,10000,100,True,10000,695.74,14.3732,14.8457,3958.031,4335.79,3815.368,0.61,2.55,88.85,7.99,4277.82,17751.31,618143.42,55567.45,6175.21,0.0,741848.5,17.77,78662,23551,20,15227,3716,16171,3497,188,3497,0,0.0,0.0,15.97,816.23,0.0,0,0,64977,0,0,0,0,107574,,4.05
main,beanstalk-noplace,,{},beanstalk-noplace,7,1000,10000,100,True,10000,537.9756,18.5882,16.0835,3436.762,12919.36,5245.88,0.79,9.49,0.07,89.66,4229.87,51033.14,385.25,482327.33,100.53,481823.54,180990.8,5.61,18013,0,93,47248,3510,13137,8758,99,8758,0,2685.32,171.79,4109.53,12924.04,32125.6,251,0,0,2638,4853,6219,13160,116165,,6.11
main,beanstalk-noplace,,{},beanstalk-noplace,8,1000,10000,100,True,10000,605.5265,16.5146,20.7716,4118.149,13205.999,5533.127,0.71,8.18,0.06,91.05,4285.2,49527.05,367.75,551346.51,34.35,550870.11,174059.4,4.79,17314,0,93,45509,3425,12454,8017,95,8017,0,1556.27,180.19,4261.26,13212.83,35837.9,249,0,0,2502,4826,5610,12488,111973,,5.6
main,beanstalk,,{},beanstalk,9,1000,10000,100,True,10000,657.5418,15.2082,13.0424,6455.397,16712.432,7475.079,0.65,7.67,0.06,91.63,4248.69,50432.8,381.22,602479.13,176.7,601213.38,182598.1,4.63,18178,0,93,46326,3577,13037,8804,94,8804,9826,1825.8,178.02,6510.1,16721.91,39183.2,262,0,0,2712,5130,6186,13048,114700,,17.64
queue,batched k=1,,"{""batch_k"": 1}",batched,3,1000,10000,100,True,10000,685.288,14.5924,14.8252,3957.269,4416.762,3817.375,0.62,2.51,90.33,6.54,4227.47,17223.04,619006.11,44831.37,5345.29,0.0,742182.8,18.05,78606,23632,20,15178,3851,16458,3497,196,3497,0,0.0,0.0,8.56,167.41,0.0,0,0,64913,0,0,0,0,107477,,4.07
queue,batched k=1,,"{""batch_k"": 1}",batched,4,1000,10000,100,True,10000,686.3839,14.5691,14.8664,3983.582,4457.894,3828.495,0.62,2.55,90.42,6.41,4278.65,17475.9,620606.53,44022.77,4271.77,0.0,742826.6,18.04,78672,23260,20,15060,3748,16425,3468,223,3468,0,0.0,0.0,9.35,254.66,0.0,0,0,64981,0,0,0,0,107423,,4.95
main,beanstalk-noplace,,{},beanstalk-noplace,9,1000,10000,100,True,10000,501.4356,19.9427,19.7867,6243.342,20839.325,9308.033,0.85,9.79,0.08,89.28,4248.69,49097.36,383.63,447705.88,179.98,446166.46,173977.6,5.78,17312,0,96,46630,3323,12414,8205,102,8205,0,1804.41,178.0,7625.65,20843.07,29573.7,265,0,0,2491,4872,5816,12440,112816,,8.24
queue,batched k=1,,"{""batch_k"": 1}",batched,5,1000,10000,100,True,10000,690.956,14.4727,14.6252,4049.279,4388.919,3877.017,0.62,2.5,91.01,5.86,4283.64,17298.85,628870.67,40502.78,3199.45,0.0,751500.5,18.13,79551,23783,20,14815,3801,16889,3511,219,3511,0,0.0,0.0,8.45,134.91,0.0,0,0,65821,0,0,0,0,108096,,5.6
queue,batched k=1,,"{""batch_k"": 1}",batched,6,1000,10000,100,True,10000,698.803,14.3102,14.4595,4031.127,4553.72,3906.016,0.61,2.44,90.72,6.23,4231.65,17059.93,633942.75,43568.71,4672.96,0.0,754605.9,18.0,79933,23758,20,14656,3669,16767,3537,214,3537,0,0.0,0.0,8.59,152.52,0.0,0,0,66182,0,0,0,0,108340,,5.7
queue,batched k=1,,"{""batch_k"": 1}",batched,7,1000,10000,100,True,10000,695.4416,14.3794,14.7545,3985.976,4402.572,3810.328,0.61,2.72,88.6,8.08,4229.87,18889.79,616164.82,56157.16,5963.32,0.0,737096.2,17.66,78022,23150,20,15417,3731,16646,3472,187,3472,0,0.0,0.0,12.56,567.92,0.0,0,0,64363,0,0,0,0,107098,,7.15
queue,batched k=1,,"{""batch_k"": 1}",batched,8,1000,10000,100,True,10000,701.2447,14.2604,14.5128,4075.103,4547.331,3912.567,0.61,2.61,90.38,6.4,4285.2,18318.04,633776.5,44864.92,3656.31,0.0,761008.7,18.09,80532,23973,20,15140,3641,17243,3557,221,3557,0,0.0,0.0,8.62,158.63,0.0,0,0,66754,0,0,0,0,109450,,6.74
queue,batched k=1,,"{""batch_k"": 1}",batched,9,1000,10000,100,True,10000,704.5246,14.194,14.3674,4102.447,4482.704,3921.77,0.6,2.37,90.4,6.62,4248.69,16707.89,636920.43,46647.59,4909.61,0.0,758515.8,17.94,80224,23971,20,14608,3284,17180,3574,199,3574,0,0.0,0.0,9.03,161.49,0.0,0,0,66451,0,0,0,0,108605,,6.92
fair,beanstalk quarantine no-budget,,"{""budget"": false, ""green_mode"": ""quarantine""}",beanstalk,7,1000,10000,100,True,10000,287.8492,34.7404,73.0683,4990.023,11131.045,5905.165,1.47,34.21,0.22,64.09,4229.87,98486.47,646.33,184486.58,1019.72,0.0,159936.0,9.26,15938,0,100,87431,3481,2636,7131,76,7131,9988,5218.89,2394.09,27.17,392.91,0.0,3110,0,0,2299,3797,5107,12141,152987,,237.16
fair,batched k=1 released,,"{""batch_k"": 1, ""queue_agents"": ""released""}",batched,0,1000,10000,100,True,10000,728.9882,13.7176,14.3147,19681.197,37274.53,19609.786,0.59,2.65,0.0,96.76,4294.16,19293.7,0.0,705400.35,0.0,0.0,757946.3,17.33,80267,24400,20,17795,4988,16898,3585,187,3585,0,0.0,0.0,32.42,1396.2,0.0,0,0,66495,0,0,0,0,111834,,7.73
fair,batched k=1 released,,"{""batch_k"": 1, ""queue_agents"": ""released""}",batched,1,1000,10000,100,True,10000,717.7325,13.9328,14.8521,18993.115,36490.18,19007.579,0.6,2.72,0.0,96.68,4296.05,19525.13,0.0,693911.29,0.0,0.0,740981.2,17.21,78585,23404,20,18031,5117,16503,3473,214,3473,0,0.0,0.0,35.82,1324.6,0.0,0,0,64898,0,0,0,0,110303,,7.36
fair,batched k=1 released,,"{""batch_k"": 1, ""queue_agents"": ""released""}",batched,2,1000,10000,100,True,10000,694.2495,14.404,14.8276,19150.069,35851.14,18956.798,0.62,2.81,0.0,96.57,4277.82,19527.91,0.0,670443.78,0.0,0.0,738313.2,17.72,78139,23590,20,17762,5153,16575,3479,187,3479,0,0.0,0.0,12.97,586.08,0.0,0,0,64473,0,0,0,0,109567,,5.33
fair,batched k=1 released,,"{""batch_k"": 1, ""queue_agents"": ""released""}",batched,3,1000,10000,100,True,10000,672.6125,14.8674,15.2096,18837.684,35308.49,18667.248,0.63,2.81,0.0,96.56,4227.47,18926.19,0.0,649458.83,0.0,0.0,726972.1,18.01,77238,23328,20,18265,5552,15801,3416,197,3416,0,0.0,0.0,8.47,82.6,0.0,0,0,63625,0,0,0,0,109116,,4.67
fair,batched k=1 released,,"{""batch_k"": 1, ""queue_agents"": ""released""}",batched,4,1000,10000,100,True,10000,672.8308,14.8626,15.2307,18342.38,35193.825,18390.862,0.64,2.86,0.0,96.51,4278.65,19218.54,0.0,649333.58,0.0,0.0,727834.0,18.03,77077,22714,20,17854,4966,16180,3430,183,3430,0,0.0,0.0,8.32,91.52,0.0,0,0,63464,0,0,0,0,108544,,6.92
fair,batched k=1 released,,"{""batch_k"": 1, ""queue_agents"": ""released""}",batched,5,1000,10000,100,True,10000,712.1852,14.0413,15.0437,18746.545,35964.914,18931.091,0.6,2.68,0.0,96.72,4283.64,19066.36,0.0,688835.18,0.0,0.0,743263.4,17.39,78797,23510,20,17407,5414,16155,3476,223,3476,0,0.0,0.0,18.27,803.67,0.0,0,0,65098,0,0,0,0,109903,,7.07
fair,batched k=1 released,,"{""batch_k"": 1, ""queue_agents"": ""released""}",batched,6,1000,10000,100,True,10000,703.6652,14.2113,14.6293,19984.503,36978.362,19680.898,0.6,2.65,0.0,96.75,4231.65,18643.68,0.0,680789.84,0.0,0.0,750881.5,17.79,79561,23851,20,17289,4996,16600,3545,193,3545,0,0.0,0.0,11.02,416.33,0.0,0,0,65823,0,0,0,0,110588,,4.25
fair,batched k=1 released,,"{""batch_k"": 1, ""queue_agents"": ""released""}",batched,7,1000,10000,100,True,10000,728.489,13.727,14.9879,18678.863,35758.977,18706.399,0.58,2.65,0.0,96.77,4229.87,19290.78,0.0,704968.38,0.0,0.0,733113.2,16.77,77898,23268,20,17947,4765,16250,3447,193,3447,0,0.0,0.0,79.64,2465.17,0.0,0,0,64258,0,0,0,0,109485,,4.16
fair,batched k=1 released,,"{""batch_k"": 1, ""queue_agents"": ""released""}",batched,8,1000,10000,100,True,10000,709.3358,14.0977,14.4655,18814.467,36924.715,19273.23,0.6,2.77,0.0,96.62,4285.2,19658.6,0.0,685391.98,0.0,0.0,755900.0,17.76,79939,23603,20,17636,4932,17077,3544,215,3544,0,0.0,0.0,10.07,266.79,0.0,0,0,66180,0,0,0,0,111334,,4.03
main,serial,,{},serial,0,500,5000,50,True,5000,1107.0545,4.5165,4.5181,6596.304,6829.737,6267.983,0.39,1.02,93.35,5.25,2143.14,5632.31,516699.61,29052.17,1570.78,0.0,66293.9,2.0,6477,0,1,4468,1200,1477,1376,101,1376,0,0.0,0.0,8.29,114.12,0.0,0,0,0,0,0,0,0,17422,,0.7
main,serial,,{},serial,1,500,5000,50,True,5000,1102.4278,4.5354,4.5552,6515.957,6837.812,6236.777,0.38,0.99,93.3,5.33,2108.89,5452.56,514278.83,29373.61,1629.24,0.0,65964.2,1.99,6454,0,1,4406,1157,1454,1351,103,1351,0,0.0,0.0,8.18,128.39,0.0,0,0,0,0,0,0,0,17314,,0.81
queue,batched-par k=1,,"{""batch_k"": 1}",batched-par,2,1000,10000,100,True,10000,568.9014,17.5777,18.468,3164.73,3705.151,3041.393,0.75,4.91,84.19,10.15,4277.82,27948.01,478950.82,57724.71,4577.53,0.0,939263.3,27.52,108738,45762,99,27412,5755,25034,4450,199,4450,0,0.0,0.0,23.79,1093.62,0.0,0,0,94089,0,0,0,0,150799,,36.48
fair,batched k=1 released,,"{""batch_k"": 1, ""queue_agents"": ""released""}",batched,9,1000,10000,100,True,10000,707.5071,14.1341,14.6124,19523.046,36762.8,19359.233,0.6,2.69,0.0,96.71,4248.69,19018.04,0.0,684240.35,0.0,0.0,754135.0,17.77,79894,24264,20,17675,4643,16932,3564,194,3564,0,0.0,0.0,10.91,385.7,0.0,0,0,66136,0,0,0,0,111327,,4.05
queue,batched-par k=1,,"{""batch_k"": 1}",batched-par,0,1000,10000,100,True,10000,570.8892,17.5165,17.6301,3275.808,3883.584,3160.637,0.75,4.71,87.56,6.98,4294.16,26897.55,499875.29,39822.23,3773.35,0.0,960177.2,28.03,110319,46876,90,26629,5884,25544,4561,206,4561,0,0.0,0.0,7.37,280.03,0.0,0,0,95552,0,0,0,0,151715,,36.77
main,serial,,{},serial,2,500,5000,50,True,5000,1106.7221,4.5178,4.5238,6581.196,6867.007,6248.778,0.38,1.0,93.1,5.51,2128.39,5545.59,515185.91,30501.15,1392.4,0.0,66224.7,1.99,6456,0,1,4457,1136,1456,1352,104,1352,0,0.0,0.0,8.33,95.91,0.0,0,0,0,0,0,0,0,17369,,0.67
main,serial,,{},serial,3,500,5000,50,True,5000,1100.5685,4.5431,4.5513,6553.768,6836.228,6232.676,0.39,1.02,93.37,5.22,2143.65,5596.17,513793.51,28750.91,1187.46,0.0,65970.3,2.0,6457,0,1,4494,1107,1457,1373,84,1373,0,0.0,0.0,8.13,60.66,0.0,0,0,0,0,0,0,0,17408,,0.8
main,serial,,{},serial,4,500,5000,50,True,5000,1095.0069,4.5662,4.5893,6500.74,6775.267,6194.259,0.39,1.03,93.25,5.33,2138.8,5617.63,510570.65,29176.36,1304.87,0.0,65673.7,2.0,6415,0,1,4473,1094,1415,1324,91,1324,0,0.0,0.0,8.04,68.79,0.0,0,0,0,0,0,0,0,17303,,0.77
queue,batched-par k=1,,"{""batch_k"": 1}",batched-par,1,1000,10000,100,True,10000,593.7912,16.8409,17.6821,3328.457,3762.454,3159.12,0.72,4.81,83.86,10.61,4296.05,28542.94,497977.0,62975.19,5354.05,0.0,973499.3,27.32,112268,47453,97,27941,5919,26170,4539,203,4539,0,0.0,0.0,19.22,797.04,0.0,0,0,97526,0,0,0,0,154951,,37.55
main,serial,,{},serial,5,500,5000,50,True,5000,1113.1945,4.4916,4.5186,6583.717,6807.975,6280.219,0.37,0.99,93.03,5.6,2084.71,5536.17,517815.45,31160.95,1121.81,0.0,66387.7,1.99,6476,0,1,4460,1029,1476,1380,96,1380,0,0.0,0.0,9.36,399.23,0.0,0,0,0,0,0,0,0,17412,,1.08
main,serial,,{},serial,6,500,5000,50,True,5000,1117.6718,4.4736,4.4918,6633.8,6927.714,6320.465,0.38,1.0,93.25,5.37,2135.17,5577.31,521128.08,29995.32,1615.55,0.0,66972.3,2.0,6547,0,1,4293,1208,1547,1451,96,1451,0,0.0,0.0,8.35,55.94,0.0,0,0,0,0,0,0,0,17387,,1.36
main,serial,,{},serial,9,500,5000,50,True,5000,1112.2098,4.4956,4.489,6617.594,6878.944,6277.475,0.38,1.01,93.06,5.55,2122.66,5596.23,517526.65,30859.33,1077.38,0.0,66555.5,1.99,6502,0,1,4417,1056,1502,1393,109,1393,0,0.0,0.0,8.58,186.03,0.0,0,0,0,0,0,0,0,17421,,1.31
main,serial,,{},serial,8,500,5000,50,True,5000,1110.1257,4.504,4.5415,6546.738,6808.985,6220.612,0.38,0.98,92.41,6.23,2100.4,5441.55,512942.75,34578.15,2586.05,0.0,66139.6,1.99,6456,0,1,4377,1114,1456,1360,96,1360,0,0.0,0.0,9.15,355.03,0.0,0,0,0,0,0,0,0,17289,,1.77
main,serial,,{},serial,7,500,5000,50,True,5000,1114.4931,4.4863,4.5439,6550.199,6808.339,6228.457,0.39,1.02,92.12,6.47,2180.71,5694.69,513343.36,36027.8,1632.43,0.0,66218.5,1.98,6465,0,1,4445,1172,1465,1374,91,1374,0,0.0,0.0,11.26,651.69,0.0,0,0,0,0,0,0,0,17375,,2.07
queue,batched-par k=1,,"{""batch_k"": 1}",batched-par,4,1000,10000,100,True,10000,555.5122,18.0014,18.3751,3172.698,3680.915,3034.861,0.77,4.89,86.16,8.18,4278.65,27178.51,478631.63,45423.45,4053.77,0.0,938030.0,28.14,108259,45526,80,26980,5881,24792,4390,202,4390,0,0.0,0.0,9.88,438.36,0.0,0,0,93667,0,0,0,0,149831,,37.13
queue,batched-par k=1,,"{""batch_k"": 1}",batched-par,5,1000,10000,100,True,10000,561.1676,17.82,18.2851,3262.074,3653.866,3092.106,0.76,4.84,87.0,7.4,4283.64,27149.72,488201.25,41532.99,3411.68,0.0,962913.1,28.6,111115,46998,98,26555,6111,25488,4463,205,4463,0,0.0,0.0,6.88,153.87,0.0,0,0,96447,0,0,0,0,152338,,37.11
queue,batched-par k=1,,"{""batch_k"": 1}",batched-par,7,1000,10000,100,True,10000,584.9703,17.0949,17.7858,3271.717,3822.918,3119.721,0.72,4.88,84.0,10.39,4229.87,28559.77,491393.73,60786.9,4662.85,0.0,947332.8,26.99,108852,45708,92,27419,5733,25307,4441,214,4441,0,0.0,0.0,15.05,735.5,0.0,0,0,94197,0,0,0,0,150926,,35.75
queue,batched-par k=1,,"{""batch_k"": 1}",batched-par,3,1000,10000,100,True,10000,564.4142,17.7175,18.1098,3279.044,3687.342,3097.247,0.75,4.77,86.69,7.79,4227.47,26909.07,489298.72,43978.93,3477.33,0.0,954595.3,28.19,109630,45726,100,27546,6183,25454,4485,219,4485,0,0.0,0.0,7.4,266.5,0.0,0,0,94926,0,0,0,0,151880,,39.26
queue,batched-par k=1,,"{""batch_k"": 1}",batched-par,6,1000,10000,100,True,10000,574.7651,17.3984,17.6623,3316.456,3779.955,3179.957,0.74,4.63,87.58,7.05,4231.65,26588.07,503404.7,40540.67,4276.35,0.0,981324.4,28.46,112562,46410,88,26267,5887,26244,4534,185,4534,0,0.0,0.0,6.62,119.58,0.0,0,0,97843,0,0,0,0,153548,,36.63
queue,batched-par k=1,,"{""batch_k"": 1}",batched-par,8,1000,10000,100,True,10000,571.2263,17.5062,17.8289,3256.726,3909.026,3129.739,0.75,5.0,86.31,7.93,4285.2,28584.26,493038.87,45317.94,3232.33,0.0,965039.5,28.16,111112,46485,90,27720,5741,26233,4515,206,4515,0,0.0,0.0,11.23,584.98,0.0,0,0,96391,0,0,0,0,153553,,36.01
main,beanstalk,,{},beanstalk,0,500,5000,50,True,5000,273.2717,18.2968,20.2879,1897.736,5162.751,2753.091,1.57,11.75,0.07,86.61,2143.14,16053.83,101.21,118337.68,26.52,117873.91,79741.4,9.73,7942,0,50,13538,1288,6353,3208,30,3208,4838,1328.46,156.19,1764.88,5169.72,16229.6,133,0,0,925,1563,2314,6379,43968,,4.72
main,beanstalk,,{},beanstalk,1,500,5000,50,True,5000,299.2156,16.7104,19.4906,2487.681,5074.301,2686.146,1.41,10.17,0.06,88.35,2108.89,15221.87,95.52,132181.49,28.59,131950.53,75755.3,8.44,7512,0,50,12734,1171,5997,2931,28,2931,4801,1327.33,165.09,1603.34,5077.96,17755.1,137,0,0,882,1463,2078,6049,41747,,4.22
queue,batched-par k=1,,"{""batch_k"": 1}",batched-par,9,1000,10000,100,True,10000,595.0918,16.8041,16.9795,3435.134,3972.462,3257.667,0.71,4.53,86.71,8.05,4248.69,26949.65,515994.84,47898.65,3648.95,0.0,986861.7,27.64,112506,46760,100,26825,5340,26336,4633,222,4633,0,0.0,0.0,9.09,385.12,0.0,0,0,97651,0,0,0,0,154186,,36.87
main,beanstalk,,{},beanstalk,2,500,5000,50,True,5000,333.3653,14.9986,18.0473,5547.24,13284.338,6245.009,1.28,9.64,0.06,89.02,2128.39,16069.81,97.15,148387.29,97.82,147346.54,81466.2,8.15,8117,0,50,12911,1152,6476,3293,32,3293,4808,970.46,159.59,5214.32,13295.07,19766.8,129,0,0,1003,1623,2322,6494,43582,,4.38
main,beanstalk,,{},beanstalk,4,500,5000,50,True,5000,301.6392,16.5761,16.204,4325.09,10471.153,5025.689,1.42,10.63,0.06,87.89,2138.8,16028.79,96.33,132555.69,24.33,132139.72,79658.7,8.8,7928,0,50,12754,1137,6301,3226,23,3226,4811,2356.14,157.87,3768.58,10476.48,17891.3,126,0,0,951,1581,2299,6347,42937,,3.87
main,beanstalk,,{},beanstalk,3,500,5000,50,True,5000,318.2606,15.7104,14.2535,1894.332,6224.698,2785.145,1.35,10.02,0.06,88.57,2143.65,15942.79,98.23,140945.65,104.67,140266.63,79375.9,8.31,7901,0,50,13144,1238,6262,3147,36,3147,4822,1176.11,160.03,2085.47,6234.79,18782.9,130,0,0,964,1584,2221,6316,43329,,4.13
main,beanstalk-noplace,,{},beanstalk-noplace,0,500,5000,50,True,5000,517.507,9.6617,21.9307,4461.352,19925.97,7712.99,0.83,6.37,0.04,92.76,2143.14,16485.01,96.39,240028.96,33.4,239373.64,82468.2,5.31,8202,0,50,12858,1200,6616,3373,30,3373,0,877.15,161.05,7406.92,19943.7,30857.4,134,0,0,1047,1562,2356,6640,43883,,1.59
main,beanstalk,,{},beanstalk,6,500,5000,50,True,5000,546.7934,9.1442,11.6131,10286.694,20652.1,9967.181,0.78,5.89,0.03,93.29,2135.17,16103.77,92.78,255064.96,126.48,251994.8,84922.6,5.18,8458,0,50,11969,1215,6688,3561,32,3561,4806,1314.41,161.09,8157.26,20652.8,32591.7,145,0,0,1111,1745,2484,6713,43072,,3.88
main,beanstalk,,{},beanstalk,5,500,5000,50,True,5000,388.48,12.8707,,10057.395,23264.251,11700.379,1.07,7.77,0.05,91.11,2084.71,15096.44,92.77,176966.06,37.6,176611.69,82511.3,7.08,8223,0,50,11965,1205,6534,3391,36,3391,4806,964.14,150.62,11611.82,23266.16,22944.5,133,0,0,1000,1682,2427,6541,42356,,4.23
main,beanstalk-noplace,,{},beanstalk-noplace,2,500,5000,50,True,5000,308.8525,16.189,15.473,2968.7,7321.867,3785.907,1.38,10.51,0.06,88.04,2128.39,16234.52,99.02,135964.31,8.65,135922.92,79475.7,8.58,7903,0,50,13327,1197,6231,3116,42,3116,0,1696.01,165.2,2753.33,7327.16,18342.8,123,0,0,954,1632,2204,6271,43569,,1.64
main,beanstalk-noplace,,{},beanstalk-noplace,1,500,5000,50,True,5000,281.575,17.7573,117.0444,5709.407,13965.633,7065.336,1.5,10.65,0.07,87.78,2108.89,14998.05,94.54,123586.01,15.96,122548.52,75818.3,8.98,7546,0,50,12641,1229,6157,2923,26,2923,0,942.9,161.92,5919.6,13971.89,16677.5,135,0,0,866,1379,2083,6167,41815,,1.72
main,beanstalk,,{},beanstalk,7,500,5000,50,True,5000,448.9041,11.1382,9.5402,3173.747,12801.323,5276.06,0.97,7.3,0.04,91.69,2180.71,16378.96,97.55,205794.84,12.38,205730.27,82140.6,6.1,8185,0,50,13219,1272,6612,3322,28,3322,4788,1167.68,161.29,4510.63,12808.79,26705.9,124,0,0,975,1523,2376,6662,44444,,3.79
main,beanstalk-noplace,,{},beanstalk-noplace,3,500,5000,50,True,5000,233.8651,21.3798,19.1661,1858.855,4014.389,2141.874,1.83,13.01,0.08,85.08,2143.65,15209.29,97.99,99481.64,11.82,99466.65,76762.4,10.94,7631,0,50,13235,1286,6094,2939,29,2939,0,1178.19,155.38,1341.12,4019.5,13875.2,133,0,0,908,1496,2061,6135,42764,,1.43
main,beanstalk-noplace,,{},beanstalk-noplace,4,500,5000,50,True,5000,460.1799,10.8653,9.673,2954.42,13470.343,5391.515,0.93,6.72,0.04,92.31,2138.8,15472.57,92.39,212386.2,392.93,207697.01,76754.8,5.56,7635,0,50,12394,1000,6129,2920,23,2920,0,1453.29,165.17,4458.65,13477.34,26917.3,124,0,0,888,1479,2055,6156,41723,,1.41
main,beanstalk,,{},beanstalk,8,500,5000,50,True,5000,424.8074,11.77,10.612,13916.398,22603.665,11892.135,0.99,7.33,0.04,91.63,2100.4,15574.35,95.41,194633.57,188.15,193058.54,79327.1,6.22,7888,0,50,12685,1128,6386,3193,28,3193,4827,970.47,159.88,10095.67,22607.48,25104.1,126,0,0,993,1474,2228,6414,42859,,4.15
main,beanstalk-noplace,,{},beanstalk-noplace,5,500,5000,50,True,5000,252.6062,19.7937,18.2341,1998.302,6427.055,2935.489,1.65,12.82,0.08,85.45,2084.71,16192.98,102.69,107922.74,7.67,107839.7,81850.5,10.8,8158,0,50,13649,1279,6420,3403,42,3403,0,1637.48,156.64,2091.5,6432.47,14962.3,144,0,0,1009,1711,2436,6447,44610,,1.69
main,beanstalk-noplace,,{},beanstalk-noplace,6,500,5000,50,True,5000,406.0319,12.3143,16.9002,7441.803,12415.823,6930.801,1.05,7.83,0.05,91.07,2135.17,15904.83,94.97,184880.99,118.45,184350.62,84054.2,6.9,8360,0,50,12355,1190,6573,3499,39,3499,0,934.95,156.66,5343.78,12418.12,23975.5,147,0,0,1098,1771,2440,6589,43333,,1.64
main,beanstalk,,{},beanstalk,9,500,5000,50,True,5000,316.1721,15.8142,35.2494,2955.746,12019.021,4755.33,1.34,9.87,0.06,88.72,2122.66,15606.94,95.33,140261.11,30.03,140154.84,80926.5,8.53,8045,0,50,12617,1178,6445,3268,22,3268,4818,953.45,158.63,4237.31,12026.17,18775.9,135,0,0,992,1581,2298,6464,43104,,3.96
main,beanstalk-noplace,,{},beanstalk-noplace,7,500,5000,50,True,5000,328.2974,15.2301,14.2165,2539.03,11361.022,4700.822,1.33,10.03,0.06,88.58,2180.71,16468.9,101.6,145397.49,32.57,144802.36,79199.8,8.04,7882,0,50,13778,1331,6268,3133,35,3133,0,1310.69,170.08,3894.08,11365.24,19480.6,140,0,0,956,1567,2213,6315,44210,,1.72
main,beanstalk-noplace,,{},beanstalk-noplace,8,500,5000,50,True,5000,246.8041,20.259,60.7076,3705.367,9797.828,4815.647,1.7,12.21,0.08,86.01,2100.4,15068.57,95.97,106137.09,61.14,105241.55,76985.7,10.4,7665,0,50,12807,1206,6146,3009,31,3009,0,1189.11,157.67,3554.5,9817.49,14351.5,132,0,0,953,1501,2087,6164,42308,,1.86
queue,batched k=1,,"{""batch_k"": 1}",batched,1,500,5000,50,True,5000,353.141,14.1586,14.5195,1993.001,2302.841,1922.429,1.19,4.6,86.13,8.08,2108.89,8127.65,152074.79,14259.18,1554.3,0.0,372169.1,35.13,39381,11762,20,6685,1498,8384,1746,108,1746,0,0.0,0.0,9.65,194.03,0.0,0,0,32527,0,0,0,0,52920,,1.74
queue,batched k=1,,"{""batch_k"": 1}",batched,0,500,5000,50,True,5000,376.5873,13.2771,14.0624,2069.506,2357.412,1992.649,1.14,4.65,83.54,10.67,2143.14,8747.18,157306.86,20096.48,2272.7,0.0,387580.2,34.31,41030,12191,20,6834,1545,9027,1833,101,1833,0,0.0,0.0,15.84,433.41,0.0,0,0,34096,0,0,0,0,54798,,1.86
queue,batched k=1,,"{""batch_k"": 1}",batched,2,500,5000,50,True,5000,347.6816,14.381,14.5797,1986.945,2301.791,1904.127,1.22,4.81,86.46,7.5,2128.39,8366.38,150310.85,13035.19,1615.0,0.0,372791.7,35.74,39507,11794,20,6914,1496,8501,1744,105,1744,0,0.0,0.0,8.34,66.0,0.0,0,0,32658,0,0,0,0,53270,,2.09
main,beanstalk-noplace,,{},beanstalk-noplace,9,500,5000,50,True,5000,483.457,10.3422,,14534.782,27162.887,14051.304,0.88,6.78,0.04,92.3,2122.66,16387.61,93.51,223124.7,187.72,220838.87,86119.4,5.94,8559,0,50,12259,1088,6840,3615,37,3615,0,1218.87,158.03,12772.59,27168.33,28769.1,124,0,0,1108,1700,2544,6859,43963,,2.6
queue,batched k=1,,"{""batch_k"": 1}",batched,4,500,5000,50,True,5000,344.1481,14.5286,14.9323,1954.739,2271.585,1891.542,1.24,5.19,86.41,7.15,2138.8,8939.19,148689.34,12306.71,1195.11,0.0,369371.3,35.78,39185,11681,20,6998,1438,8060,1738,94,1738,0,0.0,0.0,9.44,222.69,0.0,0,0,32353,0,0,0,0,53015,,2.23
queue,batched k=1,,"{""batch_k"": 1}",batched,3,500,5000,50,True,5000,358.0996,13.9626,14.5028,2029.697,2379.976,1949.771,1.2,4.62,86.13,8.06,2143.65,8272.45,154208.51,14425.18,1075.95,0.0,377152.8,35.11,39850,11509,20,6807,1502,8636,1773,107,1773,0,0.0,0.0,11.16,335.49,0.0,0,0,32970,0,0,0,0,53537,,2.35
queue,batched k=1,,"{""batch_k"": 1}",batched,5,500,5000,50,True,5000,361.2335,13.8415,14.4764,2010.444,2303.221,1959.915,1.15,4.4,86.02,8.42,2084.71,7951.31,155374.91,15205.83,880.79,0.0,379400.2,35.01,40145,12262,20,6640,1393,8516,1773,119,1773,0,0.0,0.0,12.93,368.64,0.0,0,0,33253,0,0,0,0,53677,,2.75
queue,batched k=1,,"{""batch_k"": 1}",batched,7,500,5000,50,True,5000,366.4383,13.6449,14.1447,2050.643,2349.009,1951.862,1.19,4.93,83.85,10.03,2180.71,9025.23,153629.95,18383.27,1241.28,0.0,385620.3,35.08,40789,12412,20,6944,1539,8610,1811,110,1811,0,0.0,0.0,13.26,357.34,0.0,0,0,33868,0,0,0,0,54654,,2.79
queue,batched k=1,,"{""batch_k"": 1}",batched,6,500,5000,50,True,5000,378.6906,13.2034,13.9325,2077.626,2422.974,2021.753,1.13,4.31,84.67,9.89,2135.17,8169.01,160310.41,18730.69,1741.21,0.0,393805.9,34.66,41665,12628,20,6461,1573,9114,1873,93,1873,0,0.0,0.0,19.74,694.64,0.0,0,0,34699,0,0,0,0,55092,,2.87
queue,batched k=1,,"{""batch_k"": 1}",batched,8,500,5000,50,True,5000,361.1094,13.8462,14.3907,1960.24,2378.255,1916.975,1.16,4.67,83.81,10.36,2100.4,8423.65,151324.3,18706.33,2403.58,0.0,374260.2,34.55,39664,12146,20,6658,1494,8370,1769,98,1769,0,0.0,0.0,18.11,556.74,0.0,0,0,32797,0,0,0,0,53189,,3.21
queue,batched k=1,,"{""batch_k"": 1}",batched,9,500,5000,50,True,5000,372.8325,13.4108,14.017,2059.506,2388.814,1969.366,1.14,4.3,83.74,10.83,2122.66,8015.05,156098.75,20179.79,1775.36,0.0,383510.9,34.29,40683,12414,20,6491,1388,8566,1803,105,1803,0,0.0,0.0,22.04,617.76,0.0,0,0,33775,0,0,0,0,54082,,2.93
main,batched k=4,,{},batched,0,100,1000,10,True,1000,173.8768,5.7512,5.9247,1003.514,1273.201,951.479,2.4,6.62,84.58,6.4,417.26,1151.57,14706.41,1112.44,92.52,0.0,94486.9,90.57,9759,3745,10,964,173,4317,318,3,318,0,0.0,0.0,21.25,142.01,0.0,0,649,8359,0,0,0,0,12044,,0.53
main,batched k=4,,{},batched,1,100,1000,10,True,1000,182.9999,5.4645,5.3379,1026.707,1419.769,1010.485,2.3,6.33,85.7,5.67,420.41,1157.91,15683.51,1038.17,91.48,0.0,100285.0,91.33,10388,4132,10,872,178,4569,336,3,336,0,0.0,0.0,20.37,119.82,0.0,0,692,8907,0,0,0,0,12599,,0.54
main,batched k=4,,{},batched,2,100,1000,10,True,1000,174.5746,5.7282,5.6215,995.51,1379.266,937.204,2.49,6.38,83.1,8.03,434.8,1113.7,14506.38,1402.58,203.06,0.0,93703.9,89.46,9682,3744,10,888,161,4381,319,3,319,0,0.0,0.0,22.1,253.78,0.0,0,642,8283,0,0,0,0,11892,,0.51
main,batched k=4,,{},batched,3,100,1000,10,True,1000,194.9379,5.1298,5.0766,1098.032,1398.002,1060.802,2.01,5.94,84.75,7.29,392.43,1158.44,16521.59,1421.33,200.56,0.0,104887.2,89.68,10813,4130,10,991,192,5030,356,4,356,0,0.0,0.0,22.0,236.01,0.0,0,713,9298,0,0,0,0,13164,,0.59
main,batched k=4,,{},batched,4,100,1000,10,True,1000,191.5528,5.2205,5.2699,1035.298,1396.625,1029.333,2.28,6.66,82.9,8.16,436.73,1276.16,15879.39,1563.01,99.5,0.0,102520.4,89.2,10605,4261,10,938,174,4688,347,3,347,0,0.0,0.0,22.59,138.21,0.0,0,707,9106,0,0,0,0,12893,,0.57
main,batched k=4,,{},batched,5,100,1000,10,True,1000,194.74,5.1351,5.0668,1100.211,1569.661,1087.605,2.21,6.45,86.63,4.7,431.22,1255.73,16871.02,916.02,121.91,0.0,108000.5,92.43,11177,4582,10,969,139,4705,366,2,366,0,0.0,0.0,22.83,137.8,0.0,0,738,9618,0,0,0,0,13514,,0.6
main,batched k=4,,{},batched,6,100,1000,10,True,1000,196.4806,5.0896,5.0899,1070.834,1521.047,1053.919,2.16,6.76,82.64,8.44,425.13,1327.35,16237.97,1657.61,17.73,0.0,104728.5,88.84,10864,4428,10,1000,181,4772,357,4,357,0,0.0,0.0,26.1,322.59,0.0,0,722,9329,0,0,0,0,13225,,0.58
main,batched k=4,,{},batched,7,100,1000,10,True,1000,172.6501,5.7921,6.0514,927.121,1230.154,892.618,2.47,6.42,79.75,11.37,425.68,1108.19,13768.78,1962.36,281.58,0.0,90155.8,87.03,9344,3690,10,900,209,3932,308,2,308,0,0.0,0.0,30.33,486.46,0.0,0,627,7979,0,0,0,0,11554,,0.51
main,batched k=4,,{},batched,8,100,1000,10,True,1000,175.3084,5.7042,5.6899,956.335,1384.988,944.466,2.35,6.99,82.8,7.86,411.47,1224.93,14516.18,1378.26,48.71,0.0,94656.5,89.99,9797,3896,10,1033,168,4243,323,2,323,0,0.0,0.0,22.93,188.95,0.0,0,653,8391,0,0,0,0,12155,,0.54
main,batched-aimd,,{},batched-aimd,0,100,1000,10,True,1000,109.6441,9.1204,10.0157,546.907,797.402,547.355,3.81,10.91,72.3,12.99,417.26,1195.81,7926.77,1424.57,60.2,0.0,54969.1,83.56,5815,1933,10,932,167,1652,327,16,327,0,0.0,0.0,20.32,357.8,0.0,0,206,4488,0,0,0,0,8090,,0.28
main,batched k=4,,{},batched,9,100,1000,10,True,1000,193.9644,5.1556,5.4858,1018.292,1330.27,966.977,2.24,5.79,77.29,14.68,433.66,1123.9,14992.37,2846.51,409.0,0.0,95653.3,82.19,9886,3839,10,802,125,4367,322,6,322,0,0.0,0.0,79.31,1203.5,0.0,0,648,8461,0,0,0,0,12016,,0.58
main,batched-aimd,,{},batched-aimd,1,100,1000,10,True,1000,107.5889,9.2946,9.3551,569.692,818.204,574.401,3.91,11.43,77.55,7.11,420.41,1229.8,8343.55,765.14,112.1,0.0,57712.4,89.4,6111,2050,10,849,167,1790,344,11,344,0,0.0,0.0,12.21,94.35,0.0,0,218,4719,0,0,0,0,8315,,0.26
main,batched-aimd,,{},batched-aimd,2,100,1000,10,True,1000,107.6127,9.2926,9.5943,556.418,772.223,546.015,4.04,10.5,74.06,11.39,434.8,1130.34,7969.91,1226.22,147.5,0.0,55260.9,85.59,5903,2091,10,854,153,1613,326,19,326,0,0.0,0.0,22.4,374.25,0.0,0,208,4571,0,0,0,0,8102,,0.26
main,batched-aimd,,{},batched-aimd,3,100,1000,10,True,1000,109.6401,9.1208,9.6097,551.486,803.23,561.682,3.58,10.99,74.39,11.04,392.43,1204.92,8156.45,1210.2,158.98,0.0,56594.6,86.03,6017,1989,10,919,176,1707,355,12,355,0,0.0,0.0,17.76,267.91,0.0,0,200,4658,0,0,0,0,8303,,0.32
main,batched-aimd,,{},batched-aimd,4,100,1000,10,True,1000,112.8229,8.8634,9.3612,563.991,831.535,578.638,3.87,11.32,74.16,10.65,436.73,1277.5,8366.47,1201.6,102.08,0.0,58093.1,85.82,6158,2082,10,910,176,1819,342,8,342,0,0.0,0.0,14.81,178.65,0.0,0,228,4761,0,0,0,0,8418,,0.28
main,batched-aimd,,{},batched-aimd,5,100,1000,10,True,1000,110.9598,9.0123,9.3134,581.989,852.153,590.207,3.89,11.21,77.44,7.46,431.22,1244.09,8592.7,827.97,68.77,0.0,59337.5,89.13,6273,2172,10,940,136,1785,360,8,360,0,0.0,0.0,12.71,83.14,0.0,0,223,4885,0,0,0,0,8581,,0.29
main,batched-aimd,,{},batched-aimd,6,100,1000,10,True,1000,108.5776,9.21,9.2815,565.676,855.18,572.865,3.92,12.38,75.55,8.15,425.13,1344.24,8203.5,884.88,22.96,0.0,58216.0,89.36,6217,2252,10,978,188,1726,365,11,365,0,0.0,0.0,13.41,115.26,0.0,0,206,4829,0,0,0,0,8571,,0.28
main,batched-aimd,,{},batched-aimd,7,100,1000,10,True,1000,106.7212,9.3702,10.6711,518.043,764.531,512.582,3.99,10.76,69.29,15.96,425.68,1148.41,7394.62,1703.41,133.85,0.0,52309.6,81.69,5544,1821,10,860,203,1534,300,10,300,0,0.0,0.0,26.03,402.44,0.0,0,214,4256,0,0,0,0,7714,,0.26
main,batched-aimd,,{},batched-aimd,8,100,1000,10,True,1000,107.5283,9.2999,9.6106,548.708,818.287,557.451,3.83,12.19,74.21,9.77,411.47,1310.79,7980.05,1050.52,15.86,0.0,56247.7,87.18,5992,1998,10,983,161,1646,342,14,342,0,0.0,0.0,14.09,141.83,0.0,0,207,4631,0,0,0,0,8331,,0.27
main,batched-aimd,,{},batched-aimd,9,100,1000,10,True,1000,126.6119,7.8982,9.5416,555.417,807.71,557.86,3.43,9.23,64.2,23.14,433.66,1168.93,8128.74,2929.85,415.69,0.0,55986.3,73.7,5959,2088,10,781,123,1655,334,13,334,0,0.0,0.0,98.59,1142.08,0.0,0,210,4613,0,0,0,0,8087,,0.26
main,batched+place,,{},batched+place,0,100,1000,10,True,1000,184.9205,5.4077,5.8501,971.605,1358.293,970.395,2.26,6.57,80.89,10.28,417.26,1214.95,14958.3,1901.53,203.0,0.0,97827.9,88.17,10120,4100,10,946,156,4442,333,4,333,990,0.0,0.0,25.94,388.83,0.0,0,676,8668,0,0,0,0,12403,,0.74
main,batched+place,,{},batched+place,1,100,1000,10,True,1000,179.8968,5.5587,5.4409,1006.19,1395.499,998.027,2.34,6.14,86.32,5.2,420.41,1105.29,15528.49,935.49,95.01,0.0,99695.1,92.36,10303,4189,10,836,163,4421,332,4,332,986,0.0,0.0,19.37,104.06,0.0,0,681,8843,0,0,0,0,12475,,0.72
main,batched+place,,{},batched+place,2,100,1000,10,True,1000,181.6841,5.5041,5.3291,1034.174,1429.973,991.51,2.39,6.26,84.69,6.65,434.8,1138.19,15386.98,1208.43,224.04,0.0,98874.1,90.7,10229,4042,10,844,145,4416,333,4,333,988,0.0,0.0,21.55,165.21,0.0,0,682,8764,0,0,0,0,12410,,0.72
main,batched+place,,{},batched+place,3,100,1000,10,True,1000,185.9744,5.3771,5.6114,1007.117,1319.857,995.009,2.11,5.98,83.19,8.72,392.43,1112.27,15471.22,1621.52,143.78,0.0,99363.3,89.05,10266,3993,10,953,203,4656,333,5,333,986,0.0,0.0,22.67,204.85,0.0,0,685,8794,0,0,0,0,12557,,0.74
main,batched+place,,{},batched+place,4,100,1000,10,True,1000,200.2961,4.9926,5.0669,1093.564,1472.127,1097.645,2.18,6.59,84.74,6.48,436.73,1320.76,16973.33,1298.79,233.53,0.0,108951.5,90.66,11234,4316,10,914,176,5251,366,5,366,988,0.0,0.0,21.87,121.67,0.0,0,750,9658,0,0,0,0,13519,,0.78
main,batched+place,,{},batched+place,5,100,1000,10,True,1000,185.3178,5.3961,5.3817,1038.571,1453.563,1019.064,2.33,6.36,85.29,6.02,431.22,1179.02,15805.38,1116.16,33.2,0.0,100899.8,90.74,10447,4146,10,915,138,4640,341,3,341,984,0.0,0.0,20.64,121.29,0.0,0,692,8967,0,0,0,0,12706,,0.74
main,batched+place,,{},batched+place,6,100,1000,10,True,1000,198.4853,5.0382,5.0545,1098.659,1475.75,1082.631,2.14,6.59,84.31,6.95,425.13,1308.61,16735.25,1379.55,98.2,0.0,107153.6,89.98,11086,4585,10,940,182,4808,360,3,360,984,0.0,0.0,23.68,255.43,0.0,0,734,9545,0,0,0,0,13389,,0.84
main,batched+place,,{},batched+place,7,100,1000,10,True,1000,167.3672,5.9749,6.0582,937.696,1310.247,910.385,2.54,6.74,83.92,6.8,425.68,1127.74,14045.35,1137.95,83.09,0.0,91590.6,91.21,9480,3840,10,861,195,3930,310,3,310,987,0.0,0.0,21.25,173.82,0.0,0,626,8133,0,0,0,0,11654,,0.7
main,batched+place,,{},batched+place,8,100,1000,10,True,1000,180.4914,5.5404,5.5235,1036.672,1339.658,996.655,2.28,6.49,85.54,5.69,411.47,1172.24,15438.69,1026.75,49.17,0.0,99060.7,91.47,10231,4008,10,929,135,4308,332,5,332,988,0.0,0.0,22.6,153.38,0.0,0,683,8772,0,0,0,0,12497,,0.72
main,batched+place,,{},batched+place,9,100,1000,10,True,1000,196.9364,5.0778,5.0591,1103.239,1449.131,1066.941,2.2,5.93,84.37,7.5,433.66,1167.51,16614.84,1477.62,256.94,0.0,104824.6,88.71,10859,4367,10,783,139,4743,353,4,353,984,0.0,0.0,24.16,189.68,0.0,0,717,9349,0,0,0,0,12999,,0.73
queue,batched k=16,,"{""batch_k"": 16}",batched,0,100,1000,10,True,1000,287.7963,3.4747,3.4606,1711.293,2151.436,1612.443,1.45,4.49,88.88,5.17,417.26,1293.4,25580.64,1488.32,165.66,0.0,102229.1,59.2,10868,4925,10,1135,197,5196,326,2,326,0,0.0,0.0,35.37,197.94,0.0,0,1306,8838,0,0,0,0,13331,,1.74
queue,batched k=16,,"{""batch_k"": 16}",batched,1,100,1000,10,True,1000,311.7604,3.2076,3.0708,1817.959,2419.482,1757.6,1.35,4.12,89.84,4.69,420.41,1285.64,28007.69,1462.31,124.69,0.0,112686.9,60.24,11878,5344,10,1034,226,5726,346,8,346,0,0.0,0.0,35.21,195.73,0.0,0,1418,9696,0,0,0,0,14266,,1.81
queue,batched-par k=1,,"{""batch_k"": 1}",batched-par,0,500,5000,50,True,5000,308.7485,16.1944,18.2107,1569.325,1979.248,1517.622,1.39,8.69,73.23,16.69,2143.14,13414.73,113053.79,25762.58,1861.97,0.0,460440.2,49.71,52554,21571,50,12262,2481,12385,2181,107,2181,0,0.0,0.0,68.85,1521.12,0.0,0,0,45266,0,0,0,0,72104,,13.0
queue,batched-par k=1,,"{""batch_k"": 1}",batched-par,2,500,5000,50,True,5000,330.2887,15.1383,17.8665,1594.65,2033.569,1532.21,1.29,7.86,69.46,21.39,2128.39,12979.76,114704.38,35331.83,2900.68,0.0,473267.1,47.76,54506,23126,50,12333,2419,12487,2202,100,2202,0,0.0,0.0,180.95,2631.76,0.0,0,0,47204,0,0,0,0,74141,,12.89
queue,batched-par k=1,,"{""batch_k"": 1}",batched-par,1,500,5000,50,True,5000,299.3184,16.7046,18.0487,1602.653,2041.103,1543.323,1.41,8.49,77.45,12.66,2108.89,12704.22,115906.06,18940.03,1990.79,0.0,479144.5,53.36,54962,23232,50,12048,2342,12703,2183,121,2183,0,0.0,0.0,16.9,518.27,0.0,0,0,47658,0,0,0,0,74314,,13.21
queue,batched-par k=1,,"{""batch_k"": 1}",batched-par,3,500,5000,50,True,5000,326.5532,15.3114,17.5242,1641.205,2051.109,1559.622,1.31,7.67,71.93,19.09,2143.65,12525.46,117443.07,31164.4,1941.93,0.0,474690.9,48.45,54506,22337,50,11909,2486,12756,2209,119,2209,0,0.0,0.0,123.11,2126.68,0.0,0,0,47178,0,0,0,0,73743,,12.88
queue,batched-par k=1,,"{""batch_k"": 1}",batched-par,4,500,5000,50,True,5000,311.857,16.033,18.0411,1587.62,1997.915,1532.694,1.37,8.81,73.1,16.72,2138.8,13738.58,113985.96,26065.15,1792.27,0.0,472640.1,50.52,54270,22607,50,12252,2279,12531,2182,89,2182,0,0.0,0.0,80.09,1657.96,0.0,0,0,46999,0,0,0,0,73793,,12.78
queue,batched k=16,,"{""batch_k"": 16}",batched,2,100,1000,10,True,1000,282.1194,3.5446,3.4196,1670.962,2173.405,1561.671,1.54,4.27,87.99,6.2,434.8,1203.3,24824.55,1749.28,220.45,0.0,100030.8,59.09,10533,4633,10,1051,181,5177,316,1,316,0,0.0,0.0,35.35,286.9,0.0,0,1263,8558,0,0,0,0,12901,,1.67
queue,batched-par k=1,,"{""batch_k"": 1}",batched-par,5,500,5000,50,True,5000,289.9737,17.2429,18.6041,1573.141,2034.798,1540.575,1.44,8.4,80.15,10.02,2084.71,12178.89,116202.34,14520.92,1413.83,0.0,475398.8,54.65,54518,22521,50,11969,2330,12578,2212,107,2212,0,0.0,0.0,9.18,272.45,0.0,0,0,47199,0,0,0,0,73806,,12.75
queue,batched-par k=1,,"{""batch_k"": 1}",batched-par,6,500,5000,50,True,5000,315.8823,15.8287,16.8168,1686.394,2182.022,1627.013,1.35,7.76,78.08,12.8,2135.17,12259.74,123324.71,20221.56,1973.36,0.0,498985.5,52.66,56894,23604,50,11252,2426,13286,2272,112,2272,0,0.0,0.0,20.44,570.83,0.0,0,0,49510,0,0,0,0,75530,,12.98
queue,batched k=16,,"{""batch_k"": 16}",batched,3,100,1000,10,True,1000,318.008,3.1446,3.0705,1807.539,2371.692,1773.205,1.23,3.93,89.0,5.83,392.43,1251.14,28302.28,1854.95,258.76,0.0,110759.9,58.05,11674,5247,10,1154,234,5625,359,2,359,0,0.0,0.0,34.17,212.01,0.0,0,1442,9445,0,0,0,0,14189,,1.9
queue,batched-par k=1,,"{""batch_k"": 1}",batched-par,7,500,5000,50,True,5000,304.9407,16.3966,16.9813,1683.387,2128.409,1600.399,1.43,8.9,78.57,11.1,2180.71,13563.96,119802.61,16923.06,1609.18,0.0,475814.6,52.01,53793,21378,50,12444,2502,12611,2209,98,2209,0,0.0,0.0,14.3,446.8,0.0,0,0,46486,0,0,0,0,73544,,12.31
queue,batched-par k=1,,"{""batch_k"": 1}",batched-par,9,500,5000,50,True,5000,298.7193,16.7381,16.7912,1731.742,2103.881,1623.247,1.42,8.1,82.47,8.01,2122.66,12094.6,123175.97,11966.43,1062.53,0.0,490282.5,54.71,55596,22718,50,11444,2275,12976,2260,105,2260,0,0.0,0.0,7.75,227.34,0.0,0,0,48231,0,0,0,0,74405,,12.29
queue,batched-par k=4,,"{""batch_k"": 4}",batched-par,0,100,1000,10,True,1000,169.045,5.9156,6.0514,954.32,1266.681,920.653,2.47,6.92,83.85,6.76,417.26,1169.35,14174.86,1143.03,65.21,0.0,91443.2,90.16,9628,3815,10,970,176,4236,325,1,325,0,0.0,0.0,20.6,158.81,0.0,0,658,8205,0,0,0,0,11924,,0.56
queue,batched-par k=4,,"{""batch_k"": 4}",batched-par,1,100,1000,10,True,1000,177.9831,5.6185,5.4504,998.345,1446.638,981.321,2.36,6.86,85.03,5.75,420.41,1221.39,15133.97,1022.54,186.21,0.0,97066.1,90.89,10278,4138,10,876,181,4547,346,9,346,0,0.0,0.0,20.29,108.82,0.0,0,713,8751,0,0,0,0,12509,,0.55
queue,batched-par k=4,,"{""batch_k"": 4}",batched-par,2,100,1000,10,True,1000,164.8456,6.0663,5.9931,925.809,1274.805,883.291,2.64,6.91,82.4,8.06,434.8,1138.52,13583.0,1328.23,211.61,0.0,88145.0,89.12,9405,3826,10,909,169,4108,322,7,322,0,0.0,0.0,23.04,240.94,0.0,0,650,7988,0,0,0,0,11643,,0.52
queue,batched-par k=4,,"{""batch_k"": 4}",batched-par,3,100,1000,10,True,1000,184.9514,5.4068,5.2533,1036.522,1404.136,1008.015,2.12,6.47,84.37,7.04,392.43,1196.59,15603.65,1302.46,160.79,0.0,100436.4,90.51,10750,4668,10,992,186,4634,366,7,366,0,0.0,0.0,19.5,144.22,0.0,0,744,9167,0,0,0,0,13115,,0.6
queue,batched-par k=1,,"{""batch_k"": 1}",batched-par,8,500,5000,50,True,5000,301.2058,16.5999,16.8594,1665.029,2132.843,1603.673,1.39,8.33,80.4,9.87,2100.4,12551.15,121088.29,14863.08,1664.92,0.0,499619.9,55.29,57024,23713,50,11743,2307,13155,2237,115,2237,0,0.0,0.0,9.11,209.99,0.0,0,0,49672,0,0,0,0,76119,,12.81
queue,batched-par k=4,,"{""batch_k"": 4}",batched-par,4,100,1000,10,True,1000,180.4503,5.5417,5.6961,982.166,1342.32,958.845,2.42,7.08,81.48,9.02,436.73,1277.8,14702.94,1627.55,126.47,0.0,96593.5,89.22,10249,4475,10,956,170,4246,346,4,346,0,0.0,0.0,22.11,146.7,0.0,0,704,8755,0,0,0,0,12555,,0.58
queue,batched k=16,,"{""batch_k"": 16}",batched,4,100,1000,10,True,1000,312.9497,3.1954,3.2515,1788.924,2277.242,1706.223,1.4,4.39,86.48,7.74,436.73,1374.52,27062.52,2421.2,144.48,0.0,108636.8,57.86,11441,5052,10,1111,191,5576,341,7,341,0,0.0,0.0,36.83,296.92,0.0,0,1394,9292,0,0,0,0,13900,,1.82
queue,batched-par k=4,,"{""batch_k"": 4}",batched-par,5,100,1000,10,True,1000,188.0614,5.3174,5.2702,1048.473,1484.79,1042.972,2.29,6.62,85.81,5.28,431.22,1244.94,16137.92,992.05,68.19,0.0,103754.2,91.95,10929,4559,10,958,134,4611,369,2,369,0,0.0,0.0,23.63,162.64,0.0,0,746,9367,0,0,0,0,13258,,0.61
queue,batched k=16,,"{""batch_k"": 16}",batched,7,100,1000,10,True,1000,277.8361,3.5992,3.6731,1598.792,2007.832,1498.877,1.53,4.42,85.5,8.55,425.68,1227.07,23754.22,2376.64,161.47,0.0,97705.5,58.61,10329,4667,10,1054,233,4887,311,2,311,0,0.0,0.0,37.46,353.71,0.0,0,1235,8389,0,0,0,0,12696,,1.58
queue,batched k=16,,"{""batch_k"": 16}",batched,5,100,1000,10,True,1000,317.1848,3.1527,3.1096,1791.671,2594.739,1797.125,1.36,4.23,90.2,4.21,431.22,1343.18,28608.91,1335.17,63.71,0.0,113096.1,59.43,11941,5464,10,1121,163,5612,363,2,363,0,0.0,0.0,37.54,251.14,0.0,0,1448,9704,0,0,0,0,14427,,1.86
queue,batched-par k=4,,"{""batch_k"": 4}",batched-par,7,100,1000,10,True,1000,155.4024,6.4349,6.7973,826.433,1148.818,792.695,2.74,7.16,77.86,12.25,425.68,1112.21,12099.38,1902.98,75.13,0.0,79566.0,85.33,8445,3424,10,900,191,3435,297,1,297,0,0.0,0.0,32.68,524.18,0.0,0,582,7136,0,0,0,0,10643,,0.49
fair,batched k=4 suspects,,"{""queue_suspects"": true}",batched,1,100,1000,10,True,1000,81.8802,12.213,12.4427,411.26,726.806,426.193,5.13,16.17,70.59,8.11,420.41,1323.69,5779.53,664.4,55.71,0.0,43348.4,88.24,4529,1572,10,932,189,2027,372,2,372,0,0.0,0.0,11.75,103.5,0.0,0,150,3697,0,0,331,0,6835,,0.32
fair,batched k=4 suspects,,"{""queue_suspects"": true}",batched,0,100,1000,10,True,1000,100.6725,9.9332,12.4838,413.644,692.204,436.93,4.14,13.37,58.96,23.52,417.26,1346.04,5936.14,2367.81,352.04,0.0,43979.6,72.81,4586,1549,10,1027,188,2098,354,2,354,0,0.0,0.0,59.32,601.43,0.0,0,166,3732,0,0,315,0,6969,,0.35
queue,batched k=16,,"{""batch_k"": 16}",batched,6,100,1000,10,True,1000,310.5349,3.2203,3.0445,1819.7,2329.189,1744.432,1.37,4.51,89.11,5.01,425.13,1401.06,27672.8,1554.49,16.43,0.0,109056.7,58.53,11523,5171,10,1175,213,5558,347,3,347,0,0.0,0.0,35.97,260.19,0.0,0,1412,9324,0,0,0,0,14048,,1.81
queue,batched-par k=4,,"{""batch_k"": 4}",batched-par,8,100,1000,10,True,1000,166.5421,6.0045,6.1014,887.497,1361.792,891.011,2.47,7.35,81.82,8.36,411.47,1224.48,13625.7,1392.56,17.97,0.0,89409.7,89.48,9450,3920,10,1021,165,4000,324,4,324,0,0.0,0.0,22.19,232.21,0.0,0,646,8042,0,0,0,0,11799,,0.54
fair,batched k=4 suspects,,"{""queue_suspects"": true}",batched,2,100,1000,10,True,1000,86.9178,11.5051,12.2621,421.333,695.939,426.086,5.0,13.75,67.96,13.29,434.8,1194.76,5906.67,1155.55,241.81,0.0,43532.8,83.48,4542,1564,10,945,165,2075,341,4,341,0,0.0,0.0,25.19,392.22,0.0,0,160,3701,0,0,298,0,6832,,0.32
queue,batched-par k=4,,"{""batch_k"": 4}",batched-par,9,100,1000,10,True,1000,186.8784,5.3511,5.7593,956.004,1265.658,920.018,2.32,6.12,75.93,15.63,433.66,1143.12,14190.52,2920.54,389.98,0.0,90836.1,81.01,9617,3979,10,797,135,4116,326,2,326,0,0.0,0.0,72.58,1080.78,0.0,0,651,8208,0,0,0,0,11742,,0.53
queue,batched-par k=4,,"{""batch_k"": 4}",batched-par,6,100,1000,10,True,1000,177.7881,5.6247,5.3901,999.824,1437.931,982.688,2.39,7.29,84.83,5.49,425.13,1296.33,15081.8,975.54,146.77,0.0,97310.0,91.22,10231,4200,10,1013,185,4351,349,2,349,0,0.0,0.0,21.77,114.57,0.0,0,702,8727,0,0,0,0,12595,,0.69
queue,batched k=16,,"{""batch_k"": 16}",batched,8,100,1000,10,True,1000,290.2486,3.4453,3.3759,1710.514,2362.551,1609.545,1.42,4.62,87.8,6.16,411.47,1341.73,25484.02,1787.63,104.5,0.0,102722.6,58.99,10877,4824,10,1220,192,5241,326,6,326,0,0.0,0.0,35.42,256.65,0.0,0,1315,8820,0,0,0,0,13429,,1.67
fair,batched k=4 suspects,,"{""queue_suspects"": true}",batched,4,100,1000,10,True,1000,87.8732,11.38,12.4422,411.154,670.901,424.477,4.97,15.09,65.42,14.52,436.73,1326.14,5748.47,1275.97,70.18,0.0,42715.1,81.02,4462,1473,10,967,180,2050,363,4,363,0,0.0,0.0,16.17,194.3,0.0,0,149,3625,0,0,320,0,6796,,0.34
fair,batched k=4 suspects,,"{""queue_suspects"": true}",batched,3,100,1000,10,True,1000,93.5675,10.6875,11.5287,453.343,738.018,459.454,4.19,13.02,68.82,13.97,392.43,1218.26,6439.3,1306.75,240.03,0.0,46387.7,82.63,4821,1672,10,1022,186,2223,362,1,362,0,0.0,0.0,19.39,276.71,0.0,0,180,3956,0,0,307,0,7206,,0.36
fair,batched k=4 suspects,,"{""queue_suspects"": true}",batched,5,100,1000,10,True,1000,81.0257,12.3418,12.9906,405.682,714.121,419.367,5.32,17.02,69.24,8.42,431.22,1378.94,5610.52,681.9,79.7,0.0,42748.7,87.93,4441,1466,10,1014,142,2012,372,0,372,0,0.0,0.0,10.87,72.88,0.0,0,150,3606,0,0,334,0,6827,,0.33
fair,batched k=4 suspects,,"{""queue_suspects"": true}",batched,7,100,1000,10,True,1000,80.3688,12.4426,14.2786,345.583,622.96,362.553,5.3,15.12,60.07,19.52,425.68,1214.81,4827.75,1568.65,236.47,0.0,37250.9,77.25,3898,1273,10,956,209,1676,315,0,315,0,0.0,0.0,34.38,488.7,0.0,0,132,3140,0,0,278,0,6169,,0.31
queue,batched k=16,,"{""batch_k"": 16}",batched,9,100,1000,10,True,1000,312.0502,3.2046,3.1352,1810.333,2253.015,1690.522,1.39,4.0,86.29,8.32,433.66,1248.07,26927.31,2595.99,297.76,0.0,109490.2,58.48,11509,5101,10,933,159,5636,338,5,338,0,0.0,0.0,45.4,723.11,0.0,0,1353,9414,0,0,0,0,13785,,1.73
fair,batched k=4 suspects,,"{""queue_suspects"": true}",batched,8,100,1000,10,True,1000,87.3946,11.4424,12.2352,387.668,775.611,437.12,4.71,16.42,66.94,11.93,411.47,1435.01,5850.31,1042.67,42.77,0.0,44351.9,84.58,4624,1583,10,1079,189,2047,345,0,345,0,0.0,0.0,14.32,138.7,0.0,0,174,3775,0,0,293,0,7048,,0.33
fair,batched k=4 suspects,,"{""queue_suspects"": true}",batched,6,100,1000,10,True,1000,85.9207,11.6386,11.7132,441.379,705.644,439.705,4.95,16.35,68.95,9.76,425.13,1404.56,5923.86,838.52,34.15,0.0,44167.8,85.68,4640,1698,10,1036,170,2086,374,0,374,0,0.0,0.0,11.52,102.76,0.0,0,152,3779,0,0,338,0,7050,,0.35
fair,batched k=4 suspects,,"{""queue_suspects"": true}",batched,9,100,1000,10,True,1000,98.0308,10.2009,13.6168,358.361,667.635,382.413,4.42,13.28,51.73,30.56,433.66,1302.05,5071.5,2995.87,287.74,0.0,38634.1,65.68,4047,1404,10,831,138,1746,348,4,348,0,0.0,0.0,78.39,795.96,0.0,0,132,3255,0,0,310,0,6230,,0.3
fair,batched-par k=4 suspects,,"{""batch_k"": 4, ""queue_suspects"": true}",batched-par,1,100,1000,10,True,1000,82.5626,12.112,13.4057,367.634,694.51,396.686,5.09,16.02,64.06,14.83,420.41,1322.25,5289.18,1224.42,72.79,0.0,40348.2,81.45,4268,1555,10,938,188,1925,364,4,364,0,0.0,0.0,23.97,376.86,0.0,0,145,3441,0,0,332,0,6574,,0.35
fair,batched-par k=4 suspects,,"{""batch_k"": 4, ""queue_suspects"": true}",batched-par,0,100,1000,10,True,1000,91.2866,10.9545,13.2941,393.109,670.124,411.697,4.57,14.81,60.36,20.26,417.26,1351.97,5509.66,1849.78,179.74,0.0,41765.2,76.25,4427,1631,10,1064,180,1883,357,3,357,0,0.0,0.0,33.7,472.54,0.0,0,157,3585,0,0,306,0,6851,,0.39
fair,batched-par k=4 suspects,,"{""batch_k"": 4, ""queue_suspects"": true}",batched-par,2,100,1000,10,True,1000,84.5797,11.8232,12.1356,422.615,690.829,419.438,5.14,14.58,68.07,12.21,434.8,1233.4,5757.24,1032.53,298.18,0.0,41900.3,82.57,4449,1625,10,980,170,1958,343,2,343,0,0.0,0.0,15.27,207.72,0.0,0,174,3560,0,0,291,0,6774,,0.38
fair,batched-par k=4 suspects,,"{""batch_k"": 4, ""queue_suspects"": true}",batched-par,3,100,1000,10,True,1000,86.4476,11.5677,12.8333,398.958,693.52,407.536,4.54,15.14,63.43,16.89,392.43,1308.74,5483.52,1460.07,138.93,0.0,40707.7,78.48,4290,1513,10,1087,196,1914,354,4,354,0,0.0,0.0,16.38,169.48,0.0,0,157,3434,0,0,309,0,6735,,0.39
fair,batched-par k=4 suspects,,"{""batch_k"": 4, ""queue_suspects"": true}",batched-par,5,100,1000,10,True,1000,84.1491,11.8837,12.8027,392.601,741.299,415.889,5.12,16.76,65.61,12.5,431.22,1410.57,5520.91,1052.2,155.08,0.0,41826.1,82.84,4400,1571,10,1047,137,1918,386,1,386,0,0.0,0.0,14.42,196.99,0.0,0,156,3541,0,0,342,0,6834,,0.39
fair,batched-par k=4 suspects,,"{""batch_k"": 4, ""queue_suspects"": true}",batched-par,4,100,1000,10,True,1000,83.7712,11.9373,13.1246,372.633,737.997,408.466,5.21,16.88,64.39,13.52,436.73,1413.71,5394.06,1132.62,51.0,0.0,40843.9,81.26,4343,1541,10,1026,171,1896,374,1,374,0,0.0,0.0,15.01,192.52,0.0,0,140,3497,0,0,334,0,6744,,0.46
fair,batched-par k=4 suspects,,"{""batch_k"": 4, ""queue_suspects"": true}",batched-par,6,100,1000,10,True,1000,82.5018,12.121,12.0777,414.866,749.599,422.042,5.15,17.41,67.85,9.59,425.13,1436.42,5597.62,791.01,13.69,0.0,41608.8,84.06,4401,1553,10,1074,192,1974,367,4,367,0,0.0,0.0,11.51,87.59,0.0,0,162,3524,0,0,322,0,6846,,0.4
fair,beanstalk quarantine,,"{""green_mode"": ""quarantine""}",beanstalk,0,100,1000,10,True,1000,91.7618,10.8978,11.314,318.08,1046.467,399.127,4.55,11.27,0.07,84.11,417.26,1034.38,6.83,7717.71,7.93,7660.93,11827.9,21.48,1172,0,10,598,76,492,318,2,318,899,823.57,310.71,25.7,246.65,5331.0,31,0,0,123,195,211,977,4881,,0.35
fair,batched-par k=4 suspects,,"{""batch_k"": 4, ""queue_suspects"": true}",batched-par,9,100,1000,10,True,1000,99.3097,10.0695,13.3821,381.724,689.827,385.334,4.37,13.94,50.73,30.96,433.66,1383.93,5038.31,3075.07,438.13,0.0,38427.6,64.49,4071,1479,10,873,138,1694,370,3,370,0,0.0,0.0,60.28,530.07,0.0,0,140,3236,0,0,324,0,6317,,0.36
fair,batched-par k=4 suspects,,"{""batch_k"": 4, ""queue_suspects"": true}",batched-par,8,100,1000,10,True,1000,84.3658,11.8531,12.6152,379.579,752.732,414.171,4.88,16.07,65.75,13.3,411.47,1355.91,5546.95,1122.26,64.2,0.0,42180.3,83.33,4475,1642,10,1099,177,1885,347,3,347,0,0.0,0.0,16.33,255.33,0.0,0,178,3603,0,0,289,0,6924,,0.39
fair,beanstalk quarantine,,"{""green_mode"": ""quarantine""}",beanstalk,1,100,1000,10,True,1000,105.7666,9.4548,8.9986,482.582,1345.725,527.239,3.97,10.4,0.06,85.56,420.41,1099.94,6.71,9049.6,13.78,9017.08,11243.0,17.72,1112,0,10,549,75,399,330,2,330,883,990.31,404.96,33.97,290.42,6207.5,45,0,0,115,184,226,928,4750,,0.35
fair,batched-par k=4 suspects,,"{""batch_k"": 4, ""queue_suspects"": true}",batched-par,7,100,1000,10,True,1000,75.9425,13.1678,15.1309,329.566,599.893,343.475,5.61,16.25,59.13,19.01,425.68,1234.15,4490.44,1443.99,112.27,0.0,34721.2,76.2,3670,1337,10,957,228,1458,321,1,321,0,0.0,0.0,24.57,369.18,0.0,0,123,2889,0,0,276,0,5949,,0.43
fair,beanstalk quarantine,,"{""green_mode"": ""quarantine""}",beanstalk,2,100,1000,10,True,1000,83.8296,11.929,10.9408,343.838,1123.65,413.616,5.19,11.52,0.08,83.21,434.8,965.93,6.68,6975.54,24.31,6661.68,11373.1,22.61,1138,0,10,563,61,411,309,4,309,878,806.14,357.58,20.54,181.14,4787.3,30,0,0,122,174,203,964,4750,,0.34
fair,beanstalk quarantine,,"{""green_mode"": ""quarantine""}",beanstalk,3,100,1000,10,True,1000,113.3291,8.8239,9.171,490.032,1243.237,514.585,3.46,9.6,0.06,86.87,392.43,1088.08,7.1,9845.29,21.73,9802.95,11407.0,16.78,1132,0,10,641,110,428,340,2,340,898,879.17,378.13,29.84,188.1,6399.4,33,0,0,118,179,235,953,4949,,0.35
fair,beanstalk quarantine,,"{""green_mode"": ""quarantine""}",beanstalk,4,100,1000,10,True,1000,99.1206,10.0887,10.5902,454.605,1372.626,523.213,4.41,10.73,0.07,84.79,436.73,1063.75,6.84,8404.74,21.76,8333.58,11475.0,19.29,1141,0,10,602,72,374,337,0,337,891,1056.04,398.67,27.13,330.15,5785.4,36,0,0,111,140,236,1001,4909,,0.35
fair,beanstalk quarantine,,"{""green_mode"": ""quarantine""}",beanstalk,5,100,1000,10,True,1000,123.6222,8.0892,8.7063,396.879,1497.76,526.799,3.49,9.81,0.06,86.64,431.22,1212.87,6.93,10711.2,31.16,10546.87,11664.1,15.73,1165,0,10,573,82,328,385,1,385,894,1020.01,417.96,27.58,246.8,7168.8,43,0,0,119,136,283,1029,4961,,0.36
fair,beanstalk quarantine,,"{""green_mode"": ""quarantine""}",beanstalk,6,100,1000,10,True,1000,125.2896,7.9815,7.6672,331.696,1088.831,444.309,3.39,9.43,0.06,87.12,425.13,1181.93,6.93,10914.97,44.93,10447.83,12021.4,15.99,1201,0,10,618,91,481,339,3,339,871,783.44,346.75,26.91,218.9,7363.6,30,0,0,122,200,231,1001,5003,,0.33
fair,beanstalk quarantine,,"{""green_mode"": ""quarantine""}",beanstalk,7,100,1000,10,True,1000,93.8338,10.6571,10.9003,335.563,1282.187,425.841,4.54,10.73,0.07,84.66,425.68,1007.23,6.52,7943.95,12.2,7780.5,10796.1,19.18,1075,0,10,560,93,417,288,3,288,889,1076.6,374.43,25.01,232.66,5216.4,31,0,0,91,123,214,952,4655,,0.34
fair,beanstalk quarantine,,"{""green_mode"": ""quarantine""}",beanstalk,8,100,1000,10,True,1000,108.3429,9.23,9.0028,313.367,1519.217,454.037,3.8,10.05,0.06,86.09,411.47,1088.52,7.02,9327.28,20.18,9247.16,11610.9,17.86,1156,0,10,624,66,455,338,3,338,889,1111.95,380.18,25.69,258.76,6256.3,35,0,0,127,172,227,984,4956,,0.33
fair,beanstalk quarantine,,"{""green_mode"": ""quarantine""}",beanstalk,9,100,1000,10,True,1000,106.8547,9.3585,10.2879,325.575,1068.688,390.738,4.06,9.92,0.06,85.96,433.66,1059.84,6.63,9185.33,19.85,9140.05,11875.5,18.52,1178,0,10,514,69,430,348,2,348,893,865.95,324.87,23.58,157.61,6111.1,34,0,0,122,184,245,994,4780,,0.33
fair,beanstalk no-budget,,"{""budget"": false}",beanstalk,1,100,1000,10,True,1000,76.6588,13.0448,,4231.939,4579.636,4187.224,5.48,23.96,0.11,70.45,420.41,1836.59,8.54,5400.34,54.11,0.0,11290.0,24.55,1121,0,10,994,119,892,403,8,403,987,1806.67,189.88,2283.7,4583.4,0.0,58,0,0,129,227,282,894,5787,,0.37
fair,beanstalk no-budget,,"{""budget"": false}",beanstalk,0,100,1000,10,True,1000,44.7017,22.3705,,2254.67,2664.38,2228.672,9.33,41.84,0.21,48.61,417.26,1870.49,9.41,2173.0,24.9,0.0,11429.3,42.61,1138,0,10,1198,123,931,388,2,388,990,1157.51,187.17,1341.05,2682.1,0.0,63,0,0,125,206,265,932,6133,,0.39
fair,beanstalk no-budget,,"{""budget"": false}",beanstalk,2,100,1000,10,True,1000,66.8812,14.9519,,3598.019,3993.61,3531.65,6.5,28.53,0.13,64.84,434.8,1907.81,8.87,4336.64,136.45,0.0,11634.1,28.99,1163,0,10,1090,93,897,377,7,377,988,1201.96,205.64,1989.17,3995.55,0.0,62,0,0,125,255,259,908,5980,,0.37
fair,beanstalk no-budget,,"{""budget"": false}",beanstalk,3,100,1000,10,True,1000,40.3643,24.7744,,2051.822,2403.103,1988.485,9.72,45.49,0.23,44.56,392.43,1836.09,9.37,1798.53,1.51,0.0,11230.5,46.37,1116,0,10,1217,143,876,374,4,374,986,1427.59,190.27,1197.15,2408.0,0.0,65,0,0,120,238,258,878,6147,,0.39
fair,beanstalk no-budget,,"{""budget"": false}",beanstalk,4,100,1000,10,True,1000,84.3648,11.8533,,4642.247,5039.303,4600.325,5.18,25.21,0.11,69.51,436.73,2126.51,9.36,5863.89,169.37,0.0,12059.3,23.82,1196,0,10,1199,145,931,436,5,436,988,1283.16,196.12,2518.69,5049.6,0.0,57,0,0,139,263,302,933,6337,,0.39
fair,beanstalk no-budget,,"{""budget"": false}",beanstalk,5,100,1000,10,True,1000,51.3349,19.4799,,2653.068,3061.981,2627.509,8.4,36.66,0.18,54.76,431.22,1882.13,8.99,2811.15,0.08,0.0,11236.1,36.48,1116,0,10,1131,104,945,358,8,358,984,1248.75,186.48,1528.09,3068.09,0.0,58,0,0,105,169,261,947,5951,,0.38
fair,beanstalk no-budget,,"{""budget"": false}",beanstalk,7,100,1000,10,True,1000,41.8779,23.879,,2135.486,2492.903,2081.722,10.16,40.53,0.21,49.1,425.68,1697.44,8.6,2056.07,73.62,0.0,10671.1,42.47,1067,0,10,1056,137,918,323,6,323,987,1162.49,196.97,1239.27,2495.5,0.0,58,0,0,88,145,241,922,5704,,0.37
fair,beanstalk no-budget,,"{""budget"": false}",beanstalk,6,100,1000,10,True,1000,52.1457,19.177,,2719.259,3109.104,2644.916,8.15,41.14,0.18,50.52,425.13,2145.38,9.52,2634.55,45.11,0.0,12267.9,39.21,1224,0,10,1220,155,993,432,3,432,984,1155.2,193.63,1548.32,3112.62,0.0,61,0,0,139,227,296,997,6388,,0.4
fair,beanstalk no-budget,,"{""budget"": false}",beanstalk,8,100,1000,10,True,1000,46.6684,21.4278,,2414.032,2780.212,2347.709,8.82,43.15,0.2,47.84,411.47,2013.54,9.4,2232.43,4.07,0.0,11538.9,41.21,1146,0,10,1224,102,940,376,2,376,988,1120.66,188.88,1384.15,2784.13,0.0,52,0,0,121,200,257,946,6207,,0.39
fair,beanstalk no-budget,,"{""budget"": false}",beanstalk,9,100,1000,10,True,1000,70.5348,14.1774,,3852.776,4212.726,3807.576,6.15,28.01,0.12,65.71,433.66,1976.0,8.76,4635.06,5.09,0.0,12052.3,28.48,1201,0,10,1014,73,958,438,2,438,984,1306.39,183.44,2116.04,4232.09,0.0,50,0,0,142,242,298,959,5975,,0.38
fair,beanstalk-noplace quarantine,,"{""green_mode"": ""quarantine""}",beanstalk-noplace,0,100,1000,10,True,1000,109.1355,9.1629,8.8367,418.582,1327.734,517.526,3.82,9.41,0.06,86.71,417.26,1026.46,6.81,9463.01,19.7,9441.36,10841.6,16.56,1077,0,10,607,73,370,287,5,287,0,1205.77,415.92,56.14,560.95,6315.2,27,0,0,105,164,195,913,4744,,0.14
fair,beanstalk-noplace quarantine,,"{""green_mode"": ""quarantine""}",beanstalk-noplace,1,100,1000,10,True,1000,105.4441,9.4837,8.4048,295.254,1635.86,489.905,3.99,9.71,0.06,86.24,420.41,1024.3,6.61,9093.09,5.96,9048.97,11050.6,17.47,1101,0,10,536,76,470,320,4,320,0,1449.58,432.29,39.53,391.07,6087.7,36,0,0,112,159,229,942,4705,,0.14
fair,beanstalk-noplace quarantine,,"{""green_mode"": ""quarantine""}",beanstalk-noplace,3,100,1000,10,True,1000,114.2112,8.7557,9.3776,462.814,1506.176,561.216,3.44,9.53,0.06,86.98,392.43,1087.89,7.06,9933.73,24.85,9594.41,11262.9,16.44,1120,0,10,652,87,390,336,1,336,0,1135.01,432.85,33.7,256.63,6329.1,38,0,0,119,160,231,960,4977,,0.16
fair,beanstalk-noplace quarantine,,"{""green_mode"": ""quarantine""}",beanstalk-noplace,2,100,1000,10,True,1000,108.8027,9.1909,9.0042,370.237,1068.149,441.16,4.0,9.71,0.06,86.23,434.8,1056.25,6.66,9382.56,23.22,9330.9,11471.9,17.57,1144,0,10,552,78,400,318,3,318,0,941.45,371.71,36.25,395.04,6016.0,39,0,0,123,158,207,986,4755,,0.23
fair,beanstalk-noplace quarantine,,"{""green_mode"": ""quarantine""}",beanstalk-noplace,4,100,1000,10,True,1000,110.0549,9.0864,9.7076,356.298,1150.952,445.213,3.97,10.34,0.06,85.62,436.73,1138.51,6.89,9423.36,42.36,9354.56,11911.3,18.04,1181,0,10,621,82,380,334,2,334,0,921.88,353.17,30.56,288.89,6471.3,32,0,0,124,196,226,985,4985,,0.14
fair,beanstalk-noplace quarantine,,"{""green_mode"": ""quarantine""}",beanstalk-noplace,5,100,1000,10,True,1000,118.514,8.4378,8.4793,399.289,1407.064,490.162,3.64,9.23,0.06,87.08,431.22,1093.59,6.9,10319.68,11.63,10263.51,11689.3,16.44,1168,0,10,614,56,442,323,3,323,0,1127.63,389.11,31.29,212.15,6905.3,30,0,0,97,152,236,1016,4914,,0.14
fair,beanstalk quarantine no-budget,,"{""budget"": false, ""green_mode"": ""quarantine""}",beanstalk,0,100,1000,10,True,1000,100.9188,9.909,10.327,1558.73,5070.944,1959.752,4.13,15.32,0.08,80.46,417.26,1546.08,8.2,8120.34,53.57,0.0,11913.7,19.68,1186,0,10,916,90,456,338,3,338,990,3305.13,1460.08,32.1,320.8,0.0,31,0,0,120,181,234,1005,5554,,0.86
fair,beanstalk quarantine no-budget,,"{""budget"": false, ""green_mode"": ""quarantine""}",beanstalk,1,100,1000,10,True,1000,77.9701,12.8254,23.7609,1364.848,2473.604,1229.446,5.39,19.58,0.1,74.93,420.41,1526.55,8.01,5842.04,18.14,0.0,10281.4,21.98,1019,0,10,873,121,189,335,3,335,987,1549.37,813.77,88.64,548.38,0.0,155,0,0,112,148,236,871,5280,,0.87
fair,beanstalk quarantine no-budget,,"{""budget"": false, ""green_mode"": ""quarantine""}",beanstalk,5,100,1000,10,True,1000,70.558,14.1727,13.5916,1289.762,3555.767,1534.711,6.11,21.61,0.12,72.16,431.22,1524.57,8.27,5091.74,36.57,0.0,11234.7,26.54,1123,0,10,933,97,418,323,4,323,984,2755.62,1104.55,18.68,234.01,0.0,54,0,0,104,149,234,974,5481,,0.79
fair,beanstalk-noplace quarantine,,"{""green_mode"": ""quarantine""}",beanstalk-noplace,6,100,1000,10,True,1000,130.3105,7.674,8.4398,457.024,1435.671,543.853,3.26,9.24,0.05,87.44,425.13,1204.36,6.96,11394.6,25.1,11159.34,12330.9,15.77,1221,0,10,610,85,411,371,5,371,0,1178.01,389.44,37.61,333.97,7179.7,41,0,0,137,193,263,1028,5086,,0.16
fair,beanstalk-noplace quarantine,,"{""green_mode"": ""quarantine""}",beanstalk-noplace,7,100,1000,10,True,1000,96.1625,10.3991,10.3736,500.049,1258.892,570.626,4.43,11.32,0.07,84.19,425.68,1088.38,6.65,8095.54,17.84,8064.78,10538.8,18.27,1054,0,10,578,119,303,302,3,302,0,1115.4,434.32,27.04,321.77,5565.6,38,0,0,106,116,213,938,4713,,0.16
fair,beanstalk quarantine no-budget,,"{""budget"": false, ""green_mode"": ""quarantine""}",beanstalk,4,100,1000,10,True,1000,90.9158,10.9992,9.9353,1572.863,4725.411,1984.581,4.8,18.04,0.09,77.06,436.73,1640.55,8.21,7006.09,59.06,0.0,12044.5,22.08,1194,0,10,914,108,307,360,4,360,988,3249.09,1433.31,24.59,218.88,0.0,35,0,0,116,188,258,1006,5609,,0.85
main,serial,,{},serial,0,100,1000,10,True,1000,223.8792,4.4667,4.5276,1280.777,1466.859,1238.788,1.86,3.99,88.23,5.91,417.26,894.06,19752.4,1324.19,54.24,0.0,13317.5,9.91,1298,0,1,567,127,298,277,21,277,0,0.0,0.0,8.36,77.48,0.0,0,0,0,0,0,0,0,3163,,0.1
main,serial,,{},serial,1,100,1000,10,True,1000,227.8024,4.3898,4.4164,1300.899,1506.962,1257.968,1.85,4.04,88.0,6.12,420.41,920.05,20046.09,1393.69,29.63,0.0,13484.2,9.87,1320,0,1,548,111,320,293,27,293,0,0.0,0.0,9.21,138.39,0.0,0,0,0,0,0,0,0,3188,,0.1
fair,beanstalk quarantine no-budget,,"{""budget"": false, ""green_mode"": ""quarantine""}",beanstalk,3,100,1000,10,True,1000,62.5042,15.9989,24.0498,1653.563,2387.835,1495.463,6.28,25.82,0.14,67.76,392.43,1614.03,8.79,4235.17,10.9,0.0,10656.7,28.42,1063,0,10,1040,129,300,361,3,361,986,1865.94,871.59,27.41,173.35,0.0,200,0,0,116,185,253,878,5678,,0.93
fair,beanstalk quarantine no-budget,,"{""budget"": false, ""green_mode"": ""quarantine""}",beanstalk,7,100,1000,10,True,1000,89.1614,11.2156,10.5305,1355.033,4402.662,1715.105,4.77,17.19,0.09,77.95,425.68,1532.81,7.94,6949.71,82.67,0.0,11505.8,21.51,1148,0,10,866,112,437,328,3,328,987,3348.12,1370.16,32.37,342.88,0.0,47,0,0,103,149,247,999,5395,,0.81
fair,beanstalk-noplace quarantine,,"{""green_mode"": ""quarantine""}",beanstalk-noplace,8,100,1000,10,True,1000,120.2386,8.3168,8.0942,252.104,1054.112,351.643,3.42,9.4,0.06,87.12,411.47,1130.01,7.08,10475.3,5.93,10432.2,11522.8,15.97,1146,0,10,645,87,455,319,5,319,0,925.97,305.43,39.04,335.44,7005.2,32,0,0,118,196,214,950,4935,,0.19
main,serial,,{},serial,2,100,1000,10,True,1000,224.2811,4.4587,4.4874,1283.536,1472.501,1224.429,1.94,3.6,87.38,7.07,434.8,808.41,19598.74,1586.16,61.68,0.0,13198.4,9.81,1287,0,1,539,112,287,268,19,268,0,0.0,0.0,9.86,205.8,0.0,0,0,0,0,0,0,0,3113,,0.1
fair,beanstalk quarantine no-budget,,"{""budget"": false, ""green_mode"": ""quarantine""}",beanstalk,2,100,1000,10,True,1000,46.546,21.4841,23.5159,1305.735,2177.617,1219.562,9.34,33.28,0.18,57.19,434.8,1549.25,8.5,2662.04,25.31,0.0,10732.6,38.43,1071,0,10,998,98,271,343,5,343,988,1487.93,718.81,22.97,188.12,0.0,192,0,0,124,202,238,869,5605,,0.98
main,serial,,{},serial,3,100,1000,10,True,1000,225.3181,4.4382,4.4617,1280.514,1481.44,1244.175,1.74,3.69,88.34,6.23,392.43,830.66,19905.58,1403.14,102.94,0.0,13354.5,9.88,1299,0,1,586,125,299,290,9,290,0,0.0,0.0,8.76,95.43,0.0,0,0,0,0,0,0,0,3184,,0.1
fair,beanstalk quarantine no-budget,,"{""budget"": false, ""green_mode"": ""quarantine""}",beanstalk,9,100,1000,10,True,1000,82.6422,12.1004,12.0856,1499.464,3848.363,1705.381,5.25,18.87,0.1,75.79,433.66,1559.65,7.85,6263.06,26.2,0.0,11532.3,23.26,1143,0,10,854,69,309,327,3,327,984,2747.02,1260.7,26.83,334.65,0.0,51,0,0,118,162,229,981,5374,,0.87
main,serial,,{},serial,4,100,1000,10,True,1000,232.3218,4.3044,4.4267,1299.25,1527.463,1258.366,1.88,4.04,86.23,7.85,436.73,939.31,20033.45,1822.69,34.49,0.0,13586.1,9.75,1327,0,1,550,121,327,313,14,313,0,0.0,0.0,10.77,229.18,0.0,0,0,0,0,0,0,0,3204,,0.11
main,serial,,{},serial,5,100,1000,10,True,1000,224.2224,4.4599,4.4597,1285.76,1489.865,1246.822,1.92,4.07,88.6,5.4,431.22,913.67,19866.7,1210.65,48.21,0.0,13372.5,9.94,1309,0,1,577,97,309,290,19,290,0,0.0,0.0,8.29,55.11,0.0,0,0,0,0,0,0,0,3195,,0.11
fair,beanstalk quarantine no-budget,,"{""budget"": false, ""green_mode"": ""quarantine""}",beanstalk,8,100,1000,10,True,1000,59.1264,16.9129,23.1696,1003.332,2292.13,1092.047,6.96,28.41,0.15,64.48,411.47,1679.61,8.91,3812.66,29.02,0.0,10724.5,30.23,1066,0,10,1105,97,118,346,3,346,988,1474.12,627.32,25.68,185.5,0.0,142,0,0,136,149,232,917,5800,,0.89
main,serial,,{},serial,6,100,1000,10,True,1000,232.2889,4.305,4.3079,1326.289,1547.562,1285.74,1.83,4.55,87.7,5.92,425.13,1056.34,20372.67,1374.75,32.91,0.0,13760.2,9.87,1345,0,1,603,128,345,322,23,322,0,0.0,0.0,9.12,88.39,0.0,0,0,0,0,0,0,0,3293,,0.11
main,serial,,{},serial,8,100,1000,10,True,1000,226.3482,4.418,4.5147,1275.675,1482.713,1235.413,1.82,3.88,87.08,7.22,411.47,878.77,19711.45,1633.13,19.29,0.0,13281.4,9.78,1296,0,1,580,115,296,281,15,281,0,0.0,0.0,10.87,272.1,0.0,0,0,0,0,0,0,0,3172,,0.1
main,serial,,{},serial,9,100,1000,10,True,1000,238.7302,4.1888,4.4387,1293.9,1503.95,1248.453,1.82,3.82,83.34,11.02,433.66,912.92,19894.63,2631.81,157.95,0.0,13410.1,9.36,1306,0,1,534,86,306,282,24,282,0,0.0,0.0,30.03,793.56,0.0,0,0,0,0,0,0,0,3146,,0.1
fair,beanstalk-noplace quarantine,,"{""green_mode"": ""quarantine""}",beanstalk-noplace,9,100,1000,10,True,1000,117.3083,8.5245,9.9646,492.942,1989.568,704.292,3.7,10.16,0.06,86.09,433.66,1191.42,6.89,10098.86,33.4,9870.68,10706.3,15.21,1063,0,10,593,72,292,336,1,336,0,1646.45,529.7,74.36,776.89,6632.1,43,0,0,107,130,244,933,4810,,0.26
fair,beanstalk quarantine no-budget,,"{""budget"": false, ""green_mode"": ""quarantine""}",beanstalk,6,100,1000,10,True,1000,69.4185,14.4054,20.214,1162.418,2550.127,1240.411,6.12,28.64,0.13,65.1,425.13,1988.24,9.35,4519.14,35.92,0.0,11901.7,28.57,1183,0,10,1168,123,198,416,3,416,984,1498.23,704.64,38.99,401.99,0.0,220,0,0,146,174,284,1009,6199,,0.96
main,serial,,{},serial,7,100,1000,10,True,1000,217.1858,4.6044,4.6775,1238.947,1430.723,1192.032,1.96,3.75,87.73,6.56,425.68,814.1,19053.1,1425.7,33.55,0.0,12867.1,9.87,1260,0,1,530,133,260,247,13,247,0,0.0,0.0,8.61,132.08,0.0,0,0,0,0,0,0,0,3050,,0.17
main,beanstalk-noplace,,{},beanstalk-noplace,0,100,1000,10,True,1000,73.5515,13.5959,26.3568,726.041,1872.734,878.011,5.67,15.26,0.1,78.97,417.26,1122.1,7.42,5808.36,25.42,5357.09,10287.1,23.31,1022,0,10,745,76,781,310,4,310,0,598.83,140.68,579.5,1890.47,4175.4,32,0,0,96,208,218,814,4988,,0.11
main,beanstalk-noplace,,{},beanstalk-noplace,1,100,1000,10,True,1000,91.3696,10.9446,10.7394,852.027,1831.652,905.938,4.6,13.43,0.08,81.89,420.41,1226.83,7.35,7482.37,21.43,7150.11,10843.6,19.78,1079,0,10,672,102,850,374,5,374,0,744.83,138.98,583.14,1836.12,5133.4,35,0,0,106,203,274,876,5035,,0.1
main,beanstalk-noplace,,{},beanstalk-noplace,2,100,1000,10,True,1000,89.2207,11.2082,13.6842,760.38,2084.838,1043.862,4.87,12.48,0.08,82.57,434.8,1113.1,7.1,7367.07,3.34,7338.56,11038.3,20.62,1100,0,10,650,76,790,338,7,338,0,430.02,135.56,753.85,2090.0,5107.2,36,0,0,119,284,226,816,4939,,0.1
main,beanstalk,,{},beanstalk,0,100,1000,10,True,1000,99.5836,10.0418,28.2849,1691.257,3684.724,1896.408,4.19,12.18,0.07,83.55,417.26,1213.3,7.28,8320.52,30.29,7909.74,10749.2,17.99,1075,0,10,696,92,800,343,5,343,905,758.27,146.09,1409.67,3702.44,5747.3,34,0,0,117,265,231,810,5030,,0.32
main,beanstalk-noplace,,{},beanstalk-noplace,3,100,1000,10,True,1000,112.8601,8.8605,9.021,1306.636,1893.236,1169.599,3.48,10.77,0.07,85.68,392.43,1215.78,7.73,9670.07,13.42,9611.5,11079.2,16.36,1102,0,10,772,96,851,375,5,375,0,714.6,134.82,649.15,1894.76,5917.5,30,0,0,134,236,246,866,5240,,0.11
main,beanstalk,,{},beanstalk,2,100,1000,10,True,1000,111.9592,8.9318,9.7121,1037.301,3032.409,1270.486,3.88,10.7,0.06,85.35,434.8,1198.12,7.08,9555.91,15.21,9380.04,11167.1,16.62,1113,0,10,624,82,830,375,5,375,894,562.11,138.86,949.94,3042.92,6280.9,32,0,0,124,252,256,861,4975,,0.3
main,beanstalk,,{},beanstalk,3,100,1000,10,True,1000,94.0209,10.6359,15.3438,644.234,1280.914,802.691,4.17,12.25,0.08,83.49,392.43,1152.08,7.61,7849.97,36.16,7243.81,10782.7,19.11,1071,0,10,768,88,803,341,4,341,898,751.89,137.54,434.19,1284.11,4762.0,32,0,0,109,235,237,836,5129,,0.31
main,beanstalk,,{},beanstalk,1,100,1000,10,True,1000,101.3409,9.8677,8.9488,979.07,1835.003,1037.41,4.15,11.74,0.07,84.04,420.41,1189.69,6.99,8517.0,14.53,8239.7,10712.1,17.62,1065,0,10,591,96,817,362,6,362,894,770.73,144.9,652.04,1836.51,5815.9,32,0,0,105,218,264,847,4852,,0.37
main,beanstalk,,{},beanstalk,5,100,1000,10,True,1000,93.0127,10.7512,10.2023,841.549,1522.217,982.675,4.64,12.65,0.08,82.64,431.22,1176.43,7.38,7686.24,0.52,7578.05,10668.1,19.12,1063,0,10,723,95,869,345,1,345,902,707.7,134.22,604.66,1523.54,5401.8,32,0,0,101,172,245,891,5053,,0.31
main,beanstalk,,{},beanstalk,6,100,1000,10,True,1000,105.492,9.4794,11.8436,1237.355,2438.391,1294.497,4.03,12.41,0.07,83.49,425.13,1309.01,7.51,8807.56,4.05,8729.87,11327.3,17.9,1129,0,10,748,113,843,371,5,371,883,653.33,141.55,901.67,2441.58,6112.5,36,0,0,122,263,254,866,5249,,0.31
main,beanstalk,,{},beanstalk,7,100,1000,10,True,1000,86.9485,11.5011,11.7,688.902,1726.439,782.606,4.9,13.64,0.08,81.38,425.68,1186.41,7.28,7075.49,18.12,6915.96,10438.0,20.01,1043,0,10,702,114,829,325,1,325,901,533.59,139.18,529.62,1729.15,5026.3,29,0,0,88,172,239,871,4942,,0.31
main,beanstalk,,{},beanstalk,8,100,1000,10,True,1000,101.8498,9.8184,11.3777,1812.6,3350.219,1801.36,4.04,12.37,0.07,83.52,411.47,1259.97,7.55,8505.99,1.22,8498.2,10861.0,17.77,1076,0,10,751,80,855,348,3,348,899,1059.06,146.41,1250.96,3355.96,5897.9,25,0,0,120,199,231,877,5140,,0.3
main,beanstalk,,{},beanstalk,9,100,1000,10,True,1000,130.8486,7.6424,6.7187,1998.337,4572.85,2080.852,3.31,9.27,0.05,87.36,433.66,1212.7,7.01,11431.49,20.46,11311.75,10816.8,13.78,1077,0,10,622,74,812,340,10,340,880,1307.15,154.02,1645.37,4580.04,7084.4,34,0,0,105,257,245,820,4878,,0.3
main,beanstalk,,{},beanstalk,4,100,1000,10,True,1000,92.2743,10.8373,11.3959,865.849,1441.291,851.052,4.73,13.39,0.08,81.8,436.73,1235.26,7.39,7548.04,16.23,7315.21,11304.2,20.42,1122,0,10,698,102,822,380,6,380,898,655.76,135.69,471.7,1443.49,5104.2,38,0,0,121,271,265,851,5159,,0.37
main,beanstalk-noplace,,{},beanstalk-noplace,6,100,1000,10,True,1000,144.7248,6.9097,7.0231,980.151,3451.902,1384.1,2.94,10.1,0.05,86.9,425.13,1462.23,7.91,12577.22,15.64,12497.45,11998.0,13.82,1192,0,10,797,117,926,422,4,422,0,621.57,142.75,1134.24,3456.86,7942.1,36,0,0,139,243,288,949,5494,,0.11
main,beanstalk-noplace,,{},beanstalk-noplace,7,100,1000,10,True,1000,96.6662,10.3449,10.1169,1037.799,2230.028,1190.469,4.4,12.78,0.08,82.74,425.68,1235.67,7.33,7997.94,44.56,7740.41,10573.5,18.23,1062,0,10,694,128,866,358,2,358,0,594.85,142.25,827.15,2235.74,5556.5,33,0,0,94,166,266,896,5019,,0.11
main,beanstalk-noplace,,{},beanstalk-noplace,9,100,1000,10,True,1000,113.6634,8.7979,9.4024,829.296,2003.143,961.856,3.82,10.65,0.06,85.47,433.66,1210.97,7.19,9714.52,44.03,9119.5,10854.8,15.92,1077,0,10,630,76,840,368,4,368,0,725.56,141.45,601.96,2010.46,6543.2,31,0,0,108,210,264,867,4943,,0.1
main,beanstalk-noplace,,{},beanstalk-noplace,4,100,1000,10,True,1000,123.6184,8.0894,7.1886,1038.486,3127.245,1426.442,3.53,11.41,0.06,84.99,436.73,1410.55,7.75,10506.81,1.21,10502.33,12088.4,16.3,1196,0,10,750,98,878,421,3,421,0,718.12,143.51,1024.94,3128.06,7195.4,35,0,0,151,292,274,904,5409,,0.17
main,beanstalk-noplace,,{},beanstalk-noplace,8,100,1000,10,True,1000,88.6795,11.2766,39.7679,1197.474,3607.916,1598.163,4.64,13.84,0.09,81.44,411.47,1227.11,7.63,7221.74,11.41,6864.57,10971.0,20.62,1090,0,10,753,73,831,357,2,357,0,891.87,142.52,1321.37,3613.01,5145.8,32,0,0,120,231,240,859,5145,,0.1
main,beanstalk-noplace,,{},beanstalk-noplace,5,100,1000,10,True,1000,97.6365,10.2421,10.1566,970.044,1274.348,879.238,4.42,12.58,0.08,82.93,431.22,1228.29,7.47,8096.67,0.97,7997.25,10659.4,18.2,1065,0,10,738,82,862,338,2,338,0,718.3,143.48,510.68,1275.88,5663.6,33,0,0,98,171,242,894,5067,,0.16
queue,batched k=1,,"{""batch_k"": 1}",batched,1,100,1000,10,True,1000,70.9127,14.1019,14.4388,345.879,639.348,362.535,5.93,16.09,69.12,8.86,420.41,1140.75,4901.5,628.6,33.18,0.0,37206.9,87.45,4115,1207,10,730,154,822,339,14,339,0,0.0,0.0,8.55,75.66,0.0,0,0,2762,0,0,0,0,6198,,0.16
queue,batched k=1,,"{""batch_k"": 1}",batched,0,100,1000,10,True,1000,87.7381,11.3976,15.3533,317.195,563.469,342.666,4.76,14.07,51.02,30.15,417.26,1234.68,4476.42,2645.46,443.33,0.0,34848.7,66.2,3865,1112,10,809,150,710,314,19,314,0,0.0,0.0,129.9,1129.8,0.0,0,0,2532,0,0,0,0,6007,,0.16
queue,batched k=1,,"{""batch_k"": 1}",batched,2,100,1000,10,True,1000,71.2497,14.0351,15.2813,323.115,583.723,339.709,6.1,16.15,63.31,14.43,434.8,1150.84,4510.97,1028.36,81.12,0.0,34743.4,81.27,3826,1113,10,746,140,686,319,17,319,0,0.0,0.0,11.45,126.41,0.0,0,0,2490,0,0,0,0,5908,,0.15
queue,batched k=1,,"{""batch_k"": 1}",batched,3,100,1000,10,True,1000,77.1447,12.9627,14.7441,338.963,601.687,361.892,5.09,14.52,63.67,16.73,392.43,1119.94,4911.59,1290.5,79.6,0.0,36431.7,78.71,4003,1166,10,792,146,767,337,13,337,0,0.0,0.0,19.16,295.59,0.0,0,0,2653,0,0,0,0,6145,,0.17
queue,batched k=1,,"{""batch_k"": 1}",batched,4,100,1000,10,True,1000,75.8237,13.1885,14.8045,331.502,619.014,361.708,5.76,16.37,63.13,14.73,436.73,1241.39,4787.07,1117.17,35.66,0.0,36804.1,80.9,4064,1250,10,743,144,765,329,26,329,0,0.0,0.0,12.98,199.33,0.0,0,0,2709,0,0,0,0,6162,,0.17
queue,batched k=1,,"{""batch_k"": 1}",batched,5,100,1000,10,True,1000,77.1089,12.9687,14.4236,329.556,662.292,365.178,5.59,16.15,62.78,15.48,431.22,1245.36,4840.95,1193.36,133.34,0.0,37082.4,80.15,4081,1230,10,796,123,766,333,20,333,0,0.0,0.0,12.93,146.65,0.0,0,0,2728,0,0,0,0,6230,,0.16
queue,batched k=1,,"{""batch_k"": 1}",batched,7,100,1000,10,True,1000,75.7853,13.1952,15.7502,308.837,609.624,331.763,5.62,15.33,57.63,21.42,425.68,1161.92,4367.46,1623.47,218.35,0.0,34149.9,75.1,3777,1141,10,719,177,663,306,17,306,0,0.0,0.0,28.89,425.05,0.0,0,0,2454,0,0,0,0,5819,,0.16
queue,batched k=1,,"{""batch_k"": 1}",batched,6,100,1000,10,True,1000,77.057,12.9774,13.9427,357.371,647.621,380.121,5.52,16.58,65.64,12.27,425.13,1277.5,5057.84,945.23,25.68,0.0,38684.9,83.67,4259,1274,10,805,154,835,357,16,357,0,0.0,0.0,10.34,99.83,0.0,0,0,2886,0,0,0,0,6437,,0.17
queue,batched k=1,,"{""batch_k"": 1}",batched,9,100,1000,10,True,1000,92.1246,10.8549,15.3352,317.345,558.964,341.258,4.71,12.65,49.08,33.55,433.66,1165.76,4521.88,3091.16,432.9,0.0,34772.1,62.91,3852,1166,10,684,103,729,312,20,312,0,0.0,0.0,76.61,710.27,0.0,0,0,2520,0,0,0,0,5868,,0.15
queue,batched k=1,,"{""batch_k"": 1}",batched,8,100,1000,10,True,1000,75.1222,13.3116,15.1659,313.762,599.523,347.41,5.48,16.53,60.55,17.45,411.47,1241.46,4548.71,1310.58,63.86,0.0,35592.9,78.97,3952,1223,10,825,145,679,317,26,317,0,0.0,0.0,17.43,237.07,0.0,0,0,2609,0,0,0,0,6120,,0.16
queue,batched-par k=1,,"{""batch_k"": 1}",batched-par,1,100,1000,10,True,1000,54.6682,18.2922,21.0095,202.973,527.89,244.003,7.69,24.2,50.19,17.92,420.41,1323.1,2743.62,979.69,96.41,0.0,25963.7,79.16,3148,1109,10,799,171,579,352,20,352,0,0.0,0.0,14.36,242.69,0.0,0,0,1776,0,0,0,0,5319,,0.17
queue,batched-par k=1,,"{""batch_k"": 1}",batched-par,0,100,1000,10,True,1000,65.4853,15.2706,20.2584,226.054,503.692,262.976,6.37,20.68,46.25,26.7,417.26,1354.03,3028.89,1748.35,79.0,0.0,27772.5,70.68,3278,1125,10,912,176,636,342,21,342,0,0.0,0.0,42.25,515.74,0.0,0,0,1915,0,0,0,0,5553,,0.19
queue,batched-par k=1,,"{""batch_k"": 1}",batched-par,4,100,1000,10,True,1000,61.9895,16.1318,20.2818,215.427,537.167,256.45,7.05,21.84,47.11,24.0,436.73,1354.09,2920.08,1488.05,103.71,0.0,27159.9,73.02,3245,1113,10,817,153,641,357,16,357,0,0.0,0.0,15.29,196.89,0.0,0,0,1872,0,0,0,0,5435,,0.17
queue,batched-par k=1,,"{""batch_k"": 1}",batched-par,3,100,1000,10,True,1000,61.9623,16.1388,18.9651,233.512,544.876,267.728,6.33,20.45,51.56,21.65,392.43,1267.22,3194.91,1341.66,184.44,0.0,28627.4,77.0,3321,1183,10,871,153,653,357,33,357,0,0.0,0.0,13.83,177.21,0.0,0,0,1931,0,0,0,0,5582,,0.18
queue,batched-par k=1,,"{""batch_k"": 1}",batched-par,5,100,1000,10,True,1000,71.2381,14.0374,19.8875,215.721,559.24,259.383,6.05,20.2,40.49,33.26,431.22,1438.78,2884.27,2369.54,444.42,0.0,27114.8,63.44,3220,1138,10,924,143,595,341,21,341,0,0.0,0.0,104.89,922.1,0.0,0,0,1858,0,0,0,0,5506,,0.18
queue,batched-par k=1,,"{""batch_k"": 1}",batched-par,6,100,1000,10,True,1000,63.2221,15.8173,18.382,235.902,584.516,276.167,6.72,23.67,49.14,20.47,425.13,1496.18,3106.6,1294.3,30.38,0.0,28894.7,76.17,3398,1193,10,908,168,679,369,25,369,0,0.0,0.0,13.29,226.33,0.0,0,0,2004,0,0,0,0,5700,,0.18
queue,batched-par k=1,,"{""batch_k"": 1}",batched-par,7,100,1000,10,True,1000,57.1015,17.5127,22.6499,186.871,537.53,231.151,7.45,22.01,45.45,25.08,425.68,1257.01,2595.52,1431.95,98.16,0.0,24742.6,72.22,2890,990,10,841,218,494,306,16,306,0,0.0,0.0,13.33,166.09,0.0,0,0,1568,0,0,0,0,5053,,0.17
queue,batched-par k=1,,"{""batch_k"": 1}",batched-par,2,100,1000,10,True,1000,60.4798,16.5344,20.1036,206.162,553.131,248.207,7.19,21.09,47.31,24.41,434.8,1275.52,2861.27,1476.39,111.44,0.0,26618.5,73.35,3157,1103,10,853,145,601,323,27,323,0,0.0,0.0,20.86,263.4,0.0,0,0,1807,0,0,0,0,5360,,0.23
queue,batched-par k=1,,"{""batch_k"": 1}",batched-par,9,100,1000,10,True,1000,63.3298,15.7904,20.3344,216.533,538.219,253.471,6.85,20.72,45.98,26.45,433.66,1312.37,2912.16,1674.8,227.05,0.0,27046.3,71.18,3188,1071,10,781,112,617,341,25,341,0,0.0,0.0,40.85,516.51,0.0,0,0,1822,0,0,0,0,5335,,0.17
main,batched k=4,,{},batched,0,20,200,2,True,200,36.9612,5.4111,6.3431,114.402,422.411,153.353,10.88,18.4,50.75,19.97,80.43,135.98,375.19,147.62,30.02,0.0,3500.5,78.92,376,85,2,50,4,174,55,0,55,0,0.0,0.0,30.25,228.59,0.0,0,106,128,0,0,0,0,681,,0.02
fair,batched k=1 released,,"{""batch_k"": 1, ""queue_agents"": ""released""}",batched,1,100,1000,10,True,1000,75.2194,13.2944,14.2375,1823.906,3522.064,1840.307,5.59,18.99,0.0,75.42,420.41,1428.5,0.0,5673.03,0.0,0.0,36909.4,81.78,4047,1189,10,1074,242,813,341,14,341,0,0.0,0.0,10.41,120.76,0.0,0,0,2692,0,0,0,0,6476,,0.2
main,batched k=4,,{},batched,1,20,200,2,True,200,38.2673,5.2264,6.7451,94.805,393.659,143.849,11.62,21.13,41.52,25.72,88.97,161.73,317.76,196.88,12.5,0.0,3255.3,70.89,346,70,2,24,4,158,49,1,49,0,0.0,0.0,39.48,255.97,0.0,0,91,114,0,0,0,0,620,,0.02
fair,batched k=1 released,,"{""batch_k"": 1, ""queue_agents"": ""released""}",batched,0,100,1000,10,True,1000,81.8667,12.215,14.1564,1927.301,3504.085,1842.694,5.1,16.4,0.0,78.5,417.26,1342.56,0.0,6426.85,0.0,0.0,37060.8,75.45,4065,1139,10,1032,224,824,342,21,342,0,0.0,0.0,29.76,464.51,0.0,0,0,2702,0,0,0,0,6460,,0.21
fair,batched k=1 released,,"{""batch_k"": 1, ""queue_agents"": ""released""}",batched,2,100,1000,10,True,1000,79.5206,12.5754,14.5896,1696.119,3312.17,1673.338,5.47,18.26,0.0,76.28,434.8,1451.7,0.0,6065.55,0.0,0.0,35640.2,74.7,3910,1145,10,1109,228,750,319,23,319,0,0.0,0.0,20.2,280.63,0.0,0,0,2568,0,0,0,0,6361,,0.2
queue,batched-par k=1,,"{""batch_k"": 1}",batched-par,8,100,1000,10,True,1000,56.6158,17.6629,20.3555,197.805,550.234,250.138,7.27,25.22,48.42,19.1,411.47,1427.67,2741.3,1081.14,38.13,0.0,26717.0,78.65,3153,1104,10,964,157,578,337,22,337,0,0.0,0.0,12.2,142.91,0.0,0,0,1794,0,0,0,0,5476,,0.23
main,batched k=4,,{},batched,2,20,200,2,True,200,22.4514,8.9081,9.0251,68.763,243.072,89.595,19.98,17.66,48.85,13.51,89.73,79.28,219.37,60.65,20.7,0.0,2295.2,85.19,237,45,2,28,3,90,28,0,28,0,0.0,0.0,17.06,67.22,0.0,0,55,72,0,0,0,0,493,,0.02
main,batched k=4,,{},batched,3,20,200,2,True,200,27.5168,7.2683,7.7843,82.846,327.599,116.237,15.92,19.91,50.49,13.68,87.61,109.6,277.86,75.27,7.24,0.0,2814.4,85.23,297,57,2,38,9,136,43,1,43,0,0.0,0.0,17.74,88.1,0.0,0,75,91,0,0,0,0,579,,0.02
main,batched k=4,,{},batched,4,20,200,2,True,200,34.2949,5.8318,6.7503,128.334,356.45,140.395,11.97,14.94,53.28,19.8,82.1,102.5,365.48,135.81,30.53,0.0,3266.7,79.38,347,83,2,32,5,158,48,1,48,0,0.0,0.0,34.79,252.24,0.0,0,93,121,0,0,0,0,628,,0.02
main,batched k=4,,{},batched,5,20,200,2,True,200,42.3631,4.7211,7.6631,80.159,359.128,128.127,9.79,14.63,35.78,39.8,82.94,123.96,303.13,337.23,0.0,0.0,2902.4,57.09,308,62,2,58,6,138,43,2,43,0,0.0,0.0,155.53,849.96,0.0,0,78,97,0,0,0,0,611,,0.02
main,batched k=4,,{},batched,7,20,200,2,True,200,24.6936,8.0993,10.0393,52.523,326.279,96.059,17.12,24.81,40.02,18.04,84.57,122.54,197.66,89.11,17.16,0.0,2361.0,79.68,259,58,2,40,4,105,36,0,36,0,0.0,0.0,19.14,125.35,0.0,0,60,79,0,0,0,0,535,,0.02
main,batched k=4,,{},batched,6,20,200,2,True,200,49.9319,4.0055,7.712,83.939,379.314,128.006,8.34,13.55,29.17,48.93,83.28,135.33,291.35,488.68,109.57,0.0,2843.6,47.46,308,66,2,41,3,135,44,0,44,0,0.0,0.0,270.08,1240.68,0.0,0,76,101,0,0,0,0,593,,0.02
main,batched k=4,,{},batched,9,20,200,2,True,200,35.6627,5.6081,8.0284,67.342,285.919,115.429,12.56,18.98,34.96,33.49,89.6,135.39,249.37,238.89,14.54,0.0,2674.0,62.48,284,62,2,43,4,121,42,0,42,0,0.0,0.0,74.57,461.36,0.0,0,68,91,0,0,0,0,569,,0.02
main,batched-aimd,,{},batched-aimd,0,20,200,2,True,200,34.748,5.7557,7.1469,108.572,329.313,136.209,11.57,19.91,45.43,23.09,80.43,138.34,315.69,160.5,42.22,0.0,3107.7,74.53,337,66,2,49,5,124,55,1,55,0,0.0,0.0,22.58,136.81,0.0,0,57,97,0,0,0,0,642,,0.02
main,batched-aimd,,{},batched-aimd,1,20,200,2,True,200,37.9448,5.2708,8.3126,76.849,394.635,120.785,11.72,22.61,30.44,35.22,88.97,171.6,231.01,267.31,0.0,0.0,2770.4,60.84,296,58,2,25,4,109,52,1,52,0,0.0,0.0,50.39,306.63,0.0,0,50,75,0,0,0,0,574,,0.02
main,batched-aimd,,{},batched-aimd,2,20,200,2,True,200,22.9187,8.7265,8.5177,74.928,272.218,97.792,19.58,21.79,49.32,9.31,89.73,99.89,226.09,42.67,7.52,0.0,2489.7,90.53,264,39,2,37,5,90,32,2,32,0,0.0,0.0,9.99,44.63,0.0,0,54,59,0,0,0,0,535,,0.02
main,batched-aimd,,{},batched-aimd,3,20,200,2,True,200,26.6315,7.5099,8.0031,92.609,308.628,116.208,16.45,20.48,52.24,10.83,87.61,109.1,278.25,57.66,3.5,0.0,2856.1,89.37,301,51,2,36,5,110,45,2,45,0,0.0,0.0,12.4,60.46,0.0,0,56,77,0,0,0,0,584,,0.02
main,batched-aimd,,{},batched-aimd,4,20,200,2,True,200,32.0098,6.2481,7.811,107.31,301.36,124.202,12.82,15.97,48.69,22.51,82.1,102.27,311.74,144.09,9.62,0.0,2947.3,76.73,312,53,2,30,9,121,48,2,48,0,0.0,0.0,31.23,278.32,0.0,0,55,80,0,0,0,0,592,,0.02
main,batched-aimd,,{},batched-aimd,6,20,200,2,True,200,49.2755,4.0588,7.5527,93.755,349.504,125.554,8.45,13.98,28.48,49.08,83.28,137.8,280.72,483.72,107.54,0.0,2826.8,47.81,303,58,2,41,6,106,46,2,46,0,0.0,0.0,280.24,1265.62,0.0,0,53,76,0,0,0,0,592,,0.02
main,batched-aimd,,{},batched-aimd,5,20,200,2,True,200,30.2353,6.6148,7.6632,94.55,331.868,120.919,13.72,18.64,48.02,19.63,82.94,112.7,290.36,118.7,7.43,0.0,2832.5,78.07,303,61,2,58,9,106,43,2,43,0,0.0,0.0,23.32,201.33,0.0,0,55,81,0,0,0,0,606,,0.02
main,batched k=4,,{},batched,8,20,200,2,True,200,65.3084,3.0624,9.2614,80.899,315.646,112.881,7.64,12.16,16.65,63.55,99.8,158.85,217.43,830.1,90.95,0.0,2488.1,31.75,264,56,2,34,3,100,39,0,39,0,0.0,0.0,542.42,1997.63,0.0,0,60,79,0,0,0,0,537,,0.06
main,batched-aimd,,{},batched-aimd,7,20,200,2,True,200,27.3804,7.3045,9.2543,68.034,331.372,106.919,15.44,26.06,39.02,19.47,84.57,142.7,213.7,106.64,7.25,0.0,2593.5,78.93,273,46,2,42,4,93,38,0,38,0,0.0,0.0,18.49,144.46,0.0,0,50,66,0,0,0,0,553,,0.02
fair,batched k=1 released,,"{""batch_k"": 1, ""queue_agents"": ""released""}",batched,4,100,1000,10,True,1000,77.368,12.9252,15.1603,1645.577,3300.579,1707.027,5.64,18.83,0.0,75.52,436.73,1457.0,0.0,5843.07,0.0,0.0,36787.1,79.25,4035,1199,10,1127,252,810,327,24,327,0,0.0,0.0,19.12,326.98,0.0,0,0,2684,0,0,0,0,6513,,0.2
fair,batched k=1 released,,"{""batch_k"": 1, ""queue_agents"": ""released""}",batched,3,100,1000,10,True,1000,81.3972,12.2854,14.6834,1877.186,3467.98,1834.248,4.82,17.74,0.0,77.44,392.43,1443.93,0.0,6303.35,0.0,0.0,36962.2,75.68,4032,1150,10,1167,294,828,339,20,339,0,0.0,0.0,23.2,375.94,0.0,0,0,2673,0,0,0,0,6558,,0.26
main,batched-aimd,,{},batched-aimd,8,20,200,2,True,200,65.617,3.048,9.1629,61.369,315.933,112.994,7.6,12.44,16.26,63.69,99.8,163.2,213.44,835.89,78.69,0.0,2502.1,31.78,264,50,2,38,4,83,36,4,36,0,0.0,0.0,601.11,2155.65,0.0,0,42,67,0,0,0,0,542,,0.02
fair,batched k=1 released,,"{""batch_k"": 1, ""queue_agents"": ""released""}",batched,5,100,1000,10,True,1000,92.2907,10.8353,15.0431,1818.47,3351.442,1801.144,4.67,16.65,0.0,78.68,431.22,1536.73,0.0,7261.12,0.0,0.0,37470.2,67.67,4119,1229,10,1163,224,860,334,23,334,0,0.0,0.0,66.75,775.7,0.0,0,0,2762,0,0,0,0,6639,,0.2
main,batched-aimd,,{},batched-aimd,9,20,200,2,True,200,35.794,5.5875,8.5076,80.669,247.409,113.84,12.52,17.71,35.3,34.48,89.6,126.79,252.67,246.82,14.81,0.0,2639.7,61.46,283,49,2,39,4,99,43,1,43,0,0.0,0.0,53.42,401.16,0.0,0,50,69,0,0,0,0,566,,0.02
fair,batched k=1 released,,"{""batch_k"": 1, ""queue_agents"": ""released""}",batched,7,100,1000,10,True,1000,73.9786,13.5174,15.833,1594.306,3073.238,1614.269,5.75,18.69,0.0,75.55,425.68,1382.78,0.0,5589.4,0.0,0.0,34391.4,77.48,3810,1122,10,1060,285,721,309,21,309,0,0.0,0.0,24.88,385.37,0.0,0,0,2480,0,0,0,0,6200,,0.2
main,batched+place,,{},batched+place,0,20,200,2,True,200,32.528,6.1485,7.1997,115.503,362.665,144.3,12.36,17.45,56.49,13.7,80.43,113.53,367.47,89.13,10.42,0.0,3259.3,83.5,347,65,2,41,2,167,49,2,49,153,0.0,0.0,18.2,95.96,0.0,0,95,109,0,0,0,0,639,,0.04
main,batched+place,,{},batched+place,1,20,200,2,True,200,40.6528,4.9197,6.7275,105.379,348.389,141.026,10.94,19.26,38.56,31.24,88.97,156.56,313.52,254.0,29.36,0.0,3218.4,65.97,339,70,2,23,8,155,50,1,50,172,0.0,0.0,71.32,505.38,0.0,0,89,110,0,0,0,0,613,,0.04
main,batched+place,,{},batched+place,2,20,200,2,True,200,29.7469,6.7234,11.9261,53.683,189.559,75.63,15.08,13.05,29.33,42.54,89.73,77.63,174.47,253.11,26.97,0.0,1984.3,55.59,212,36,2,29,4,75,25,2,25,177,0.0,0.0,126.59,649.37,0.0,0,46,56,0,0,0,0,468,,0.03
main,batched+place,,{},batched+place,3,20,200,2,True,200,29.6052,6.7556,8.0034,87.418,351.133,121.562,14.8,18.06,50.37,16.77,87.61,106.94,298.27,99.29,27.96,0.0,2939.7,82.75,317,68,2,35,6,141,44,1,44,170,0.0,0.0,22.17,175.48,0.0,0,82,101,0,0,0,0,597,,0.04
main,batched+place,,{},batched+place,4,20,200,2,True,200,33.5842,5.9552,7.1413,106.77,315.2,137.236,12.22,14.38,53.73,19.67,82.1,96.55,360.9,132.13,11.66,0.0,3175.3,78.79,346,80,2,32,8,154,48,1,48,166,0.0,0.0,28.7,210.86,0.0,0,93,123,0,0,0,0,627,,0.04
main,batched+place,,{},batched+place,5,20,200,2,True,200,41.2546,4.8479,6.4983,128.859,351.872,148.892,10.05,13.06,47.09,29.8,82.94,107.73,388.57,245.85,0.0,0.0,3338.2,67.43,361,82,2,32,8,168,51,0,51,162,0.0,0.0,84.53,565.05,0.0,0,96,132,0,0,0,0,644,,0.04
main,batched+place,,{},batched+place,7,20,200,2,True,200,28.2089,7.09,7.6593,70.422,381.321,113.952,14.99,21.76,45.57,17.68,84.57,122.77,257.07,99.77,35.84,0.0,2706.0,79.94,287,58,2,32,4,126,40,0,40,178,0.0,0.0,30.22,225.42,0.0,0,70,90,0,0,0,0,559,,0.04
main,batched+place,,{},batched+place,6,20,200,2,True,200,50.8227,3.9352,8.0826,100.456,329.483,132.409,8.19,13.29,30.14,48.39,83.28,135.05,306.31,491.81,162.24,0.0,2924.2,47.95,311,65,2,31,4,139,42,2,42,179,0.0,0.0,258.21,1211.62,0.0,0,82,102,0,0,0,0,586,,0.04
fair,batched k=1 released,,"{""batch_k"": 1, ""queue_agents"": ""released""}",batched,8,100,1000,10,True,1000,86.8505,11.514,15.2811,1604.316,3296.826,1654.399,4.74,15.91,0.0,79.35,411.47,1382.21,0.0,6891.37,0.0,0.0,35805.5,68.71,3939,1187,10,1105,214,739,310,26,310,0,0.0,0.0,61.52,677.66,0.0,0,0,2603,0,0,0,0,6380,,0.2
fair,batched k=1 released,,"{""batch_k"": 1, ""queue_agents"": ""released""}",batched,9,100,1000,10,True,1000,90.2081,11.0855,14.7904,1697.104,3281.639,1696.577,4.81,15.84,0.0,79.35,433.66,1428.88,0.0,7158.28,0.0,0.0,35418.7,65.44,3904,1196,10,1049,236,788,321,21,321,0,0.0,0.0,75.37,770.12,0.0,0,0,2562,0,0,0,0,6295,,0.19
main,batched+place,,{},batched+place,8,20,200,2,True,200,60.1089,3.3273,10.2955,63.532,310.012,104.934,8.3,10.82,18.27,62.6,99.8,130.12,219.66,752.6,82.91,0.0,2383.1,33.04,254,58,2,18,8,98,34,0,34,167,0.0,0.0,435.87,1728.87,0.0,0,56,78,0,0,0,0,506,,0.03
queue,batched k=16,,"{""batch_k"": 16}",batched,1,20,200,2,True,200,46.2574,4.3236,5.064,179.792,495.145,200.169,9.62,16.53,55.59,18.26,88.97,152.93,514.3,168.95,11.74,0.0,4160.2,74.95,449,103,2,29,6,239,49,2,49,0,0.0,0.0,40.03,230.64,0.0,0,160,159,0,0,0,0,729,,0.02
queue,batched k=16,,"{""batch_k"": 16}",batched,0,20,200,2,True,200,46.6943,4.2832,4.2624,204.32,471.409,222.201,8.61,13.2,66.11,12.08,80.43,123.32,617.35,112.79,13.88,0.0,4495.4,80.23,491,125,2,43,3,253,51,0,51,0,0.0,0.0,31.55,170.77,0.0,0,177,181,0,0,0,0,785,,0.02
queue,batched k=16,,"{""batch_k"": 16}",batched,2,20,200,2,True,200,25.6296,7.8035,7.2376,102.267,312.499,120.526,17.51,17.52,60.85,4.12,89.73,89.83,311.92,21.11,1.92,0.0,2729.1,88.74,288,59,2,39,2,133,28,1,28,0,0.0,0.0,16.85,76.97,0.0,0,95,89,0,0,0,0,556,,0.02
queue,batched k=16,,"{""batch_k"": 16}",batched,3,20,200,2,True,200,35.9321,5.5661,5.6852,105.268,510.827,168.655,12.19,14.62,63.61,9.58,87.61,105.07,457.11,68.85,5.81,0.0,3572.1,82.84,390,87,2,38,7,197,44,0,44,0,0.0,0.0,22.88,123.13,0.0,0,132,131,0,0,0,0,672,,0.02
queue,batched k=16,,"{""batch_k"": 16}",batched,4,20,200,2,True,200,40.4567,4.9436,4.8961,202.259,416.848,202.551,10.15,11.64,71.8,6.41,82.1,94.22,580.95,51.86,20.54,0.0,4261.3,87.77,458,108,2,34,6,242,47,1,47,0,0.0,0.0,34.41,195.22,0.0,0,166,169,0,0,0,0,740,,0.02
queue,batched k=16,,"{""batch_k"": 16}",batched,5,20,200,2,True,200,38.8102,5.1533,5.23,136.091,488.7,185.65,10.69,13.8,65.92,9.59,82.94,107.15,511.68,74.43,20.59,0.0,3815.7,81.93,403,88,2,55,4,212,43,0,43,0,0.0,0.0,27.94,134.57,0.0,0,145,137,0,0,0,0,701,,0.02
queue,batched k=16,,"{""batch_k"": 16}",batched,6,20,200,2,True,200,58.5443,3.4162,5.445,146.067,473.881,178.309,7.11,10.78,39.98,42.13,83.28,126.19,468.17,493.25,0.0,0.0,3581.3,50.98,390,91,2,39,5,198,42,1,42,0,0.0,0.0,275.62,1349.68,0.0,0,134,135,0,0,0,0,672,,0.02
fair,batched k=1 released,,"{""batch_k"": 1, ""queue_agents"": ""released""}",batched,6,100,1000,10,True,1000,83.3897,11.9919,13.0951,1952.812,3783.998,1938.35,5.1,17.55,0.0,77.35,425.13,1463.43,0.0,6450.4,0.0,0.0,40140.7,80.23,4371,1295,10,1122,299,942,351,29,351,0,0.0,0.0,21.16,355.54,0.0,0,0,2991,0,0,0,0,6873,,0.25
queue,batched k=16,,"{""batch_k"": 16}",batched,7,20,200,2,True,200,34.4049,5.8131,6.7422,130.156,385.783,154.807,12.29,16.9,58.09,12.72,84.57,116.27,399.75,87.51,0.0,0.0,3333.5,80.74,364,86,2,39,4,178,38,0,38,0,0.0,0.0,27.76,184.58,0.0,0,123,119,0,0,0,0,641,,0.02
queue,batched k=16,,"{""batch_k"": 16}",batched,8,20,200,2,True,200,74.4505,2.6863,6.1783,136.556,393.685,165.803,6.7,10.31,26.81,56.18,99.8,153.46,399.22,836.53,45.41,0.0,3344.8,37.44,362,86,2,37,1,173,41,1,41,0,0.0,0.0,547.59,2171.87,0.0,0,119,124,0,0,0,0,641,,0.02
queue,batched k=16,,"{""batch_k"": 16}",batched,9,20,200,2,True,200,36.0684,5.545,5.9188,123.605,408.34,161.565,12.42,16.61,58.05,12.92,89.6,119.81,418.74,93.22,61.33,0.0,3380.7,78.11,365,82,2,42,3,183,40,0,40,0,0.0,0.0,28.04,149.07,0.0,0,122,124,0,0,0,0,647,,0.02
queue,batched-par k=4,,"{""batch_k"": 4}",batched-par,2,20,200,2,True,200,23.8064,8.4011,9.7387,46.079,270.87,82.574,18.85,19.88,37.92,23.35,89.73,94.68,180.57,111.15,12.4,0.0,2104.7,73.67,227,41,2,32,3,87,28,3,28,0,0.0,0.0,25.52,159.15,0.0,0,50,59,0,0,0,0,490,,0.02
queue,batched-par k=4,,"{""batch_k"": 4}",batched-par,0,20,200,2,True,200,36.163,5.5305,6.8948,103.581,386.888,141.425,11.12,19.23,45.95,23.7,80.43,139.07,332.35,171.41,0.0,0.0,3155.1,72.7,333,59,2,57,2,157,53,1,53,0,0.0,0.0,31.32,239.14,0.0,0,89,101,0,0,0,0,644,,0.02
queue,batched-par k=4,,"{""batch_k"": 4}",batched-par,1,20,200,2,True,200,33.5203,5.9665,6.8099,91.516,397.4,135.606,13.27,21.26,46.17,19.3,88.97,142.51,309.51,129.41,16.41,0.0,3158.6,78.52,333,70,2,30,6,153,47,1,47,0,0.0,0.0,26.51,165.92,0.0,0,90,106,0,0,0,0,611,,0.02
queue,batched-par k=4,,"{""batch_k"": 4}",batched-par,4,20,200,2,True,200,31.1832,6.4137,7.5685,96.014,341.335,128.729,13.16,15.25,53.55,18.03,82.1,95.1,334.0,112.47,8.73,0.0,3027.9,80.92,320,58,2,32,6,153,46,1,46,0,0.0,0.0,27.46,178.43,0.0,0,88,102,0,0,0,0,599,,0.02
queue,batched-par k=4,,"{""batch_k"": 4}",batched-par,3,20,200,2,True,200,28.2051,7.0909,7.5792,80.356,359.049,121.347,15.53,19.15,52.56,12.76,87.61,108.0,296.49,72.0,10.5,0.0,2904.5,85.82,307,54,2,38,9,143,45,1,45,0,0.0,0.0,17.33,90.2,0.0,0,81,89,0,0,0,0,591,,0.02
queue,batched-par k=4,,"{""batch_k"": 4}",batched-par,6,20,200,2,True,200,50.8362,3.9342,7.3233,91.843,376.125,134.078,8.19,13.82,30.14,47.85,83.28,140.53,306.39,486.52,54.16,0.0,2983.8,48.91,318,72,2,43,4,135,46,0,46,0,0.0,0.0,267.19,1239.22,0.0,0,84,98,0,0,0,0,607,,0.02
queue,batched-par k=4,,"{""batch_k"": 4}",batched-par,5,20,200,2,True,200,31.9082,6.268,7.1915,106.059,364.689,135.34,13.0,17.53,53.17,16.31,82.94,111.84,339.29,104.09,20.69,0.0,3175.5,82.93,338,73,2,57,9,160,45,3,45,0,0.0,0.0,24.62,153.5,0.0,0,92,112,0,0,0,0,643,,0.02
queue,batched-par k=4,,"{""batch_k"": 4}",batched-par,8,20,200,2,True,200,65.9984,3.0304,8.6806,74.919,307.514,119.631,7.56,12.11,18.1,62.23,99.8,159.79,238.97,821.4,42.81,0.0,2590.5,32.71,271,44,2,38,6,116,39,1,39,0,0.0,0.0,548.7,2053.94,0.0,0,69,70,0,0,0,0,549,,0.02
queue,batched-par k=4,,"{""batch_k"": 4}",batched-par,9,20,200,2,True,200,35.2714,5.6703,9.879,51.435,235.565,98.521,12.7,20.04,26.51,40.75,89.6,141.39,187.01,287.43,68.94,0.0,2286.4,54.02,243,34,2,45,6,102,39,0,39,0,0.0,0.0,78.73,466.47,0.0,0,54,65,0,0,0,0,527,,0.02
queue,batched-par k=4,,"{""batch_k"": 4}",batched-par,7,20,200,2,True,200,27.4536,7.285,8.9423,76.187,341.162,107.906,15.4,21.75,43.76,19.09,84.57,119.41,240.27,104.82,0.0,0.0,2655.8,80.62,280,54,2,38,4,124,38,1,38,0,0.0,0.0,25.28,192.91,0.0,0,73,81,0,0,0,0,557,,0.02
fair,batched k=4 suspects,,"{""queue_suspects"": true}",batched,0,20,200,2,True,200,25.9644,7.7029,11.4,38.828,329.161,79.916,15.49,26.57,24.72,33.21,80.43,137.99,128.39,172.47,0.0,0.0,1964.9,63.06,207,39,2,56,3,72,56,0,56,0,0.0,0.0,34.94,229.02,0.0,0,16,49,0,0,41,0,519,,0.02
fair,batched k=4 suspects,,"{""queue_suspects"": true}",batched,2,20,200,2,True,200,35.5522,5.6255,13.1076,26.111,213.58,64.063,12.62,13.83,16.2,57.35,89.73,98.33,115.22,407.77,22.06,0.0,1668.8,39.12,174,25,2,31,2,50,25,3,25,0,0.0,0.0,319.5,1156.43,0.0,0,17,36,0,0,18,0,433,,0.02
fair,batched k=4 suspects,,"{""queue_suspects"": true}",batched,3,20,200,2,True,200,18.9196,10.571,12.7684,29.852,272.953,66.785,23.15,30.95,27.88,18.02,87.61,117.11,105.51,68.17,9.99,0.0,1823.0,80.3,186,27,2,37,5,53,48,1,48,0,0.0,0.0,10.75,58.94,0.0,0,11,34,0,0,36,0,472,,0.02
main,batched+place,,{},batched+place,9,20,200,2,True,200,41.1083,4.8652,7.4302,96.448,306.777,131.859,10.9,16.3,37.16,35.64,89.6,134.01,305.52,293.04,53.04,0.0,2948.6,59.77,315,60,2,26,8,145,46,0,46,171,0.0,0.0,74.1,516.36,0.0,0,82,98,0,0,0,0,587,,0.07
fair,batched k=4 suspects,,"{""queue_suspects"": true}",batched,5,20,200,2,True,200,19.5088,10.2518,11.7491,37.636,231.231,72.471,21.26,27.21,34.7,16.83,82.94,106.18,135.39,65.67,0.0,0.0,1878.6,80.25,198,30,2,59,7,63,48,0,48,0,0.0,0.0,16.04,104.53,0.0,0,18,46,0,0,43,0,505,,0.02
fair,batched k=4 suspects,,"{""queue_suspects"": true}",batched,6,20,200,2,True,200,40.0115,4.9986,13.285,28.822,255.828,69.635,10.41,16.83,12.17,60.59,83.28,134.72,97.4,484.84,0.0,0.0,1652.0,34.41,181,32,2,36,6,48,45,2,45,0,0.0,0.0,339.83,1264.07,0.0,0,8,36,0,0,41,0,464,,0.02
fair,batched k=4 suspects,,"{""queue_suspects"": true}",batched,8,20,200,2,True,200,60.1748,3.3237,13.2062,33.468,262.206,80.068,8.29,12.41,9.77,69.53,99.8,149.3,117.59,836.8,45.76,0.0,1766.5,24.46,182,32,2,37,4,55,35,2,35,0,0.0,0.0,741.92,2302.98,0.0,0,17,41,0,0,20,0,456,,0.02
fair,batched k=4 suspects,,"{""queue_suspects"": true}",batched,7,20,200,2,True,200,19.6601,10.1729,13.9985,25.595,284.952,67.686,21.51,32.66,24.72,21.11,84.57,128.42,97.2,83.02,0.0,0.0,1727.3,73.22,185,28,2,35,6,46,36,3,36,0,0.0,0.0,13.38,94.63,0.0,0,11,35,0,0,31,0,459,,0.02
fair,batched k=4 suspects,,"{""queue_suspects"": true}",batched,9,20,200,2,True,200,30.3003,6.6006,13.8033,29.941,183.261,69.784,14.78,22.27,16.11,46.83,89.6,134.97,97.64,283.79,34.96,0.0,1624.7,44.68,168,24,2,40,5,47,39,0,39,0,0.0,0.0,90.53,396.29,0.0,0,11,33,0,0,24,0,447,,0.02
fair,batched-par k=4 suspects,,"{""batch_k"": 4, ""queue_suspects"": true}",batched-par,1,20,200,2,True,200,26.5544,7.5317,13.2752,22.696,271.954,70.019,16.75,29.51,14.44,39.3,88.97,156.72,76.68,208.72,0.0,0.0,1735.5,54.46,181,19,2,22,6,53,47,2,47,0,0.0,0.0,32.62,169.33,0.0,0,6,21,0,0,23,0,452,,0.02
fair,batched-par k=4 suspects,,"{""batch_k"": 4, ""queue_suspects"": true}",batched-par,0,20,200,2,True,200,24.9291,8.0228,12.4501,31.19,266.857,76.558,16.13,28.61,22.57,32.68,80.43,142.66,112.53,162.96,0.0,0.0,1899.7,63.5,210,38,2,57,2,67,54,1,54,0,0.0,0.0,36.11,274.9,0.0,0,14,46,0,0,38,0,522,,0.02
fair,batched-par k=4 suspects,,"{""batch_k"": 4, ""queue_suspects"": true}",batched-par,3,20,200,2,True,200,25.3824,7.8795,11.5345,34.747,274.133,72.918,17.26,24.81,23.07,34.86,87.61,125.96,117.1,176.98,16.58,0.0,1922.4,63.11,205,30,2,41,4,63,49,1,49,0,0.0,0.0,52.58,369.36,0.0,0,18,39,0,0,39,0,496,,0.02
fair,batched-par k=4 suspects,,"{""batch_k"": 4, ""queue_suspects"": true}",batched-par,4,20,200,2,True,200,20.678,9.6721,12.8802,41.918,230.932,70.681,19.85,24.06,32.91,23.18,82.1,99.49,136.12,95.85,12.01,0.0,1876.4,75.62,201,41,2,38,8,69,48,0,48,0,0.0,0.0,16.64,96.33,0.0,0,24,50,0,0,35,0,487,,0.02
fair,batched-par k=4 suspects,,"{""batch_k"": 4, ""queue_suspects"": true}",batched-par,5,20,200,2,True,200,20.3708,9.818,11.6062,37.67,309.432,76.097,20.36,27.34,34.92,17.38,82.94,111.39,142.27,70.82,0.0,0.0,1946.8,79.64,202,29,2,62,6,74,48,2,48,0,0.0,0.0,17.29,131.61,0.0,0,22,45,0,0,35,0,514,,0.02
fair,batched-par k=4 suspects,,"{""batch_k"": 4, ""queue_suspects"": true}",batched-par,7,20,200,2,True,200,19.3675,10.3266,13.2913,20.538,312.155,66.095,21.83,34.38,22.5,21.29,84.57,133.16,87.16,82.47,0.0,0.0,1678.9,72.24,174,26,2,38,6,49,40,0,40,0,0.0,0.0,12.2,60.38,0.0,0,9,34,0,0,25,0,452,,0.02
fair,batched-par k=4 suspects,,"{""batch_k"": 4, ""queue_suspects"": true}",batched-par,8,20,200,2,True,200,60.5334,3.304,11.7401,32.572,291.95,86.159,8.24,14.03,9.69,68.03,99.8,169.83,117.37,823.67,174.33,0.0,1952.3,26.88,204,28,2,38,3,59,39,2,39,0,0.0,0.0,577.69,2012.35,0.0,0,18,35,0,0,22,0,483,,0.02
fair,batched-par k=4 suspects,,"{""batch_k"": 4, ""queue_suspects"": true}",batched-par,6,20,200,2,True,200,40.4934,4.9391,13.7439,27.966,269.868,69.533,10.28,17.29,11.33,61.1,83.28,140.01,91.76,494.81,54.95,0.0,1664.6,34.26,179,25,2,35,4,46,46,0,46,0,0.0,0.0,348.12,1288.03,0.0,0,6,27,0,0,38,0,460,,0.02
fair,batched-par k=4 suspects,,"{""batch_k"": 4, ""queue_suspects"": true}",batched-par,9,20,200,2,True,200,30.4272,6.5731,13.5847,28.297,198.025,71.171,14.72,22.75,16.24,46.29,89.6,138.44,98.8,281.71,16.08,0.0,1724.8,47.24,181,19,2,40,5,51,41,1,41,0,0.0,0.0,83.6,365.92,0.0,0,12,29,0,0,25,0,463,,0.02
fair,batched k=4 suspects,,"{""queue_suspects"": true}",batched,1,20,200,2,True,200,26.8387,7.4519,11.1107,28.399,321.694,85.356,16.57,29.38,23.63,30.42,88.97,157.68,126.84,163.29,0.0,0.0,2092.0,64.96,220,41,2,25,5,71,48,1,48,0,0.0,0.0,24.19,134.24,0.0,0,22,53,0,0,33,0,494,,0.06
fair,batched k=4 suspects,,"{""queue_suspects"": true}",batched,4,20,200,2,True,200,23.3816,8.5537,12.674,39.239,270.718,70.03,17.56,21.74,28.18,32.53,82.1,101.66,131.78,152.1,36.11,0.0,1851.5,65.99,201,44,2,30,7,65,49,1,49,0,0.0,0.0,46.05,322.47,0.0,0,21,52,0,0,40,0,481,,0.05
fair,beanstalk quarantine,,"{""green_mode"": ""quarantine""}",beanstalk,1,20,200,2,True,200,35.9342,5.5657,5.4515,145.309,634.89,223.581,12.38,17.53,0.12,69.97,88.97,126.0,0.86,502.85,0.18,501.78,1678.8,38.93,167,0,2,25,11,41,46,1,46,134,639.79,262.22,28.76,174.64,1989.7,8,0,0,15,28,34,139,708,,0.04
fair,beanstalk quarantine,,"{""green_mode"": ""quarantine""}",beanstalk,2,20,200,2,True,200,21.2177,9.4261,9.351,64.413,243.08,91.398,21.14,12.31,0.18,66.37,89.73,52.22,0.76,281.65,0.0,255.02,1391.8,54.66,139,0,2,18,4,34,21,1,21,145,317.54,145.4,34.47,214.74,1000.5,6,0,0,13,46,10,93,618,,0.03
fair,batched-par k=4 suspects,,"{""batch_k"": 4, ""queue_suspects"": true}",batched-par,2,20,200,2,True,200,19.8022,10.0999,12.0057,30.377,244.36,66.673,22.66,25.98,30.14,21.23,89.73,102.88,119.36,84.07,22.1,0.0,1837.6,77.33,190,23,2,38,4,58,29,4,29,0,0.0,0.0,15.88,123.58,0.0,0,19,37,0,0,22,0,461,,0.06
fair,beanstalk quarantine,,"{""green_mode"": ""quarantine""}",beanstalk,3,20,200,2,True,200,31.8165,6.286,5.9136,185.288,609.326,200.509,13.77,15.0,0.14,71.1,87.61,95.42,0.87,452.43,6.59,410.49,1460.6,38.26,145,0,2,31,7,32,41,0,41,138,544.43,244.47,35.96,208.45,1637.4,9,0,0,19,31,25,114,688,,0.04
fair,beanstalk quarantine,,"{""green_mode"": ""quarantine""}",beanstalk,4,20,200,2,True,200,31.6291,6.3233,6.0315,142.579,510.092,191.972,12.98,17.39,0.14,69.49,82.1,109.98,0.91,439.59,3.79,434.07,1753.9,46.21,174,0,2,34,10,37,54,1,54,141,455.58,209.08,25.52,179.4,1619.0,8,0,0,16,36,39,138,751,,0.04
fair,beanstalk quarantine,,"{""green_mode"": ""quarantine""}",beanstalk,8,20,200,2,True,200,70.2008,2.849,2.8237,152.85,1624.775,439.095,7.11,10.77,0.06,82.06,99.8,151.25,0.82,1152.15,12.09,1114.28,1567.8,18.61,157,0,2,19,5,43,38,0,38,137,1621.64,442.25,275.43,1380.89,3952.7,7,0,0,17,29,22,128,670,,0.04
fair,beanstalk quarantine,,"{""green_mode"": ""quarantine""}",beanstalk,6,20,200,2,True,200,51.9097,3.8528,3.2222,167.462,1122.831,329.564,8.02,13.55,0.08,78.34,83.28,140.71,0.88,813.32,1.46,808.68,1674.6,26.88,166,0,2,25,6,44,53,0,53,126,1138.17,308.08,112.67,627.49,2901.7,10,0,0,13,19,42,147,721,,0.04
fair,beanstalk quarantine,,"{""green_mode"": ""quarantine""}",beanstalk,5,20,200,2,True,200,75.5959,2.6456,4.6729,243.019,1063.611,333.142,5.49,10.11,0.06,84.35,82.94,152.82,0.89,1275.26,5.33,1144.89,1839.3,20.28,183,0,2,23,5,44,60,0,60,100,850.33,338.67,179.61,706.69,3588.2,8,0,0,18,27,44,156,748,,0.04
fair,beanstalk quarantine,,"{""green_mode"": ""quarantine""}",beanstalk,9,20,200,2,True,200,51.7454,3.8651,4.1584,148.196,1287.854,337.908,8.66,12.67,0.08,78.59,89.6,131.14,0.87,813.3,13.38,786.0,1522.8,24.52,152,0,2,28,4,26,48,0,48,126,1358.98,407.76,104.57,643.61,2550.2,11,0,0,18,18,33,134,702,,0.04
fair,beanstalk no-budget,,"{""budget"": false}",beanstalk,0,20,200,2,True,200,18.0047,11.1082,,857.445,1060.9,820.747,22.34,44.2,0.28,33.19,80.43,159.15,1.0,119.52,0.0,0.0,1342.0,62.11,134,0,2,59,2,95,56,0,56,183,557.39,154.49,522.68,1062.53,0.0,16,0,0,15,36,41,98,763,,0.04
fair,beanstalk no-budget,,"{""budget"": false}",beanstalk,2,20,200,2,True,200,15.8314,12.6331,,751.216,919.596,718.649,28.34,24.27,0.26,47.14,89.73,76.84,0.81,149.24,0.0,0.0,967.6,50.94,97,0,2,35,7,73,20,1,20,188,521.02,170.47,446.65,920.96,0.0,9,0,0,9,19,12,78,608,,0.03
fair,beanstalk no-budget,,"{""budget"": false}",beanstalk,1,20,200,2,True,200,34.2728,5.8355,,1832.022,2035.734,1809.223,12.98,26.7,0.13,60.19,88.97,182.99,0.9,412.6,0.0,0.0,1325.3,32.23,132,0,2,28,6,96,57,2,57,183,1274.25,197.69,1011.76,2039.81,0.0,15,0,0,18,33,41,99,704,,0.04
fair,beanstalk no-budget,,"{""budget"": false}",beanstalk,3,20,200,2,True,200,14.0679,14.2168,,588.114,807.619,581.773,31.14,38.85,0.32,29.69,87.61,109.32,0.89,83.54,0.0,0.0,1179.1,69.84,116,0,2,41,8,63,42,2,42,188,484.6,162.88,394.89,816.28,0.0,15,0,0,16,49,28,67,684,,0.04
fair,beanstalk quarantine,,"{""green_mode"": ""quarantine""}",beanstalk,0,20,200,2,True,200,35.8057,5.5857,5.1048,128.302,747.413,227.721,11.23,18.72,0.13,69.93,80.43,134.03,0.91,500.75,0.17,496.25,1689.0,39.31,168,0,2,40,2,38,51,1,51,131,677.39,256.44,38.59,199.28,1830.0,9,0,0,17,34,38,134,751,,0.08
fair,beanstalk no-budget,,"{""budget"": false}",beanstalk,4,20,200,2,True,200,15.834,12.6311,,712.131,917.117,685.985,25.93,35.48,0.29,38.3,82.1,112.36,0.92,121.3,6.25,0.0,1169.8,61.57,117,0,2,41,7,82,49,0,49,186,469.26,142.97,444.65,918.9,0.0,14,0,0,14,31,35,86,696,,0.04
fair,beanstalk no-budget,,"{""budget"": false}",beanstalk,6,20,200,2,True,200,36.1595,5.5311,,1931.231,2148.79,1890.016,11.52,22.79,0.13,65.57,83.28,164.79,0.94,474.18,26.17,0.0,1324.3,30.52,132,0,2,47,6,108,49,1,49,180,796.66,184.73,1067.5,2152.16,0.0,14,0,0,11,21,39,111,725,,0.04
fair,beanstalk no-budget,,"{""budget"": false}",beanstalk,5,20,200,2,True,200,25.629,7.8037,,1328.744,1513.224,1297.333,16.18,28.87,0.19,54.76,82.94,147.96,0.98,280.69,0.0,0.0,1307.0,42.5,130,0,2,46,9,75,60,0,60,179,488.1,147.84,745.86,1514.46,0.0,17,0,0,18,52,43,78,740,,0.04
fair,beanstalk no-budget,,"{""budget"": false}",beanstalk,8,20,200,2,True,200,48.5492,4.1195,,2633.733,2895.765,2639.384,10.28,17.24,0.09,72.39,99.8,167.41,0.85,702.92,34.32,0.0,1322.0,22.69,132,0,2,32,9,92,39,1,39,189,1503.9,232.19,1444.6,2901.03,0.0,11,0,0,16,38,24,94,675,,0.04
fair,beanstalk no-budget,,"{""budget"": false}",beanstalk,9,20,200,2,True,200,25.5697,7.8218,,1327.02,1512.724,1308.366,17.52,27.28,0.18,55.02,89.6,139.53,0.93,281.34,0.98,0.0,1176.4,38.34,118,0,2,45,4,87,47,1,47,181,754.52,140.4,747.28,1514.14,0.0,12,0,0,11,28,37,90,702,,0.04
fair,beanstalk quarantine,,"{""green_mode"": ""quarantine""}",beanstalk,7,20,200,2,True,200,35.349,5.6579,6.0664,48.322,449.865,123.856,11.96,13.5,0.12,74.42,84.57,95.46,0.82,526.14,8.04,440.73,1477.1,34.82,147,0,2,23,4,39,35,0,35,142,550.99,204.81,44.58,293.33,1619.1,9,0,0,9,18,28,129,663,,0.09
fair,beanstalk quarantine no-budget,,"{""budget"": false, ""green_mode"": ""quarantine""}",beanstalk,0,20,200,2,True,200,23.9754,8.3419,10.118,354.444,1022.197,416.289,16.77,32.27,0.21,50.75,80.43,154.73,1.0,243.34,0.0,0.0,1376.2,47.83,138,0,2,63,3,23,52,0,52,183,712.56,330.78,53.47,328.36,0.0,21,0,0,19,27,35,111,767,,0.04
fair,beanstalk quarantine no-budget,,"{""budget"": false, ""green_mode"": ""quarantine""}",beanstalk,1,20,200,2,True,200,34.999,5.7144,6.9576,493.319,1281.885,558.349,12.71,23.39,0.13,63.77,88.97,163.76,0.89,446.36,0.0,0.0,1420.6,33.82,141,0,2,33,5,19,50,0,50,183,1003.25,527.86,59.71,326.21,0.0,21,0,0,15,21,37,120,707,,0.04
fair,beanstalk quarantine no-budget,,"{""budget"": false, ""green_mode"": ""quarantine""}",beanstalk,2,20,200,2,True,200,17.4989,11.4293,10.7151,444.8,780.147,397.289,25.64,22.46,0.23,51.67,89.73,78.6,0.81,180.84,0.0,0.0,1081.3,51.49,108,0,2,31,6,19,23,0,23,188,796.45,347.66,24.75,134.01,0.0,16,0,0,13,18,13,90,616,,0.04
fair,beanstalk quarantine no-budget,,"{""budget"": false, ""green_mode"": ""quarantine""}",beanstalk,4,20,200,2,True,200,20.7227,9.6512,8.96,510.064,976.546,476.967,19.81,24.57,0.21,55.42,82.1,101.81,0.86,229.68,6.41,0.0,1332.8,53.6,133,0,2,30,7,24,47,0,47,187,845.47,420.78,15.49,75.24,0.0,11,0,0,12,21,35,112,687,,0.04
fair,beanstalk-noplace quarantine,,"{""green_mode"": ""quarantine""}",beanstalk-noplace,0,20,200,2,True,200,33.1554,6.0322,8.1762,177.63,634.199,223.774,12.13,22.94,0.15,64.78,80.43,152.13,0.97,429.57,11.95,400.5,1624.5,40.83,161,0,2,50,3,37,53,1,53,0,569.13,252.84,22.65,105.26,1797.9,11,0,0,18,28,36,133,767,,0.02
fair,beanstalk quarantine no-budget,,"{""budget"": false, ""green_mode"": ""quarantine""}",beanstalk,3,20,200,2,True,200,17.8727,11.1903,12.6305,368.674,671.447,335.238,24.51,30.7,0.26,44.54,87.61,109.73,0.91,159.2,2.27,0.0,1272.3,59.32,125,0,2,38,8,20,43,0,43,189,502.4,267.85,29.25,198.76,0.0,17,0,0,16,31,29,94,687,,0.04
fair,beanstalk no-budget,,"{""budget"": false}",beanstalk,7,20,200,2,True,200,24.8201,8.058,,1212.41,1444.957,1151.502,17.04,32.46,0.19,50.32,84.57,161.13,0.94,249.77,14.7,0.0,1292.3,43.39,131,0,2,49,6,107,45,0,45,182,492.77,170.2,709.33,1453.38,0.0,13,0,0,9,18,36,113,719,,0.07
fair,beanstalk quarantine no-budget,,"{""budget"": false, ""green_mode"": ""quarantine""}",beanstalk,5,20,200,2,True,200,38.0003,5.2631,7.7402,524.949,1549.464,580.067,10.91,17.3,0.12,71.67,82.94,131.45,0.91,544.71,0.0,0.0,1561.5,34.24,155,0,2,32,11,35,56,0,56,179,1156.65,511.02,79.84,417.29,0.0,8,0,0,20,29,40,126,730,,0.04
fair,beanstalk-noplace quarantine,,"{""green_mode"": ""quarantine""}",beanstalk-noplace,2,20,200,2,True,200,27.4375,7.2893,6.9059,177.716,449.139,197.465,16.35,14.95,0.15,68.55,89.73,82.03,0.82,376.17,0.74,372.74,1241.9,37.72,124,0,2,33,4,27,25,0,25,0,535.3,239.47,42.93,286.15,1403.0,5,0,0,11,18,16,106,640,,0.02
fair,beanstalk-noplace quarantine,,"{""green_mode"": ""quarantine""}",beanstalk-noplace,1,20,200,2,True,200,37.4152,5.3454,4.9972,217.81,696.749,235.044,11.89,18.74,0.11,69.26,88.97,140.2,0.85,518.29,0.2,517.45,1659.9,36.97,165,0,2,25,5,38,46,1,46,0,683.98,288.39,34.7,239.24,2077.7,9,0,0,16,28,33,137,708,,0.02
fair,beanstalk quarantine no-budget,,"{""budget"": false, ""green_mode"": ""quarantine""}",beanstalk,6,20,200,2,True,200,39.8708,5.0162,12.782,425.383,742.319,400.427,10.44,19.16,0.11,70.28,83.28,152.79,0.91,560.44,0.83,0.0,1337.8,27.96,133,0,2,36,9,22,51,0,51,181,943.92,284.4,200.07,772.52,0.0,28,0,0,16,32,38,101,707,,0.04
fair,beanstalk-noplace quarantine,,"{""green_mode"": ""quarantine""}",beanstalk-noplace,3,20,200,2,True,200,39.2267,5.0986,5.2587,185.755,548.675,199.366,11.17,14.63,0.12,74.09,87.61,114.76,0.91,581.26,8.34,552.12,1742.3,37.01,172,0,2,39,5,33,47,0,47,0,460.59,234.26,33.62,204.03,2111.4,7,0,0,20,36,29,136,744,,0.02
fair,beanstalk quarantine no-budget,,"{""budget"": false, ""green_mode"": ""quarantine""}",beanstalk,7,20,200,2,True,200,19.2079,10.4124,12.9307,418.922,703.591,343.505,22.01,32.11,0.23,45.65,84.57,123.36,0.87,175.36,6.03,0.0,1240.7,53.83,126,0,2,43,4,17,32,0,32,181,587.0,342.87,28.78,198.54,0.0,15,0,0,9,11,25,115,676,,0.04
fair,beanstalk-noplace quarantine,,"{""green_mode"": ""quarantine""}",beanstalk-noplace,4,20,200,2,True,200,24.9429,8.0183,9.7629,98.385,446.921,145.09,16.46,17.86,0.17,65.51,82.1,89.08,0.87,326.8,5.33,305.49,1460.4,48.79,146,0,2,29,6,30,44,0,44,0,443.44,180.17,20.31,98.04,1164.0,9,0,0,14,27,30,119,689,,0.02
fair,beanstalk-noplace quarantine,,"{""green_mode"": ""quarantine""}",beanstalk-noplace,6,20,200,2,True,200,49.7063,4.0236,7.5016,98.924,427.285,138.485,8.38,13.14,0.09,78.39,83.28,130.65,0.91,779.29,13.4,751.63,1516.3,25.42,153,0,2,41,6,45,42,0,42,0,794.12,205.34,148.91,777.3,1963.5,8,0,0,10,23,33,130,718,,0.02
fair,beanstalk-noplace quarantine,,"{""green_mode"": ""quarantine""}",beanstalk-noplace,5,20,200,2,True,200,33.3432,5.9982,5.4894,150.119,619.018,214.742,12.44,17.55,0.14,69.87,82.94,117.03,0.95,465.94,0.0,365.83,1569.9,39.24,158,0,2,48,6,34,46,1,46,0,624.43,218.37,59.99,363.36,1769.1,9,0,0,15,28,34,130,746,,0.02
fair,beanstalk quarantine no-budget,,"{""budget"": false, ""green_mode"": ""quarantine""}",beanstalk,9,20,200,2,True,200,27.6321,7.238,12.247,321.347,693.658,303.303,16.21,22.78,0.16,60.85,89.6,125.87,0.89,336.29,2.02,0.0,1245.1,37.55,124,0,2,39,5,16,42,0,42,181,754.18,258.99,70.29,342.0,0.0,20,0,0,13,27,31,97,684,,0.04
fair,beanstalk-noplace quarantine,,"{""green_mode"": ""quarantine""}",beanstalk-noplace,7,20,200,2,True,200,40.0182,4.9977,4.9592,192.183,838.308,261.764,10.57,13.51,0.1,75.82,84.57,108.11,0.82,606.87,0.0,588.71,1362.2,28.37,137,0,2,23,7,31,36,0,36,0,864.92,306.79,54.0,279.39,2063.8,9,0,0,8,11,29,126,654,,0.02
fair,beanstalk-noplace quarantine,,"{""green_mode"": ""quarantine""}",beanstalk-noplace,8,20,200,2,True,200,75.7915,2.6388,6.051,97.804,531.636,182.364,6.58,12.82,0.06,80.54,99.8,194.26,0.89,1220.87,47.21,930.11,1691.8,18.6,170,0,2,36,6,40,39,3,39,0,1264.07,284.91,263.84,1052.63,4134.6,7,0,0,16,50,27,120,723,,0.02
fair,beanstalk-noplace quarantine,,"{""green_mode"": ""quarantine""}",beanstalk-noplace,9,20,200,2,True,200,38.2684,5.2262,5.161,90.966,457.647,139.991,11.71,14.64,0.12,73.54,89.6,112.02,0.88,562.87,5.11,545.29,1598.8,34.81,160,0,2,36,6,45,38,0,38,0,756.98,179.22,78.55,456.68,1902.1,7,0,0,12,28,28,132,706,,0.02
main,serial,,{},serial,0,20,200,2,True,200,49.9785,4.0017,4.5932,205.961,456.389,230.277,8.05,14.6,62.19,15.16,80.43,145.91,621.68,151.55,0.0,0.0,2614.1,43.59,257,0,1,52,3,57,54,3,54,0,0.0,0.0,13.68,144.85,0.0,0,0,0,0,0,0,0,566,,0.02
main,serial,,{},serial,1,20,200,2,True,200,50.4547,3.964,4.5584,188.486,450.316,225.835,8.82,15.71,58.89,16.58,88.97,158.48,594.3,167.34,0.0,0.0,2611.6,43.14,253,0,1,26,7,53,47,6,47,0,0.0,0.0,22.0,256.79,0.0,0,0,0,0,0,0,0,532,,0.02
main,serial,,{},serial,2,20,200,2,True,200,40.5661,4.9302,4.8744,194.354,354.974,205.425,11.06,11.13,73.27,4.54,89.73,90.27,594.48,36.84,2.08,0.0,2426.8,49.85,236,0,1,35,5,36,33,3,33,0,0.0,0.0,6.94,33.09,0.0,0,0,0,0,0,0,0,507,,0.02
main,serial,,{},serial,3,20,200,2,True,200,43.7482,4.5716,4.7445,196.266,386.715,212.923,10.01,11.89,69.23,8.87,87.61,104.02,605.73,77.61,6.04,0.0,2507.5,47.76,246,0,1,38,10,46,43,3,43,0,0.0,0.0,8.59,60.83,0.0,0,0,0,0,0,0,0,530,,0.02
main,serial,,{},serial,4,20,200,2,True,200,47.3856,4.2207,4.6318,202.844,393.209,219.371,8.66,10.78,66.38,14.18,82.1,102.15,629.09,134.38,6.52,0.0,2549.1,44.83,250,0,1,38,11,50,47,3,47,0,0.0,0.0,15.8,209.38,0.0,0,0,0,0,0,0,0,538,,0.02
main,serial,,{},serial,5,20,200,2,True,200,44.7945,4.4648,4.7168,200.854,410.509,219.591,9.26,12.4,69.3,9.04,82.94,111.09,620.88,80.98,0.0,0.0,2552.6,47.49,250,0,1,53,9,50,48,2,48,0,0.0,0.0,9.2,89.63,0.0,0,0,0,0,0,0,0,553,,0.02
main,serial,,{},serial,6,20,200,2,True,200,65.2426,3.0655,4.6951,195.909,399.642,223.06,6.38,10.05,46.93,36.64,83.28,131.1,612.43,478.04,53.17,0.0,2508.2,32.04,246,0,1,41,5,46,41,5,41,0,0.0,0.0,237.67,1348.65,0.0,0,0,0,0,0,0,0,533,,0.02
main,serial,,{},serial,8,20,200,2,True,200,81.5753,2.4517,4.8026,183.313,374.558,221.627,6.12,9.24,36.04,48.6,99.8,150.79,587.97,792.95,0.0,0.0,2491.9,25.46,242,0,1,31,6,42,39,3,39,0,0.0,0.0,539.08,2285.82,0.0,0,0,0,0,0,0,0,515,,0.02
main,serial,,{},serial,7,20,200,2,True,200,45.164,4.4283,4.7862,193.347,395.876,214.843,9.36,12.89,66.39,11.36,84.57,116.41,599.73,102.57,0.0,0.0,2495.2,46.04,244,0,1,40,6,44,39,5,39,0,0.0,0.0,14.78,206.6,0.0,0,0,0,0,0,0,0,528,,0.02
main,serial,,{},serial,9,20,200,2,True,200,54.661,3.6589,4.8028,190.58,324.844,219.393,8.2,12.35,54.55,24.91,89.6,134.97,596.34,272.31,16.39,0.0,2521.9,38.45,247,0,1,42,6,47,40,7,40,0,0.0,0.0,66.47,620.34,0.0,0,0,0,0,0,0,0,536,,0.02
fair,beanstalk quarantine no-budget,,"{""budget"": false, ""green_mode"": ""quarantine""}",beanstalk,8,20,200,2,True,200,55.1835,3.6243,9.0157,497.811,1395.192,492.55,9.04,17.1,0.08,73.77,99.8,188.78,0.88,814.2,14.38,0.0,1508.3,22.78,150,0,2,38,11,34,37,1,37,188,1178.84,431.92,214.09,1080.96,0.0,7,0,0,16,26,22,124,701,,0.08
main,beanstalk-noplace,,{},beanstalk-noplace,0,20,200,2,True,200,27.3297,7.318,8.0133,383.699,767.208,421.964,14.71,26.06,0.17,59.05,80.43,142.45,0.95,322.76,0.0,321.61,1496.2,45.62,148,0,2,45,2,91,54,2,54,0,397.98,136.36,270.3,763.8,1388.6,12,0,0,17,44,39,104,746,,0.02
main,beanstalk,,{},beanstalk,1,20,200,2,True,200,47.4918,4.2113,3.8337,535.786,1183.814,624.74,9.37,15.51,0.09,75.03,88.97,147.36,0.88,712.62,13.67,609.12,1515.1,26.59,151,0,2,20,5,106,59,0,59,140,667.09,154.06,412.94,1189.79,2379.8,10,0,0,16,32,43,119,709,,0.04
main,beanstalk,,{},beanstalk,0,20,200,2,True,200,28.0179,7.1383,7.2861,354.913,538.409,380.547,14.35,22.98,0.17,62.49,80.43,128.8,0.96,350.17,0.0,305.35,1404.1,41.76,140,0,2,50,2,89,48,0,48,155,392.21,134.11,210.55,541.81,1442.2,9,0,0,16,42,32,98,734,,0.04
main,beanstalk,,{},beanstalk,3,20,200,2,True,200,34.6456,5.7727,7.1717,411.587,544.271,386.257,12.64,15.24,0.13,71.99,87.61,105.59,0.88,498.83,12.72,452.74,1502.4,36.14,149,0,2,29,8,100,44,0,44,147,429.23,138.78,216.63,554.57,1818.5,8,0,0,17,37,27,112,693,,0.04
main,beanstalk-noplace,,{},beanstalk-noplace,1,20,200,2,True,200,52.9829,3.7748,3.4498,711.581,1537.718,870.648,8.4,16.47,0.08,75.05,88.97,174.55,0.89,795.25,6.26,742.52,1488.4,23.41,147,0,2,22,3,107,54,1,54,0,561.99,195.31,626.2,1544.62,2606.7,10,0,0,15,28,40,119,696,,0.02
main,beanstalk,,{},beanstalk,4,20,200,2,True,200,30.3293,6.5943,8.641,388.555,576.504,372.781,13.54,18.21,0.15,68.11,82.1,110.48,0.89,413.12,2.3,342.66,1575.6,43.29,156,0,2,29,10,86,53,1,53,140,306.8,127.82,215.86,580.55,1438.3,11,0,0,17,56,37,100,721,,0.04
main,beanstalk,,{},beanstalk,5,20,200,2,True,200,31.9062,6.2684,22.5148,648.695,1399.554,789.854,13.0,20.11,0.14,66.75,82.94,128.31,0.92,425.96,1.29,421.81,1574.4,41.12,157,0,2,27,7,118,61,0,61,129,311.7,125.07,559.82,1400.79,1661.4,11,0,0,18,31,44,126,732,,0.04
main,beanstalk,,{},beanstalk,8,20,200,2,True,200,64.8537,3.0839,10.3146,526.191,2889.833,1117.041,7.69,11.72,0.06,80.52,99.8,152.0,0.82,1044.45,1.18,1008.87,1384.2,17.79,138,0,2,17,5,89,41,1,41,142,1508.27,208.8,1128.82,2895.1,3590.9,8,0,0,16,33,26,105,655,,0.04
main,beanstalk-noplace,,{},beanstalk-noplace,2,20,200,2,True,200,30.2275,6.6165,8.5575,379.605,654.739,371.165,14.84,14.69,0.14,70.33,89.73,88.79,0.83,425.2,3.55,367.26,1200.2,33.09,121,0,2,35,4,91,26,0,26,0,433.73,157.81,240.4,660.51,1565.5,5,0,0,9,16,17,105,643,,0.02
main,beanstalk,,{},beanstalk,9,20,200,2,True,200,36.2649,5.515,7.769,568.641,1207.462,632.433,12.35,16.42,0.12,71.11,89.6,119.12,0.85,515.73,0.47,440.62,1412.2,32.45,141,0,2,28,3,116,43,1,43,136,1041.08,148.99,446.08,1217.29,1796.5,7,0,0,12,16,32,125,683,,0.04
main,beanstalk,,{},beanstalk,7,20,200,2,True,200,41.457,4.8243,5.5421,437.731,1012.509,488.285,10.2,15.88,0.11,73.81,84.57,131.69,0.89,611.99,9.2,524.48,1403.3,28.21,142,0,2,31,6,103,48,0,48,134,544.99,156.25,351.11,1016.17,2009.6,11,0,0,12,18,36,124,699,,0.04
main,beanstalk,,{},beanstalk,6,20,200,2,True,200,54.1002,3.6968,4.0347,544.905,1781.368,800.792,7.7,13.25,0.08,78.97,83.28,143.32,0.91,854.5,16.98,760.64,1384.7,21.33,138,0,2,34,8,105,51,2,51,135,795.24,158.93,598.52,1786.21,2927.4,11,0,0,11,21,42,117,709,,0.04
main,beanstalk-noplace,,{},beanstalk-noplace,3,20,200,2,True,200,36.5379,5.4738,7.0086,538.503,803.685,579.374,11.99,14.58,0.12,73.31,87.61,106.53,0.9,535.72,4.25,447.87,1415.8,32.29,140,0,2,36,3,102,44,0,44,0,410.67,138.69,360.67,802.76,1890.0,9,0,0,16,28,28,112,700,,0.02
main,beanstalk-noplace,,{},beanstalk-noplace,5,20,200,2,True,200,36.5364,5.474,5.4643,433.234,1263.63,536.344,11.35,17.19,0.13,71.33,82.94,125.64,0.95,521.19,2.63,492.67,1551.8,35.39,155,0,2,54,6,98,48,2,48,0,661.31,142.07,430.82,1260.39,1920.6,9,0,0,16,43,35,112,760,,0.02
main,beanstalk-noplace,,{},beanstalk-noplace,6,20,200,2,True,200,53.0203,3.7721,3.4168,727.714,2037.525,1006.973,7.85,12.55,0.08,79.51,83.28,133.09,0.88,843.16,13.46,776.6,1423.5,22.37,140,0,2,33,6,115,43,1,43,0,797.21,168.21,760.33,2039.66,2951.1,9,0,0,8,15,36,125,693,,0.02
main,beanstalk-noplace,,{},beanstalk-noplace,8,20,200,2,True,200,73.833,2.7088,2.3874,829.991,2869.501,1151.411,6.76,11.99,0.06,81.19,99.8,176.99,0.9,1198.97,25.26,849.24,1464.6,16.53,147,0,2,40,4,99,39,1,39,0,1505.05,228.5,1083.42,2871.16,4160.0,9,0,0,16,37,24,110,705,,0.02
main,beanstalk-noplace,,{},beanstalk-noplace,9,20,200,2,True,200,42.0342,4.758,4.1946,259.702,1671.036,479.473,10.66,16.88,0.11,72.36,89.6,141.87,0.9,608.32,10.68,495.81,1378.2,27.32,139,0,2,42,7,97,41,0,41,0,756.98,158.98,595.22,1669.78,2285.7,8,0,0,13,30,29,109,704,,0.02
queue,batched k=1,,"{""batch_k"": 1}",batched,2,20,200,2,True,200,25.6443,7.799,8.6846,85.603,255.768,105.686,17.5,17.42,51.26,13.82,89.73,89.37,262.92,70.87,4.09,0.0,2669.5,86.75,268,23,2,33,6,36,29,6,29,0,0.0,0.0,14.39,160.32,0.0,0,0,33,0,0,0,0,536,,0.02
queue,batched k=1,,"{""batch_k"": 1}",batched,1,20,200,2,True,200,37.6267,5.3154,7.9402,76.492,329.416,121.673,11.82,21.93,31.96,34.28,88.97,165.05,240.53,257.99,0.0,0.0,2862.9,63.41,294,29,2,22,6,55,49,3,49,0,0.0,0.0,63.44,466.74,0.0,0,0,42,0,0,0,0,568,,0.02
queue,batched k=1,,"{""batch_k"": 1}",batched,3,20,200,2,True,200,25.5471,7.8287,8.3005,83.917,286.932,111.074,17.15,20.79,51.67,10.39,87.61,106.24,264.0,53.09,6.12,0.0,2776.0,90.55,282,26,2,40,11,47,44,3,44,0,0.0,0.0,7.44,58.28,0.0,0,0,35,0,0,0,0,569,,0.02
queue,batched k=1,,"{""batch_k"": 1}",batched,0,20,200,2,True,200,32.9313,6.0733,8.0429,90.647,316.581,123.461,12.21,21.98,40.5,25.3,80.43,144.79,266.75,166.66,0.0,0.0,2883.0,72.95,300,36,2,55,2,57,53,2,53,0,0.0,0.0,28.57,266.89,0.0,0,0,45,0,0,0,0,610,,0.02
queue,batched k=1,,"{""batch_k"": 1}",batched,4,20,200,2,True,200,28.1489,7.1051,8.0845,96.787,285.762,117.787,14.58,16.54,53.2,15.68,82.1,93.13,299.49,88.25,6.45,0.0,2885.8,85.43,290,30,2,35,10,52,47,2,47,0,0.0,0.0,12.43,103.22,0.0,0,0,41,0,0,0,0,574,,0.02
main,beanstalk,,{},beanstalk,2,20,200,2,True,200,19.4931,10.26,12.5597,253.83,379.728,225.983,23.02,12.95,0.19,63.84,89.73,50.47,0.76,248.9,0.0,213.34,1174.7,50.22,117,0,2,20,5,65,20,1,20,149,317.54,126.31,138.0,381.09,914.5,7,0,0,13,36,9,81,598,,0.07
queue,batched k=1,,"{""batch_k"": 1}",batched,5,20,200,2,True,200,29.7583,6.7208,8.2166,84.304,317.733,117.008,13.94,19.3,46.24,20.53,82.94,114.85,275.18,122.2,0.0,0.0,2787.8,78.07,290,30,2,54,9,50,45,3,45,0,0.0,0.0,18.78,191.3,0.0,0,0,42,0,0,0,0,592,,0.02
queue,batched k=1,,"{""batch_k"": 1}",batched,6,20,200,2,True,200,48.9359,4.087,7.9523,86.234,335.532,125.477,8.51,15.14,27.6,48.76,83.28,148.18,270.08,477.18,52.67,0.0,2829.3,48.18,295,35,2,41,5,53,44,8,44,0,0.0,0.0,191.69,945.81,0.0,0,0,43,0,0,0,0,588,,0.02
queue,batched k=1,,"{""batch_k"": 1}",batched,8,20,200,2,True,200,73.1754,2.7332,8.261,73.925,318.14,125.384,6.82,12.74,15.82,64.62,99.8,186.4,231.55,945.76,95.54,0.0,2802.5,31.92,284,25,2,39,7,47,40,7,40,0,0.0,0.0,785.4,2615.43,0.0,0,0,37,0,0,0,0,570,,0.02
queue,batched k=1,,"{""batch_k"": 1}",batched,7,20,200,2,True,200,28.0677,7.1256,8.9956,71.73,309.935,108.47,15.06,25.22,39.19,20.53,84.57,141.55,220.02,115.22,0.0,0.0,2654.7,78.82,275,29,2,41,5,42,39,3,39,0,0.0,0.0,17.63,181.52,0.0,0,0,33,0,0,0,0,558,,0.02
queue,batched k=1,,"{""batch_k"": 1}",batched,9,20,200,2,True,200,30.9948,6.4527,8.5133,83.663,225.114,115.729,14.45,21.35,40.88,23.32,89.6,132.32,253.44,144.53,0.0,0.0,2732.9,73.48,281,28,2,40,6,45,40,4,40,0,0.0,0.0,20.95,147.22,0.0,0,0,37,0,0,0,0,565,,0.02
main,beanstalk-noplace,,{},beanstalk-noplace,4,20,200,2,True,200,29.555,6.767,9.0888,303.681,589.527,327.108,13.89,18.17,0.16,67.79,82.1,107.38,0.92,400.7,7.43,379.37,1375.8,38.79,137,0,2,39,6,88,48,0,48,0,279.04,116.59,210.27,597.91,1138.6,10,0,0,14,31,34,106,705,,0.05
queue,batched-par k=1,,"{""batch_k"": 1}",batched-par,2,20,200,2,True,200,24.3503,8.2135,9.0833,67.513,268.883,97.894,18.42,21.88,45.13,14.57,89.73,106.55,219.76,70.96,4.35,0.0,2545.1,87.1,254,9,2,35,4,42,32,10,32,0,0.0,0.0,10.94,137.49,0.0,0,0,12,0,0,0,0,531,,0.02
queue,batched-par k=1,,"{""batch_k"": 1}",batched-par,0,20,200,2,True,200,31.5417,6.3408,8.5137,75.781,318.269,115.751,12.75,23.05,38.11,26.09,80.43,145.42,240.42,164.57,0.0,0.0,2748.3,72.61,284,23,2,55,3,57,53,2,53,0,0.0,0.0,27.7,262.37,0.0,0,0,29,0,0,0,0,594,,0.02
queue,batched-par k=1,,"{""batch_k"": 1}",batched-par,1,20,200,2,True,200,37.3843,5.3498,8.8493,59.05,416.536,112.382,11.9,24.93,25.17,38.0,88.97,186.4,188.21,284.11,0.0,0.0,2702.4,60.24,270,10,2,21,5,58,53,5,53,0,0.0,0.0,54.13,384.76,0.0,0,0,12,0,0,0,0,549,,0.02
queue,batched-par k=1,,"{""batch_k"": 1}",batched-par,3,20,200,2,True,200,26.0407,7.6803,9.4687,70.641,269.364,97.831,16.82,20.75,41.86,20.56,87.61,108.08,218.03,107.1,8.97,0.0,2538.0,81.22,257,12,2,39,7,45,43,2,43,0,0.0,0.0,14.04,165.22,0.0,0,0,12,0,0,0,0,541,,0.02
queue,batched-par k=1,,"{""batch_k"": 1}",batched-par,4,20,200,2,True,200,29.5549,6.7671,8.8313,76.87,292.083,107.095,13.89,18.35,42.04,25.72,82.1,108.47,248.51,152.01,8.12,0.0,2666.8,75.19,268,13,2,36,10,53,48,4,48,0,0.0,0.0,32.84,304.98,0.0,0,0,16,0,0,0,0,556,,0.02
main,beanstalk-noplace,,{},beanstalk-noplace,7,20,200,2,True,200,31.5142,6.3463,10.5774,450.12,963.344,525.91,13.42,17.75,0.14,68.69,84.57,111.89,0.85,432.97,0.0,372.69,1205.1,31.87,121,0,2,28,6,96,37,1,37,0,543.44,156.94,349.29,971.29,1644.2,8,0,0,8,13,30,108,651,,0.05
queue,batched-par k=1,,"{""batch_k"": 1}",batched-par,6,20,200,2,True,200,47.7946,4.1846,8.7179,76.428,314.3,113.156,8.71,15.24,24.22,51.83,83.28,145.65,231.54,495.43,27.07,0.0,2657.6,46.34,276,22,2,42,5,52,45,7,45,0,0.0,0.0,312.67,1327.08,0.0,0,0,24,0,0,0,0,570,,0.02
queue,batched-par k=1,,"{""batch_k"": 1}",batched-par,9,20,200,2,True,200,35.558,5.6246,9.517,68.603,213.02,107.136,12.6,19.52,30.69,37.18,89.6,138.84,218.28,264.44,0.0,0.0,2526.3,59.21,252,9,2,42,6,41,37,3,37,0,0.0,0.0,62.11,394.37,0.0,0,0,12,0,0,0,0,534,,0.02
queue,batched-par k=1,,"{""batch_k"": 1}",batched-par,7,20,200,2,True,200,27.8632,7.1779,8.8832,64.677,351.721,107.201,15.18,28.03,36.1,20.7,84.57,156.18,201.16,115.36,0.0,0.0,2653.6,79.37,264,18,2,46,5,45,41,3,41,0,0.0,0.0,17.5,183.65,0.0,0,0,20,0,0,0,0,554,,0.02
queue,batched-par k=1,,"{""batch_k"": 1}",batched-par,8,20,200,2,True,200,63.6989,3.1398,9.4644,57.889,305.13,107.426,7.83,13.2,14.91,64.06,99.8,168.15,189.94,816.09,80.86,0.0,2526.9,33.06,251,8,2,39,7,42,39,3,39,0,0.0,0.0,602.68,2129.45,0.0,0,0,9,0,0,0,0,532,,0.02
fair,batched k=1 released,,"{""batch_k"": 1, ""queue_agents"": ""released""}",batched,1,20,200,2,True,200,34.9259,5.7264,7.5073,574.62,1172.375,580.266,12.74,31.05,0.0,56.22,88.97,216.87,0.0,392.68,0.0,0.0,3078.6,73.46,321,39,2,80,12,73,63,7,63,0,0.0,0.0,28.05,225.8,0.0,0,0,51,0,0,0,0,671,,0.03
fair,batched k=1 released,,"{""batch_k"": 1, ""queue_agents"": ""released""}",batched,0,20,200,2,True,200,35.3017,5.6655,7.6454,630.013,1205.274,635.802,11.39,26.5,0.0,62.1,80.43,187.13,0.0,438.47,0.0,0.0,2974.3,70.21,309,35,2,117,17,62,59,1,59,0,0.0,0.0,25.2,196.06,0.0,0,0,49,0,0,0,0,686,,0.03
main,batched k=4,,{},batched,0,5,50,2,True,50,18.0078,2.7766,4.27,11.283,208.06,48.566,24.84,30.67,14.28,30.22,22.36,27.61,12.86,27.21,0.0,0.0,693.4,32.09,70,7,2,1,2,13,12,0,12,0,0.0,0.0,67.28,355.81,0.0,0,1,8,0,0,0,0,133,,0.01
fair,batched k=1 released,,"{""batch_k"": 1, ""queue_agents"": ""released""}",batched,2,20,200,2,True,200,33.9465,5.8916,8.2122,559.551,1008.221,539.49,13.22,22.74,0.0,64.05,89.73,154.36,0.0,434.84,0.0,0.0,2787.1,68.42,290,34,2,93,18,52,40,9,40,0,0.0,0.0,45.08,376.59,0.0,0,0,41,0,0,0,0,632,,0.02
fair,batched k=1 released,,"{""batch_k"": 1, ""queue_agents"": ""released""}",batched,3,20,200,2,True,200,27.095,7.3814,7.6633,616.22,1079.744,597.371,16.17,30.26,0.0,53.57,87.61,163.98,0.0,290.32,0.0,0.0,2954.9,90.88,302,31,2,94,21,64,55,3,55,0,0.0,0.0,7.87,46.93,0.0,0,0,44,0,0,0,0,654,,0.02
main,batched k=4,,{},batched,2,5,50,2,True,50,10.6173,4.7093,5.9934,10.503,113.264,21.779,43.89,15.72,18.46,21.92,23.3,8.35,9.8,11.64,0.0,0.0,528.8,41.5,51,0,2,1,0,3,3,0,3,0,0.0,0.0,24.22,154.1,0.0,0,0,0,0,0,0,0,105,,0.01
fair,batched k=1 released,,"{""batch_k"": 1, ""queue_agents"": ""released""}",batched,4,20,200,2,True,200,32.4445,6.1644,7.2142,651.975,1212.002,635.322,12.65,24.88,0.0,62.47,82.1,161.45,0.0,405.34,0.0,0.0,3061.5,78.63,316,34,2,88,33,66,58,4,58,0,0.0,0.0,19.58,183.31,0.0,0,0,54,0,0,0,0,666,,0.02
main,batched k=4,,{},batched,3,5,50,2,True,50,10.8208,4.6207,4.5877,11.688,123.769,39.35,35.74,32.89,27.72,3.65,19.34,17.79,15.0,1.97,0.0,0.0,707.1,54.45,75,11,2,4,0,19,14,0,14,0,0.0,0.0,13.74,64.5,0.0,0,4,13,0,0,0,0,143,,0.01
main,batched k=4,,{},batched,4,5,50,2,True,50,10.5693,4.7307,5.2824,11.154,130.729,32.097,40.12,26.03,24.58,9.27,21.2,13.76,12.99,4.9,0.0,0.0,647.3,51.03,67,6,2,2,1,14,10,1,10,0,0.0,0.0,11.73,59.94,0.0,0,2,8,0,0,0,0,130,,0.01
main,batched k=4,,{},batched,5,5,50,2,True,50,16.5176,3.0271,5.2124,10.681,139.6,44.587,24.83,26.78,18.21,30.18,20.51,22.12,15.04,24.93,0.0,0.0,667.6,33.68,67,7,2,3,2,13,9,0,9,0,0.0,0.0,53.62,293.32,0.0,0,4,8,0,0,0,0,129,,0.01
fair,batched k=1 released,,"{""batch_k"": 1, ""queue_agents"": ""released""}",batched,5,20,200,2,True,200,39.2391,5.097,7.6737,604.44,1114.585,605.172,10.57,23.18,0.0,66.25,82.94,181.9,0.0,519.94,0.0,0.0,2945.5,62.56,305,33,2,122,33,59,59,0,59,0,0.0,0.0,117.83,724.67,0.0,0,0,46,0,0,0,0,686,,0.03
fair,batched k=1 released,,"{""batch_k"": 1, ""queue_agents"": ""released""}",batched,6,20,200,2,True,200,53.7692,3.7196,7.9863,568.891,1069.011,585.485,7.74,16.88,0.0,75.38,83.28,181.49,0.0,810.62,0.0,0.0,2843.1,44.06,293,28,2,104,12,54,46,7,46,0,0.0,0.0,383.66,1561.71,0.0,0,0,40,0,0,0,0,650,,0.03
fair,batched k=1 released,,"{""batch_k"": 1, ""queue_agents"": ""released""}",batched,8,20,200,2,True,200,72.6127,2.7543,7.7419,574.097,1101.569,603.113,6.87,16.53,0.0,76.59,99.8,240.1,0.0,1112.35,0.0,0.0,2976.3,34.16,307,36,2,90,20,61,55,5,55,0,0.0,0.0,550.59,2143.52,0.0,0,0,47,0,0,0,0,657,,0.02
main,batched k=4,,{},batched,7,5,50,2,True,50,9.7776,5.1137,5.7841,11.215,127.531,31.381,36.73,26.3,27.19,9.78,17.96,12.86,13.29,4.78,0.0,0.0,656.7,55.97,69,6,2,1,0,13,8,1,8,0,0.0,0.0,9.82,57.41,0.0,0,4,6,0,0,0,0,129,,0.01
fair,batched k=1 released,,"{""batch_k"": 1, ""queue_agents"": ""released""}",batched,7,20,200,2,True,200,34.4166,5.8112,8.3524,600.398,1094.932,586.394,12.29,29.44,0.0,58.28,84.57,202.63,0.0,401.13,0.0,0.0,2830.2,68.53,292,28,2,110,17,53,50,2,50,0,0.0,0.0,55.61,437.9,0.0,0,0,40,0,0,0,0,654,,0.03
main,batched k=4,,{},batched,6,5,50,2,True,50,18.3861,2.7194,4.4599,10.94,256.674,48.603,24.05,31.83,12.23,31.9,22.11,29.26,11.24,29.32,0.0,0.0,641.6,29.08,65,4,2,1,2,11,10,1,10,0,0.0,0.0,77.72,392.95,0.0,0,0,4,0,0,0,0,127,,0.01
main,batched k=4,,{},batched,8,5,50,2,True,50,10.8279,4.6177,4.9178,11.753,113.452,29.721,43.45,24.29,21.45,10.8,23.52,13.15,11.61,5.85,0.0,0.0,569.2,43.81,57,4,2,3,0,9,9,0,9,0,0.0,0.0,14.29,67.7,0.0,0,0,4,0,0,0,0,119,,0.01
fair,batched k=1 released,,"{""batch_k"": 1, ""queue_agents"": ""released""}",batched,9,20,200,2,True,200,35.6481,5.6104,7.9616,531.774,1062.259,552.427,12.57,22.86,0.0,64.57,89.6,163.0,0.0,460.37,0.0,0.0,2898.0,67.75,293,30,2,87,22,55,51,2,51,0,0.0,0.0,28.08,222.74,0.0,0,0,40,0,0,0,0,633,,0.03
main,batched k=4,,{},batched,9,5,50,2,True,50,10.1934,4.9051,5.1187,10.901,120.244,27.714,50.88,24.08,21.24,3.81,25.93,12.27,10.82,1.94,0.0,0.0,537.3,43.93,54,4,2,3,1,6,5,1,5,0,0.0,0.0,11.94,65.97,0.0,0,0,4,0,0,0,0,113,,0.01
main,batched-aimd,,{},batched-aimd,0,5,50,2,True,50,18.0172,2.7751,4.295,10.799,208.783,49.275,24.82,31.29,14.29,29.6,22.36,28.19,12.87,26.66,0.0,0.0,704.3,32.57,74,8,2,1,2,15,12,1,12,0,0.0,0.0,67.18,354.0,0.0,0,2,10,0,0,0,0,138,,0.01
queue,batched-par k=1,,"{""batch_k"": 1}",batched-par,5,20,200,2,True,200,29.1297,6.8659,8.7355,79.025,306.985,110.652,14.24,20.57,42.74,22.45,82.94,119.85,248.99,130.81,0.0,0.0,2698.5,77.2,276,21,2,57,10,50,43,7,43,0,0.0,0.0,21.99,226.63,0.0,0,0,26,0,0,0,0,583,,0.05
main,batched-aimd,,{},batched-aimd,1,5,50,2,True,50,15.1884,3.292,5.0379,11.071,134.496,32.962,32.21,20.75,15.42,31.62,24.46,15.76,11.71,24.01,0.0,0.0,629.7,34.55,65,5,2,1,0,11,9,1,9,0,0.0,0.0,72.32,346.47,0.0,0,1,5,0,0,0,0,126,,0.01
main,batched-aimd,,{},batched-aimd,2,5,50,2,True,50,10.582,4.725,6.0359,10.871,109.064,22.023,44.04,15.78,18.91,21.27,23.3,8.35,10.01,11.26,0.0,0.0,535.9,42.21,53,2,2,1,0,3,3,0,3,0,0.0,0.0,22.94,146.92,0.0,0,0,2,0,0,0,0,107,,0.01
main,batched-aimd,,{},batched-aimd,6,5,50,2,True,50,14.753,3.3891,4.0695,11.158,257.432,48.147,29.97,38.76,15.64,15.64,22.11,28.59,11.53,11.54,0.0,0.0,661.4,37.36,68,7,2,1,2,11,10,1,10,0,0.0,0.0,21.87,141.46,0.0,0,0,7,0,0,0,0,130,,0.01
main,batched-aimd,,{},batched-aimd,3,5,50,2,True,50,11.7984,4.2379,4.3505,12.128,158.23,44.182,32.78,39.78,22.63,4.81,19.34,23.47,13.35,2.84,0.0,0.0,757.2,53.48,79,13,2,2,0,17,15,2,15,0,0.0,0.0,11.92,49.69,0.0,0,0,13,0,0,0,0,148,,0.01
main,batched-aimd,,{},batched-aimd,5,5,50,2,True,50,15.8902,3.1466,4.8414,11.695,125.755,43.174,25.81,28.98,16.3,28.91,20.51,23.03,12.95,22.97,0.0,0.0,621.7,32.6,64,8,2,3,2,12,9,2,9,0,0.0,0.0,46.28,258.51,0.0,0,1,9,0,0,0,0,128,,0.01
main,batched-aimd,,{},batched-aimd,8,5,50,2,True,50,11.1458,4.486,4.7541,12.194,116.146,32.325,42.21,26.26,22.07,9.45,23.52,14.64,12.3,5.27,0.0,0.0,595.0,44.49,62,6,2,3,0,11,9,1,9,0,0.0,0.0,14.16,61.3,0.0,0,1,7,0,0,0,0,125,,0.01
main,batched-aimd,,{},batched-aimd,9,5,50,2,True,50,9.813,5.0953,5.3883,10.964,78.387,25.536,52.85,19.88,23.5,3.78,25.93,9.75,11.53,1.85,0.0,0.0,568.4,48.27,56,3,2,2,1,6,5,0,5,0,0.0,0.0,10.52,40.85,0.0,0,1,5,0,0,0,0,113,,0.01
main,batched-aimd,,{},batched-aimd,7,5,50,2,True,50,9.3442,5.3509,5.9302,12.178,129.071,28.082,38.43,24.93,25.16,11.48,17.96,11.65,11.75,5.36,0.0,0.0,606.0,54.05,65,7,2,1,0,10,8,1,8,0,0.0,0.0,10.42,64.94,0.0,0,1,7,0,0,0,0,125,,0.01
main,batched+place,,{},batched+place,2,5,50,2,True,50,10.3031,4.8529,6.4607,11.418,117.346,25.467,45.23,18.93,22.27,13.57,23.3,9.75,11.47,6.99,2.32,0.0,563.6,45.58,57,5,2,1,1,7,3,3,3,3,0.0,0.0,17.17,110.94,0.0,0,1,5,0,0,0,0,114,,0.01
main,batched+place,,{},batched+place,1,5,50,2,True,50,11.8023,4.2365,4.1247,10.992,148.817,38.67,41.45,34.38,20.22,3.94,24.46,20.29,11.93,2.33,0.0,0.0,587.6,41.49,63,8,2,5,1,10,9,1,9,6,0.0,0.0,12.77,51.86,0.0,0,0,8,0,0,0,0,128,,0.01
main,batched+place,,{},batched+place,3,5,50,2,True,50,11.8035,4.236,4.7316,15.107,121.177,40.824,32.77,29.6,28.05,9.59,19.34,17.47,16.55,5.66,1.66,0.0,709.9,50.12,74,11,2,2,0,19,15,0,15,9,0.0,0.0,15.63,62.97,0.0,0,4,14,0,0,0,0,141,,0.01
main,batched+place,,{},batched+place,4,5,50,2,True,50,10.4899,4.7665,5.2799,10.928,154.404,32.257,40.42,27.66,23.59,8.33,21.2,14.51,12.37,4.37,1.33,0.0,638.9,50.76,67,7,2,1,1,13,10,1,10,3,0.0,0.0,12.6,69.37,0.0,0,2,7,0,0,0,0,129,,0.01
main,batched+place,,{},batched+place,5,5,50,2,True,50,14.3675,3.4801,5.3223,11.409,144.211,39.778,28.54,30.08,16.06,25.31,20.51,21.61,11.54,18.18,0.0,0.0,610.6,35.41,64,6,2,2,1,10,9,0,9,10,0.0,0.0,32.95,163.08,0.0,0,1,7,0,0,0,0,125,,0.01
main,batched+place,,{},batched+place,6,5,50,2,True,50,13.3098,3.7566,4.0824,11.177,225.261,43.161,33.22,36.33,17.72,12.74,22.11,24.18,11.79,8.48,0.0,0.0,624.5,39.1,63,3,2,1,3,11,10,0,10,8,0.0,0.0,20.63,108.93,0.0,0,1,4,0,0,0,0,124,,0.01
main,batched+place,,{},batched+place,7,5,50,2,True,50,10.266,4.8705,5.4666,11.176,146.034,30.988,34.98,26.86,23.45,14.71,17.96,13.79,12.04,7.55,0.0,0.0,615.8,49.99,63,6,2,2,0,10,9,0,9,6,0.0,0.0,15.69,99.82,0.0,0,1,6,0,0,0,0,124,,0.01
queue,batched k=16,,"{""batch_k"": 16}",batched,0,5,50,2,True,50,18.0078,2.7766,4.27,11.283,208.06,48.566,24.84,30.67,14.28,30.22,22.36,27.61,12.86,27.21,0.0,0.0,693.4,32.09,70,7,2,1,2,13,12,0,12,0,0.0,0.0,67.28,355.81,0.0,0,1,8,0,0,0,0,133,,0.01
queue,batched k=16,,"{""batch_k"": 16}",batched,1,5,50,2,True,50,15.1489,3.3006,5.0945,10.986,142.031,32.589,32.29,19.1,16.76,31.85,24.46,14.46,12.69,24.13,0.0,0.0,644.5,35.45,64,4,2,1,0,12,9,0,9,0,0.0,0.0,72.92,346.87,0.0,0,3,5,0,0,0,0,124,,0.01
main,batched k=4,,{},batched,1,5,50,2,True,50,15.1489,3.3006,5.0945,10.986,142.031,32.589,32.29,19.1,16.76,31.85,24.46,14.46,12.69,24.13,0.0,0.0,644.5,35.45,64,4,2,1,0,12,9,0,9,0,0.0,0.0,72.92,346.87,0.0,0,3,5,0,0,0,0,124,,0.04
queue,batched k=16,,"{""batch_k"": 16}",batched,2,5,50,2,True,50,10.6173,4.7093,5.9934,10.503,113.264,21.779,43.89,15.72,18.46,21.92,23.3,8.35,9.8,11.64,0.0,0.0,528.8,41.5,51,0,2,1,0,3,3,0,3,0,0.0,0.0,24.22,154.1,0.0,0,0,0,0,0,0,0,105,,0.01
queue,batched k=16,,"{""batch_k"": 16}",batched,3,5,50,2,True,50,10.8208,4.6207,4.5877,11.688,123.769,39.35,35.74,32.89,27.72,3.65,19.34,17.79,15.0,1.97,0.0,0.0,707.1,54.45,75,11,2,4,0,19,14,0,14,0,0.0,0.0,13.74,64.5,0.0,0,4,13,0,0,0,0,143,,0.01
queue,batched k=16,,"{""batch_k"": 16}",batched,5,5,50,2,True,50,16.5176,3.0271,5.2124,10.681,139.6,44.587,24.83,26.78,18.21,30.18,20.51,22.12,15.04,24.93,0.0,0.0,667.6,33.68,67,7,2,3,2,13,9,0,9,0,0.0,0.0,53.62,293.32,0.0,0,4,8,0,0,0,0,129,,0.01
queue,batched k=16,,"{""batch_k"": 16}",batched,6,5,50,2,True,50,18.3861,2.7194,4.4599,10.94,256.674,48.603,24.05,31.83,12.23,31.9,22.11,29.26,11.24,29.32,0.0,0.0,641.6,29.08,65,4,2,1,2,11,10,1,10,0,0.0,0.0,77.72,392.95,0.0,0,0,4,0,0,0,0,127,,0.01
queue,batched k=16,,"{""batch_k"": 16}",batched,9,5,50,2,True,50,10.1934,4.9051,5.1187,10.901,120.244,27.714,50.88,24.08,21.24,3.81,25.93,12.27,10.82,1.94,0.0,0.0,537.3,43.93,54,4,2,3,1,6,5,1,5,0,0.0,0.0,11.94,65.97,0.0,0,0,4,0,0,0,0,113,,0.01
queue,batched k=16,,"{""batch_k"": 16}",batched,7,5,50,2,True,50,9.7776,5.1137,5.7841,11.215,127.531,31.381,36.73,26.3,27.19,9.78,17.96,12.86,13.29,4.78,0.0,0.0,656.7,55.97,69,6,2,1,0,13,8,1,8,0,0.0,0.0,9.82,57.41,0.0,0,4,6,0,0,0,0,129,,0.01
queue,batched k=16,,"{""batch_k"": 16}",batched,8,5,50,2,True,50,10.8279,4.6177,4.9178,11.753,113.452,29.721,43.45,24.29,21.45,10.8,23.52,13.15,11.61,5.85,0.0,0.0,569.2,43.81,57,4,2,3,0,9,9,0,9,0,0.0,0.0,14.29,67.7,0.0,0,0,4,0,0,0,0,119,,0.01
queue,batched-par k=4,,"{""batch_k"": 4}",batched-par,0,5,50,2,True,50,17.8881,2.7952,4.3774,10.71,206.605,47.073,25.0,30.87,12.99,31.14,22.36,27.61,11.61,27.85,0.0,0.0,626.0,29.16,61,1,2,1,2,12,12,0,12,0,0.0,0.0,70.63,364.06,0.0,0,0,1,0,0,0,0,124,,0.01
queue,batched-par k=4,,"{""batch_k"": 4}",batched-par,1,5,50,2,True,50,14.7265,3.3952,5.3831,10.902,132.485,30.083,33.22,19.64,14.4,32.74,24.46,14.46,10.6,24.1,0.0,0.0,598.4,33.86,60,1,2,1,0,9,9,0,9,0,0.0,0.0,72.69,344.16,0.0,0,0,1,0,0,0,0,120,,0.01
queue,batched-par k=4,,"{""batch_k"": 4}",batched-par,2,5,50,2,True,50,11.3273,4.4141,5.3721,10.449,136.384,26.643,41.14,21.27,17.93,19.66,23.3,12.05,10.15,11.13,0.0,0.0,571.3,42.03,57,2,2,1,0,5,3,2,3,0,0.0,0.0,22.33,149.1,0.0,0,0,2,0,0,0,0,113,,0.01
queue,batched-par k=4,,"{""batch_k"": 4}",batched-par,6,5,50,2,True,50,14.7233,3.396,4.1043,11.369,257.01,47.744,30.03,38.83,15.21,15.93,22.11,28.59,11.2,11.72,0.0,0.0,629.2,35.61,64,4,2,1,2,11,10,1,10,0,0.0,0.0,22.28,144.01,0.0,0,0,4,0,0,0,0,126,,0.01
queue,batched-par k=4,,"{""batch_k"": 4}",batched-par,4,5,50,2,True,50,10.6316,4.7029,5.0371,11.754,125.0,32.693,39.88,27.78,23.47,8.87,21.2,14.77,12.48,4.71,0.0,0.0,628.4,49.26,60,1,2,2,1,13,10,1,10,0,0.0,0.0,10.78,57.45,0.0,0,2,1,0,0,0,0,123,,0.01
queue,batched-par k=4,,"{""batch_k"": 4}",batched-par,5,5,50,2,True,50,16.1019,3.1052,4.7046,10.986,143.459,48.251,25.47,35.78,14.17,24.59,20.51,28.8,11.4,19.8,0.0,0.0,603.3,31.22,61,4,2,4,2,11,9,2,9,0,0.0,0.0,31.59,187.79,0.0,0,0,4,0,0,0,0,126,,0.01
queue,batched-par k=4,,"{""batch_k"": 4}",batched-par,7,5,50,2,True,50,12.7312,3.9273,5.5544,11.001,136.108,35.142,28.21,27.08,18.92,25.79,17.96,17.24,12.04,16.42,0.0,0.0,640.2,41.9,65,4,2,0,0,12,8,3,8,0,0.0,0.0,29.51,169.4,0.0,0,1,4,0,0,0,0,126,,0.01
main,batched-aimd,,{},batched-aimd,4,5,50,2,True,50,10.6655,4.688,5.3693,10.963,131.555,32.675,39.76,29.45,21.61,9.18,21.2,15.7,11.52,4.9,0.0,0.0,649.9,50.78,68,8,2,3,1,11,10,1,10,0,0.0,0.0,11.4,60.52,0.0,0,0,8,0,0,0,0,132,,0.04
queue,batched-par k=4,,"{""batch_k"": 4}",batched-par,8,5,50,2,True,50,14.5594,3.4342,4.7578,12.048,122.324,37.462,32.31,27.35,15.53,24.8,23.52,19.91,11.3,18.05,0.0,0.0,575.3,32.93,57,2,2,3,0,10,9,1,9,0,0.0,0.0,35.86,211.78,0.0,0,0,2,0,0,0,0,120,,0.01
queue,batched-par k=4,,"{""batch_k"": 4}",batched-par,9,5,50,2,True,50,9.9336,5.0334,5.1321,10.754,120.809,26.287,52.21,23.12,20.98,3.68,25.93,11.49,10.42,1.83,0.0,0.0,553.8,46.46,57,3,2,3,1,6,5,1,5,0,0.0,0.0,9.78,40.95,0.0,0,0,3,0,0,0,0,116,,0.01
main,serial,,{},serial,1,5,50,2,True,50,21.1981,2.3587,3.7896,17.706,145.335,61.005,23.08,32.05,15.91,28.96,24.46,33.97,16.87,30.69,0.0,0.0,666.7,26.21,65,0,1,3,0,15,11,4,11,0,0.0,0.0,60.95,282.34,0.0,0,0,0,0,0,0,0,133,,0.01
main,serial,,{},serial,2,5,50,2,True,50,12.055,4.1476,5.0925,19.794,116.462,30.644,38.66,13.85,28.52,18.97,23.3,8.35,17.19,11.44,0.0,0.0,533.1,36.85,53,0,1,1,0,3,3,0,3,0,0.0,0.0,22.14,156.77,0.0,0,0,0,0,0,0,0,107,,0.01
main,batched+place,,{},batched+place,0,5,50,2,True,50,17.1083,2.9226,4.0015,10.972,219.117,54.221,26.14,36.57,16.25,21.04,22.36,31.28,13.9,18.0,0.0,0.0,750.9,36.57,75,7,2,3,0,16,12,1,12,13,0.0,0.0,31.75,200.47,0.0,0,3,9,0,0,0,0,141,,0.04
main,serial,,{},serial,0,5,50,2,True,50,19.0746,2.6213,3.9433,19.589,226.478,54.827,23.45,28.95,18.95,28.65,22.36,27.61,18.08,27.32,0.0,0.0,630.9,27.56,62,0,1,1,2,12,12,0,12,0,0.0,0.0,61.33,348.34,0.0,0,0,0,0,0,0,0,125,,0.01
main,serial,,{},serial,4,5,50,2,True,50,12.4362,4.0205,4.2128,24.832,151.199,43.769,34.1,25.55,33.1,7.25,21.2,15.89,20.58,4.51,0.0,0.0,610.8,40.93,61,0,1,2,1,11,10,1,10,0,0.0,0.0,11.32,61.61,0.0,0,0,0,0,0,0,0,124,,0.01
main,serial,,{},serial,3,5,50,2,True,50,12.7779,3.913,3.8853,23.369,143.463,50.559,30.27,32.39,33.55,3.79,19.34,20.7,21.44,2.42,0.0,0.0,670.0,43.7,65,0,1,5,0,15,14,1,14,0,0.0,0.0,10.49,57.01,0.0,0,0,0,0,0,0,0,135,,0.01
main,batched+place,,{},batched+place,8,5,50,2,True,50,10.2993,4.8547,5.041,10.779,116.222,27.014,45.68,20.03,23.69,10.6,23.52,10.31,12.2,5.46,0.0,0.0,623.3,50.43,64,7,2,0,0,10,9,1,9,6,0.0,0.0,12.39,50.37,0.0,0,0,8,0,0,0,0,124,,0.04
main,serial,,{},serial,5,5,50,2,True,50,16.8686,2.9641,4.4904,20.836,131.644,50.584,24.31,27.35,22.63,25.71,20.51,23.07,19.09,21.68,0.0,0.0,610.1,30.14,60,0,1,3,2,10,9,1,9,0,0.0,0.0,37.62,240.15,0.0,0,0,0,0,0,0,0,123,,0.01
main,batched+place,,{},batched+place,9,5,50,2,True,50,9.3837,5.3284,5.3972,10.691,76.199,23.206,55.27,19.75,21.47,3.51,25.93,9.27,10.07,1.65,0.0,0.0,531.5,47.2,55,2,2,2,0,5,5,0,5,11,0.0,0.0,9.9,41.39,0.0,0,0,3,0,0,0,0,112,,0.04
queue,batched k=16,,"{""batch_k"": 16}",batched,4,5,50,2,True,50,10.5693,4.7307,5.2824,11.154,130.729,32.097,40.12,26.03,24.58,9.27,21.2,13.76,12.99,4.9,0.0,0.0,647.3,51.03,67,6,2,2,1,14,10,1,10,0,0.0,0.0,11.73,59.94,0.0,0,2,8,0,0,0,0,130,,0.04
main,serial,,{},serial,8,5,50,2,True,50,12.4714,4.0092,4.3371,23.009,118.726,39.008,37.73,21.09,31.04,10.14,23.52,13.15,19.35,6.33,0.0,0.0,610.4,40.79,59,0,1,3,0,9,9,0,9,0,0.0,0.0,11.99,74.91,0.0,0,0,0,0,0,0,0,121,,0.01
main,serial,,{},serial,7,5,50,2,True,50,11.5738,4.3201,4.8488,26.263,150.498,41.395,31.03,18.59,41.02,9.36,17.96,10.76,23.74,5.42,0.0,0.0,591.1,42.56,58,0,1,0,0,8,8,0,8,0,0.0,0.0,9.67,62.47,0.0,0,0,0,0,0,0,0,116,,0.01
main,serial,,{},serial,9,5,50,2,True,50,21.6063,2.3141,4.4805,21.038,124.258,47.137,24.0,19.99,16.37,39.64,25.93,21.6,17.68,42.82,0.0,0.0,570.0,21.98,56,0,1,3,1,6,5,1,5,0,0.0,0.0,151.38,617.16,0.0,0,0,0,0,0,0,0,115,,0.01
main,beanstalk,,{},beanstalk,0,5,50,2,True,50,18.5607,2.6939,2.1765,214.161,546.019,221.874,24.1,33.88,0.22,41.8,22.36,31.44,0.2,38.8,0.0,30.15,597.9,26.84,60,0,2,4,2,37,12,0,12,6,284.31,161.97,185.27,548.0,837.6,4,0,0,5,5,7,55,192,,0.01
main,beanstalk,,{},beanstalk,2,5,50,2,True,50,9.7785,5.1133,6.391,15.801,130.871,52.824,47.66,15.84,0.34,36.15,23.3,7.75,0.17,17.68,0.0,5.16,496.8,42.34,50,0,2,2,0,21,3,0,3,5,147.2,127.7,51.43,164.48,141.9,1,0,0,4,4,1,46,160,,0.01
main,beanstalk,,{},beanstalk,1,5,50,2,True,50,14.5777,3.4299,3.2774,76.545,371.107,107.16,33.56,23.08,0.26,43.11,24.46,16.82,0.19,31.42,0.0,22.36,586.5,33.53,58,0,2,3,1,31,9,0,9,2,171.05,112.85,117.05,389.46,356.6,3,0,0,2,2,7,56,182,,0.01
main,beanstalk,,{},beanstalk,3,5,50,2,True,50,11.0202,4.5371,194.0575,385.484,519.156,312.137,35.09,32.67,0.38,31.86,19.34,18.0,0.21,17.55,0.0,12.52,635.7,48.07,62,0,2,3,1,53,14,0,14,1,155.93,87.28,235.83,549.4,371.8,4,0,0,4,4,10,58,196,,0.01
main,beanstalk,,{},beanstalk,4,5,50,2,True,50,10.8621,4.6032,6.715,134.887,284.683,140.235,39.04,25.08,0.35,35.53,21.2,13.62,0.19,19.3,0.0,11.7,552.8,42.41,55,0,2,2,0,37,10,0,10,6,170.32,102.47,93.98,288.84,291.7,3,0,0,4,5,6,50,179,,0.01
main,beanstalk,,{},beanstalk,5,5,50,2,True,50,15.9423,3.1363,2.5421,148.051,545.382,199.185,25.72,23.14,0.24,50.89,20.51,18.45,0.19,40.57,0.0,38.82,501.8,26.23,50,0,2,2,1,36,9,0,9,4,543.02,134.26,186.86,549.0,661.7,3,0,0,2,2,8,48,172,,0.01
main,beanstalk,,{},beanstalk,7,5,50,2,True,50,10.8749,4.5977,3.8329,127.797,233.398,119.757,33.02,25.73,0.34,40.91,17.96,13.99,0.18,22.25,0.0,21.19,509.2,39.02,51,0,2,1,1,33,9,1,9,2,177.62,104.7,85.4,233.86,407.8,3,0,0,2,3,8,48,172,,0.01
main,beanstalk,,{},beanstalk,6,5,50,2,True,50,19.383,2.5796,4.8747,53.182,357.286,148.797,22.81,29.72,0.21,47.26,22.11,28.8,0.2,45.8,0.0,26.87,549.2,23.61,54,0,2,4,1,34,10,1,10,6,364.22,175.04,148.05,368.74,834.5,4,0,0,3,3,10,51,183,,0.01
main,beanstalk,,{},beanstalk,9,5,50,2,True,50,14.0397,3.5613,15.3739,295.409,673.198,344.501,36.94,17.52,0.25,45.29,25.93,12.3,0.18,31.79,1.29,29.24,527.7,31.32,53,0,2,1,1,45,6,0,6,6,267.71,137.32,291.48,690.18,559.2,2,0,0,1,1,5,52,167,,0.01
main,beanstalk,,{},beanstalk,8,5,50,2,True,50,8.8183,5.67,4.7647,99.249,188.184,92.583,53.35,20.34,0.42,25.89,23.52,8.97,0.19,11.41,0.0,10.07,531.3,50.21,53,0,2,0,0,35,9,0,9,8,103.51,84.19,68.83,192.74,290.7,3,0,0,4,4,5,49,171,,0.01
main,beanstalk-noplace,,{},beanstalk-noplace,0,5,50,2,True,50,19.4847,2.5661,2.691,264.432,450.257,219.575,22.95,34.36,0.2,42.49,22.36,33.48,0.2,41.39,0.0,37.23,611.3,26.14,60,0,2,2,2,35,12,1,12,0,253.35,152.76,170.93,464.34,858.7,4,0,0,6,7,7,53,189,,0.01
main,beanstalk-noplace,,{},beanstalk-noplace,2,5,50,2,True,50,9.2108,5.4284,7.1363,11.973,138.652,37.853,50.6,18.12,0.36,30.92,23.3,8.35,0.17,14.24,0.0,1.87,547.7,49.55,55,0,2,1,0,12,3,0,3,0,148.41,120.64,41.65,157.84,84.6,2,0,0,4,4,1,51,163,,0.01
main,beanstalk-noplace,,{},beanstalk-noplace,1,5,50,2,True,50,15.8326,3.158,5.8516,108.585,169.197,97.575,30.9,21.88,0.24,46.98,24.46,17.32,0.19,37.19,3.68,12.48,564.4,29.7,56,0,2,3,1,37,9,0,9,0,170.61,117.1,104.15,352.05,268.9,3,0,0,2,2,7,54,180,,0.01
main,beanstalk-noplace,,{},beanstalk-noplace,3,5,50,2,True,50,11.0078,4.5422,5.4522,156.252,422.905,190.696,35.13,39.03,0.39,25.44,19.34,21.48,0.22,14.0,0.88,12.46,662.8,50.17,65,0,2,6,1,56,15,0,15,0,137.88,90.28,167.07,429.18,379.2,5,0,0,5,5,10,60,207,,0.01
queue,batched-par k=4,,"{""batch_k"": 4}",batched-par,3,5,50,2,True,50,10.8394,4.6128,5.0792,10.824,113.384,37.426,35.68,35.98,21.57,6.78,19.34,19.5,11.69,3.67,0.0,0.0,646.1,49.67,67,3,2,4,0,15,14,1,14,0,0.0,0.0,11.74,47.76,0.0,0,0,3,0,0,0,0,136,,0.04
main,beanstalk-noplace,,{},beanstalk-noplace,5,5,50,2,True,50,25.6599,1.9486,14.2298,355.649,870.906,420.426,15.98,25.12,0.16,58.74,20.51,32.23,0.21,75.36,0.0,53.63,523.4,17.0,53,0,2,7,0,36,9,0,9,0,729.62,155.39,287.4,864.01,856.3,3,0,0,1,1,8,52,185,,0.01
main,beanstalk-noplace,,{},beanstalk-noplace,7,5,50,2,True,50,10.1889,4.9073,6.0522,152.204,191.496,130.949,35.24,21.69,0.36,42.71,17.96,11.05,0.18,21.76,0.0,21.6,481.5,39.38,49,0,2,1,0,38,8,0,8,0,185.4,100.26,81.2,193.95,387.1,3,0,0,1,1,7,48,167,,0.01
main,beanstalk-noplace,,{},beanstalk-noplace,6,5,50,2,True,50,14.4087,3.4701,3.9067,174.504,351.083,178.889,30.68,33.23,0.25,35.84,22.11,23.94,0.18,25.82,0.0,25.63,575.2,33.27,57,0,2,0,2,43,10,0,10,0,278.11,157.55,124.58,351.62,607.8,4,0,0,1,1,9,56,177,,0.01
main,beanstalk-noplace,,{},beanstalk-noplace,8,5,50,2,True,50,10.0504,4.9749,9.7107,99.102,235.596,106.062,46.81,25.05,0.38,27.76,23.52,12.59,0.19,13.95,0.0,7.36,586.1,48.6,58,0,2,2,0,38,9,0,9,0,121.83,85.15,76.61,241.43,265.3,3,0,0,4,4,5,54,180,,0.01
main,beanstalk-noplace,,{},beanstalk-noplace,9,5,50,2,True,50,12.7356,3.926,11.7855,176.853,505.768,210.774,40.72,16.39,0.28,42.6,25.93,10.44,0.18,27.13,0.89,24.62,502.0,32.85,52,0,2,3,1,33,5,0,5,0,335.68,129.95,176.79,506.64,431.8,2,0,0,0,0,5,52,168,,0.01
queue,batched k=1,,"{""batch_k"": 1}",batched,1,5,50,2,True,50,14.837,3.37,5.3951,10.963,132.401,30.718,32.97,19.5,15.01,32.52,24.46,14.46,11.13,24.13,0.0,0.0,627.4,35.24,65,6,2,1,0,9,9,0,9,0,0.0,0.0,75.97,354.16,0.0,0,0,6,0,0,0,0,125,,0.01
queue,batched k=1,,"{""batch_k"": 1}",batched,0,5,50,2,True,50,17.9582,2.7842,4.3333,10.991,205.882,48.066,24.9,30.75,13.86,30.49,22.36,27.61,12.44,27.37,0.0,0.0,683.9,31.74,69,7,2,1,2,12,12,0,12,0,0.0,0.0,65.54,349.16,0.0,0,0,7,0,0,0,0,132,,0.01
queue,batched k=1,,"{""batch_k"": 1}",batched,2,5,50,2,True,50,11.017,4.5384,5.6334,10.721,132.148,24.412,42.3,18.61,18.32,20.77,23.3,10.25,10.09,11.44,0.0,0.0,562.2,42.53,56,2,2,1,0,4,3,1,3,0,0.0,0.0,24.27,150.8,0.0,0,0,2,0,0,0,0,111,,0.01
queue,batched k=1,,"{""batch_k"": 1}",batched,3,5,50,2,True,50,10.7395,4.6557,4.7218,12.398,115.283,37.496,36.01,33.14,25.05,5.8,19.34,17.79,13.45,3.11,0.0,0.0,719.9,55.86,74,9,2,4,0,14,14,0,14,0,0.0,0.0,11.84,50.64,0.0,0,0,10,0,0,0,0,142,,0.01
queue,batched k=1,,"{""batch_k"": 1}",batched,4,5,50,2,True,50,10.8766,4.597,5.4345,10.935,129.596,33.805,38.98,28.69,23.11,9.22,21.2,15.6,12.57,5.01,0.0,0.0,677.9,51.94,68,5,2,2,1,12,10,2,10,0,0.0,0.0,11.48,58.68,0.0,0,0,6,0,0,0,0,132,,0.01
queue,batched k=1,,"{""batch_k"": 1}",batched,5,5,50,2,True,50,15.7389,3.1768,5.1191,11.415,116.072,40.946,26.06,28.46,14.9,30.58,20.51,22.4,11.73,24.07,0.0,0.0,637.4,33.75,65,6,2,4,0,9,9,0,9,0,0.0,0.0,50.33,277.33,0.0,0,0,6,0,0,0,0,128,,0.01
queue,batched k=1,,"{""batch_k"": 1}",batched,6,5,50,2,True,50,18.3861,2.7194,4.4599,10.94,256.674,48.603,24.05,31.83,12.23,31.9,22.11,29.26,11.24,29.32,0.0,0.0,641.6,29.08,65,4,2,1,2,11,10,1,10,0,0.0,0.0,77.72,392.95,0.0,0,0,4,0,0,0,0,127,,0.01
main,serial,,{},serial,6,5,50,2,True,50,15.7013,3.1845,3.5194,19.836,271.044,54.442,28.16,34.48,23.31,14.05,22.11,27.07,18.3,11.03,0.0,0.0,633.2,33.6,62,0,1,1,3,12,10,2,10,0,0.0,0.0,21.68,151.32,0.0,0,0,0,0,0,0,0,125,,0.04
queue,batched k=1,,"{""batch_k"": 1}",batched,9,5,50,2,True,50,10.4744,4.7735,5.1063,11.514,101.467,27.832,49.52,21.89,22.4,6.2,25.93,11.46,11.73,3.25,0.0,0.0,609.8,48.52,62,4,2,3,0,7,5,2,5,0,0.0,0.0,10.69,42.91,0.0,0,0,5,0,0,0,0,122,,0.01
queue,batched k=1,,"{""batch_k"": 1}",batched,8,5,50,2,True,50,10.9937,4.5481,4.8134,11.799,122.835,31.394,42.8,26.47,21.12,9.61,23.52,14.55,11.61,5.28,0.0,0.0,622.9,47.22,64,4,2,3,0,10,9,1,9,0,0.0,0.0,13.24,64.89,0.0,0,0,4,0,0,0,0,127,,0.01
queue,batched-par k=1,,"{""batch_k"": 1}",batched-par,1,5,50,2,True,50,14.7265,3.3952,5.3831,10.902,132.485,30.083,33.22,19.64,14.4,32.74,24.46,14.46,10.6,24.1,0.0,0.0,598.4,33.86,60,1,2,1,0,9,9,0,9,0,0.0,0.0,72.69,344.16,0.0,0,0,1,0,0,0,0,120,,0.01
queue,batched-par k=1,,"{""batch_k"": 1}",batched-par,0,5,50,2,True,50,17.8604,2.7995,4.3705,11.066,206.605,47.035,25.04,30.92,12.97,31.07,22.36,27.61,11.58,27.74,0.0,0.0,641.1,29.91,63,1,2,1,2,12,12,0,12,0,0.0,0.0,69.69,361.11,0.0,0,0,1,0,0,0,0,126,,0.01
queue,batched-par k=1,,"{""batch_k"": 1}",batched-par,2,5,50,2,True,50,11.3273,4.4141,5.3721,10.449,136.384,26.643,41.14,21.27,17.93,19.66,23.3,12.05,10.15,11.13,0.0,0.0,571.3,42.03,57,2,2,1,0,5,3,2,3,0,0.0,0.0,22.33,149.1,0.0,0,0,2,0,0,0,0,113,,0.01
queue,batched-par k=1,,"{""batch_k"": 1}",batched-par,3,5,50,2,True,50,10.78,4.6382,5.0339,11.483,114.328,37.658,35.88,36.18,22.05,5.9,19.34,19.5,11.88,3.18,0.0,0.0,663.6,51.3,67,2,2,4,0,15,14,1,14,0,0.0,0.0,11.34,46.75,0.0,0,0,2,0,0,0,0,136,,0.01
queue,batched-par k=1,,"{""batch_k"": 1}",batched-par,4,5,50,2,True,50,10.5808,4.7256,5.1122,11.806,126.896,32.519,40.07,28.44,22.78,8.7,21.2,15.05,12.05,4.6,0.0,0.0,642.4,50.6,62,1,2,2,1,11,10,1,10,0,0.0,0.0,10.06,54.68,0.0,0,0,1,0,0,0,0,125,,0.01
queue,batched-par k=1,,"{""batch_k"": 1}",batched-par,5,5,50,2,True,50,16.0586,3.1136,5.0265,11.289,115.785,41.727,25.54,28.73,14.58,31.15,20.51,23.07,11.71,25.02,0.0,0.0,642.2,33.33,65,5,2,3,2,10,9,1,9,0,0.0,0.0,54.02,295.15,0.0,0,0,5,0,0,0,0,128,,0.01
queue,batched-par k=1,,"{""batch_k"": 1}",batched-par,7,5,50,2,True,50,9.417,5.3096,5.6214,10.96,125.481,29.414,38.13,27.1,24.96,9.81,17.96,12.76,11.75,4.62,0.0,0.0,640.9,56.72,66,5,2,0,0,11,8,3,8,0,0.0,0.0,9.34,45.73,0.0,0,0,5,0,0,0,0,127,,0.01
queue,batched-par k=1,,"{""batch_k"": 1}",batched-par,6,5,50,2,True,50,14.7383,3.3925,4.1258,11.184,255.484,47.683,30.0,38.8,15.13,16.08,22.11,28.59,11.15,11.85,0.0,0.0,638.1,36.08,65,4,2,1,2,11,10,1,10,0,0.0,0.0,22.18,144.41,0.0,0,0,4,0,0,0,0,127,,0.01
queue,batched-par k=1,,"{""batch_k"": 1}",batched-par,8,5,50,2,True,50,10.8406,4.6123,4.9514,12.041,112.547,29.798,43.4,24.27,21.55,10.79,23.52,13.15,11.68,5.85,0.0,0.0,624.6,48.01,62,3,2,3,0,9,9,0,9,0,0.0,0.0,13.12,65.75,0.0,0,0,3,0,0,0,0,124,,0.01
queue,batched-par k=1,,"{""batch_k"": 1}",batched-par,9,5,50,2,True,50,10.4383,4.7901,4.9221,10.749,120.357,29.294,49.69,26.09,20.69,3.54,25.93,13.62,10.8,1.85,0.0,0.0,579.2,46.24,57,1,2,3,0,6,5,1,5,0,0.0,0.0,9.76,44.89,0.0,0,0,1,0,0,0,0,116,,0.01
main,beanstalk-noplace,,{},beanstalk-noplace,4,5,50,2,True,50,11.3092,4.4212,4.2728,117.297,206.213,116.926,37.49,25.72,0.35,36.45,21.2,14.54,0.2,20.61,0.0,15.05,572.2,42.17,58,0,2,3,2,44,10,0,10,0,165.85,99.7,76.46,206.09,374.2,3,0,0,4,5,6,53,184,,0.03
queue,batched k=1,,"{""batch_k"": 1}",batched,7,5,50,2,True,50,9.7727,5.1163,6.2932,11.811,127.741,30.066,36.75,26.67,24.61,11.98,17.96,13.03,12.02,5.85,0.0,0.0,636.5,54.28,66,6,2,0,0,10,8,2,8,0,0.0,0.0,11.61,73.93,0.0,0,0,6,0,0,0,0,126,,0.04
