group,label,note,overrides,policy,seed,N,M,R,complete,green,makespan_h,green_per_h,steady_green_per_h,lat_p50_min,lat_p95_min,lat_mean_min,busy_pct,rework_pct,blocked_pct,idle_pct,busy_agent_h,rework_agent_h,blocked_agent_h,idle_agent_h,idle_placement_agent_h,idle_paused_agent_h,ci_min,ci_util_pct,ci_runs,ci_aborted,ci_max_busy,conflicts,dissolved,reds,culprits,false_blames,fixes,overlap_starts,max_red_age_min,mean_red_age_min,green_staleness_min,green_gap_max_min,paused_min,max_open_reds,bisect_rounds,cancelled_units,searches,search_runs,suspect_hits,val_runs,events,stop_reason,wall_s
main,batched-aimd,,{},batched-aimd,1,1000,10000,100,True,10000,1095.4034,9.1291,9.213,6480.855,6883.768,6156.191,0.39,1.6,92.07,5.94,4296.05,17504.13,1008527.77,65075.5,5778.21,0.0,1211896.7,18.44,126045,43962,20,23691,5258,38549,4008,144,4008,0,0.0,0.0,11.22,145.02,0.0,0,1950,111484,0,0,0,0,163888,,3.85
main,batched-aimd,,{},batched-aimd,0,1000,10000,100,True,10000,1087.8408,9.1925,9.1574,6456.498,6958.13,6155.419,0.39,1.58,92.72,5.3,4294.16,17217.75,1008685.36,57643.49,5039.57,0.0,1205979.7,18.48,125313,44036,20,23899,5491,38287,4019,144,4019,0,0.0,0.0,11.01,74.3,0.0,0,1906,110835,0,0,0,0,163375,,4.0
main,batched-aimd,,{},batched-aimd,2,1000,10000,100,True,10000,1092.3371,9.1547,9.127,6479.949,6884.739,6190.878,0.39,1.55,92.91,5.15,4277.82,16977.16,1014835.78,56246.28,5468.85,0.0,1211803.3,18.49,126058,44457,20,22951,5137,37619,3980,170,3980,0,0.0,0.0,11.16,74.85,0.0,0,1952,111501,0,0,0,0,163159,,4.63
main,batched-aimd,,{},batched-aimd,3,1000,10000,100,True,10000,1087.5217,9.1952,9.2308,6434.551,6749.512,6123.58,0.39,1.59,92.26,5.77,4227.47,17293.22,1003303.49,62697.56,6783.87,0.0,1204041.5,18.45,125364,44092,20,23926,5521,37391,3992,143,3992,0,0.0,0.0,11.12,84.3,0.0,0,1933,110852,0,0,0,0,163425,,4.98
main,batched-aimd,,{},batched-aimd,4,1000,10000,100,True,10000,1081.614,9.2454,9.2603,6454.584,6754.599,6114.51,0.4,1.58,92.64,5.39,4278.65,17120.63,1001964.32,58250.42,4917.08,0.0,1198938.5,18.47,124658,43448,20,22829,5273,37747,3932,142,3932,0,0.0,0.0,11.11,83.28,0.0,0,1961,110248,0,0,0,0,161561,,6.32
main,batched k=4,,{},batched,4,1000,10000,100,True,10000,2065.0402,4.8425,4.8568,12323.44,13593.349,11706.423,0.21,0.79,93.69,5.31,4278.65,16349.18,1934721.3,109691.04,8578.84,0.0,2307995.2,18.63,237099,100578,20,22277,5132,110244,3870,47,3870,0,0.0,0.0,20.7,136.72,0.0,0,7914,220624,0,0,0,0,273293,,15.18
main,batched k=4,,{},batched,2,1000,10000,100,True,10000,2063.5263,4.8461,4.8638,12252.354,13151.232,11721.588,0.21,0.78,93.89,5.12,4277.82,16134.86,1937463.17,105650.44,11716.32,0.0,2306343.0,18.63,236850,99575,20,22266,4908,110770,3878,33,3878,0,0.0,0.0,20.54,147.56,0.0,0,7908,220348,0,0,0,0,273027,,15.3
main,batched k=4,,{},batched,6,1000,10000,100,True,10000,2107.3336,4.7453,4.7484,12529.622,13500.868,11987.794,0.2,0.75,94.06,4.99,4231.65,15760.07,1982205.61,105136.29,8755.98,0.0,2353602.5,18.61,241639,101972,20,21844,5073,113729,3944,49,3944,0,0.0,0.0,21.03,182.57,0.0,0,8074,224861,0,0,0,0,277476,,15.38
main,batched-aimd,,{},batched-aimd,5,1000,10000,100,True,10000,1094.0134,9.1407,9.1467,6512.033,6860.242,6191.329,0.39,1.55,92.77,5.29,4283.64,16941.17,1014947.05,57841.5,4804.64,0.0,1213639.6,18.49,126286,44265,20,23159,5578,38039,4025,166,4025,0,0.0,0.0,11.13,84.61,0.0,0,1921,111674,0,0,0,0,163636,,6.41
main,batched k=4,,{},batched,1,1000,10000,100,True,10000,2073.6168,4.8225,4.8853,12157.329,13384.65,11653.156,0.21,0.8,92.86,6.13,4296.05,16605.77,1925586.84,127128.1,13438.07,0.0,2312009.9,18.58,237593,101229,20,22765,4934,110898,3898,37,3898,0,0.0,0.0,20.3,171.11,0.0,0,7962,220944,0,0,0,0,274293,,15.46
main,batched k=4,,{},batched,9,1000,10000,100,True,10000,2097.3033,4.768,4.7259,12584.792,13438.735,11932.182,0.2,0.75,94.07,4.98,4248.69,15717.86,1972979.19,104357.58,9961.58,0.0,2339788.4,18.59,240225,101429,20,22022,4517,113650,3933,41,3933,0,0.0,0.0,20.51,147.55,0.0,0,8024,223515,0,0,0,0,276221,,15.69
main,batched k=4,,{},batched,8,1000,10000,100,True,10000,2092.157,4.7798,4.8189,12389.936,13426.824,11826.036,0.2,0.78,93.43,5.59,4285.2,16359.25,1954646.78,116865.79,9133.86,0.0,2334217.9,18.59,239842,101440,20,22231,4885,112474,3929,38,3929,0,0.0,0.0,20.35,144.19,0.0,0,8015,223136,0,0,0,0,276040,,15.71
main,batched k=4,,{},batched,7,1000,10000,100,True,10000,2058.0805,4.8589,4.8108,12405.65,13382.929,11711.476,0.21,0.79,94.05,4.95,4229.87,16352.12,1935560.5,101938.02,12315.26,0.0,2293626.6,18.57,235427,98080,20,22731,4932,110449,3854,42,3854,0,0.0,0.0,20.5,144.26,0.0,0,7869,218954,0,0,0,0,272054,,15.77
main,batched k=4,,{},batched,5,1000,10000,100,True,10000,2089.36,4.7862,4.8135,12411.683,13485.013,11842.105,0.21,0.76,93.7,5.33,4283.64,15894.83,1957789.28,111392.28,11583.31,0.0,2333451.0,18.61,239783,102452,20,22115,5235,110779,3925,47,3925,0,0.0,0.0,20.97,152.33,0.0,0,8016,223096,0,0,0,0,275870,,15.79
main,batched k=4,,{},batched,0,1000,10000,100,True,10000,2088.4844,4.7882,4.7407,12560.31,13624.908,11875.436,0.21,0.76,94.01,5.03,4294.16,15859.65,1963379.74,104950.81,9626.56,0.0,2324519.2,18.55,238816,100806,20,22231,5066,112442,3907,56,3907,0,0.0,0.0,20.69,165.86,0.0,0,7996,222116,0,0,0,0,275010,,16.04
main,batched k=4,,{},batched,3,1000,10000,100,True,10000,2061.5372,4.8507,4.8543,12143.498,13189.201,11642.484,0.21,0.79,93.34,5.67,4227.47,16226.18,1924187.87,116895.65,11571.45,0.0,2296355.0,18.57,235944,99890,20,22736,5282,108984,3869,33,3869,0,0.0,0.0,20.85,207.26,0.0,0,7906,219451,0,0,0,0,272582,,16.17
main,batched-aimd,,{},batched-aimd,6,1000,10000,100,True,10000,1098.5957,9.1025,9.1184,6542.105,6798.542,6218.735,0.39,1.53,92.81,5.27,4231.65,16795.05,1019660.86,57908.14,4658.49,0.0,1218844.0,18.49,126789,45292,20,23140,5373,37947,4042,127,4042,0,0.0,0.0,11.11,77.07,0.0,0,1967,112215,0,0,0,0,164098,,6.28
main,batched-aimd,,{},batched-aimd,7,1000,10000,100,True,10000,1090.7128,9.1683,9.1007,6557.471,6817.828,6178.422,0.39,1.64,92.77,5.2,4229.87,17855.61,1011881.36,56745.97,6109.65,0.0,1208418.6,18.47,125619,43601,20,23543,5119,37968,3955,160,3955,0,0.0,0.0,11.13,80.0,0.0,0,1965,111072,0,0,0,0,163277,,6.52
main,batched-aimd,,{},batched-aimd,8,1000,10000,100,True,10000,1096.0023,9.1241,9.2057,6491.795,6851.506,6191.636,0.39,1.58,92.58,5.45,4285.2,17288.72,1014650.66,59777.75,4547.16,0.0,1215279.5,18.48,126297,43792,20,23424,5179,38602,4022,133,4022,0,0.0,0.0,11.16,82.89,0.0,0,1951,111718,0,0,0,0,163876,,6.42
main,batched-aimd,,{},batched-aimd,9,1000,10000,100,True,10000,1096.0493,9.1237,9.1233,6511.135,6848.61,6183.264,0.39,1.52,92.5,5.59,4248.69,16647.02,1013897.0,61256.61,4316.64,0.0,1209287.6,18.39,125766,44073,20,22893,4672,38070,4032,151,4032,0,0.0,0.0,11.38,218.92,0.0,0,1909,111280,0,0,0,0,162842,,6.39
main,batched+place,,{},batched+place,4,1000,10000,100,True,10000,2035.1551,4.9136,4.9405,12162.849,12990.559,11523.892,0.21,0.79,93.59,5.42,4278.65,16029.56,1904619.18,110227.74,10262.66,0.0,2272778.2,18.61,233519,97966,20,21972,5137,108240,3820,35,3820,9987,0.0,0.0,20.25,161.94,0.0,0,7797,217197,0,0,0,0,269346,,30.79
main,batched+place,,{},batched+place,2,1000,10000,100,True,10000,2064.7544,4.8432,4.8213,12349.067,13100.418,11720.724,0.21,0.77,93.84,5.18,4277.82,15962.14,1937491.93,107022.47,10694.89,0.0,2305010.6,18.61,236980,100780,20,22048,4903,109997,3874,42,3874,9983,0.0,0.0,20.53,142.39,0.0,0,7921,220429,0,0,0,0,272944,,31.05
main,batched+place,,{},batched+place,5,1000,10000,100,True,10000,2082.0543,4.8029,4.8064,12430.88,13543.497,11807.872,0.21,0.75,93.77,5.27,4283.64,15642.95,1952335.69,109792.04,8782.46,0.0,2320481.2,18.58,238292,100160,20,21757,5156,111800,3899,40,3899,9986,0.0,0.0,20.71,172.19,0.0,0,7973,221660,0,0,0,0,273988,,31.45
main,batched+place,,{},batched+place,1,1000,10000,100,True,10000,2120.1287,4.7167,4.6921,12586.681,13959.134,11984.705,0.2,0.77,93.44,5.58,4296.05,16403.74,1981047.02,118381.92,13076.79,0.0,2355102.8,18.51,241817,101786,20,22417,5009,113993,3975,37,3975,9987,0.0,0.0,20.75,259.18,0.0,0,8103,224941,0,0,0,0,278246,,32.08
main,batched+place,,{},batched+place,3,1000,10000,100,True,10000,2095.6155,4.7719,4.7751,12404.404,13583.778,11866.27,0.2,0.77,93.6,5.42,4227.47,16112.31,1961599.42,113676.28,11514.2,0.0,2329603.0,18.53,239190,99998,20,22476,5273,113488,3924,42,3924,9985,0.0,0.0,20.72,167.71,0.0,0,8016,222506,0,0,0,0,275632,,31.96
main,batched+place,,{},batched+place,0,1000,10000,100,True,10000,2117.7647,4.722,4.6825,12651.821,13776.798,12061.291,0.2,0.74,94.18,4.88,4294.16,15730.02,1994485.09,103255.4,9917.41,0.0,2362049.3,18.59,242641,102527,20,22067,5054,114615,3965,43,3965,9990,0.0,0.0,20.65,183.3,0.0,0,8124,225744,0,0,0,0,278716,,32.31
main,batched+place,,{},batched+place,6,1000,10000,100,True,10000,2147.3974,4.6568,4.6567,12776.38,13844.552,12156.664,0.2,0.74,93.61,5.45,4231.65,15859.86,2010250.81,117055.06,10984.79,0.0,2392226.9,18.57,245623,103526,20,21786,5055,115303,4026,46,4026,9983,0.0,0.0,21.34,170.14,0.0,0,8216,228619,0,0,0,0,281481,,31.71
main,batched+place,,{},batched+place,7,1000,10000,100,True,10000,2068.615,4.8342,4.7465,12459.673,13521.949,11760.675,0.2,0.78,93.97,5.04,4229.87,16212.79,1943899.69,104272.62,13361.48,0.0,2302654.1,18.55,236769,100272,20,22501,4941,109639,3871,52,3871,9988,0.0,0.0,21.05,153.74,0.0,0,7935,220286,0,0,0,0,273193,,32.18
main,batched+place,,{},batched+place,8,1000,10000,100,True,10000,2065.1675,4.8422,4.9003,12182.299,13195.581,11627.09,0.21,0.78,93.05,5.96,4285.2,16182.87,1921665.54,123033.85,12449.75,0.0,2290851.8,18.49,235400,99691,20,22096,4938,109865,3883,36,3883,9988,0.0,0.0,20.51,149.52,0.0,0,7910,218861,0,0,0,0,271415,,31.41
fair,beanstalk quarantine,,"{""green_mode"": ""quarantine""}",beanstalk,0,1000,10000,100,True,10000,295.2984,33.864,36.4086,1725.405,5815.765,2273.733,1.45,13.26,0.15,85.14,4294.16,39153.58,440.33,251410.38,113.56,250509.59,152416.4,8.6,15152,0,100,47174,3855,2464,8669,62,8669,9902,2281.03,1027.61,18.75,372.58,17086.5,881,0,0,2790,4042,6130,11110,107424,,31.21
main,batched+place,,{},batched+place,9,1000,10000,100,True,10000,2130.9734,4.6927,4.6308,12814.405,13759.034,12143.359,0.2,0.73,94.25,4.83,4248.69,15539.58,2008353.52,102831.64,11041.3,0.0,2374641.7,18.57,243670,101872,20,21761,4543,115080,4005,36,4005,9984,0.0,0.0,20.98,168.31,0.0,0,8137,226753,0,0,0,0,279472,,31.91
fair,beanstalk quarantine,,"{""green_mode"": ""quarantine""}",beanstalk,1,1000,10000,100,True,10000,290.5914,34.4126,37.7198,1863.307,5749.358,2373.779,1.48,14.05,0.16,84.32,4296.05,40818.24,456.1,245021.01,102.25,244494.23,144174.4,8.27,14339,0,100,49245,3946,2074,8422,49,8422,9851,2412.94,1072.91,16.15,324.86,17086.1,825,0,0,2732,3468,5934,10871,108954,,33.04
fair,beanstalk quarantine,,"{""green_mode"": ""quarantine""}",beanstalk,4,1000,10000,100,True,10000,299.6556,33.3716,35.8525,1806.075,4813.101,2220.948,1.43,11.5,0.13,86.94,4278.65,34471.5,374.94,260530.5,281.05,258816.1,146351.4,8.14,14564,0,100,40418,3286,2503,7390,54,7390,9907,2759.78,995.44,15.09,224.74,17767.4,718,0,0,2343,3781,5276,10783,97616,,42.82
fair,beanstalk quarantine,,"{""green_mode"": ""quarantine""}",beanstalk,7,1000,10000,100,True,10000,323.5249,30.9095,33.3706,1787.452,4977.653,2145.466,1.31,10.8,0.12,87.77,4229.87,34955.64,379.83,283959.6,133.73,283271.27,146928.8,7.57,14631,0,100,41289,3410,2821,7714,72,7714,9888,2301.74,1019.92,35.93,866.57,18378.5,681,0,0,2482,3638,5470,10993,99405,,42.46
fair,beanstalk quarantine,,"{""green_mode"": ""quarantine""}",beanstalk,5,1000,10000,100,True,10000,299.0771,33.4362,35.8308,1801.433,5462.202,2192.857,1.43,11.93,0.14,86.5,4283.64,35675.72,409.85,258707.88,68.84,258187.36,144288.3,8.04,14353,0,100,43481,3952,3108,7936,61,7936,9864,2625.02,1029.55,16.71,256.77,17385.1,849,0,0,2495,3420,5657,10933,101070,,43.85
fair,beanstalk quarantine,,"{""green_mode"": ""quarantine""}",beanstalk,2,1000,10000,100,True,10000,272.5888,36.6853,38.6493,1799.182,5151.857,2246.25,1.57,14.6,0.16,83.67,4277.82,39801.02,438.54,228071.41,27.93,227869.61,142823.7,8.73,14216,0,100,47750,4088,2428,8262,55,8262,9884,2180.88,1023.74,12.9,232.36,16207.4,863,0,0,2690,3529,5805,10687,106588,,44.87
fair,beanstalk quarantine,,"{""green_mode"": ""quarantine""}",beanstalk,6,1000,10000,100,True,10000,289.1202,34.5877,36.5457,1950.439,5559.504,2354.522,1.46,12.5,0.14,85.9,4231.65,36154.21,393.5,248340.79,55.21,248153.44,157178.1,9.06,15665,0,100,42743,3825,2831,8039,73,8039,9879,2866.68,1063.98,14.85,201.46,17053.1,838,0,0,2695,4871,5600,10794,102427,,43.89
fair,beanstalk no-budget,,"{""budget"": false}",beanstalk,0,1000,10000,100,True,10000,167.1676,59.8202,,8424.836,10010.693,8172.325,2.57,59.29,0.48,37.65,4294.16,99120.85,806.95,62945.6,1760.25,0.0,172267.1,17.18,17128,0,100,102287,4434,12142,8477,101,8477,9990,5272.33,203.9,5015.03,10030.05,0.0,310,0,0,2559,4985,6019,12143,167616,,40.0
fair,beanstalk no-budget,,"{""budget"": false}",beanstalk,2,1000,10000,100,True,10000,168.8362,59.229,,7668.979,9283.07,7440.073,2.53,58.21,0.47,38.79,4277.82,98271.55,798.37,65488.5,2314.03,0.0,171141.6,16.89,17040,0,100,101474,4326,12043,8388,104,8388,9983,7188.37,205.28,4287.74,9289.78,0.0,304,0,0,2556,4990,5936,12050,166256,,40.77
fair,beanstalk no-budget,,"{""budget"": false}",beanstalk,1,1000,10000,100,True,10000,178.3763,56.0613,,9098.174,10683.342,8777.399,2.41,58.28,0.46,38.85,4296.05,103962.92,814.66,69302.63,1888.68,0.0,175474.6,16.4,17457,0,100,105275,4123,12354,8692,89,8692,9987,5717.1,205.5,5336.95,10688.22,0.0,304,0,0,2607,5101,6174,12356,172776,,42.65
fair,beanstalk quarantine,,"{""green_mode"": ""quarantine""}",beanstalk,3,1000,10000,100,True,10000,263.1205,38.0054,41.7879,1782.132,5703.947,2313.304,1.61,15.96,0.17,82.25,4227.47,42006.5,456.92,216429.61,21.86,216254.73,144043.4,9.12,14334,0,100,50357,4097,2253,8486,53,8486,9913,2247.2,1027.55,16.42,436.89,15571.0,848,0,0,2741,3475,5986,10859,110706,,52.15
fair,beanstalk no-budget,,"{""budget"": false}",beanstalk,3,1000,10000,100,True,10000,161.4492,61.939,,7840.018,9443.309,7574.686,2.62,61.52,0.51,35.36,4227.47,99317.67,818.03,57086.02,1907.92,0.0,171208.8,17.67,17030,0,90,104388,4549,12055,8428,95,8428,9985,6599.12,208.38,4611.53,9449.49,0.0,308,0,0,2527,4969,5996,12061,169596,,47.14
fair,beanstalk quarantine,,"{""green_mode"": ""quarantine""}",beanstalk,8,1000,10000,100,True,10000,293.1338,34.1141,35.0607,2130.789,6522.286,2758.159,1.46,14.85,0.17,83.52,4285.2,43525.62,488.72,244834.31,133.79,243754.84,144718.3,8.23,14399,0,100,52331,3861,2320,8633,63,8633,9870,2695.67,1254.38,20.29,360.73,17330.9,872,0,0,2828,3671,6048,10728,111885,,55.99
fair,beanstalk quarantine,,"{""green_mode"": ""quarantine""}",beanstalk,9,1000,10000,100,True,10000,276.3091,36.1914,39.1118,2206.557,6298.63,2677.674,1.54,14.61,0.17,83.68,4248.69,40370.28,463.5,231226.64,53.87,230655.0,151240.5,9.12,15038,0,100,49406,3815,2621,8438,71,8438,9918,3279.7,1175.89,18.24,423.24,16164.5,923,0,0,2669,4172,6005,10866,108902,,60.16
fair,beanstalk no-budget,,"{""budget"": false}",beanstalk,4,1000,10000,100,True,10000,166.3253,60.1232,,8371.255,9960.106,8094.438,2.57,59.1,0.48,37.85,4278.65,98301.08,794.39,62951.14,2164.71,0.0,171104.2,17.15,16993,0,98,100910,4122,12019,8410,88,8410,9988,5748.26,203.67,4974.59,9964.33,0.0,305,0,0,2556,4960,5943,12033,165790,,63.83
fair,beanstalk no-budget,,"{""budget"": false}",beanstalk,5,1000,10000,100,True,10000,175.474,56.9885,,7696.614,9321.07,7430.871,2.44,57.03,0.47,40.06,4283.64,100071.65,829.66,70289.05,1793.76,0.0,174760.9,16.6,17393,0,98,105267,5126,12327,8741,94,8741,9985,6557.71,213.59,4163.72,9328.63,0.0,341,0,0,2657,5056,6178,12337,171115,,68.9
fair,beanstalk no-budget,,"{""budget"": false}",beanstalk,7,1000,10000,100,True,10000,180.1118,55.5211,,8239.661,9891.562,7992.817,2.35,55.09,0.45,42.12,4229.87,99216.73,805.01,75860.15,3092.51,0.0,170731.8,15.8,16995,0,100,102545,4010,12043,8406,115,8406,9987,5689.24,208.14,4581.07,9910.55,0.0,308,0,0,2463,4949,6058,12046,167238,,71.3
fair,beanstalk no-budget,,"{""budget"": false}",beanstalk,6,1000,10000,100,True,10000,167.7473,59.6135,,8035.161,9648.729,7790.22,2.52,59.98,0.49,37.0,4231.65,100618.77,823.27,62073.59,2096.7,0.0,176601.4,17.55,17588,0,100,104519,5099,12192,8795,98,8795,9983,7291.46,206.74,4634.06,9653.25,0.0,319,0,0,2717,5390,6176,12198,171553,,74.13
fair,beanstalk no-budget,,"{""budget"": false}",beanstalk,8,1000,10000,100,True,10000,167.2999,59.7729,,8287.971,9898.042,8017.246,2.56,61.39,0.48,35.56,4285.2,102707.09,809.38,59498.19,1570.97,0.0,180383.5,17.97,17938,0,94,104239,4605,12470,8863,109,8863,9987,7018.62,208.83,4887.71,9905.21,0.0,320,0,0,2736,5460,6237,12478,172324,,74.93
fair,beanstalk no-budget,,"{""budget"": false}",beanstalk,9,1000,10000,100,True,10000,158.2252,63.2011,,7375.563,9021.467,7161.923,2.69,61.62,0.53,35.16,4248.69,97505.99,843.79,55626.7,1466.68,0.0,180674.4,19.03,17985,0,100,104522,4100,12233,9270,119,9270,9984,6327.65,202.75,4299.59,9029.39,0.0,344,0,0,2810,5745,6579,12240,170552,,76.18
fair,beanstalk-noplace quarantine,,"{""green_mode"": ""quarantine""}",beanstalk-noplace,1,1000,10000,100,True,10000,303.3255,32.9679,34.5481,1883.741,5950.508,2394.074,1.42,12.74,0.14,85.7,4296.05,38651.05,434.66,259943.69,182.48,258833.56,142923.6,7.85,14232,0,100,46806,3666,2375,7790,61,7790,0,2382.07,1137.9,14.66,239.52,17945.4,787,0,0,2571,3461,5465,10771,104862,,45.56
fair,beanstalk-noplace quarantine,,"{""green_mode"": ""quarantine""}",beanstalk-noplace,0,1000,10000,100,True,10000,295.3186,33.8617,37.46,1891.612,5417.4,2358.816,1.45,12.15,0.13,86.26,4294.16,35892.67,387.63,254744.19,158.98,253704.93,153701.9,8.67,15314,0,100,41980,3665,2695,7717,70,7717,0,2820.47,1066.41,21.16,549.36,16929.7,702,0,0,2548,4325,5439,10989,100580,,48.13
fair,beanstalk-noplace quarantine,,"{""green_mode"": ""quarantine""}",beanstalk-noplace,2,1000,10000,100,True,10000,278.2789,35.9352,38.1598,1700.008,4724.354,2088.913,1.54,13.04,0.15,85.28,4277.82,36275.38,404.68,237321.04,102.38,235431.16,147109.9,8.81,14619,0,100,43169,3786,3014,7570,63,7570,0,2150.59,997.85,17.33,281.54,15856.2,675,0,0,2495,3907,5299,10712,100309,,32.21
fair,beanstalk-noplace quarantine,,"{""green_mode"": ""quarantine""}",beanstalk-noplace,3,1000,10000,100,True,10000,261.2482,38.2778,40.5487,1856.166,5249.769,2299.549,1.62,15.14,0.17,83.08,4227.47,39543.27,434.94,217042.53,19.35,216864.2,139652.7,8.91,13902,0,100,48087,3934,2052,7992,47,7992,0,3047.09,1016.24,13.87,249.54,15314.2,820,0,0,2619,3394,5588,10508,106650,,35.18
fair,beanstalk-noplace quarantine,,"{""green_mode"": ""quarantine""}",beanstalk-noplace,4,1000,10000,100,True,10000,288.4443,34.6687,40.3345,1998.126,5446.116,2412.199,1.48,13.48,0.14,84.9,4278.65,38877.32,407.37,244880.97,108.77,244576.58,148324.9,8.57,14752,0,100,44666,3486,3491,7713,67,7713,0,2602.63,1082.93,24.01,460.88,16540.1,782,0,0,2444,3887,5491,10865,103416,,37.49
fair,beanstalk-noplace quarantine,,"{""green_mode"": ""quarantine""}",beanstalk-noplace,5,1000,10000,100,True,10000,293.3607,34.0877,35.6226,2070.758,5734.215,2470.455,1.46,13.19,0.15,85.19,4283.64,38705.77,447.9,249923.36,43.04,249675.0,147409.5,8.37,14665,0,100,47073,4157,2473,8758,58,8758,0,2561.82,1072.75,17.26,244.71,17281.9,874,0,0,2784,3544,6214,11121,106478,,36.87
fair,beanstalk-noplace quarantine,,"{""green_mode"": ""quarantine""}",beanstalk-noplace,7,1000,10000,100,True,10000,318.1435,31.4324,33.6997,2072.848,5423.84,2390.093,1.33,11.43,0.13,87.11,4229.87,36379.66,406.18,277127.78,71.34,276510.76,142934.6,7.49,14212,0,100,43911,3325,3086,7485,70,7485,0,2916.08,1141.46,27.28,344.37,18106.5,759,0,0,2388,3503,5318,10709,101255,,24.09
fair,beanstalk-noplace quarantine,,"{""green_mode"": ""quarantine""}",beanstalk-noplace,6,1000,10000,100,True,10000,297.649,33.5966,36.818,1978.393,5644.213,2394.602,1.42,12.15,0.14,86.29,4231.65,36156.57,413.05,256847.78,87.22,256440.1,146638.8,8.21,14583,0,100,43347,4073,2491,8280,56,8280,0,2535.8,1092.66,14.11,184.94,17618.7,762,0,0,2793,3675,5730,10908,101549,,27.1
fair,beanstalk quarantine no-budget,,"{""budget"": false, ""green_mode"": ""quarantine""}",beanstalk,1,1000,10000,100,True,10000,226.4872,44.1526,63.8834,4703.495,10407.862,5407.951,1.9,39.23,0.3,58.58,4296.05,88840.19,673.66,132677.31,1243.73,0.0,146664.9,10.79,14599,0,100,88643,3395,2991,7116,55,7116,9987,5307.62,2071.06,21.14,534.2,0.0,2425,0,0,2327,3110,5017,11489,151249,,225.62
fair,beanstalk quarantine no-budget,,"{""budget"": false, ""green_mode"": ""quarantine""}",beanstalk,3,1000,10000,100,True,10000,207.437,48.2074,66.4623,4962.638,9488.947,5307.508,2.04,41.66,0.33,55.97,4227.47,86427.44,678.3,116103.8,1156.65,0.0,143423.7,11.52,14298,0,100,88284,3719,2810,7077,41,7077,9985,5307.05,2078.44,13.54,224.87,0.0,2948,0,0,2346,2941,4953,11357,149261,,223.96
fair,beanstalk-noplace quarantine,,"{""green_mode"": ""quarantine""}",beanstalk-noplace,9,1000,10000,100,True,10000,293.8251,34.0339,35.9315,1669.536,4431.583,1934.233,1.45,11.16,0.12,87.27,4248.69,32803.47,354.06,256418.87,75.03,255998.88,152727.8,8.66,15196,0,100,38590,2878,3223,7278,63,7278,0,2179.24,891.02,14.42,209.3,17247.5,662,0,0,2343,4117,5178,11079,96297,,28.92
main,batched k=4,,{},batched,0,500,5000,50,True,5000,1032.4505,4.8428,4.85,6157.491,6718.236,5859.808,0.42,1.53,93.06,4.99,2143.14,7895.25,480422.07,25764.79,2733.88,0.0,1144299.1,36.94,117576,49311,20,10854,2217,55533,1938,17,1938,0,0.0,0.0,20.1,152.13,0.0,0,3953,109284,0,0,0,0,135385,,18.76
fair,beanstalk quarantine no-budget,,"{""budget"": false, ""green_mode"": ""quarantine""}",beanstalk,4,1000,10000,100,True,10000,215.7979,46.3397,83.7555,4213.859,9691.193,5072.982,1.98,39.29,0.29,58.44,4278.65,84776.53,633.76,126108.96,1440.05,0.0,149316.7,11.53,14842,0,100,83041,3116,3558,6529,58,6529,9987,4540.88,2202.88,18.98,340.29,0.0,3015,0,0,2122,3543,4630,11299,143751,,237.56
main,batched k=4,,{},batched,1,500,5000,50,True,5000,1003.1488,4.9843,4.962,5814.188,6995.571,5682.826,0.42,1.51,92.91,5.16,2108.89,7553.96,466014.86,25896.69,3516.81,0.0,1116756.9,37.11,114816,48702,20,10500,2122,53917,1897,8,1897,0,0.0,0.0,20.67,163.26,0.0,0,3839,106750,0,0,0,0,132221,,17.23
fair,beanstalk-noplace quarantine,,"{""green_mode"": ""quarantine""}",beanstalk-noplace,8,1000,10000,100,True,10000,291.4313,34.3134,36.7008,2043.532,5176.444,2353.482,1.47,12.51,0.13,85.89,4285.2,36460.24,388.8,250297.09,64.02,249342.06,148790.8,8.51,14824,0,100,42796,3253,2446,7423,43,7423,0,2533.25,1076.23,16.26,339.75,17084.9,653,0,0,2472,4096,5156,10728,100830,,33.68
fair,beanstalk quarantine no-budget,,"{""budget"": false, ""green_mode"": ""quarantine""}",beanstalk,6,1000,10000,100,True,10000,213.1833,46.908,62.571,5434.128,9721.359,5359.506,1.98,39.08,0.31,58.62,4231.65,83308.69,666.63,124976.32,1608.1,0.0,145422.4,11.37,14492,0,100,85269,4022,2032,7350,67,7350,9984,6413.96,2000.04,10.82,166.12,0.0,2476,0,0,2480,3478,5125,11014,146743,,193.57
main,batched k=4,,{},batched,2,500,5000,50,True,5000,1034.7089,4.8323,4.7971,6225.71,6795.119,5861.832,0.41,1.54,92.88,5.17,2128.39,7952.68,480533.34,26740.04,2420.5,0.0,1150396.2,37.06,118126,49451,20,10774,2169,55715,1941,23,1941,0,0.0,0.0,20.57,122.13,0.0,0,3953,109879,0,0,0,0,135864,,11.96
main,batched k=4,,{},batched,3,500,5000,50,True,5000,1067.3779,4.6844,4.6759,6324.193,6983.914,6038.244,0.4,1.47,92.81,5.31,2143.65,7864.0,495322.97,28358.31,1634.84,0.0,1182488.8,36.93,121373,51035,20,10635,2244,56949,1999,21,1999,0,0.0,0.0,21.26,156.77,0.0,0,4086,112924,0,0,0,0,139028,,12.51
main,batched k=4,,{},batched,4,500,5000,50,True,5000,1019.9507,4.9022,4.89,6158.342,6736.897,5755.3,0.42,1.56,92.49,5.54,2138.8,7936.54,471671.82,28228.21,2407.44,0.0,1135666.2,37.12,116587,48750,20,10600,2032,54214,1911,15,1911,0,0.0,0.0,20.71,164.38,0.0,0,3904,108416,0,0,0,0,134113,,12.12
main,batched k=4,,{},batched,5,500,5000,50,True,5000,1050.3211,4.7604,4.8023,6182.491,6904.783,5968.223,0.4,1.41,93.29,4.9,2084.71,7416.45,489935.5,25723.89,2161.78,0.0,1168460.3,37.08,120066,50929,20,10462,2089,55843,1981,17,1981,0,0.0,0.0,20.76,170.0,0.0,0,4024,111670,0,0,0,0,137526,,11.47
main,batched k=4,,{},batched,6,500,5000,50,True,5000,1077.9983,4.6382,4.617,6473.754,7036.774,6086.874,0.4,1.34,92.76,5.5,2135.17,7238.73,500000.74,29624.48,3464.95,0.0,1197526.8,37.03,122841,51365,20,9828,2170,57981,2019,19,2019,0,0.0,0.0,21.24,174.92,0.0,0,4131,114297,0,0,0,0,139707,,10.84
main,batched-aimd,,{},batched-aimd,0,500,5000,50,True,5000,539.8286,9.2622,9.2327,3190.465,3452.085,3048.936,0.79,3.04,91.09,5.07,2143.14,8212.23,245865.73,13693.18,1652.2,0.0,596344.8,36.82,61962,21292,20,10999,2292,18955,1943,78,1943,0,0.0,0.0,11.15,66.33,0.0,0,981,54792,0,0,0,0,79982,,5.71
main,batched-aimd,,{},batched-aimd,1,500,5000,50,True,5000,539.0987,9.2747,9.2285,3169.591,3449.366,3036.055,0.78,2.91,90.95,5.36,2108.89,7852.32,245152.26,14435.88,1173.44,0.0,594446.5,36.76,61809,21476,20,10608,2173,18875,1933,75,1933,0,0.0,0.0,11.08,69.65,0.0,0,987,54612,0,0,0,0,79425,,5.77
main,batched-aimd,,{},batched-aimd,2,500,5000,50,True,5000,541.6162,9.2316,9.2133,3233.883,3441.17,3053.436,0.79,3.01,90.95,5.25,2128.39,8140.9,246312.1,14226.69,1422.54,0.0,600010.5,36.93,62434,22151,20,11027,2217,18830,1975,64,1975,0,0.0,0.0,11.05,63.17,0.0,0,985,55165,0,0,0,0,80500,,6.18
main,batched k=4,,{},batched,7,500,5000,50,True,5000,1051.3879,4.7556,4.7419,6303.522,6802.193,5850.479,0.41,1.53,91.22,6.84,2180.71,8018.16,479521.76,35973.32,3420.68,0.0,1153860.4,36.58,118424,49198,20,10833,2248,56199,1956,23,1956,0,0.0,0.0,21.57,374.13,0.0,0,3993,110098,0,0,0,0,136236,,14.51
main,batched-aimd,,{},batched-aimd,3,500,5000,50,True,5000,555.3701,9.003,8.9855,3310.305,3529.484,3136.74,0.77,2.95,91.19,5.09,2143.65,8186.84,253208.12,14146.46,1244.25,0.0,614939.3,36.91,64001,22934,20,10985,2267,18936,2048,83,2048,0,0.0,0.0,11.33,77.82,0.0,0,976,56612,0,0,0,0,82117,,5.15
fair,beanstalk quarantine no-budget,,"{""budget"": false, ""green_mode"": ""quarantine""}",beanstalk,2,1000,10000,100,True,10000,222.7569,44.892,92.9469,4432.201,9818.311,5300.253,1.92,38.6,0.3,59.18,4277.82,85984.23,658.21,131836.62,1607.77,0.0,143964.8,10.77,14343,0,100,85514,3599,1526,7160,51,7160,9983,4659.52,2129.69,11.41,211.42,0.0,3199,0,0,2301,2955,5087,11388,146558,,265.69
main,batched-aimd,,{},batched-aimd,4,500,5000,50,True,5000,536.8779,9.3131,9.3098,3164.903,3456.896,3013.344,0.8,3.08,90.47,5.66,2138.8,8267.46,242844.53,15188.16,1625.1,0.0,591682.6,36.74,61504,21438,20,10695,2051,18471,1943,80,1943,0,0.0,0.0,11.41,80.18,0.0,0,954,54343,0,0,0,0,79222,,4.65
main,batched-aimd,,{},batched-aimd,6,500,5000,50,True,5000,560.3328,8.9233,8.9009,3294.638,3589.111,3146.939,0.76,2.68,90.92,5.63,2135.17,7504.3,254740.61,15786.32,1388.85,0.0,619203.4,36.84,64362,22576,20,9982,2271,19434,2049,88,2049,0,0.0,0.0,11.74,96.02,0.0,0,986,57002,0,0,0,0,81481,,3.74
main,batched-aimd,,{},batched-aimd,5,500,5000,50,True,5000,543.8839,9.1931,9.2804,3189.939,3438.424,3065.046,0.77,2.78,91.14,5.31,2084.71,7570.71,247849.83,14436.71,795.91,0.0,599594.3,36.75,62359,21779,20,10470,2059,18645,1985,82,1985,0,0.0,0.0,11.16,129.56,0.0,0,956,55124,0,0,0,0,79896,,4.28
main,batched k=4,,{},batched,8,500,5000,50,True,5000,1038.5798,4.8143,4.7022,6160.302,7200.539,5879.639,0.4,1.45,92.9,5.24,2100.4,7538.28,482431.66,27219.54,5343.26,0.0,1153479.6,37.02,118326,49471,20,10322,2141,55756,1948,18,1948,0,0.0,0.0,21.13,187.67,0.0,0,3971,110060,0,0,0,0,135614,,14.58
main,batched k=4,,{},batched,9,500,5000,50,True,5000,1068.5722,4.6791,4.5756,6441.334,6983.255,6025.152,0.4,1.39,92.58,5.63,2122.66,7438.16,494657.83,30067.43,2158.27,0.0,1187143.4,37.03,121871,51389,20,10184,2046,58323,2007,17,2007,0,0.0,0.0,20.41,134.39,0.0,0,4087,113353,0,0,0,0,139079,,14.78
fair,beanstalk quarantine no-budget,,"{""budget"": false, ""green_mode"": ""quarantine""}",beanstalk,0,1000,10000,100,True,10000,218.3329,45.8016,86.7763,4624.155,9734.682,5158.736,1.97,40.03,0.31,57.7,4294.16,87389.37,668.8,125980.56,1021.53,0.0,148630.4,11.35,14774,0,100,86508,3512,1638,7571,51,7571,9990,5033.34,1852.82,19.23,545.28,0.0,2850,0,0,2469,2975,5356,11799,148850,,272.97
main,batched-aimd,,{},batched-aimd,7,500,5000,50,True,5000,548.2386,9.1201,9.1855,3229.303,3420.53,3028.29,0.8,2.93,89.13,7.14,2180.71,8029.52,244328.01,19581.06,1680.06,0.0,598843.4,36.41,62244,21655,20,10595,2245,18547,1986,65,1986,0,0.0,0.0,13.01,384.13,0.0,0,964,55004,0,0,0,0,79890,,3.44
main,batched-aimd,,{},batched-aimd,8,500,5000,50,True,5000,550.702,9.0793,8.9681,3261.358,3547.069,3088.141,0.76,2.8,90.66,5.78,2100.4,7703.53,249641.55,15905.51,2874.73,0.0,605635.7,36.66,62909,22003,20,10520,2172,18951,2001,72,2001,0,0.0,0.0,11.32,160.6,0.0,0,983,55596,0,0,0,0,80502,,3.62
main,batched-aimd,,{},batched-aimd,9,500,5000,50,True,5000,554.4542,9.0179,8.8982,3290.518,3601.388,3118.757,0.77,2.73,91.02,5.49,2122.66,7567.35,252329.08,15208.02,1005.05,0.0,613406.4,36.88,63780,22469,20,10138,2036,19122,2027,85,2027,0,0.0,0.0,11.17,68.23,0.0,0,977,56440,0,0,0,0,81030,,3.37
fair,beanstalk quarantine no-budget,,"{""budget"": false, ""green_mode"": ""quarantine""}",beanstalk,9,1000,10000,100,True,10000,217.6563,45.944,66.9423,5095.067,9814.549,5614.81,1.95,36.46,0.31,61.28,4248.69,79360.88,674.99,133371.76,1065.53,0.0,143586.5,10.99,14289,0,100,84204,3621,1838,7651,56,7651,9984,5282.77,2290.99,10.22,114.6,0.0,3207,0,0,2462,3026,5414,11263,144622,,203.58
fair,beanstalk quarantine no-budget,,"{""budget"": false, ""green_mode"": ""quarantine""}",beanstalk,7,1000,10000,100,True,10000,232.6211,42.9884,80.4336,4501.964,10471.782,5299.248,1.82,37.96,0.29,59.93,4229.87,88310.28,677.68,139403.32,1006.51,0.0,143315.9,10.27,14283,0,100,88430,3172,2268,7095,62,7095,9987,4641.05,2181.77,55.01,1083.45,0.0,3156,0,0,2347,3015,5015,11268,150040,,211.37
fair,beanstalk quarantine no-budget,,"{""budget"": false, ""green_mode"": ""quarantine""}",beanstalk,8,1000,10000,100,True,10000,219.2078,45.6188,65.4706,5006.997,10094.183,5377.92,1.95,40.02,0.3,57.72,4285.2,87735.53,657.67,126529.39,1112.02,0.0,143758.7,10.93,14285,0,100,86525,3544,2668,6894,61,6894,9988,5269.91,2136.82,13.6,265.27,0.0,2962,0,0,2283,3094,4850,11191,148014,,207.78
main,serial,,{},serial,0,1000,10000,100,True,10000,2183.433,4.5799,4.5815,13033.506,13405.961,12392.561,0.2,0.35,94.25,5.21,4294.16,7597.0,2057829.76,113712.09,5643.05,0.0,130900.1,1.0,12787,0,1,9748,2864,2787,2556,231,2556,0,0.0,0.0,8.07,66.55,0.0,0,0,0,0,0,0,0,35322,,1.73
main,serial,,{},serial,1,1000,10000,100,True,10000,2186.1196,4.5743,4.602,12983.428,13306.479,12366.132,0.2,0.35,93.92,5.53,4296.05,7715.6,2053306.34,120801.56,5965.31,0.0,130951.8,1.0,12805,0,1,9756,2793,2805,2591,214,2591,0,0.0,0.0,8.22,188.04,0.0,0,0,0,0,0,0,0,35366,,2.34
main,serial,,{},serial,2,1000,10000,100,True,10000,2177.1563,4.5931,4.5994,12992.649,13315.038,12360.85,0.2,0.36,94.27,5.18,4277.82,7765.13,2052376.46,112736.92,6021.76,0.0,130569.4,1.0,12755,0,1,9789,2798,2755,2561,194,2561,0,0.0,0.0,8.02,70.07,0.0,0,0,0,0,0,0,0,35299,,2.55
main,serial,,{},serial,3,1000,10000,100,True,10000,2172.5669,4.6029,4.6238,12900.622,13259.589,12301.25,0.19,0.35,94.02,5.44,4227.47,7564.68,2042643.65,118131.12,5099.35,0.0,130203.4,1.0,12705,0,1,9807,2927,2705,2517,188,2517,0,0.0,0.0,8.01,64.57,0.0,0,0,0,0,0,0,0,35217,,2.15
main,serial,,{},serial,4,1000,10000,100,True,10000,2163.1497,4.6229,4.6289,12926.035,13253.126,12280.973,0.2,0.35,94.27,5.18,4278.65,7644.74,2039184.17,112042.12,4855.15,0.0,129744.0,1.0,12672,0,1,9738,2843,2672,2482,190,2482,0,0.0,0.0,7.91,59.63,0.0,0,0,0,0,0,0,0,35082,,2.66
main,batched+place,,{},batched+place,1,500,5000,50,True,5000,1040.4227,4.8057,4.7354,6206.741,6944.594,5909.875,0.41,1.44,93.23,4.92,2108.89,7477.27,485012.34,25612.85,2214.75,0.0,1156677.0,37.06,118607,49577,20,10279,2038,56930,1947,21,1947,4986,0.0,0.0,20.39,168.03,0.0,0,3978,110302,0,0,0,0,135854,,16.71
main,batched+place,,{},batched+place,0,500,5000,50,True,5000,1046.475,4.7779,4.7157,6333.727,6908.971,5908.843,0.41,1.52,92.59,5.48,2143.14,7960.03,484443.58,28690.73,2922.62,0.0,1152028.7,36.7,118531,50364,20,10963,2186,55631,1954,26,1954,4989,0.0,0.0,21.06,190.96,0.0,0,4013,110200,0,0,0,0,136474,,17.22
main,batched+place,,{},batched+place,2,500,5000,50,True,5000,1062.8355,4.7044,4.6872,6296.827,6915.482,5980.589,0.4,1.46,92.33,5.82,2128.39,7748.6,490633.8,30906.95,3202.83,0.0,1181600.6,37.06,121418,51655,20,10487,2194,57177,1999,16,1999,4986,0.0,0.0,20.9,175.06,0.0,0,4080,112941,0,0,0,0,138920,,17.09
main,serial,,{},serial,5,1000,10000,100,True,10000,2177.8586,4.5917,4.598,13002.17,13248.059,12360.541,0.2,0.35,94.25,5.21,4283.64,7538.19,2052552.02,113484.72,4914.89,0.0,130573.8,1.0,12770,0,1,9643,2947,2770,2560,210,2560,0,0.0,0.0,8.04,72.95,0.0,0,0,0,0,0,0,0,35183,,1.79
main,batched+place,,{},batched+place,4,500,5000,50,True,5000,1013.6881,4.9325,4.8397,6013.132,6988.891,5763.73,0.42,1.53,93.24,4.81,2138.8,7745.53,472565.33,24394.41,1858.82,0.0,1127965.8,37.09,115938,49058,20,10371,1956,53852,1890,26,1890,4985,0.0,0.0,20.49,150.01,0.0,0,3887,107796,0,0,0,0,133225,,16.59
main,batched+place,,{},batched+place,3,500,5000,50,True,5000,1035.1466,4.8302,4.7705,6124.166,6938.188,5882.669,0.41,1.49,93.22,4.87,2143.65,7730.92,482491.46,25207.27,2006.54,0.0,1147377.4,36.95,117931,50279,20,10632,2233,54447,1945,18,1945,4987,0.0,0.0,20.42,151.91,0.0,0,3970,109644,0,0,0,0,135526,,16.79
main,serial,,{},serial,6,1000,10000,100,True,10000,2187.2083,4.572,4.5864,13055.804,13302.921,12405.043,0.19,0.34,94.18,5.28,4231.65,7524.03,2059983.09,115469.53,5561.25,0.0,131121.1,1.0,12810,0,1,9686,2872,2810,2609,201,2609,0,0.0,0.0,8.1,62.07,0.0,0,0,0,0,0,0,0,35306,,1.74
main,serial,,{},serial,7,1000,10000,100,True,10000,2169.2048,4.61,4.6174,12988.441,13228.063,12297.212,0.19,0.35,94.13,5.32,4229.87,7631.25,2041904.09,115439.59,6067.65,0.0,130032.4,1.0,12700,0,1,9787,2722,2700,2516,184,2516,0,0.0,0.0,7.92,73.45,0.0,0,0,0,0,0,0,0,35187,,1.73
main,batched+place,,{},batched+place,5,500,5000,50,True,5000,1071.3093,4.6672,4.6724,6416.662,6915.716,6098.144,0.39,1.39,93.48,4.74,2084.71,7438.71,500739.93,25391.32,1761.83,0.0,1190699.5,37.05,122243,51211,20,10341,2070,57991,1998,20,1998,4987,0.0,0.0,20.85,164.92,0.0,0,4092,113731,0,0,0,0,139602,,17.08
main,batched+place,,{},batched+place,7,500,5000,50,True,5000,1049.5489,4.764,4.7368,6146.359,7175.364,5891.351,0.42,1.52,92.03,6.03,2180.71,7990.91,482955.03,31647.79,3127.12,0.0,1169424.0,37.14,120036,50646,20,10676,2269,56418,1976,13,1976,4987,0.0,0.0,20.85,147.15,0.0,0,4024,111649,0,0,0,0,137701,,16.64
main,batched+place,,{},batched+place,6,500,5000,50,True,5000,1098.9904,4.5496,4.5448,6585.443,7022.047,6213.859,0.39,1.32,92.92,5.38,2135.17,7246.24,510575.32,29538.46,3050.14,0.0,1223957.9,37.12,125676,53747,20,9701,2175,59069,2064,22,2064,4984,0.0,0.0,21.38,144.02,0.0,0,4219,116966,0,0,0,0,142463,,16.85
main,serial,,{},serial,8,1000,10000,100,True,10000,2181.1467,4.5847,4.609,12952.613,13381.148,12365.302,0.2,0.35,94.13,5.32,4285.2,7739.09,2053144.58,115977.82,5563.62,0.0,130811.8,1.0,12802,0,1,9728,2698,2802,2588,214,2588,0,0.0,0.0,7.99,60.75,0.0,0,0,0,0,0,0,0,35332,,1.67
main,batched+place,,{},batched+place,8,500,5000,50,True,5000,1047.1341,4.7749,4.6818,6230.497,7009.042,5955.79,0.4,1.42,93.37,4.8,2100.4,7448.96,488866.88,25150.82,3612.65,0.0,1163928.8,37.05,119358,49695,20,10119,2026,56799,1964,16,1964,4986,0.0,0.0,20.57,143.61,0.0,0,4005,111011,0,0,0,0,136457,,16.56
main,serial,,{},serial,9,1000,10000,100,True,10000,2186.3808,4.5738,4.5984,13050.318,13286.891,12384.774,0.19,0.34,94.06,5.4,4248.69,7515.1,2056613.93,118003.11,5211.89,0.0,130839.1,1.0,12778,0,1,9635,2517,2778,2596,182,2596,0,0.0,0.0,8.24,211.19,0.0,0,0,0,0,0,0,0,35191,,2.08
main,batched+place,,{},batched+place,9,500,5000,50,True,5000,1031.3568,4.848,4.7547,6183.093,6663.011,5836.999,0.41,1.42,92.91,5.26,2122.66,7323.86,479092.77,27139.12,1449.58,0.0,1147924.7,37.1,117898,49851,20,10021,2022,55207,1945,14,1945,4986,0.0,0.0,20.55,159.41,0.0,0,3944,109644,0,0,0,0,134878,,18.87
fair,beanstalk quarantine no-budget,,"{""budget"": false, ""green_mode"": ""quarantine""}",beanstalk,5,1000,10000,100,True,10000,220.6931,45.3118,91.082,4348.434,9574.595,5156.434,1.94,39.57,0.31,58.18,4283.64,87324.32,680.31,128404.83,1169.59,0.0,143280.3,10.82,14273,0,100,88079,3794,1517,7290,46,7290,9985,4439.26,2057.57,11.17,196.12,0.0,3220,0,0,2385,2828,5150,11445,149208,,282.4
main,beanstalk-noplace,,{},beanstalk-noplace,0,1000,10000,100,True,10000,249.9091,40.0145,54.2033,1936.462,4465.718,2331.74,1.72,14.3,0.16,83.83,4294.16,35732.98,391.02,209490.95,38.0,209169.7,168245.2,11.22,16748,0,100,44593,3532,11369,8270,109,8270,0,1355.11,73.78,1448.9,4484.88,14667.5,169,0,0,2464,5350,5915,11398,106554,,9.24
main,beanstalk-noplace,,{},beanstalk-noplace,1,1000,10000,100,True,10000,274.0546,36.4891,40.9982,5319.325,11698.824,5901.798,1.57,13.52,0.14,84.77,4296.05,37059.05,391.06,232308.41,82.59,231888.99,169634.3,10.32,16876,0,99,45408,3479,11547,8320,99,8320,0,1697.69,75.51,4452.08,11703.75,15751.2,164,0,0,2524,5317,5895,11559,108614,,10.24
main,beanstalk,,{},beanstalk,2,1000,10000,100,True,10000,257.447,38.8429,42.1998,1741.281,3215.625,1982.435,1.66,13.87,0.15,84.32,4277.82,35717.12,383.49,217068.55,367.06,212199.86,161910.8,10.48,16108,0,96,43576,3503,11063,7750,114,7750,9861,1635.31,71.75,1108.75,3222.89,14798.8,157,0,0,2320,5013,5544,11095,104043,,18.79
main,beanstalk,,{},beanstalk,0,1000,10000,100,True,10000,246.293,40.602,42.6487,1794.983,3418.186,2308.468,1.74,14.68,0.16,83.42,4294.16,36152.24,396.5,205450.12,104.51,203856.37,170985.5,11.57,17019,0,100,44612,3650,11510,8523,106,8523,9871,1570.3,71.88,1466.35,3417.21,14375.4,164,0,0,2589,5471,6041,11548,107063,,19.24
main,beanstalk-noplace,,{},beanstalk-noplace,2,1000,10000,100,True,10000,253.9026,39.3852,44.0003,1984.052,3579.595,2145.399,1.68,13.93,0.15,84.24,4277.82,35369.36,379.98,213875.4,251.15,210887.36,161929.4,10.63,16094,0,97,43107,3426,10968,7612,107,7612,0,1973.51,73.14,1247.5,3583.88,14817.5,152,0,0,2362,5090,5357,11004,102933,,4.74
main,beanstalk,,{},beanstalk,3,1000,10000,100,True,10000,249.7042,40.0474,46.9192,1911.761,4933.987,2627.499,1.69,14.31,0.15,83.84,4227.47,35742.02,385.29,209349.39,40.63,209018.52,168350.8,11.24,16740,0,100,44330,3590,11353,8166,117,8166,9865,1404.6,72.78,1815.85,4941.21,14646.5,178,0,0,2489,5360,5795,11380,106484,,18.93
main,beanstalk,,{},beanstalk,1,1000,10000,100,True,10000,254.1478,39.3472,79.7396,2457.869,7550.243,3370.648,1.69,14.99,0.16,83.16,4296.05,38101.62,398.84,211351.34,67.67,210181.54,168609.8,11.06,16759,0,99,46198,3503,11417,8266,97,8266,9911,1525.17,73.65,2322.39,7555.03,14497.1,173,0,0,2515,5309,5848,11450,109228,,19.72
main,beanstalk,,{},beanstalk,6,1000,10000,100,True,10000,265.4494,37.672,46.3648,1797.586,3711.996,2215.208,1.59,13.84,0.15,84.42,4231.65,36743.85,392.1,224081.81,239.65,222518.94,176797.3,11.1,17615,0,100,44617,3889,11722,8732,121,8732,9887,1725.4,71.14,1256.5,3716.47,15332.6,160,0,0,2707,5861,6148,11754,108637,,18.79
main,beanstalk,,{},beanstalk,4,1000,10000,100,True,10000,248.371,40.2624,50.6217,2128.025,5187.879,2644.61,1.72,14.77,0.16,83.35,4278.65,36672.69,396.26,207023.39,27.06,206624.18,165386.1,11.1,16474,0,95,44795,3692,11236,8177,95,8177,9868,1476.1,72.9,1723.9,5192.06,14579.9,172,0,0,2422,5206,5851,11268,106338,,19.3
main,beanstalk,,{},beanstalk,5,1000,10000,100,True,10000,264.0984,37.8647,34.9254,1984.996,5618.586,2609.345,1.62,13.49,0.15,84.74,4283.64,35617.94,391.8,223805.01,42.2,223428.53,173520.7,10.95,17269,0,100,44142,3908,11778,8705,119,8705,9844,2110.17,71.35,1696.31,5627.49,15173.5,160,0,0,2561,5471,6263,11798,107200,,19.16
main,beanstalk,,{},beanstalk,8,1000,10000,100,True,10000,259.9152,38.4741,41.4725,3422.895,5198.404,3215.48,1.65,13.9,0.15,84.31,4285.2,36118.56,381.61,219129.83,52.89,218648.28,166076.9,10.65,16497,0,94,43880,3284,11282,7927,98,7927,9898,1702.67,73.87,2233.61,5203.62,15413.9,154,0,0,2418,5195,5607,11302,105345,,18.64
main,beanstalk,,{},beanstalk,7,1000,10000,100,True,10000,269.0081,37.1736,40.7471,1774.119,7060.85,3017.555,1.57,13.78,0.15,84.5,4229.87,37074.26,394.28,227309.7,267.06,224736.29,168373.4,10.43,16771,0,100,45265,3622,11494,8260,98,8260,9930,1605.58,72.99,2062.67,7064.85,14284.0,162,0,0,2499,5244,5859,11527,108037,,19.45
main,beanstalk,,{},beanstalk,9,1000,10000,100,True,10000,250.0342,39.9945,47.8603,2062.068,6167.481,2868.543,1.7,14.3,0.16,83.84,4248.69,35763.73,394.85,209626.9,129.73,208441.21,173576.2,11.57,17277,0,100,44619,3450,11504,8622,114,8622,9878,1388.19,72.05,1885.2,6175.84,14177.3,167,0,0,2612,5746,6125,11531,107536,,19.84
main,beanstalk-noplace,,{},beanstalk-noplace,3,1000,10000,100,True,10000,237.2878,42.1429,43.839,1649.396,3030.668,1877.274,1.78,15.21,0.16,82.84,4227.47,36099.96,386.83,196573.54,42.0,196055.35,169066.3,11.87,16844,0,100,44480,3598,11270,8057,125,8057,0,1665.88,72.58,1059.28,3039.38,13641.3,162,0,0,2514,5529,5669,11315,106604,,5.5
queue,batched k=1,,"{""batch_k"": 1}",batched,0,1000,10000,100,True,10000,662.8721,15.0859,15.1749,3884.418,4288.832,3718.168,0.65,1.71,91.78,5.87,4294.16,11317.7,608377.05,38883.2,4192.61,0.0,718936.2,18.08,76252,22703,20,14251,3590,16301,3377,192,3377,0,0.0,0.0,8.26,229.69,0.0,0,0,62683,0,0,0,0,104072,,4.4
queue,batched k=1,,"{""batch_k"": 1}",batched,1,1000,10000,100,True,10000,659.9554,15.1525,15.3754,3805.85,4266.81,3664.748,0.65,1.83,90.72,6.8,4296.05,12058.04,598733.26,44868.05,3306.44,0.0,715599.6,18.07,75935,22479,20,14459,3626,15970,3352,203,3352,0,0.0,0.0,9.63,399.97,0.0,0,0,62380,0,0,0,0,103949,,4.35
queue,batched k=1,,"{""batch_k"": 1}",batched,2,1000,10000,100,True,10000,661.5786,15.1154,15.3089,3854.2,4124.315,3688.171,0.65,1.83,91.08,6.44,4277.82,12108.89,602586.25,42605.61,4769.96,0.0,713196.4,17.97,75551,21500,20,14698,3604,15993,3326,206,3326,0,0.0,0.0,9.36,277.77,0.0,0,0,62019,0,0,0,0,103781,,4.34
main,beanstalk-noplace,,{},beanstalk-noplace,4,1000,10000,100,True,10000,276.9648,36.1057,39.55,2212.87,7462.641,3223.356,1.54,13.07,0.14,85.25,4278.65,36190.29,380.44,236115.45,64.34,235398.52,165030.6,9.93,16424,0,99,43527,3488,11315,8094,100,8094,0,1820.21,72.88,2229.08,7471.61,15822.7,160,0,0,2385,5091,5810,11333,105136,,5.79
queue,batched k=1,,"{""batch_k"": 1}",batched,3,1000,10000,100,True,10000,660.5946,15.1379,15.2957,3865.595,4196.383,3697.268,0.64,1.76,91.52,6.08,4227.47,11646.77,604564.52,40155.79,3082.32,0.0,717278.7,18.1,76140,22297,20,14527,3701,15937,3321,239,3321,0,0.0,0.0,7.97,138.83,0.0,0,0,62580,0,0,0,0,104227,,4.26
main,beanstalk-noplace,,{},beanstalk-noplace,6,1000,10000,100,True,10000,270.0107,37.0356,48.4183,1806.66,4212.868,2117.328,1.57,13.51,0.14,84.78,4231.65,36474.59,387.47,228917.03,104.84,228226.95,179899.7,11.1,17897,0,100,44198,3970,11866,8888,133,8888,0,1980.44,71.45,1242.43,4219.29,15551.5,161,0,0,2824,5993,6198,11904,108926,,5.76
main,beanstalk-noplace,,{},beanstalk-noplace,7,1000,10000,100,True,10000,259.6758,38.5096,41.2286,1640.744,3489.049,1972.901,1.63,14.15,0.15,84.07,4229.87,36738.09,398.82,218309.07,992.58,212230.6,164816.4,10.58,16409,0,97,45511,3460,11168,8003,101,8003,0,1591.48,73.42,1124.65,3497.98,14370.9,167,0,0,2403,5213,5701,11196,107014,,5.52
queue,batched k=1,,"{""batch_k"": 1}",batched,4,1000,10000,100,True,10000,645.9713,15.4806,15.5917,3770.479,4169.784,3629.617,0.66,1.88,91.77,5.69,4278.65,12152.81,592783.33,36756.49,2978.65,0.0,703329.9,18.15,74678,21794,20,14448,3641,15381,3274,213,3274,0,0.0,0.0,7.96,163.09,0.0,0,0,61191,0,0,0,0,102613,,3.64
main,beanstalk-noplace,,{},beanstalk-noplace,8,1000,10000,100,True,10000,245.2602,40.773,51.3412,2016.734,4556.617,2450.758,1.75,14.5,0.15,83.6,4285.2,35569.95,375.71,205029.33,74.45,204262.6,163910.7,11.14,16313,0,100,43226,3306,11004,7668,105,7668,0,1456.0,74.81,1535.89,4562.96,14004.5,159,0,0,2443,5273,5331,11040,103808,,5.57
main,beanstalk-noplace,,{},beanstalk-noplace,5,1000,10000,100,True,10000,260.2431,38.4256,73.2086,3825.962,8798.294,4383.099,1.65,13.83,0.15,84.37,4283.64,35990.8,390.46,219578.17,13.78,219382.07,170873.8,10.94,16982,0,96,44261,3749,11582,8488,115,8488,0,2481.94,74.3,3304.74,8805.3,15457.6,159,0,0,2559,5385,6044,11597,106787,,6.37
main,beanstalk-noplace,,{},beanstalk-noplace,9,1000,10000,100,True,10000,233.3829,42.848,44.8554,1781.211,6115.449,2683.215,1.82,15.12,0.17,82.89,4248.69,35285.39,387.83,193460.96,45.68,193165.48,166650.5,11.9,16585,0,100,44153,3206,11189,7992,119,7992,0,1486.69,74.77,1929.87,6123.85,13762.4,157,0,0,2464,5381,5647,11204,105287,,6.01
queue,batched k=1,,"{""batch_k"": 1}",batched,5,1000,10000,100,True,10000,664.1817,15.0561,15.3032,3872.229,4251.402,3721.547,0.64,1.77,91.62,5.97,4283.64,11735.31,608522.45,39640.28,3939.67,0.0,721692.6,18.11,76644,23087,20,14266,3658,16174,3358,225,3358,0,0.0,0.0,8.66,266.64,0.0,0,0,63061,0,0,0,0,104493,,3.39
queue,batched k=1,,"{""batch_k"": 1}",batched,6,1000,10000,100,True,10000,664.5908,15.0469,15.1844,3884.653,4223.37,3741.258,0.64,1.68,92.14,5.54,4231.65,11197.07,612346.0,36816.1,3836.5,0.0,723558.5,18.15,76537,21881,20,14055,3524,16359,3405,182,3405,0,0.0,0.0,7.82,65.12,0.0,0,0,62950,0,0,0,0,104179,,3.13
queue,batched k=1,,"{""batch_k"": 1}",batched,8,1000,10000,100,True,10000,667.5885,14.9793,15.3311,3881.767,4282.001,3725.389,0.64,1.74,91.27,6.35,4285.2,11611.42,609286.72,42405.18,3428.78,0.0,725792.5,18.12,76968,22650,20,14380,3461,16305,3383,214,3383,0,0.0,0.0,8.63,263.61,0.0,0,0,63371,0,0,0,0,104945,,3.14
queue,batched k=1,,"{""batch_k"": 1}",batched,7,1000,10000,100,True,10000,670.1094,14.9229,15.3688,3861.87,4154.65,3661.132,0.63,1.98,89.08,8.31,4229.87,13238.39,596950.3,55690.86,7509.03,0.0,706481.7,17.57,75017,21746,20,14701,3560,16059,3314,188,3314,0,0.0,0.0,14.96,566.4,0.0,0,0,61515,0,0,0,0,103220,,3.25
queue,batched k=1,,"{""batch_k"": 1}",batched,9,1000,10000,100,True,10000,674.2166,14.832,14.9268,3941.141,4290.821,3764.884,0.63,1.71,91.36,6.3,4248.69,11519.6,615961.1,42487.2,4186.46,0.0,726353.6,17.96,76913,22602,20,14105,3212,16540,3399,211,3399,0,0.0,0.0,9.23,266.76,0.0,0,0,63303,0,0,0,0,104628,,3.23
fair,batched k=1 released,,"{""batch_k"": 1, ""queue_agents"": ""released""}",batched,0,1000,10000,100,True,10000,663.2456,15.0774,15.2579,18467.96,35221.892,18432.871,0.65,2.01,0.0,97.34,4294.16,13343.45,0.0,645607.97,0.0,0.0,715717.2,17.99,75992,22709,20,16985,4807,15884,3372,180,3372,0,0.0,0.0,11.61,557.0,0.0,0,0,62440,0,0,0,0,106529,,3.58
fair,batched k=1 released,,"{""batch_k"": 1, ""queue_agents"": ""released""}",batched,1,1000,10000,100,True,10000,661.5808,15.1153,15.4661,18170.496,35097.439,18105.356,0.65,2.15,0.0,97.2,4296.05,14214.64,0.0,643070.13,0.0,0.0,712330.1,17.95,75781,22411,20,17701,5143,15916,3352,192,3352,0,0.0,0.0,9.04,294.64,0.0,0,0,62237,0,0,0,0,107026,,3.72
fair,batched k=1 released,,"{""batch_k"": 1, ""queue_agents"": ""released""}",batched,2,1000,10000,100,True,10000,662.2157,15.1008,15.3269,18556.294,34828.758,18419.97,0.65,2.03,0.0,97.32,4277.82,13469.76,0.0,644468.15,0.0,0.0,713263.9,17.95,75700,22273,20,16844,4994,15770,3320,221,3320,0,0.0,0.0,8.78,217.88,0.0,0,0,62159,0,0,0,0,106085,,3.44
fair,batched k=1 released,,"{""batch_k"": 1, ""queue_agents"": ""released""}",batched,3,1000,10000,100,True,10000,641.0109,15.6004,15.7862,18396.394,34090.465,18149.098,0.66,2.05,0.0,97.29,4227.47,13143.78,0.0,623639.65,0.0,0.0,698088.1,18.15,74171,21710,20,17202,5339,15447,3248,216,3248,0,0.0,0.0,7.65,87.19,0.0,0,0,60707,0,0,0,0,104837,,3.33
fair,batched k=1 released,,"{""batch_k"": 1, ""queue_agents"": ""released""}",batched,4,1000,10000,100,True,10000,664.6971,15.0444,15.5382,18114.071,34582.123,18155.134,0.64,2.05,0.0,97.31,4278.65,13632.46,0.0,646786.02,0.0,0.0,714643.2,17.92,75826,21930,20,17024,4829,16332,3349,197,3349,0,0.0,0.0,8.89,258.84,0.0,0,0,62280,0,0,0,0,106396,,4.53
fair,batched k=1 released,,"{""batch_k"": 1, ""queue_agents"": ""released""}",batched,5,1000,10000,100,True,10000,676.5445,14.781,15.306,18135.948,35253.732,18466.837,0.63,1.96,0.0,97.41,4283.64,13249.74,0.0,659011.14,0.0,0.0,724783.7,17.86,76818,22267,20,16738,5370,16498,3369,224,3369,0,0.0,0.0,8.66,217.01,0.0,0,0,63225,0,0,0,0,107149,,4.77
fair,batched k=1 released,,"{""batch_k"": 1, ""queue_agents"": ""released""}",batched,6,1000,10000,100,True,10000,659.4586,15.164,15.398,18788.102,35125.71,18597.854,0.64,2.01,0.0,97.35,4231.65,13247.02,0.0,641979.97,0.0,0.0,712591.8,18.01,75684,22353,20,16835,4866,15806,3349,190,3349,0,0.0,0.0,8.81,247.48,0.0,0,0,62145,0,0,0,0,106058,,4.35
fair,batched k=1 released,,"{""batch_k"": 1, ""queue_agents"": ""released""}",batched,7,1000,10000,100,True,10000,649.3577,15.3998,15.6807,17634.096,34021.102,17674.386,0.65,2.13,0.0,97.21,4229.87,13857.31,0.0,631270.53,0.0,0.0,694859.7,17.83,73946,21761,20,17238,4601,15369,3254,196,3254,0,0.0,0.0,9.01,254.87,0.0,0,0,60496,0,0,0,0,104634,,4.21
fair,batched k=1 released,,"{""batch_k"": 1, ""queue_agents"": ""released""}",batched,8,1000,10000,100,True,10000,682.0439,14.6618,15.1277,18244.385,35463.158,18540.459,0.63,2.02,0.0,97.35,4285.2,13791.92,0.0,663966.74,0.0,0.0,726395.9,17.75,77095,22589,20,17000,4882,16244,3369,237,3369,0,0.0,0.0,12.54,622.14,0.0,0,0,63489,0,0,0,0,107701,,4.44
fair,batched k=1 released,,"{""batch_k"": 1, ""queue_agents"": ""released""}",batched,9,1000,10000,100,True,10000,672.4769,14.8704,15.0861,19122.305,35600.463,18760.625,0.63,1.96,0.0,97.41,4248.69,13157.4,0.0,655070.85,0.0,0.0,722509.5,17.91,76530,21896,20,16929,4555,16471,3397,191,3397,0,0.0,0.0,9.09,296.77,0.0,0,0,62942,0,0,0,0,107047,,4.53
main,serial,,{},serial,0,500,5000,50,True,5000,1104.8226,4.5256,4.5311,6581.174,6849.151,6265.169,0.39,0.65,93.86,5.1,2143.14,3609.5,518487.95,28170.69,1506.9,0.0,66255.2,2.0,6467,0,1,4391,1166,1467,1361,106,1361,0,0.0,0.0,8.19,54.43,0.0,0,0,0,0,0,0,0,17325,,0.66
main,serial,,{},serial,1,500,5000,50,True,5000,1097.4732,4.5559,4.5649,6530.996,6784.601,6221.852,0.38,0.64,93.85,5.13,2108.89,3491.2,514996.47,28140.07,1593.49,0.0,65828.2,2.0,6436,0,1,4337,1142,1436,1323,113,1323,0,0.0,0.0,8.06,64.84,0.0,0,0,0,0,0,0,0,17209,,0.67
main,serial,,{},serial,2,500,5000,50,True,5000,1100.5922,4.543,4.5248,6592.259,6780.952,6235.147,0.39,0.64,93.78,5.19,2128.39,3506.23,516089.34,28572.15,1301.18,0.0,66020.4,2.0,6451,0,1,4348,1121,1451,1334,117,1334,0,0.0,0.0,8.19,65.38,0.0,0,0,0,0,0,0,0,17250,,0.64
main,serial,,{},serial,3,500,5000,50,True,5000,1095.0955,4.5658,4.5645,6549.876,6753.276,6211.345,0.39,0.66,93.87,5.08,2143.65,3620.21,513991.88,27792.01,1188.29,0.0,65685.0,2.0,6431,0,1,4408,1092,1431,1340,91,1340,0,0.0,0.0,8.08,55.86,0.0,0,0,0,0,0,0,0,17270,,0.68
main,serial,,{},serial,4,500,5000,50,True,5000,1099.0679,4.5493,4.5549,6550.547,6754.923,6223.831,0.39,0.66,93.73,5.23,2138.8,3599.83,515052.78,28742.55,1283.36,0.0,65934.0,2.0,6430,0,1,4380,1074,1430,1319,111,1319,0,0.0,0.0,8.15,80.01,0.0,0,0,0,0,0,0,0,17240,,0.81
queue,batched-par k=1,,"{""batch_k"": 1}",batched-par,2,1000,10000,100,True,10000,513.9164,19.4584,20.0401,2984.411,3248.657,2827.368,0.83,4.01,87.68,7.47,4277.82,20614.84,450613.15,38410.61,3721.02,0.0,885206.9,28.71,101658,41663,85,26523,5616,23311,4195,194,4195,0,0.0,0.0,7.16,219.59,0.0,0,0,87269,0,0,0,0,142570,,25.23
queue,batched-par k=1,,"{""batch_k"": 1}",batched-par,0,1000,10000,100,True,10000,525.4188,19.0324,18.983,3067.562,3515.544,2919.064,0.82,3.7,88.89,6.59,4294.16,19459.81,467050.87,34613.99,3389.13,0.0,895623.6,28.41,103036,42348,97,25935,5756,24179,4247,214,4247,0,0.0,0.0,6.83,253.63,0.0,0,0,88575,0,0,0,0,143432,,25.69
main,serial,,{},serial,5,500,5000,50,True,5000,1109.5977,4.5061,4.5021,6623.638,6806.924,6300.856,0.38,0.63,94.02,4.98,2084.71,3468.43,521602.92,27642.79,1024.45,0.0,66542.6,2.0,6480,0,1,4356,1042,1480,1361,119,1361,0,0.0,0.0,8.25,59.7,0.0,0,0,0,0,0,0,0,17316,,0.75
queue,batched-par k=1,,"{""batch_k"": 1}",batched-par,4,1000,10000,100,True,10000,512.9558,19.4949,19.6702,2979.836,3451.166,2846.272,0.83,3.98,88.5,6.69,4278.65,20426.05,453952.64,34298.42,2342.92,0.0,896398.9,29.13,103133,42369,95,26184,5787,24009,4181,217,4181,0,0.0,0.0,6.08,117.25,0.0,0,0,88735,0,0,0,0,143715,,25.39
queue,batched-par k=1,,"{""batch_k"": 1}",batched-par,3,1000,10000,100,True,10000,518.6335,19.2814,19.5158,3038.617,3350.697,2868.393,0.82,3.85,88.33,7.01,4227.47,19970.82,458094.75,36340.44,2693.09,0.0,897360.8,28.84,102661,41184,100,26569,5888,24319,4226,207,4226,0,0.0,0.0,6.33,146.68,0.0,0,0,88228,0,0,0,0,143663,,25.71
main,serial,,{},serial,6,500,5000,50,True,5000,1108.9233,4.5089,4.5168,6616.165,6826.635,6280.862,0.39,0.62,93.77,5.22,2135.17,3464.17,519941.01,28921.31,1583.38,0.0,66532.8,2.0,6519,0,1,4210,1198,1519,1423,96,1423,0,0.0,0.0,8.3,63.05,0.0,0,0,0,0,0,0,0,17248,,0.83
queue,batched-par k=1,,"{""batch_k"": 1}",batched-par,1,1000,10000,100,True,10000,532.8771,18.7661,19.0135,3106.225,3409.808,2935.358,0.81,3.87,87.94,7.39,4296.05,20611.47,468614.9,39354.63,3193.41,0.0,912206.2,28.53,105477,43512,81,26272,5543,25357,4283,226,4283,0,0.0,0.0,7.33,330.44,0.0,0,0,90968,0,0,0,0,146258,,26.08
queue,batched-par k=1,,"{""batch_k"": 1}",batched-par,6,1000,10000,100,True,10000,523.9768,19.0848,19.1949,3060.353,3482.57,2919.998,0.81,3.71,89.17,6.31,4231.65,19460.07,467206.28,33078.84,3363.36,0.0,906525.8,28.83,104598,43397,83,25605,5735,24051,4277,197,4277,0,0.0,0.0,6.18,109.06,0.0,0,0,90124,0,0,0,0,144677,,25.4
main,serial,,{},serial,7,500,5000,50,True,5000,1105.3005,4.5237,4.5623,6535.454,6753.152,6205.256,0.39,0.66,92.91,6.04,2180.71,3621.36,513483.33,33364.87,1512.1,0.0,66057.7,1.99,6430,0,1,4368,1144,1430,1333,97,1333,0,0.0,0.0,8.41,207.64,0.0,0,0,0,0,0,0,0,17228,,0.96
queue,batched-par k=1,,"{""batch_k"": 1}",batched-par,5,1000,10000,100,True,10000,524.1734,19.0777,19.6432,3072.925,3398.661,2896.337,0.82,3.77,88.32,7.09,4283.64,19753.41,462969.5,37166.88,2943.44,0.0,893732.7,28.42,101262,39810,100,25883,5850,23892,4201,179,4201,0,0.0,0.0,6.93,255.46,0.0,0,0,86882,0,0,0,0,141525,,25.74
main,serial,,{},serial,8,500,5000,50,True,5000,1096.9752,4.558,4.5613,6517.386,6729.156,6182.827,0.38,0.62,93.32,5.68,2100.4,3391.55,511844.02,31151.62,2345.99,0.0,65714.1,2.0,6429,0,1,4283,1078,1429,1312,117,1312,0,0.0,0.0,8.18,105.24,0.0,0,0,0,0,0,0,0,17141,,0.78
main,serial,,{},serial,9,500,5000,50,True,5000,1098.112,4.5533,4.5368,6559.916,6747.67,6213.34,0.39,0.63,93.67,5.31,2122.66,3463.65,514314.7,29154.98,966.7,0.0,65875.3,2.0,6445,0,1,4295,1029,1445,1346,99,1346,0,0.0,0.0,8.08,59.31,0.0,0,0,0,0,0,0,0,17185,,0.91
queue,batched-par k=1,,"{""batch_k"": 1}",batched-par,7,1000,10000,100,True,10000,534.5026,18.709,19.0026,3074.54,3468.778,2902.642,0.79,3.93,86.58,8.7,4229.87,20998.65,462775.02,46499.05,4538.26,0.0,887829.2,27.68,102361,42325,89,26469,5509,23934,4219,217,4219,0,0.0,0.0,9.39,341.37,0.0,0,0,87925,0,0,0,0,143266,,25.81
queue,batched-par k=1,,"{""batch_k"": 1}",batched-par,8,1000,10000,100,True,10000,535.743,18.6657,19.5183,3001.004,3485.979,2866.483,0.8,3.86,85.31,10.03,4285.2,20691.46,457055.72,53710.64,4227.06,0.0,897514.3,27.92,103611,42360,82,26301,5514,24108,4204,213,4204,0,0.0,0.0,22.85,1020.6,0.0,0,0,89194,0,0,0,0,144329,,27.16
queue,batched-par k=1,,"{""batch_k"": 1}",batched-par,9,1000,10000,100,True,10000,534.3284,18.7151,18.7775,3108.794,3487.387,2950.504,0.8,3.62,88.41,7.17,4248.69,19352.65,472397.98,38329.12,2927.16,0.0,904621.6,28.22,103348,41499,92,25583,4993,24471,4281,217,4281,0,0.0,0.0,7.47,231.12,0.0,0,0,88850,0,0,0,0,143429,,27.64
main,beanstalk,,{},beanstalk,0,500,5000,50,True,5000,163.1623,30.6443,27.1747,1323.404,5328.514,2044.531,2.63,13.64,0.12,83.61,2143.14,11126.67,100.04,68211.29,142.53,67082.28,74797.4,15.28,7447,0,50,12706,1196,5792,3046,40,3046,4925,1165.22,59.66,1724.61,5333.05,9341.7,89,0,0,912,1627,2175,5820,40866,,5.32
main,beanstalk,,{},beanstalk,2,500,5000,50,True,5000,155.6955,32.114,35.5043,1892.324,4120.764,2084.419,2.73,13.62,0.12,83.52,2128.39,10604.44,93.66,65021.28,200.96,62795.96,74620.4,15.98,7428,0,50,11961,1139,5738,2905,43,2905,4911,1002.73,64.64,1481.2,4126.31,8576.1,84,0,0,887,1660,2061,5768,39810,,4.99
main,beanstalk,,{},beanstalk,3,500,5000,50,True,5000,143.567,34.827,35.1116,1115.522,2850.52,1400.305,2.99,14.73,0.14,82.15,2143.65,10571.13,97.57,58971.14,117.41,58372.61,72350.5,16.8,7209,0,50,12358,1206,5565,2837,23,2837,4896,716.19,62.61,864.39,2861.05,7975.9,86,0,0,857,1596,2005,5613,39628,,5.12
main,beanstalk,,{},beanstalk,1,500,5000,50,True,5000,159.7804,31.293,34.9388,2709.398,6858.453,3559.515,2.64,13.33,0.12,83.91,2108.89,10650.74,95.64,67034.93,37.46,66945.07,74125.0,15.46,7358,0,50,12092,1092,5764,2975,26,2975,4899,1263.26,64.23,2837.49,6862.67,9309.8,82,0,0,877,1580,2124,5778,39891,,5.24
main,beanstalk-noplace,,{},beanstalk-noplace,0,500,5000,50,True,5000,156.6072,31.927,39.1895,1189.308,2036.482,1289.122,2.74,15.04,0.13,82.1,2143.14,11774.34,102.25,64283.87,59.81,62838.76,74043.3,15.76,7379,0,50,13218,1213,5783,3000,31,3000,0,832.74,62.62,748.14,2050.86,8672.4,90,0,0,895,1541,2137,5838,41511,,1.48
main,beanstalk,,{},beanstalk,6,500,5000,50,True,5000,166.1456,30.0941,35.2525,1433.607,2563.494,1663.233,2.57,12.56,0.11,84.76,2135.17,10431.11,95.38,70411.13,43.35,69454.78,78896.5,15.83,7866,0,50,11791,1168,5960,3263,42,3263,4822,1257.13,61.52,1081.96,2568.8,9645.4,86,0,0,1045,1879,2261,5987,40402,,5.03
main,beanstalk,,{},beanstalk,4,500,5000,50,True,5000,163.5086,30.5794,31.1392,1441.934,3137.474,1606.287,2.62,13.29,0.12,83.97,2138.8,10864.79,98.17,68652.56,21.77,68340.52,74211.6,15.13,7374,0,50,12416,1103,5656,2989,31,2989,4873,1415.07,59.1,924.2,3142.66,9372.2,79,0,0,876,1675,2145,5699,40246,,5.1
main,beanstalk,,{},beanstalk,5,500,5000,50,True,5000,140.8393,35.5015,50.8333,2603.554,4712.062,2545.872,2.96,14.84,0.14,82.06,2084.71,10453.44,96.61,57784.87,105.59,56661.94,74926.9,17.73,7440,0,50,12100,1136,5703,3036,35,3036,4920,1069.67,59.69,2024.43,4720.14,8060.7,87,0,0,892,1718,2179,5722,39932,,5.26
main,beanstalk,,{},beanstalk,7,500,5000,50,True,5000,167.2589,29.8938,30.8601,2197.141,5557.064,2617.16,2.61,13.84,0.12,83.44,2180.71,11571.46,100.79,69776.49,34.06,69643.97,78995.3,15.74,7867,0,50,12884,1376,6175,3358,33,3358,4895,1116.35,64.53,2028.58,5562.29,9871.4,78,0,0,988,1656,2404,6211,42416,,5.33
main,beanstalk,,{},beanstalk,8,500,5000,50,True,5000,148.9798,33.5616,45.9863,1839.998,3444.237,1784.744,2.82,14.96,0.13,82.09,2100.4,11142.75,99.89,61146.87,93.82,60631.79,75257.4,16.84,7497,0,50,12856,1105,5850,3040,31,3040,4904,1350.88,61.07,1206.11,3463.77,8480.6,80,0,0,920,1623,2152,5874,41266,,5.15
main,beanstalk-noplace,,{},beanstalk-noplace,1,500,5000,50,True,5000,151.7624,32.9462,33.1147,1452.635,2422.627,1538.259,2.78,13.74,0.13,83.36,2108.89,10422.94,94.96,63254.38,39.47,61938.14,71664.8,15.74,7121,0,50,12142,1136,5605,2771,36,2771,0,971.14,62.89,934.94,2426.77,8902.0,82,0,0,821,1488,1987,5633,39333,,1.38
main,beanstalk,,{},beanstalk,9,500,5000,50,True,5000,158.1245,31.6206,36.9989,1645.832,2940.516,1663.042,2.68,13.59,0.12,83.6,2122.66,10745.15,97.39,66097.08,44.66,65315.84,76523.7,16.13,7609,0,50,12206,1111,5856,3140,34,3140,4902,956.63,62.91,1053.81,2949.49,8914.2,86,0,0,960,1725,2214,5884,40526,,5.18
main,beanstalk-noplace,,{},beanstalk-noplace,2,500,5000,50,True,5000,147.4154,33.9178,41.6499,1181.318,2520.408,1410.191,2.89,14.12,0.13,82.87,2128.39,10404.68,93.03,61081.6,232.07,59716.55,74042.6,16.74,7380,0,50,11837,1068,5660,2827,34,2827,0,752.59,60.45,873.16,2521.97,8374.6,77,0,0,891,1690,1970,5690,39381,,1.37
main,beanstalk-noplace,,{},beanstalk-noplace,3,500,5000,50,True,5000,140.0106,35.7116,46.2375,1116.158,2064.753,1351.449,3.06,15.36,0.14,81.44,2143.65,10751.67,95.17,57014.82,37.75,56625.82,73101.1,17.4,7263,0,50,12294,1132,5678,2768,29,2768,0,693.74,62.25,834.94,2067.54,7984.1,87,0,0,854,1542,1943,5721,39823,,1.37
main,beanstalk-noplace,,{},beanstalk-noplace,6,500,5000,50,True,5000,155.4218,32.1705,29.4406,1439.555,2403.7,1553.07,2.75,13.42,0.12,83.71,2135.17,10426.38,95.4,65053.96,174.43,63243.45,79267.2,17.0,7880,0,50,11835,1260,5852,3192,59,3192,0,1052.38,62.44,968.6,2407.34,8987.5,88,0,0,1033,2004,2218,5876,40432,,1.44
main,beanstalk-noplace,,{},beanstalk-noplace,4,500,5000,50,True,5000,154.2493,32.4151,30.9345,1079.687,3763.349,1630.11,2.77,15.28,0.13,81.81,2138.8,11788.3,100.92,63096.64,65.73,62255.45,77772.8,16.81,7733,0,50,12995,1057,5892,3168,34,3168,0,1279.18,60.54,1146.61,3768.9,8581.8,82,0,0,988,1795,2215,5938,42066,,1.47
main,beanstalk-noplace,,{},beanstalk-noplace,5,500,5000,50,True,5000,136.6208,36.5976,40.8327,1370.461,2169.603,1340.324,3.05,15.49,0.14,81.31,2084.71,10582.5,98.13,55545.07,95.37,54328.4,75132.2,18.33,7475,0,50,12316,997,5733,3058,28,3058,0,1068.96,59.24,876.98,2172.41,8030.9,93,0,0,924,1713,2163,5762,40218,,1.53
main,beanstalk-noplace,,{},beanstalk-noplace,8,500,5000,50,True,5000,165.1025,30.2842,43.1676,1505.152,4036.278,2023.58,2.54,12.76,0.12,84.58,2100.4,10530.49,95.23,69825.11,261.89,67087.95,75125.8,15.17,7477,0,50,12000,1078,5829,3018,27,3018,0,1405.68,62.73,1401.0,4041.57,8950.6,85,0,0,929,1621,2117,5856,39893,,1.46
main,beanstalk-noplace,,{},beanstalk-noplace,7,500,5000,50,True,5000,168.1532,29.7348,31.5865,1883.394,4302.786,2022.652,2.59,13.26,0.12,84.03,2180.71,11146.38,97.53,70652.0,47.34,70205.47,77671.8,15.4,7735,0,50,12520,1355,6016,3125,36,3125,0,1149.05,62.57,1414.64,4312.23,9572.1,84,0,0,979,1688,2187,6047,41370,,1.49
main,beanstalk-noplace,,{},beanstalk-noplace,9,500,5000,50,True,5000,160.386,31.1748,41.2222,2041.512,3783.097,2050.096,2.65,13.14,0.12,84.09,2122.66,10538.04,94.94,67437.37,131.55,66091.24,76968.7,16.0,7644,0,50,11949,1072,5977,3161,22,3161,0,1184.18,60.28,1384.4,3788.36,9449.1,86,0,0,956,1635,2227,6009,40469,,1.47
queue,batched k=1,,"{""batch_k"": 1}",batched,0,500,5000,50,True,5000,335.1035,14.9208,15.0806,1943.246,2170.431,1853.84,1.28,3.4,88.8,6.52,2143.14,5694.25,148792.4,10921.96,1370.76,0.0,360733.3,35.88,38333,11420,20,6610,1474,8367,1706,85,1706,0,0.0,0.0,8.52,149.42,0.0,0,0,31542,0,0,0,0,51734,,1.63
queue,batched k=1,,"{""batch_k"": 1}",batched,1,500,5000,50,True,5000,342.3666,14.6042,14.7288,1971.838,2215.056,1890.545,1.23,3.08,88.96,6.73,2108.89,5267.02,152278.36,11529.02,1340.35,0.0,366513.7,35.68,38771,11023,20,6373,1433,8434,1699,121,1699,0,0.0,0.0,9.78,294.14,0.0,0,0,31951,0,0,0,0,51964,,1.63
queue,batched k=1,,"{""batch_k"": 1}",batched,2,500,5000,50,True,5000,336.4662,14.8603,14.9276,1960.209,2177.736,1858.684,1.27,3.26,88.81,6.67,2128.39,5486.21,149404.14,11214.34,941.68,0.0,360846.8,35.75,38187,11122,20,6555,1462,8154,1683,111,1683,0,0.0,0.0,9.28,263.3,0.0,0,0,31393,0,0,0,0,51536,,1.59
queue,batched k=1,,"{""batch_k"": 1}",batched,3,500,5000,50,True,5000,337.5707,14.8117,14.9436,1972.885,2192.314,1867.765,1.27,3.18,89.04,6.51,2143.65,5360.64,150286.47,10994.6,959.81,0.0,360609.8,35.61,38235,11122,20,6413,1434,8265,1702,91,1702,0,0.0,0.0,8.3,103.46,0.0,0,0,31442,0,0,0,0,51441,,1.62
queue,batched k=1,,"{""batch_k"": 1}",batched,4,500,5000,50,True,5000,323.6649,15.4481,15.6415,1853.75,2103.253,1791.437,1.32,3.55,88.7,6.43,2138.8,5740.84,143545.6,10407.23,933.9,0.0,348751.5,35.92,37078,10636,20,6563,1406,7671,1635,95,1635,0,0.0,0.0,8.18,120.71,0.0,0,0,30348,0,0,0,0,50371,,1.56
queue,batched k=1,,"{""batch_k"": 1}",batched,5,500,5000,50,True,5000,332.8601,15.0213,15.2579,1932.724,2130.196,1862.504,1.25,3.15,90.11,5.49,2084.71,5243.29,149965.41,9136.63,551.17,0.0,360987.1,36.15,38183,11121,20,6443,1346,8078,1688,102,1688,0,0.0,0.0,8.01,73.9,0.0,0,0,31393,0,0,0,0,51416,,1.64
queue,batched k=1,,"{""batch_k"": 1}",batched,6,500,5000,50,True,5000,352.4409,14.1868,14.3407,2018.41,2302.808,1947.615,1.21,2.97,89.13,6.69,2135.17,5230.43,157070.8,11784.07,782.58,0.0,379763.5,35.92,40155,11750,20,6092,1516,8989,1794,96,1794,0,0.0,0.0,8.74,160.8,0.0,0,0,33265,0,0,0,0,53137,,1.58
queue,batched k=1,,"{""batch_k"": 1}",batched,8,500,5000,50,True,5000,336.184,14.8728,14.8311,1942.709,2217.824,1860.296,1.25,3.17,89.06,6.52,2100.4,5320.91,149703.77,10966.9,1439.98,0.0,362318.5,35.92,38367,10989,20,6385,1432,8265,1693,107,1693,0,0.0,0.0,8.13,75.29,0.0,0,0,31567,0,0,0,0,51552,,1.56
queue,batched k=1,,"{""batch_k"": 1}",batched,9,500,5000,50,True,5000,348.0382,14.3662,14.3341,1979.608,2344.753,1908.958,1.22,2.9,88.51,7.37,2122.66,5054.67,154025.19,12816.58,1026.28,0.0,370303.4,35.47,39187,11317,20,6156,1322,8462,1728,112,1728,0,0.0,0.0,11.35,391.22,0.0,0,0,32347,0,0,0,0,52183,,1.56
queue,batched k=1,,"{""batch_k"": 1}",batched,7,500,5000,50,True,5000,344.6588,14.5071,14.8806,1979.837,2152.95,1864.001,1.27,3.27,86.87,8.6,2180.71,5629.66,149703.75,14815.27,1151.34,0.0,366805.5,35.48,38878,11538,20,6532,1521,8101,1700,121,1700,0,0.0,0.0,9.5,214.07,0.0,0,0,32057,0,0,0,0,52231,,1.68
main,batched k=4,,{},batched,1,100,1000,10,True,1000,181.8393,5.4994,5.2689,1051.908,1412.028,1014.957,2.31,3.81,89.21,4.66,420.41,693.64,16222.31,847.57,46.57,0.0,100861.0,92.45,10445,4165,10,863,182,4599,342,3,342,0,0.0,0.0,19.28,130.05,0.0,0,695,8953,0,0,0,0,12653,,0.49
main,batched k=4,,{},batched,0,100,1000,10,True,1000,170.0951,5.8791,5.9313,1000.364,1250.849,945.163,2.45,4.43,88.18,4.94,417.26,753.86,14998.86,839.53,43.47,0.0,94453.3,92.55,9789,3864,10,954,180,4279,320,2,320,0,0.0,0.0,20.69,156.4,0.0,0,650,8390,0,0,0,0,12065,,0.49
main,batched k=4,,{},batched,2,100,1000,10,True,1000,168.141,5.9474,5.7402,996.342,1297.82,923.019,2.59,4.37,87.12,5.92,434.8,734.44,14649.2,995.65,137.98,0.0,92579.2,91.77,9560,3654,10,893,157,4320,312,4,312,0,0.0,0.0,19.76,112.28,0.0,0,641,8159,0,0,0,0,11769,,0.47
main,batched k=4,,{},batched,3,100,1000,10,True,1000,187.1367,5.3437,5.24,1064.682,1336.209,1036.203,2.1,3.82,88.46,5.62,392.43,715.46,16554.58,1051.19,215.53,0.0,103630.8,92.3,10675,4196,10,986,193,4898,349,5,349,0,0.0,0.0,18.97,87.35,0.0,0,711,9165,0,0,0,0,13015,,0.53
main,batched k=4,,{},batched,4,100,1000,10,True,1000,182.318,5.4849,5.4647,1054.025,1321.13,993.219,2.4,4.4,86.4,6.81,436.73,801.7,15751.94,1241.42,82.53,0.0,100381.3,91.76,10394,4208,10,938,177,4511,341,4,341,0,0.0,0.0,20.3,106.36,0.0,0,692,8922,0,0,0,0,12677,,0.51
main,batched k=4,,{},batched,5,100,1000,10,True,1000,190.1361,5.2594,5.1308,1111.492,1566.868,1066.907,2.27,4.04,89.48,4.21,431.22,768.55,17013.23,800.61,62.19,0.0,105660.1,92.62,10903,4380,10,949,138,4783,357,2,357,0,0.0,0.0,22.28,156.03,0.0,0,718,9376,0,0,0,0,13211,,0.52
main,batched k=4,,{},batched,6,100,1000,10,True,1000,186.9648,5.3486,5.1761,1080.541,1371.123,1037.788,2.27,4.3,88.21,5.21,425.13,803.42,16493.06,974.88,60.0,0.0,103421.4,92.19,10644,4051,10,989,180,4869,348,2,348,0,0.0,0.0,20.83,148.71,0.0,0,708,9131,0,0,0,0,12983,,0.52
main,batched k=4,,{},batched,7,100,1000,10,True,1000,162.6875,6.1468,6.1787,930.455,1184.522,874.748,2.62,4.24,85.37,7.77,425.68,690.0,13889.13,1263.94,185.2,0.0,88466.9,90.63,9122,3486,10,869,195,3988,299,4,299,0,0.0,0.0,19.33,129.39,0.0,0,609,7774,0,0,0,0,11294,,0.54
main,batched k=4,,{},batched,8,100,1000,10,True,1000,172.24,5.8059,5.6943,1000.945,1351.177,943.655,2.39,4.57,86.74,6.3,411.47,786.66,14940.92,1084.94,26.87,0.0,94964.4,91.89,9835,3872,10,1018,160,4360,327,1,327,0,0.0,0.0,20.14,129.85,0.0,0,658,8417,0,0,0,0,12181,,0.48
main,batched k=4,,{},batched,9,100,1000,10,True,1000,171.3383,5.8364,5.5128,1004.441,1276.979,955.427,2.53,4.03,88.9,4.53,433.66,691.08,15232.7,776.39,106.48,0.0,95229.4,92.63,9854,3856,10,801,132,4293,322,0,322,0,0.0,0.0,19.19,123.03,0.0,0,650,8429,0,0,0,0,11977,,0.47
main,batched-aimd,,{},batched-aimd,0,100,1000,10,True,1000,103.4419,9.6673,9.6316,580.41,700.859,561.108,4.03,7.15,83.25,5.56,417.26,740.09,8611.71,575.13,53.31,0.0,56651.9,91.28,6032,2082,10,898,162,1659,321,18,321,0,0.0,0.0,11.97,83.62,0.0,0,223,4642,0,0,0,0,8269,,0.26
main,batched-aimd,,{},batched-aimd,1,100,1000,10,True,1000,99.5378,10.0464,9.8774,561.215,709.939,539.297,4.22,6.88,83.42,5.48,420.41,684.99,8303.3,545.08,17.95,0.0,54713.8,91.61,5842,2011,10,823,172,1640,327,14,327,0,0.0,0.0,11.81,60.38,0.0,0,204,4503,0,0,0,0,8006,,0.24
main,batched-aimd,,{},batched-aimd,2,100,1000,10,True,1000,104.3814,9.5803,9.2881,605.232,746.637,563.547,4.17,6.75,83.24,5.85,434.8,704.24,8688.2,610.88,66.37,0.0,56734.7,90.59,6003,1950,10,844,150,1673,320,16,320,0,0.0,0.0,11.66,65.14,0.0,0,225,4637,0,0,0,0,8183,,0.25
main,batched-aimd,,{},batched-aimd,3,100,1000,10,True,1000,102.9829,9.7104,9.7375,561.552,699.571,553.792,3.81,6.79,82.84,6.56,392.43,698.85,8531.02,675.98,119.42,0.0,55959.5,90.56,5970,2071,10,904,170,1651,344,10,344,0,0.0,0.0,11.24,86.65,0.0,0,207,4600,0,0,0,0,8228,,0.25
main,batched-aimd,,{},batched-aimd,4,100,1000,10,True,1000,105.7491,9.4563,9.6514,579.517,714.048,562.062,4.13,7.44,81.14,7.29,436.73,786.73,8580.98,770.47,25.05,0.0,57216.8,90.18,6073,2017,10,878,171,1786,330,22,330,0,0.0,0.0,12.15,81.35,0.0,0,214,4719,0,0,0,0,8303,,0.32
main,batched-aimd,,{},batched-aimd,5,100,1000,10,True,1000,106.8861,9.3558,9.3281,593.652,753.96,583.155,4.03,7.22,83.71,5.03,431.22,772.03,8947.23,538.13,40.58,0.0,58593.8,91.36,6211,2142,10,915,144,1704,347,10,347,0,0.0,0.0,12.4,71.08,0.0,0,227,4822,0,0,0,0,8483,,0.27
main,batched-aimd,,{},batched-aimd,7,100,1000,10,True,1000,95.6075,10.4594,10.8881,521.7,649.736,495.311,4.45,7.37,78.98,9.2,425.68,704.28,7550.9,879.89,40.2,0.0,51004.2,88.91,5411,1824,10,853,184,1479,287,12,287,0,0.0,0.0,13.98,197.12,0.0,0,209,4138,0,0,0,0,7563,,0.25
main,batched-aimd,,{},batched-aimd,6,100,1000,10,True,1000,111.0146,9.0078,9.1569,597.505,735.27,577.429,3.83,7.4,79.28,9.48,425.13,822.02,8801.79,1052.52,64.15,0.0,58462.7,87.77,6196,2052,10,930,165,1839,351,15,351,0,0.0,0.0,17.6,280.32,0.0,0,212,4802,0,0,0,0,8492,,0.26
main,batched-aimd,,{},batched-aimd,9,100,1000,10,True,1000,101.4994,9.8523,10.1366,546.265,672.245,519.624,4.27,7.03,78.3,10.4,433.66,713.29,7947.12,1055.87,72.87,0.0,52218.8,85.75,5566,1917,10,775,128,1588,317,15,317,0,0.0,0.0,19.77,324.72,0.0,0,194,4276,0,0,0,0,7673,,0.24
main,batched-aimd,,{},batched-aimd,8,100,1000,10,True,1000,98.3422,10.1686,10.1959,535.216,706.012,523.91,4.18,7.9,80.89,7.03,411.47,776.57,7955.27,690.91,44.54,0.0,53602.4,90.84,5686,1956,10,964,140,1609,316,12,316,0,0.0,0.0,11.66,55.64,0.0,0,209,4392,0,0,0,0,7978,,0.24
main,batched+place,,{},batched+place,1,100,1000,10,True,1000,175.7511,5.6899,5.4853,1004.731,1301.042,981.468,2.39,3.82,89.26,4.53,420.41,671.03,15686.77,796.9,32.03,0.0,97819.2,92.76,10116,4016,10,824,183,4630,330,0,330,987,0.0,0.0,17.89,120.61,0.0,0,670,8663,0,0,0,0,12270,,0.67
main,batched+place,,{},batched+place,0,100,1000,10,True,1000,176.7883,5.6565,5.8193,960.318,1402.871,963.921,2.36,4.39,86.49,6.77,417.26,775.46,15289.89,1196.22,145.23,0.0,97766.4,92.17,10121,4036,10,933,157,4436,328,7,328,990,0.0,0.0,20.16,166.75,0.0,0,676,8668,0,0,0,0,12389,,0.7
main,batched+place,,{},batched+place,2,100,1000,10,True,1000,174.0604,5.7451,5.4445,1006.345,1312.253,962.865,2.5,4.07,88.13,5.31,434.8,707.85,15339.9,923.49,227.26,0.0,95701.0,91.64,9894,3878,10,831,140,4276,328,2,328,987,0.0,0.0,20.2,157.57,0.0,0,657,8468,0,0,0,0,12055,,0.69
main,batched+place,,{},batched+place,3,100,1000,10,True,1000,187.5676,5.3314,5.4827,1041.559,1317.784,1006.58,2.09,3.85,85.59,8.47,392.43,721.77,16054.56,1587.99,116.84,0.0,101104.5,89.84,10451,4266,10,958,202,4662,345,2,345,986,0.0,0.0,23.02,298.98,0.0,0,697,8961,0,0,0,0,12756,,0.7
main,batched+place,,{},batched+place,5,100,1000,10,True,1000,182.6985,5.4735,5.4516,1005.611,1516.226,1023.347,2.36,4.0,89.35,4.28,431.22,730.84,16324.94,782.84,127.09,0.0,102105.7,93.15,10569,4319,10,903,154,4490,343,4,343,984,0.0,0.0,21.07,128.12,0.0,0,702,9076,0,0,0,0,12819,,0.73
main,batched+place,,{},batched+place,4,100,1000,10,True,1000,208.839,4.7884,4.6933,1186.359,1613.023,1159.691,2.09,3.68,88.87,5.36,436.73,768.89,18559.29,1119.0,240.57,0.0,114665.3,91.51,11842,4657,10,894,162,5480,380,8,380,987,0.0,0.0,21.8,156.73,0.0,0,787,10193,0,0,0,0,14124,,0.77
main,batched+place,,{},batched+place,7,100,1000,10,True,1000,155.7775,6.4194,6.4001,882.644,1157.139,853.825,2.73,4.29,87.06,5.92,425.68,668.87,13561.56,921.65,96.0,0.0,86521.3,92.57,8950,3477,10,847,199,3780,289,5,289,987,0.0,0.0,19.31,135.43,0.0,0,593,7647,0,0,0,0,11091,,1.64
main,batched+place,,{},batched+place,6,100,1000,10,True,1000,203.1065,4.9235,5.0193,1102.105,1545.505,1092.833,2.09,3.89,85.78,8.23,425.13,790.78,17423.11,1671.64,119.21,0.0,108638.4,89.15,11244,4567,10,916,171,5031,370,3,370,984,0.0,0.0,27.14,423.2,0.0,0,747,9669,0,0,0,0,13533,,1.92
main,batched+place,,{},batched+place,8,100,1000,10,True,1000,177.7149,5.627,5.714,1043.402,1305.745,984.113,2.32,4.07,88.23,5.39,411.47,722.72,15679.16,958.14,58.04,0.0,97640.1,91.57,10068,3790,10,932,121,4380,327,4,327,988,0.0,0.0,20.85,124.91,0.0,0,674,8620,0,0,0,0,12331,,0.86
main,batched+place,,{},batched+place,9,100,1000,10,True,1000,186.9969,5.3477,5.345,1021.451,1407.113,1020.168,2.32,3.79,87.14,6.76,433.66,708.34,16294.46,1263.22,169.47,0.0,101455.4,90.43,10501,4230,10,813,134,4627,343,5,343,984,0.0,0.0,21.73,169.6,0.0,0,695,9017,0,0,0,0,12662,,0.74
queue,batched k=16,,"{""batch_k"": 16}",batched,0,100,1000,10,True,1000,284.5271,3.5146,3.5174,1738.161,2046.7,1607.483,1.47,3.01,91.15,4.37,417.26,857.63,25933.74,1244.07,137.46,0.0,102887.8,60.27,10914,4940,10,1129,199,5215,323,3,323,0,0.0,0.0,33.49,175.21,0.0,0,1304,8883,0,0,0,0,13369,,1.72
queue,batched k=16,,"{""batch_k"": 16}",batched,1,100,1000,10,True,1000,308.4527,3.242,3.094,1826.828,2417.109,1745.781,1.36,2.61,91.72,4.31,420.41,804.36,28291.99,1328.5,83.38,0.0,113392.1,61.27,11942,5385,10,1033,220,5774,348,5,348,0,0.0,0.0,33.79,238.4,0.0,0,1415,9757,0,0,0,0,14328,,1.8
queue,batched-par k=1,,"{""batch_k"": 1}",batched-par,1,500,5000,50,True,5000,262.2657,19.0646,19.9274,1456.882,1773.81,1385.537,1.61,6.83,81.22,10.34,2108.89,8953.85,106507.57,13562.55,1666.84,0.0,431816.8,54.88,49755,20376,50,11651,2313,11462,2037,106,2037,0,0.0,0.0,12.04,443.09,0.0,0,0,42612,0,0,0,0,68549,,11.91
queue,batched-par k=1,,"{""batch_k"": 1}",batched-par,0,500,5000,50,True,5000,273.1733,18.3034,19.081,1544.608,1793.322,1458.249,1.57,6.84,82.13,9.46,2143.14,9348.43,112172.33,12922.77,1294.17,0.0,453471.3,55.33,51668,20465,50,11790,2373,12496,2087,129,2087,0,0.0,0.0,7.72,168.85,0.0,0,0,44452,0,0,0,0,70674,,12.28
queue,batched-par k=1,,"{""batch_k"": 1}",batched-par,4,500,5000,50,True,5000,263.3749,18.9843,19.6027,1473.473,1783.263,1403.549,1.62,7.76,81.06,9.56,2138.8,10213.4,106749.06,12586.18,1265.64,0.0,430032.6,54.43,49264,19918,50,11984,2228,11460,2017,111,2017,0,0.0,0.0,7.52,170.39,0.0,0,0,42136,0,0,0,0,68376,,11.87
queue,batched-par k=1,,"{""batch_k"": 1}",batched-par,3,500,5000,50,True,5000,267.1393,18.7168,19.0529,1517.394,1867.026,1451.247,1.6,6.77,83.78,7.85,2143.65,9036.63,111900.6,10488.75,828.53,0.0,443429.9,55.33,51346,21730,50,11539,2387,11552,2102,96,2102,0,0.0,0.0,6.6,130.95,0.0,0,0,44148,0,0,0,0,70083,,12.02
queue,batched-par k=1,,"{""batch_k"": 1}",batched-par,2,500,5000,50,True,5000,259.9303,19.2359,19.4124,1502.341,1801.094,1409.79,1.64,7.09,83.31,7.97,2128.39,9210.9,108271.57,10354.27,838.08,0.0,443434.6,56.87,50579,20087,50,11975,2324,12181,2054,98,2054,0,0.0,0.0,5.94,65.55,0.0,0,0,43427,0,0,0,0,69706,,12.09
queue,batched-par k=1,,"{""batch_k"": 1}",batched-par,5,500,5000,50,True,5000,258.4906,19.3431,19.9473,1490.025,1767.29,1428.718,1.61,6.75,85.36,6.27,2084.71,8729.91,110329.93,8100.73,695.95,0.0,442358.5,57.04,50545,20597,50,11413,2214,11826,2098,82,2098,0,0.0,0.0,5.73,46.02,0.0,0,0,43365,0,0,0,0,69138,,11.95
queue,batched-par k=1,,"{""batch_k"": 1}",batched-par,6,500,5000,50,True,5000,272.8475,18.3253,18.5768,1565.918,1811.247,1479.709,1.57,6.29,84.1,8.05,2135.17,8574.29,114734.77,10979.53,1091.89,0.0,460489.0,56.26,52561,21179,50,10865,2333,12214,2118,98,2118,0,0.0,0.0,7.45,220.07,0.0,0,0,45345,0,0,0,0,70642,,12.06
queue,batched k=16,,"{""batch_k"": 16}",batched,2,100,1000,10,True,1000,279.3602,3.5796,3.4012,1668.29,2220.769,1571.665,1.56,2.99,90.78,4.68,434.8,834.37,25360.04,1306.8,209.02,0.0,101838.7,60.76,10753,4822,10,1061,178,5192,313,5,313,0,0.0,0.0,32.26,203.43,0.0,0,1282,8754,0,0,0,0,13132,,1.6
queue,batched-par k=1,,"{""batch_k"": 1}",batched-par,7,500,5000,50,True,5000,277.236,18.0352,18.3241,1568.638,1950.04,1474.016,1.57,6.75,81.87,9.81,2180.71,9355.03,113479.64,13602.61,1385.52,0.0,458367.3,55.11,51556,20172,50,11799,2440,12375,2094,88,2094,0,0.0,0.0,8.44,229.37,0.0,0,0,44374,0,0,0,0,70537,,12.16
queue,batched-par k=1,,"{""batch_k"": 1}",batched-par,9,500,5000,50,True,5000,281.6664,17.7515,17.9476,1619.229,1878.326,1512.001,1.51,6.0,83.46,9.03,2122.66,8456.97,117543.12,12710.44,1345.78,0.0,465617.6,55.1,53075,21575,50,11038,2149,12462,2126,127,2126,0,0.0,0.0,12.48,466.87,0.0,0,0,45822,0,0,0,0,71366,,12.09
queue,batched-par k=1,,"{""batch_k"": 1}",batched-par,8,500,5000,50,True,5000,267.5233,18.69,18.6387,1539.476,1933.392,1451.151,1.57,6.52,83.88,8.02,2100.4,8727.63,112201.6,10732.0,1107.29,0.0,451206.7,56.22,51269,20539,50,11404,2284,12026,2081,92,2081,0,0.0,0.0,6.59,80.53,0.0,0,0,44096,0,0,0,0,69846,,12.19
queue,batched-par k=4,,"{""batch_k"": 4}",batched-par,0,100,1000,10,True,1000,157.6523,6.3431,6.3239,929.106,1158.866,875.273,2.65,4.8,87.73,4.82,417.26,756.7,13831.18,760.09,37.34,0.0,87439.5,92.44,9330,3921,10,967,182,3833,318,3,318,0,0.0,0.0,18.68,121.32,0.0,0,642,7934,0,0,0,0,11618,,0.51
queue,batched k=16,,"{""batch_k"": 16}",batched,3,100,1000,10,True,1000,314.9898,3.1747,3.1383,1837.446,2258.378,1765.133,1.25,2.61,90.78,5.36,392.43,823.43,28595.45,1687.67,325.56,0.0,111261.7,58.87,11666,5113,10,1154,235,5766,353,4,353,0,0.0,0.0,34.14,192.75,0.0,0,1434,9451,0,0,0,0,14177,,1.78
queue,batched-par k=4,,"{""batch_k"": 4}",batched-par,1,100,1000,10,True,1000,166.4336,6.0084,5.755,960.482,1309.67,929.747,2.53,4.09,89.01,4.37,420.41,681.05,14814.73,727.17,23.35,0.0,92241.3,92.37,9812,3920,10,858,180,4347,337,2,337,0,0.0,0.0,18.32,109.76,0.0,0,676,8352,0,0,0,0,12009,,0.49
queue,batched k=16,,"{""batch_k"": 16}",batched,4,100,1000,10,True,1000,306.0074,3.2679,3.1974,1761.394,2361.519,1710.713,1.43,3.04,90.13,5.4,436.73,931.72,27580.17,1652.12,61.28,0.0,109829.8,59.82,11607,5226,10,1125,195,5606,338,9,338,0,0.0,0.0,35.2,277.37,0.0,0,1403,9430,0,0,0,0,14079,,1.78
queue,batched-par k=4,,"{""batch_k"": 4}",batched-par,2,100,1000,10,True,1000,155.4445,6.4332,6.1768,914.16,1182.939,851.68,2.8,4.71,86.6,5.89,434.8,732.81,13461.86,914.98,103.26,0.0,85943.8,92.15,9180,3831,10,891,154,3878,315,1,315,0,0.0,0.0,17.69,101.99,0.0,0,632,7792,0,0,0,0,11387,,0.48
queue,batched k=16,,"{""batch_k"": 16}",batched,5,100,1000,10,True,1000,313.889,3.1858,3.1369,1818.609,2525.482,1775.34,1.37,2.85,91.42,4.36,431.22,894.76,28694.24,1368.67,61.73,0.0,112566.4,59.77,11848,5248,10,1144,166,5714,358,2,358,0,0.0,0.0,36.71,213.19,0.0,0,1431,9650,0,0,0,0,14352,,1.79
queue,batched k=16,,"{""batch_k"": 16}",batched,7,100,1000,10,True,1000,278.1085,3.5957,3.5048,1668.762,2081.7,1546.207,1.53,2.93,89.74,5.81,425.68,813.97,24956.15,1615.06,181.61,0.0,101175.3,60.63,10682,4718,10,1046,221,5204,313,4,313,0,0.0,0.0,33.25,190.14,0.0,0,1276,8705,0,0,0,0,13045,,1.58
queue,batched-par k=4,,"{""batch_k"": 4}",batched-par,3,100,1000,10,True,1000,170.6641,5.8595,5.7071,930.764,1280.007,943.262,2.3,4.13,87.99,5.58,392.43,704.86,15016.17,952.95,163.97,0.0,94803.7,92.58,10025,4193,10,975,196,4373,343,2,343,0,0.0,0.0,18.03,126.12,0.0,0,688,8544,0,0,0,0,12345,,0.55
queue,batched-par k=4,,"{""batch_k"": 4}",batched-par,4,100,1000,10,True,1000,167.0882,5.9849,6.1616,938.044,1249.638,904.223,2.61,4.92,85.28,7.19,436.73,821.83,14248.55,1201.71,65.93,0.0,91864.3,91.63,9791,4126,10,951,181,4073,334,2,334,0,0.0,0.0,18.93,105.49,0.0,0,679,8327,0,0,0,0,12078,,0.53
queue,batched k=16,,"{""batch_k"": 16}",batched,6,100,1000,10,True,1000,312.2875,3.2022,3.0199,1840.379,2281.183,1763.952,1.36,2.92,91.22,4.5,425.13,912.31,28486.89,1404.42,52.38,0.0,111773.6,59.65,11803,5240,10,1156,215,5760,348,7,348,0,0.0,0.0,34.21,207.03,0.0,0,1433,9596,0,0,0,0,14314,,1.78
queue,batched k=16,,"{""batch_k"": 16}",batched,8,100,1000,10,True,1000,292.4634,3.4192,3.3224,1685.151,2367.257,1632.013,1.41,3.15,89.85,5.59,411.47,921.28,26278.94,1634.65,62.29,0.0,105110.6,59.9,11127,5065,10,1220,189,5285,333,4,333,0,0.0,0.0,32.9,212.96,0.0,0,1342,9028,0,0,0,0,13684,,1.63
queue,batched-par k=4,,"{""batch_k"": 4}",batched-par,6,100,1000,10,True,1000,178.3895,5.6057,5.4788,1030.84,1305.949,981.046,2.38,4.6,87.06,5.96,425.13,820.63,15530.13,1063.07,134.14,0.0,98360.9,91.9,10422,4414,10,981,172,4427,351,5,351,0,0.0,0.0,20.11,125.74,0.0,0,725,8889,0,0,0,0,12759,,0.56
queue,batched-par k=4,,"{""batch_k"": 4}",batched-par,7,100,1000,10,True,1000,151.6224,6.5953,6.5642,861.491,1110.679,815.745,2.81,4.67,85.0,7.52,425.68,708.0,12887.75,1140.81,89.26,0.0,82434.0,90.61,8739,3618,10,894,192,3471,298,3,298,0,0.0,0.0,19.71,180.88,0.0,0,601,7408,0,0,0,0,10934,,0.48
queue,batched-par k=4,,"{""batch_k"": 4}",batched-par,5,100,1000,10,True,1000,176.0148,5.6813,5.4666,1017.772,1429.889,992.394,2.45,4.3,89.67,3.58,431.22,756.6,15783.3,630.35,39.86,0.0,98468.3,93.24,10401,4397,10,945,135,4282,350,2,350,0,0.0,0.0,21.22,154.71,0.0,0,707,8905,0,0,0,0,12698,,0.65
queue,batched-par k=4,,"{""batch_k"": 4}",batched-par,9,100,1000,10,True,1000,160.495,6.2307,5.9317,952.332,1162.23,889.527,2.7,4.37,88.0,4.92,433.66,701.41,14124.04,790.38,172.59,0.0,88765.9,92.18,9393,3850,10,802,131,3899,320,1,320,0,0.0,0.0,19.58,114.91,0.0,0,638,8006,0,0,0,0,11516,,0.48
queue,batched-par k=4,,"{""batch_k"": 4}",batched-par,8,100,1000,10,True,1000,164.8725,6.0653,5.9157,934.485,1273.944,902.67,2.5,4.84,86.41,6.26,411.47,798.28,14246.22,1031.28,34.61,0.0,91020.7,92.01,9610,3995,10,1027,168,4060,331,2,331,0,0.0,0.0,21.23,122.3,0.0,0,664,8203,0,0,0,0,11970,,0.51
queue,batched k=16,,"{""batch_k"": 16}",batched,9,100,1000,10,True,1000,291.01,3.4363,3.2446,1744.885,2199.976,1648.82,1.49,2.69,91.74,4.08,433.66,782.77,26697.57,1187.0,408.19,0.0,107898.0,61.8,11348,5129,10,929,158,5453,326,9,326,0,0.0,0.0,32.11,183.47,0.0,0,1327,9288,0,0,0,0,13612,,1.65
fair,batched k=4 suspects,,"{""queue_suspects"": true}",batched,1,100,1000,10,True,1000,78.1275,12.7996,12.9744,403.212,591.307,401.508,5.38,9.77,75.89,8.97,420.41,763.01,5928.79,700.55,34.26,0.0,41106.4,87.69,4300,1465,10,896,179,2000,362,1,362,0,0.0,0.0,11.78,109.63,0.0,0,140,3499,0,0,324,0,6559,,0.29
fair,batched k=4 suspects,,"{""queue_suspects"": true}",batched,0,100,1000,10,True,1000,76.7039,13.0371,13.8151,414.396,593.803,403.212,5.44,10.57,77.04,6.95,417.26,811.04,5909.16,532.93,30.75,0.0,41392.9,89.94,4324,1436,10,986,164,1905,328,3,328,0,0.0,0.0,10.25,63.19,0.0,0,155,3517,0,0,294,0,6641,,0.42
fair,batched k=4 suspects,,"{""queue_suspects"": true}",batched,4,100,1000,10,True,1000,76.6469,13.0468,13.5809,385.968,579.162,395.101,5.7,11.32,74.59,8.39,436.73,867.55,5717.46,642.95,43.79,0.0,40355.2,87.75,4237,1441,10,967,171,1888,352,1,352,0,0.0,0.0,9.87,55.28,0.0,0,136,3430,0,0,320,0,6557,,0.3
fair,batched k=4 suspects,,"{""queue_suspects"": true}",batched,2,100,1000,10,True,1000,77.1335,12.9645,13.5373,394.734,580.799,387.831,5.64,10.04,73.76,10.56,434.8,774.27,5689.58,814.7,89.28,0.0,39856.9,86.12,4157,1343,10,924,153,1931,324,0,324,0,0.0,0.0,14.17,206.47,0.0,0,146,3361,0,0,288,0,6405,,0.34
fair,batched k=4 suspects,,"{""queue_suspects"": true}",batched,3,100,1000,10,True,1000,84.7541,11.7988,11.6447,457.582,628.262,446.759,4.63,9.07,78.79,7.52,392.43,768.6,6677.38,636.99,82.38,0.0,45563.5,89.6,4772,1812,10,1007,202,2100,355,2,355,0,0.0,0.0,11.02,67.47,0.0,0,173,3917,0,0,303,0,7136,,0.32
fair,batched k=4 suspects,,"{""queue_suspects"": true}",batched,5,100,1000,10,True,1000,78.2383,12.7815,13.2581,401.526,623.997,408.818,5.51,10.73,76.35,7.4,431.22,839.88,5973.76,578.97,75.17,0.0,41585.9,88.59,4352,1497,10,1000,136,1927,366,4,366,0,0.0,0.0,11.2,113.32,0.0,0,138,3535,0,0,334,0,6722,,0.31
fair,batched k=4 suspects,,"{""queue_suspects"": true}",batched,6,100,1000,10,True,1000,83.5862,11.9637,11.8046,454.447,600.916,434.635,5.09,10.47,76.19,8.25,425.13,875.06,6368.85,689.58,27.71,0.0,43948.2,87.63,4615,1573,10,1029,195,2099,359,3,359,0,0.0,0.0,11.64,81.0,0.0,0,161,3761,0,0,322,0,7006,,0.31
fair,batched k=4 suspects,,"{""queue_suspects"": true}",batched,7,100,1000,10,True,1000,71.1799,14.0489,14.7167,346.163,545.747,351.721,5.98,10.88,71.48,11.66,425.68,774.34,5087.68,830.29,85.49,0.0,36700.5,85.93,3853,1320,10,910,193,1649,312,0,312,0,0.0,0.0,12.03,130.58,0.0,0,127,3099,0,0,283,0,6075,,0.33
fair,batched k=4 suspects,,"{""queue_suspects"": true}",batched,8,100,1000,10,True,1000,76.4131,13.0868,13.0896,389.242,623.888,399.176,5.38,11.26,75.81,7.55,411.47,860.15,5792.79,576.9,8.12,0.0,41441.7,90.39,4360,1564,10,1081,155,1875,337,0,337,0,0.0,0.0,10.96,70.41,0.0,0,167,3542,0,0,290,0,6778,,0.3
fair,batched k=4 suspects,,"{""queue_suspects"": true}",batched,9,100,1000,10,True,1000,84.9491,11.7717,12.9919,411.054,568.114,394.251,5.1,8.97,68.38,17.54,433.66,762.16,5808.69,1490.41,171.0,0.0,39780.6,78.05,4161,1393,10,813,132,1873,331,4,331,0,0.0,0.0,31.86,426.3,0.0,0,138,3363,0,0,293,0,6309,,0.27
fair,batched-par k=4 suspects,,"{""batch_k"": 4, ""queue_suspects"": true}",batched-par,0,100,1000,10,True,1000,73.0928,13.6812,14.446,397.027,561.371,383.26,5.71,11.79,75.6,6.9,417.26,862.01,5525.66,504.34,123.48,0.0,39390.2,89.82,4136,1434,10,1046,181,1809,337,2,337,0,0.0,0.0,10.57,70.68,0.0,0,154,3306,0,0,295,0,6521,,0.35
fair,batched-par k=4 suspects,,"{""batch_k"": 4, ""queue_suspects"": true}",batched-par,1,100,1000,10,True,1000,73.2533,13.6513,13.7938,365.884,593.626,379.588,5.74,10.69,75.67,7.9,420.41,783.04,5543.43,578.45,46.55,0.0,38644.1,87.92,4149,1567,10,929,186,1795,359,0,359,0,0.0,0.0,10.27,67.55,0.0,0,147,3324,0,0,319,0,6437,,0.33
fair,batched-par k=4 suspects,,"{""batch_k"": 4, ""queue_suspects"": true}",batched-par,2,100,1000,10,True,1000,74.6167,13.4018,13.5257,398.171,597.035,381.677,5.83,10.77,74.48,8.92,434.8,803.5,5557.79,665.58,129.56,0.0,39186.5,87.53,4182,1549,10,950,156,1788,328,7,328,0,0.0,0.0,10.24,96.1,0.0,0,155,3339,0,0,290,0,6467,,0.33
fair,batched-par k=4 suspects,,"{""batch_k"": 4, ""queue_suspects"": true}",batched-par,4,100,1000,10,True,1000,75.2674,13.286,14.3536,372.319,543.481,376.783,5.8,12.45,70.98,10.77,436.73,937.07,5342.66,810.29,48.73,0.0,38543.6,85.35,4055,1375,10,1014,186,1784,362,1,362,0,0.0,0.0,12.13,123.0,0.0,0,136,3248,0,0,321,0,6432,,0.34
fair,batched-par k=4 suspects,,"{""batch_k"": 4, ""queue_suspects"": true}",batched-par,5,100,1000,10,True,1000,81.4114,12.2833,13.02,422.556,638.665,420.098,5.3,10.33,75.67,8.7,431.22,841.1,6160.53,708.29,134.93,0.0,42411.6,86.83,4462,1569,10,1027,145,1963,372,2,372,0,0.0,0.0,14.18,214.13,0.0,0,159,3614,0,0,326,0,6863,,0.34
fair,batched-par k=4 suspects,,"{""batch_k"": 4, ""queue_suspects"": true}",batched-par,6,100,1000,10,True,1000,86.5762,11.5505,11.9469,446.007,632.252,433.17,4.91,10.0,73.38,11.7,425.13,866.14,6353.37,1012.99,34.83,0.0,43886.3,84.48,4641,1626,10,1027,179,2133,352,3,352,0,0.0,0.0,18.21,258.38,0.0,0,177,3775,0,0,307,0,7023,,0.35
fair,batched-par k=4 suspects,,"{""batch_k"": 4, ""queue_suspects"": true}",batched-par,3,100,1000,10,True,1000,79.3655,12.5999,12.7647,401.039,638.662,408.186,4.94,10.0,75.72,9.34,392.43,793.51,6009.59,741.02,130.34,0.0,40568.8,85.19,4295,1527,10,1033,197,1920,353,6,353,0,0.0,0.0,11.17,74.59,0.0,0,155,3430,0,0,306,0,6687,,0.37
fair,batched-par k=4 suspects,,"{""batch_k"": 4, ""queue_suspects"": true}",batched-par,9,100,1000,10,True,1000,72.2539,13.8401,14.7001,372.374,513.188,347.451,6.0,10.72,69.42,13.85,433.66,774.91,5015.94,1000.88,235.74,0.0,35599.3,82.12,3792,1329,10,828,135,1633,325,5,325,0,0.0,0.0,13.93,153.84,0.0,0,130,3032,0,0,291,0,5950,,0.3
fair,batched-par k=4 suspects,,"{""batch_k"": 4, ""queue_suspects"": true}",batched-par,7,100,1000,10,True,1000,71.2749,14.0302,14.4621,372.728,552.079,355.35,5.97,11.31,71.78,10.93,425.68,806.25,5116.26,779.31,149.14,0.0,36150.9,84.53,3819,1305,10,956,206,1710,326,3,326,0,0.0,0.0,11.06,90.74,0.0,0,139,3007,0,0,284,0,6104,,0.34
fair,batched-par k=4 suspects,,"{""batch_k"": 4, ""queue_suspects"": true}",batched-par,8,100,1000,10,True,1000,73.482,13.6088,13.828,390.273,600.632,373.453,5.6,12.09,72.61,9.7,411.47,888.59,5335.63,712.52,23.33,0.0,38131.6,86.49,4080,1473,10,1083,168,1790,338,2,338,0,0.0,0.0,10.74,68.77,0.0,0,151,3255,0,0,288,0,6503,,0.35
fair,beanstalk quarantine,,"{""green_mode"": ""quarantine""}",beanstalk,1,100,1000,10,True,1000,61.6458,16.2217,15.623,298.399,1333.069,444.304,6.82,11.68,0.12,81.39,420.41,719.72,7.16,5017.29,7.63,4984.1,9837.7,26.6,977,0,10,630,87,382,335,5,335,895,1163.2,320.2,42.57,324.82,3527.2,37,0,0,102,146,244,831,4760,,0.33
fair,beanstalk quarantine,,"{""green_mode"": ""quarantine""}",beanstalk,0,100,1000,10,True,1000,54.1776,18.4578,18.06,409.834,1143.005,470.396,7.7,14.44,0.14,77.72,417.26,782.13,7.76,4210.62,7.86,4185.91,10091.5,31.04,1001,0,10,737,78,344,374,2,374,902,780.91,318.13,17.12,119.27,2996.6,57,0,0,136,175,251,826,5045,,0.36
fair,beanstalk quarantine,,"{""green_mode"": ""quarantine""}",beanstalk,2,100,1000,10,True,1000,46.8811,21.3306,23.3845,236.863,631.648,281.305,9.27,16.52,0.15,74.06,434.8,774.26,7.03,3472.01,10.47,3386.8,11036.5,39.24,1097,0,10,632,70,452,317,6,317,949,487.03,170.89,19.94,148.57,2378.1,34,0,0,110,264,224,833,4857,,0.31
fair,beanstalk quarantine,,"{""green_mode"": ""quarantine""}",beanstalk,3,100,1000,10,True,1000,50.4829,19.8087,19.203,310.807,956.285,395.338,7.77,14.4,0.15,77.67,392.43,727.13,7.65,3921.07,6.49,3905.91,10618.1,35.06,1055,0,10,725,100,382,369,3,369,923,822.46,238.55,14.8,127.58,2858.5,39,0,0,116,176,264,879,5065,,0.35
fair,beanstalk quarantine,,"{""green_mode"": ""quarantine""}",beanstalk,4,100,1000,10,True,1000,58.4057,17.1216,16.9747,278.779,908.368,367.18,7.48,14.06,0.13,78.33,436.73,821.27,7.36,4575.2,18.99,4518.74,11188.5,31.93,1112,0,10,701,94,430,360,5,360,905,768.04,235.29,24.5,239.27,3316.4,43,0,0,126,238,250,874,5106,,0.34
fair,beanstalk quarantine,,"{""green_mode"": ""quarantine""}",beanstalk,7,100,1000,10,True,1000,49.7866,20.0857,19.2725,235.294,873.26,315.134,8.55,13.98,0.14,77.33,425.68,695.94,7.15,3849.89,10.49,3811.28,9887.6,33.1,990,0,10,661,91,394,307,4,307,905,651.83,234.84,25.16,279.94,2820.6,37,0,0,87,147,233,843,4791,,0.32
fair,beanstalk quarantine,,"{""green_mode"": ""quarantine""}",beanstalk,8,100,1000,10,True,1000,53.3459,18.7456,20.5973,242.768,737.329,308.23,7.71,14.89,0.14,77.26,411.47,794.07,7.68,4121.38,10.87,4082.29,11012.9,34.41,1093,0,10,772,74,444,340,2,340,925,463.98,206.33,17.4,134.23,2808.9,31,0,0,118,202,231,891,5153,,0.32
fair,beanstalk quarantine,,"{""green_mode"": ""quarantine""}",beanstalk,6,100,1000,10,True,1000,48.4598,20.6356,20.0862,261.943,799.536,327.218,8.77,17.81,0.16,73.26,425.13,862.88,7.59,3550.39,13.02,3498.35,10974.7,37.75,1094,0,10,764,91,438,357,3,357,923,637.64,203.22,13.72,93.21,2691.2,36,0,0,122,239,246,855,5205,,0.34
fair,beanstalk quarantine,,"{""green_mode"": ""quarantine""}",beanstalk,5,100,1000,10,True,1000,53.4811,18.6982,19.0525,346.833,957.537,401.414,8.06,13.74,0.14,78.06,431.22,734.78,7.39,4174.71,10.97,4104.68,9784.4,30.49,977,0,10,709,82,305,332,0,332,900,701.01,254.51,15.67,116.01,2895.0,49,0,0,109,136,235,841,4895,,0.34
fair,beanstalk quarantine,,"{""green_mode"": ""quarantine""}",beanstalk,9,100,1000,10,True,1000,55.8175,17.9155,21.0294,259.744,812.456,317.812,7.77,14.9,0.13,77.19,433.66,831.94,7.38,4308.77,14.54,4271.46,10529.0,31.44,1050,0,10,673,58,366,369,4,369,936,495.54,214.66,26.74,309.68,2801.8,44,0,0,132,194,260,856,4989,,0.33
fair,beanstalk no-budget,,"{""budget"": false}",beanstalk,0,100,1000,10,True,1000,32.06,31.1916,,1606.224,1905.878,1580.046,13.01,41.61,0.3,45.08,417.26,1333.93,9.61,1445.19,66.57,0.0,9532.5,49.56,948,0,10,1198,102,709,368,8,368,990,816.62,80.87,961.8,1923.6,0.0,33,0,0,110,238,266,710,5871,,0.35
fair,beanstalk no-budget,,"{""budget"": false}",beanstalk,1,100,1000,10,True,1000,29.9242,33.4178,,900.794,1149.337,856.38,14.05,39.84,0.3,45.81,420.41,1192.14,9.02,1370.85,45.15,0.0,8941.7,49.8,888,0,10,1027,119,589,370,7,370,987,911.66,82.46,478.23,1148.54,0.0,37,0,0,119,296,258,592,5460,,0.34
fair,beanstalk no-budget,,"{""budget"": false}",beanstalk,3,100,1000,10,True,1000,30.1638,33.1523,,1505.253,1791.079,1459.972,13.01,44.02,0.33,42.63,392.43,1327.93,10.02,1286.0,14.91,0.0,10089.5,55.75,1004,0,10,1224,136,672,440,4,440,986,1154.41,83.96,891.17,1795.97,0.0,40,0,0,143,329,302,674,6097,,0.36
fair,beanstalk no-budget,,"{""budget"": false}",beanstalk,2,100,1000,10,True,1000,29.1655,34.287,,1371.158,1648.351,1310.362,14.91,43.68,0.33,41.09,434.8,1273.95,9.49,1198.31,56.24,0.0,9678.5,55.31,965,0,10,1157,104,527,360,11,360,988,1303.56,101.44,780.15,1650.29,0.0,48,0,0,123,426,248,539,5781,,0.4
fair,beanstalk no-budget,,"{""budget"": false}",beanstalk,4,100,1000,10,True,1000,36.3562,27.5056,,1380.71,1684.618,1353.579,12.01,37.49,0.27,50.23,436.73,1363.03,9.7,1826.17,51.71,0.0,9570.5,43.87,947,0,10,1188,125,607,399,6,399,987,1041.97,81.29,696.31,1694.7,0.0,40,0,0,125,335,280,612,5911,,0.36
fair,beanstalk no-budget,,"{""budget"": false}",beanstalk,5,100,1000,10,True,1000,34.4026,29.0675,,1583.375,1898.368,1558.922,12.53,39.44,0.29,47.74,431.22,1356.74,9.89,1642.41,59.45,0.0,9811.4,47.53,975,0,10,1248,100,714,389,3,389,984,1248.27,84.34,883.89,1904.48,0.0,37,0,0,112,258,280,717,6017,,0.36
fair,beanstalk no-budget,,"{""budget"": false}",beanstalk,6,100,1000,10,True,1000,32.6059,30.6693,,1629.65,1936.717,1579.01,13.04,45.11,0.31,41.54,425.13,1470.96,10.17,1354.33,59.59,0.0,10309.9,52.7,1028,0,10,1287,128,726,445,6,445,984,1048.38,87.36,962.18,1940.23,0.0,41,0,0,133,298,318,730,6268,,0.37
fair,beanstalk no-budget,,"{""budget"": false}",beanstalk,7,100,1000,10,True,1000,27.9556,35.771,,1300.579,1595.851,1273.72,15.23,44.52,0.33,39.91,425.68,1244.7,9.33,1115.84,27.02,0.0,9032.8,53.85,904,0,10,1145,145,724,339,3,339,986,766.69,77.97,762.4,1598.45,0.0,29,0,0,86,174,256,730,5639,,0.34
fair,beanstalk no-budget,,"{""budget"": false}",beanstalk,9,100,1000,10,True,1000,30.2792,33.026,,1219.475,1537.225,1204.665,14.32,42.74,0.3,42.64,433.66,1294.05,9.18,1291.02,24.49,0.0,9384.5,51.66,935,0,10,1089,88,663,361,6,361,984,958.53,80.7,675.0,1556.29,0.0,32,0,0,116,267,251,668,5624,,0.35
fair,beanstalk no-budget,,"{""budget"": false}",beanstalk,8,100,1000,10,True,1000,34.2611,29.1876,,1750.214,2035.771,1703.416,12.01,43.0,0.3,44.69,411.47,1473.16,10.21,1531.27,45.34,0.0,10018.5,48.74,998,0,10,1354,117,720,383,4,383,988,893.16,83.74,1011.96,2039.69,0.0,37,0,0,125,272,262,726,6270,,0.35
fair,beanstalk-noplace quarantine,,"{""green_mode"": ""quarantine""}",beanstalk-noplace,1,100,1000,10,True,1000,47.7125,20.9589,22.8542,178.829,587.73,222.607,8.81,14.08,0.15,76.96,420.41,671.85,6.92,3672.08,13.97,3587.61,10467.5,36.56,1044,0,10,614,85,461,304,7,304,0,447.6,154.38,22.57,240.91,2439.3,39,0,0,106,186,217,858,4756,,0.12
fair,beanstalk-noplace quarantine,,"{""green_mode"": ""quarantine""}",beanstalk-noplace,0,100,1000,10,True,1000,50.5621,19.7777,25.1269,267.571,683.663,289.584,8.25,14.53,0.15,77.07,417.26,734.52,7.36,3897.06,31.92,3425.65,10331.5,34.06,1027,0,10,703,89,383,321,4,321,0,537.18,193.97,16.44,136.17,2580.9,32,0,0,111,170,224,857,4918,,0.14
fair,beanstalk quarantine no-budget,,"{""budget"": false, ""green_mode"": ""quarantine""}",beanstalk,0,100,1000,10,True,1000,39.9907,25.0058,35.83,726.392,1528.669,775.538,10.43,31.91,0.23,57.42,417.26,1276.12,9.28,2296.41,17.66,0.0,11074.5,46.15,1102,0,10,1136,129,222,342,8,342,990,893.97,385.92,43.15,325.48,0.0,174,0,0,128,469,234,633,5853,,0.55
fair,beanstalk-noplace quarantine,,"{""green_mode"": ""quarantine""}",beanstalk-noplace,2,100,1000,10,True,1000,47.5733,21.0202,20.9308,243.651,750.267,287.914,9.14,16.3,0.15,74.41,434.8,775.48,7.15,3539.9,15.49,3478.85,10622.9,37.22,1055,0,10,659,88,448,331,2,331,0,507.39,199.03,15.11,141.35,2478.1,39,0,0,127,155,221,900,4883,,0.14
fair,beanstalk-noplace quarantine,,"{""green_mode"": ""quarantine""}",beanstalk-noplace,3,100,1000,10,True,1000,46.8731,21.3342,26.8129,218.648,666.559,265.737,8.37,18.04,0.17,73.42,392.43,845.55,7.74,3441.59,13.8,3352.41,10034.4,35.68,998,0,10,809,95,367,322,4,322,0,406.25,159.02,24.95,261.39,2250.4,41,0,0,117,186,216,812,5106,,0.14
fair,beanstalk quarantine no-budget,,"{""budget"": false, ""green_mode"": ""quarantine""}",beanstalk,1,100,1000,10,True,1000,37.7254,26.5074,37.2195,763.278,1498.727,780.261,11.14,29.41,0.23,59.22,420.41,1109.39,8.57,2234.17,4.87,0.0,8715.3,38.5,871,0,10,950,133,269,345,3,345,987,1068.56,423.99,19.23,134.17,0.0,177,0,0,107,186,247,685,5269,,0.64
fair,beanstalk-noplace quarantine,,"{""green_mode"": ""quarantine""}",beanstalk-noplace,4,100,1000,10,True,1000,59.5946,16.7801,17.2934,292.71,955.983,359.876,7.33,15.68,0.13,76.86,436.73,934.52,7.82,4580.4,22.96,4522.36,10445.9,29.21,1039,0,10,796,99,357,376,2,376,0,835.09,238.89,17.92,128.44,3191.4,43,0,0,132,174,252,865,5227,,0.15
fair,beanstalk-noplace quarantine,,"{""green_mode"": ""quarantine""}",beanstalk-noplace,5,100,1000,10,True,1000,48.5415,20.6009,19.1358,214.437,667.956,262.284,8.88,17.27,0.15,73.69,431.22,838.43,7.46,3577.03,6.03,3548.18,10497.2,36.04,1045,0,10,741,73,444,313,3,313,0,534.16,169.76,13.7,101.89,2713.1,37,0,0,98,147,222,898,4983,,0.13
fair,beanstalk-noplace quarantine,,"{""green_mode"": ""quarantine""}",beanstalk-noplace,6,100,1000,10,True,1000,52.8479,18.9222,17.9248,269.488,874.558,333.398,8.04,15.86,0.14,75.95,425.13,838.32,7.53,4013.82,7.68,3993.35,11119.7,35.07,1105,0,10,718,94,464,374,3,374,0,591.72,210.21,17.58,149.68,2979.0,35,0,0,129,208,262,897,5159,,0.14
fair,beanstalk quarantine no-budget,,"{""budget"": false, ""green_mode"": ""quarantine""}",beanstalk,3,100,1000,10,True,1000,36.2611,27.5777,32.0901,1014.165,1650.872,936.759,10.82,32.42,0.25,56.51,392.43,1175.45,9.14,2049.09,12.25,0.0,9596.2,44.11,952,0,10,1101,102,174,357,6,357,986,1097.21,560.55,14.25,118.13,0.0,200,0,0,130,210,245,742,5656,,0.69
fair,beanstalk quarantine no-budget,,"{""budget"": false, ""green_mode"": ""quarantine""}",beanstalk,5,100,1000,10,True,1000,38.2488,26.1446,36.2899,636.774,1539.188,687.631,11.27,34.46,0.24,54.03,431.22,1317.86,9.04,2066.76,40.02,0.0,9787.2,42.65,974,0,10,1099,100,318,340,4,340,984,802.35,375.28,25.65,145.45,0.0,171,0,0,108,208,245,766,5648,,0.62
fair,beanstalk quarantine no-budget,,"{""budget"": false, ""green_mode"": ""quarantine""}",beanstalk,2,100,1000,10,True,1000,38.3618,26.0676,35.2986,894.6,1502.131,858.675,11.33,33.09,0.24,55.33,434.8,1269.55,9.08,2122.75,35.55,0.0,9820.5,42.67,978,0,10,1084,79,159,363,4,363,988,1075.56,434.23,18.14,115.37,0.0,195,0,0,135,215,243,763,5665,,0.74
fair,beanstalk-noplace quarantine,,"{""green_mode"": ""quarantine""}",beanstalk-noplace,7,100,1000,10,True,1000,50.0881,19.9648,18.8005,333.979,870.611,373.74,8.5,13.44,0.14,77.92,425.68,673.17,7.0,3902.96,4.08,3872.97,9411.7,31.32,939,0,10,629,115,304,297,1,297,0,710.81,270.69,17.85,187.19,2835.0,32,0,0,87,103,223,836,4657,,0.15
main,serial,,{},serial,1,100,1000,10,True,1000,223.8132,4.468,4.4508,1304.613,1430.075,1244.469,1.88,2.16,90.51,5.45,420.41,484.43,20256.72,1219.76,23.2,0.0,13359.5,9.95,1307,0,1,542,108,307,288,19,288,0,0.0,0.0,8.37,70.41,0.0,0,0,0,0,0,0,0,3156,,0.09
fair,beanstalk quarantine no-budget,,"{""budget"": false, ""green_mode"": ""quarantine""}",beanstalk,4,100,1000,10,True,1000,47.3961,21.0988,32.7611,725.885,1458.809,746.853,9.21,29.89,0.21,60.69,436.73,1416.67,9.88,2876.33,34.44,0.0,10199.8,35.87,1014,0,10,1238,108,179,406,4,406,987,830.55,329.9,45.2,422.63,0.0,165,0,0,142,218,279,796,6076,,0.69
main,serial,,{},serial,0,100,1000,10,True,1000,219.749,4.5506,4.5822,1280.712,1399.496,1221.934,1.9,2.22,90.45,5.42,417.26,488.33,19877.23,1192.08,47.67,0.0,13151.6,9.97,1289,0,1,555,123,289,270,19,270,0,0.0,0.0,8.19,61.62,0.0,0,0,0,0,0,0,0,3133,,0.09
fair,beanstalk-noplace quarantine,,"{""green_mode"": ""quarantine""}",beanstalk-noplace,9,100,1000,10,True,1000,52.8221,18.9315,20.372,277.15,917.47,359.42,8.21,14.27,0.14,77.38,433.66,753.82,7.24,4087.49,10.32,4037.87,9831.8,31.02,979,0,10,648,62,341,344,2,344,0,700.34,242.49,17.45,138.41,2833.7,39,0,0,112,152,245,827,4825,,0.14
fair,beanstalk quarantine no-budget,,"{""budget"": false, ""green_mode"": ""quarantine""}",beanstalk,9,100,1000,10,True,1000,35.2838,28.3416,37.8098,453.642,1218.699,514.925,12.29,35.1,0.25,52.36,433.66,1238.35,8.75,1847.62,12.7,0.0,9847.4,46.52,980,0,10,1035,90,273,330,1,330,984,694.72,294.41,16.0,127.22,0.0,100,0,0,105,183,234,797,5512,,0.57
main,serial,,{},serial,2,100,1000,10,True,1000,218.3519,4.5798,4.5057,1287.402,1423.207,1217.661,1.99,2.12,90.82,5.07,434.8,462.97,19831.38,1106.04,41.29,0.0,13099.2,10.0,1281,0,1,540,108,281,264,17,264,0,0.0,0.0,8.06,61.5,0.0,0,0,0,0,0,0,0,3102,,0.08
fair,beanstalk-noplace quarantine,,"{""green_mode"": ""quarantine""}",beanstalk-noplace,8,100,1000,10,True,1000,44.3139,22.5663,22.3177,334.929,831.059,371.382,9.29,17.17,0.17,73.38,411.47,760.65,7.66,3251.61,4.14,3243.3,10286.8,38.69,1026,0,10,758,77,305,331,4,331,0,531.34,234.67,14.78,120.07,2486.2,48,0,0,117,264,222,762,5043,,0.21
main,serial,,{},serial,3,100,1000,10,True,1000,222.4005,4.4964,4.4815,1293.07,1433.258,1241.965,1.76,2.15,90.92,5.16,392.43,478.13,20221.3,1148.2,100.65,0.0,13339.4,10.0,1298,0,1,587,121,298,287,11,287,0,0.0,0.0,8.23,52.8,0.0,0,0,0,0,0,0,0,3183,,0.09
main,serial,,{},serial,4,100,1000,10,True,1000,227.2905,4.3997,4.4238,1317.698,1449.712,1256.691,1.92,2.26,89.89,5.93,436.73,513.95,20430.9,1347.47,20.04,0.0,13548.8,9.94,1326,0,1,532,113,326,305,21,305,0,0.0,0.0,8.93,95.79,0.0,0,0,0,0,0,0,0,3184,,0.09
fair,beanstalk quarantine no-budget,,"{""budget"": false, ""green_mode"": ""quarantine""}",beanstalk,6,100,1000,10,True,1000,38.7905,25.7795,31.7377,871.73,1753.091,889.183,10.96,33.96,0.24,54.83,425.13,1317.47,9.42,2127.04,49.01,0.0,9975.7,42.86,994,0,10,1122,124,204,403,0,403,984,984.49,519.74,13.46,103.76,0.0,230,0,0,144,186,280,808,5822,,0.72
main,serial,,{},serial,7,100,1000,10,True,1000,219.6273,4.5532,4.6363,1266.9,1382.324,1200.104,1.94,2.1,88.97,6.99,425.68,461.4,19540.33,1535.32,36.69,0.0,12942.5,9.82,1268,0,1,519,136,268,243,25,243,0,0.0,0.0,10.16,239.26,0.0,0,0,0,0,0,0,0,3055,,0.09
main,serial,,{},serial,6,100,1000,10,True,1000,227.6588,4.3925,4.3432,1330.11,1469.972,1271.969,1.87,2.41,90.71,5.01,425.13,549.45,20650.03,1141.27,27.73,0.0,13605.9,9.96,1330,0,1,576,125,330,312,18,312,0,0.0,0.0,8.68,63.02,0.0,0,0,0,0,0,0,0,3236,,0.09
main,serial,,{},serial,8,100,1000,10,True,1000,221.8688,4.5072,4.5242,1290.925,1429.312,1234.528,1.85,2.19,90.55,5.41,411.47,484.97,20090.5,1199.94,14.53,0.0,13287.0,9.98,1296,0,1,570,113,296,277,19,277,0,0.0,0.0,8.26,59.88,0.0,0,0,0,0,0,0,0,3162,,0.09
main,serial,,{},serial,9,100,1000,10,True,1000,222.1794,4.5009,4.4596,1295.78,1429.432,1237.283,1.95,2.23,90.58,5.23,433.66,496.41,20124.98,1162.89,82.21,0.0,13294.3,9.97,1296,0,1,529,88,296,276,20,276,0,0.0,0.0,8.23,49.93,0.0,0,0,0,0,0,0,0,3121,,0.09
main,serial,,{},serial,5,100,1000,10,True,1000,222.0743,4.503,4.5306,1282.419,1419.542,1229.022,1.94,2.29,89.94,5.82,431.22,509.32,19974.38,1292.5,50.28,0.0,13191.0,9.9,1292,0,1,566,96,292,275,17,275,0,0.0,0.0,8.57,134.75,0.0,0,0,0,0,0,0,0,3150,,0.14
fair,beanstalk quarantine no-budget,,"{""budget"": false, ""green_mode"": ""quarantine""}",beanstalk,8,100,1000,10,True,1000,44.1048,22.6733,37.8873,902.56,1619.488,907.349,9.33,29.35,0.21,61.1,411.47,1294.62,9.45,2694.93,25.73,0.0,9730.1,36.77,968,0,10,1183,81,137,347,3,347,988,1024.81,439.73,28.43,286.73,0.0,137,0,0,135,202,233,766,5827,,0.72
fair,beanstalk quarantine no-budget,,"{""budget"": false, ""green_mode"": ""quarantine""}",beanstalk,7,100,1000,10,True,1000,32.2118,31.0446,43.4731,716.935,1236.076,678.817,13.22,38.85,0.27,47.67,425.68,1251.27,8.75,1535.48,39.87,0.0,9927.4,51.37,994,0,10,1065,118,248,315,6,315,987,836.27,381.78,15.61,139.61,0.0,165,0,0,98,251,237,743,5572,,0.75
main,beanstalk-noplace,,{},beanstalk-noplace,0,100,1000,10,True,1000,40.2237,24.861,27.3121,639.649,1272.092,726.997,10.37,19.09,0.19,70.35,417.26,767.79,7.62,2829.7,4.97,2810.19,9707.1,40.22,965,0,10,774,65,741,310,4,310,0,474.61,54.73,474.36,1281.77,2237.5,21,0,0,89,212,226,753,4985,,0.1
main,beanstalk-noplace,,{},beanstalk-noplace,1,100,1000,10,True,1000,44.6807,22.381,29.5825,605.73,1111.461,639.975,9.41,16.61,0.17,73.81,420.41,742.2,7.43,3298.02,7.12,3226.08,9690.1,36.15,966,0,10,702,87,696,322,6,322,0,570.23,55.56,393.77,1116.76,2390.7,23,0,0,108,243,221,723,4858,,0.09
main,beanstalk,,{},beanstalk,1,100,1000,10,True,1000,52.3342,19.108,21.581,883.806,1274.418,829.294,8.03,13.93,0.14,77.9,420.41,728.87,7.24,4076.9,24.16,3765.75,10231.0,32.58,1013,0,10,658,91,762,337,5,337,939,666.26,57.53,528.06,1278.99,2690.4,25,0,0,108,236,234,777,4856,,0.27
main,beanstalk,,{},beanstalk,2,100,1000,10,True,1000,46.7271,21.4009,21.5513,1091.11,2213.919,1214.64,9.31,15.66,0.16,74.88,434.8,731.59,7.27,3499.04,8.06,3446.02,9814.8,35.01,980,0,10,672,73,743,321,4,321,934,505.21,55.81,899.23,2218.29,2344.4,19,0,0,104,219,221,761,4817,,0.27
main,beanstalk,,{},beanstalk,0,100,1000,10,True,1000,42.1028,23.7514,32.466,378.777,762.525,419.578,9.91,17.98,0.18,71.94,417.26,756.9,7.43,3028.69,17.33,2961.97,9885.1,39.13,978,0,10,710,94,704,339,1,339,947,463.29,53.12,243.38,778.31,2135.2,24,0,0,113,250,227,728,4931,,0.29
main,beanstalk-noplace,,{},beanstalk-noplace,2,100,1000,10,True,1000,46.6257,21.4474,23.5107,292.66,674.947,355.064,9.33,15.26,0.15,75.26,434.8,711.59,7.13,3509.05,21.84,3154.9,9871.5,35.29,983,0,10,655,93,665,305,8,305,0,563.06,55.24,193.9,680.21,2063.0,23,0,0,104,283,209,700,4744,,0.09
main,beanstalk,,{},beanstalk,3,100,1000,10,True,1000,41.8002,23.9233,30.4056,435.715,655.699,421.082,9.39,17.19,0.18,73.24,392.43,718.52,7.48,3061.58,6.14,3006.1,9868.4,39.35,982,0,10,689,89,749,352,2,352,946,436.05,50.42,241.7,660.82,2021.3,29,0,0,103,213,251,769,4898,,0.28
main,beanstalk,,{},beanstalk,4,100,1000,10,True,1000,49.8337,20.0667,110.7053,1339.743,1978.671,1190.719,8.76,16.94,0.15,74.15,436.73,843.99,7.61,3695.05,10.86,3577.52,10111.4,33.82,1004,0,10,785,88,719,320,5,320,948,501.15,55.53,710.23,1988.75,2271.9,25,0,0,107,271,218,733,5076,,0.29
main,beanstalk-noplace,,{},beanstalk-noplace,3,100,1000,10,True,1000,45.6918,21.8858,,1735.058,2721.55,1748.813,8.59,17.31,0.17,73.93,392.43,790.94,7.94,3377.87,15.08,3134.47,10478.2,38.22,1042,0,10,792,109,793,382,3,382,0,449.39,53.91,1370.75,2741.51,2560.2,21,0,0,124,248,261,794,5224,,0.11
main,beanstalk,,{},beanstalk,6,100,1000,10,True,1000,54.8563,18.2295,,2256.647,3210.578,2074.672,7.75,14.45,0.14,77.66,425.13,792.93,7.59,4259.98,6.82,4183.38,10171.4,30.9,1010,0,10,732,98,761,354,10,354,921,525.26,58.16,1569.91,3214.09,2950.7,23,0,0,104,244,260,766,5028,,0.29
main,beanstalk,,{},beanstalk,8,100,1000,10,True,1000,49.4332,20.2293,23.0724,532.757,1010.75,578.301,8.32,17.2,0.16,74.31,411.47,850.49,7.74,3673.62,3.5,3628.28,10115.7,34.11,1001,0,10,781,79,771,347,2,347,928,552.06,56.34,372.02,1010.97,2655.3,22,0,0,105,206,244,795,5084,,0.28
main,beanstalk,,{},beanstalk,9,100,1000,10,True,1000,49.2966,20.2854,29.2393,843.816,1228.961,805.545,8.8,14.68,0.15,76.37,433.66,723.75,7.31,3764.94,17.81,3631.25,9762.5,33.01,975,0,10,646,86,726,340,4,340,936,332.15,51.51,496.96,1234.51,2397.6,22,0,0,107,235,237,740,4787,,0.27
main,beanstalk,,{},beanstalk,5,100,1000,10,True,1000,42.8996,23.3103,28.4965,579.428,837.659,574.358,10.05,17.57,0.17,72.2,431.22,753.89,7.29,3097.56,18.92,3038.69,9948.6,38.65,986,0,10,687,75,737,328,5,328,945,446.4,51.78,342.07,837.2,2084.2,21,0,0,94,231,239,755,4879,,0.33
main,beanstalk,,{},beanstalk,7,100,1000,10,True,1000,38.7199,25.8265,27.7129,601.068,880.02,540.219,10.99,18.23,0.18,70.59,425.68,706.06,7.04,2733.23,36.06,2575.34,9485.3,40.83,948,0,10,654,106,747,287,5,287,938,358.15,50.32,340.41,879.83,1871.2,20,0,0,73,172,220,776,4691,,0.32
main,beanstalk-noplace,,{},beanstalk-noplace,4,100,1000,10,True,1000,43.4459,23.0172,59.6282,449.983,1379.109,695.181,10.05,19.23,0.17,70.54,436.73,835.57,7.56,3064.73,13.78,2870.39,10069.2,38.63,1002,0,10,748,89,771,329,2,329,0,418.7,52.73,445.37,1383.38,2316.1,21,0,0,108,214,224,788,5011,,0.1
main,beanstalk-noplace,,{},beanstalk-noplace,6,100,1000,10,True,1000,51.5397,19.4025,20.275,426.792,750.992,467.82,8.25,17.06,0.15,74.53,425.13,879.41,7.95,3841.49,9.64,3727.34,10677.5,34.53,1061,0,10,795,89,782,395,3,395,0,338.01,55.52,275.76,756.24,2688.7,24,0,0,119,247,279,814,5282,,0.1
main,beanstalk-noplace,,{},beanstalk-noplace,8,100,1000,10,True,1000,50.4807,19.8096,29.3752,583.933,956.486,574.985,8.15,16.04,0.15,75.66,411.47,809.49,7.63,3819.47,7.26,3570.55,10536.0,34.79,1047,0,10,740,77,777,359,3,359,0,545.46,54.51,346.08,958.73,2677.2,20,0,0,128,247,234,800,5085,,0.09
main,beanstalk-noplace,,{},beanstalk-noplace,9,100,1000,10,True,1000,50.5262,19.7917,19.3404,625.769,1005.873,637.013,8.58,15.08,0.14,76.19,433.66,762.12,7.31,3849.54,10.45,3731.65,9592.2,31.64,954,0,10,691,65,745,316,3,316,0,455.92,55.86,395.74,1013.46,2466.6,19,0,0,88,196,231,758,4829,,0.09
main,beanstalk-noplace,,{},beanstalk-noplace,5,100,1000,10,True,1000,40.7811,24.5212,48.8744,549.003,1443.822,691.799,10.57,20.66,0.19,68.58,431.22,842.6,7.66,2796.63,14.21,2641.37,10022.4,40.96,996,0,10,774,82,786,335,3,335,0,446.72,53.31,527.26,1447.89,2264.8,19,0,0,98,192,240,804,5068,,0.16
main,beanstalk-noplace,,{},beanstalk-noplace,7,100,1000,10,True,1000,43.7772,22.8429,23.7863,468.682,684.359,500.366,9.72,16.15,0.17,73.96,425.68,707.21,7.26,3237.58,8.85,3199.47,9628.3,36.66,964,0,10,680,148,737,319,2,319,0,434.91,55.09,299.37,693.7,2269.7,21,0,0,96,206,226,758,4817,,0.16
queue,batched k=1,,"{""batch_k"": 1}",batched,0,100,1000,10,True,1000,68.1529,14.6729,16.1016,339.471,462.656,338.132,6.12,10.21,72.48,11.19,417.26,695.9,4939.63,762.5,55.83,0.0,34934.0,85.43,3906,1139,10,741,152,739,307,24,307,0,0.0,0.0,9.51,119.02,0.0,0,0,2575,0,0,0,0,5978,,0.15
queue,batched k=1,,"{""batch_k"": 1}",batched,1,100,1000,10,True,1000,66.6103,15.0127,14.9395,342.356,490.285,342.926,6.31,9.05,76.76,7.88,420.41,602.53,5112.89,525.2,33.83,0.0,35076.3,87.76,3901,1087,10,672,142,770,320,13,320,0,0.0,0.0,7.99,74.13,0.0,0,0,2568,0,0,0,0,5906,,0.14
queue,batched k=1,,"{""batch_k"": 1}",batched,3,100,1000,10,True,1000,69.7269,14.3417,15.1041,341.943,467.669,345.059,5.63,9.39,73.09,11.89,392.43,654.43,5096.56,829.27,81.08,0.0,35227.8,84.2,3852,1124,10,749,155,741,316,19,316,0,0.0,0.0,11.73,165.6,0.0,0,0,2517,0,0,0,0,5936,,0.15
queue,batched k=1,,"{""batch_k"": 1}",batched,5,100,1000,10,True,1000,68.9869,14.4955,14.4708,360.405,521.049,362.306,6.25,9.95,77.58,6.22,431.22,686.71,5351.71,429.04,78.29,0.0,36931.0,89.22,4054,1244,10,731,112,747,326,25,326,0,0.0,0.0,8.71,52.29,0.0,0,0,2703,0,0,0,0,6136,,0.15
queue,batched k=1,,"{""batch_k"": 1}",batched,4,100,1000,10,True,1000,69.0892,14.474,15.0721,335.839,509.187,347.704,6.32,11.1,72.78,9.8,436.73,766.73,5028.34,677.12,51.09,0.0,35776.2,86.3,3959,1216,10,740,148,774,331,13,331,0,0.0,0.0,8.39,43.17,0.0,0,0,2615,0,0,0,0,6043,,0.15
queue,batched k=1,,"{""batch_k"": 1}",batched,7,100,1000,10,True,1000,64.6608,15.4653,16.6054,309.716,450.327,313.656,6.58,9.98,70.86,12.57,425.68,645.57,4582.03,812.8,77.87,0.0,32742.8,84.4,3644,1034,10,687,169,649,285,23,285,0,0.0,0.0,11.6,154.73,0.0,0,0,2336,0,0,0,0,5639,,0.14
queue,batched k=1,,"{""batch_k"": 1}",batched,6,100,1000,10,True,1000,72.952,13.7076,13.8054,381.601,525.401,375.94,5.83,10.15,75.74,8.29,425.13,740.18,5525.48,604.41,17.63,0.0,38338.2,87.59,4222,1244,10,767,140,874,348,22,348,0,0.0,0.0,9.34,112.25,0.0,0,0,2852,0,0,0,0,6359,,0.15
queue,batched k=1,,"{""batch_k"": 1}",batched,8,100,1000,10,True,1000,65.6997,15.2208,15.8928,326.113,489.675,329.382,6.26,10.87,72.69,10.18,411.47,714.3,4775.4,668.8,15.9,0.0,34141.9,86.61,3743,1117,10,763,109,651,298,20,298,0,0.0,0.0,9.18,105.43,0.0,0,0,2425,0,0,0,0,5824,,0.14
queue,batched k=1,,"{""batch_k"": 1}",batched,2,100,1000,10,True,1000,62.1404,16.0926,16.1613,319.153,448.09,316.719,7.0,10.42,74.53,8.06,434.8,647.38,4631.27,500.59,94.36,0.0,32788.8,87.94,3616,1043,10,702,125,646,290,12,290,0,0.0,0.0,8.37,92.27,0.0,0,0,2314,0,0,0,0,5620,,0.2
queue,batched-par k=1,,"{""batch_k"": 1}",batched-par,1,100,1000,10,True,1000,50.5221,19.7933,22.6076,213.323,379.217,226.264,8.32,14.74,59.9,17.04,420.41,744.61,3026.45,860.74,30.83,0.0,24526.5,80.91,2897,966,10,759,155,534,328,23,328,0,0.0,0.0,9.48,144.73,0.0,0,0,1546,0,0,0,0,5007,,0.15
queue,batched-par k=1,,"{""batch_k"": 1}",batched-par,0,100,1000,10,True,1000,54.7744,18.2567,21.6728,220.739,390.97,238.691,7.62,14.85,57.78,19.75,417.26,813.25,3164.94,1082.0,66.69,0.0,25485.5,77.55,3021,1013,10,865,164,552,315,21,315,0,0.0,0.0,14.66,230.25,0.0,0,0,1685,0,0,0,0,5222,,0.16
queue,batched k=1,,"{""batch_k"": 1}",batched,9,100,1000,10,True,1000,70.1307,14.2591,16.1839,320.332,439.044,317.059,6.18,8.97,66.38,18.47,433.66,628.91,4655.41,1295.1,108.79,0.0,32815.2,77.99,3660,1008,10,643,91,736,295,20,295,0,0.0,0.0,36.67,508.84,0.0,0,0,2345,0,0,0,0,5618,,0.2
queue,batched-par k=1,,"{""batch_k"": 1}",batched-par,2,100,1000,10,True,1000,52.5927,19.014,21.4996,209.26,413.277,230.054,8.27,15.39,57.52,18.83,434.8,809.32,3024.91,990.24,86.69,0.0,24968.8,79.13,2949,982,10,820,142,559,307,22,307,0,0.0,0.0,12.05,194.85,0.0,0,0,1620,0,0,0,0,5098,,0.15
queue,batched-par k=1,,"{""batch_k"": 1}",batched-par,4,100,1000,10,True,1000,59.5323,16.7976,21.07,223.019,416.477,244.44,7.34,14.28,54.15,24.23,436.73,850.12,3223.89,1442.5,72.77,0.0,26445.1,74.04,3067,989,10,836,154,614,341,17,341,0,0.0,0.0,23.73,355.57,0.0,0,0,1709,0,0,0,0,5261,,0.16
queue,batched-par k=1,,"{""batch_k"": 1}",batched-par,7,100,1000,10,True,1000,53.0295,18.8574,22.7931,210.462,398.925,226.308,8.03,15.59,55.53,20.85,425.68,826.99,2944.81,1105.47,46.37,0.0,24843.7,78.08,2936,987,10,834,187,526,315,16,315,0,0.0,0.0,13.78,208.69,0.0,0,0,1605,0,0,0,0,5101,,0.15
queue,batched-par k=1,,"{""batch_k"": 1}",batched-par,3,100,1000,10,True,1000,55.3137,18.0787,20.1047,243.205,417.259,252.932,7.09,13.56,62.65,16.69,392.43,750.21,3465.33,923.39,65.75,0.0,26786.8,80.71,3156,1046,10,867,150,616,345,22,345,0,0.0,0.0,14.48,231.67,0.0,0,0,1789,0,0,0,0,5390,,0.21
queue,batched-par k=1,,"{""batch_k"": 1}",batched-par,8,100,1000,10,True,1000,52.2177,19.1506,21.2214,213.397,414.625,233.551,7.88,16.85,57.69,17.58,411.47,880.05,3012.46,917.78,56.14,0.0,25340.0,80.88,3026,1067,10,939,152,563,328,22,328,0,0.0,0.0,11.18,184.11,0.0,0,0,1676,0,0,0,0,5315,,0.16
queue,batched-par k=1,,"{""batch_k"": 1}",batched-par,5,100,1000,10,True,1000,51.4646,19.4308,20.604,232.962,413.164,246.163,8.38,16.85,62.87,11.9,431.22,867.32,3235.39,612.52,49.28,0.0,26666.1,86.36,3175,1141,10,869,112,585,332,18,332,0,0.0,0.0,6.15,44.18,0.0,0,0,1825,0,0,0,0,5394,,0.16
queue,batched-par k=1,,"{""batch_k"": 1}",batched-par,6,100,1000,10,True,1000,56.8011,17.6053,20.1316,234.029,440.232,252.011,7.48,16.71,57.24,18.57,425.13,949.0,3251.19,1054.8,29.06,0.0,26892.8,78.91,3161,1082,10,909,162,633,347,27,347,0,0.0,0.0,15.21,255.02,0.0,0,0,1787,0,0,0,0,5444,,0.16
main,batched k=4,,{},batched,0,20,200,2,True,200,31.5547,6.3382,6.2403,128.362,324.924,150.994,12.74,10.05,69.7,7.5,80.43,63.42,439.9,47.35,0.0,0.0,3508.3,92.65,381,94,2,49,2,179,55,1,55,0,0.0,0.0,22.53,152.18,0.0,0,107,134,0,0,0,0,686,,0.02
main,batched k=4,,{},batched,1,20,200,2,True,200,28.2425,7.0815,7.0699,124.886,261.51,130.314,15.75,9.39,67.51,7.35,88.97,53.05,381.32,41.5,0.0,0.0,3136.3,92.54,334,72,2,23,6,157,47,1,47,0,0.0,0.0,19.64,73.15,0.0,0,92,118,0,0,0,0,605,,0.02
main,batched k=4,,{},batched,2,20,200,2,True,200,23.4985,8.5112,9.3273,82.713,203.94,90.457,19.09,9.98,54.18,16.75,89.73,46.9,254.62,78.72,9.4,0.0,2305.5,81.76,239,44,2,34,4,96,29,1,29,0,0.0,0.0,27.77,202.38,0.0,0,60,71,0,0,0,0,503,,0.02
queue,batched-par k=1,,"{""batch_k"": 1}",batched-par,9,100,1000,10,True,1000,50.4151,19.8353,22.5272,208.021,372.019,223.292,8.6,14.89,58.93,17.58,433.66,750.56,2970.97,886.32,72.23,0.0,24363.5,80.54,2927,1039,10,763,103,520,303,22,303,0,0.0,0.0,12.5,176.2,0.0,0,0,1602,0,0,0,0,5015,,0.2
fair,batched k=1 released,,"{""batch_k"": 1, ""queue_agents"": ""released""}",batched,0,100,1000,10,True,1000,72.016,13.8858,14.5487,1818.569,3405.242,1787.57,5.79,12.07,0.0,82.13,417.26,869.34,0.0,5915.0,0.0,0.0,36634.5,84.78,4083,1224,10,1023,222,832,339,14,339,0,0.0,0.0,10.62,136.44,0.0,0,0,2730,0,0,0,0,6459,,0.2
main,batched k=4,,{},batched,3,20,200,2,True,200,23.8552,8.3839,8.5628,76.026,305.99,103.952,18.36,9.82,62.81,9.01,87.61,46.86,299.65,42.99,4.94,0.0,2645.1,92.4,288,66,2,42,6,125,40,0,40,0,0.0,0.0,16.7,113.57,0.0,0,72,91,0,0,0,0,570,,0.02
main,batched k=4,,{},batched,4,20,200,2,True,200,28.0482,7.1306,6.9754,108.598,296.004,134.778,14.64,6.97,73.12,5.28,82.1,39.1,410.16,29.6,6.18,0.0,3206.1,95.26,344,69,2,36,10,164,46,1,46,0,0.0,0.0,19.3,104.76,0.0,0,94,122,0,0,0,0,627,,0.02
main,batched k=4,,{},batched,5,20,200,2,True,200,27.532,7.2643,7.1189,102.286,306.748,130.087,15.06,9.37,69.38,6.19,82.94,51.6,382.02,34.07,2.58,0.0,3069.4,92.9,328,69,2,55,8,146,46,1,46,0,0.0,0.0,21.06,113.5,0.0,0,86,114,0,0,0,0,630,,0.02
fair,batched k=1 released,,"{""batch_k"": 1, ""queue_agents"": ""released""}",batched,2,100,1000,10,True,1000,71.7107,13.9449,15.197,1591.71,3171.23,1590.466,6.06,12.58,0.0,81.36,434.8,901.86,0.0,5834.4,0.0,0.0,34407.7,79.97,3828,1109,10,1025,207,760,311,17,311,0,0.0,0.0,19.51,311.14,0.0,0,0,2500,0,0,0,0,6181,,0.17
fair,batched k=1 released,,"{""batch_k"": 1, ""queue_agents"": ""released""}",batched,1,100,1000,10,True,1000,68.9235,14.5088,15.351,1767.638,3232.558,1738.381,6.1,12.89,0.0,81.01,420.41,888.14,0.0,5583.8,0.0,0.0,34008.0,82.24,3757,1104,10,997,236,723,306,18,306,0,0.0,0.0,11.88,167.91,0.0,0,0,2433,0,0,0,0,6078,,0.18
main,batched k=4,,{},batched,6,20,200,2,True,200,31.9511,6.2596,7.1517,111.403,276.22,127.205,13.03,8.68,57.67,20.61,83.28,55.49,368.52,131.73,61.6,0.0,3048.8,79.52,328,61,2,43,4,153,45,1,45,0,0.0,0.0,34.79,274.79,0.0,0,87,106,0,0,0,0,617,,0.02
main,batched k=4,,{},batched,7,20,200,2,True,200,22.3581,8.9453,9.4361,77.602,221.554,99.643,18.91,12.49,61.79,6.81,84.57,55.85,276.3,30.45,4.91,0.0,2506.8,93.43,268,55,2,40,5,116,37,1,37,0,0.0,0.0,13.08,51.98,0.0,0,69,79,0,0,0,0,546,,0.02
main,batched k=4,,{},batched,8,20,200,2,True,200,38.421,5.2055,8.9932,83.644,232.588,102.202,12.99,9.35,34.99,42.68,99.8,71.84,268.84,327.95,70.77,0.0,2513.4,54.51,266,48,2,38,4,115,37,0,37,0,0.0,0.0,154.49,799.19,0.0,0,67,80,0,0,0,0,541,,0.02
main,batched k=4,,{},batched,9,20,200,2,True,200,30.2936,6.6021,7.6714,77.371,284.515,115.601,14.79,12.18,51.42,21.61,89.6,73.82,311.52,130.94,15.38,0.0,2802.1,77.08,295,55,2,41,7,127,39,1,39,0,0.0,0.0,48.06,342.9,0.0,0,76,96,0,0,0,0,576,,0.02
main,batched-aimd,,{},batched-aimd,0,20,200,2,True,200,29.3255,6.82,7.6342,118.51,222.453,126.184,13.71,11.8,59.91,14.57,80.43,69.21,351.4,85.47,13.41,0.0,3032.2,86.17,328,69,2,51,2,120,53,1,53,0,0.0,0.0,16.59,112.7,0.0,0,60,94,0,0,0,0,633,,0.02
main,batched-aimd,,{},batched-aimd,1,20,200,2,True,200,26.8042,7.4615,7.5023,113.258,214.447,120.604,16.6,9.61,65.38,8.41,88.97,51.5,350.51,45.1,3.42,0.0,3002.1,93.33,321,59,2,27,5,120,47,0,47,0,0.0,0.0,12.25,62.27,0.0,0,63,88,0,0,0,0,595,,0.02
main,batched-aimd,,{},batched-aimd,2,20,200,2,True,200,25.3485,7.89,9.1115,86.728,208.716,93.304,17.7,10.16,51.18,20.95,89.73,51.53,259.48,106.22,6.86,0.0,2387.9,78.5,249,42,2,38,6,84,30,0,30,0,0.0,0.0,28.2,228.5,0.0,0,49,64,0,0,0,0,517,,0.02
fair,batched k=1 released,,"{""batch_k"": 1, ""queue_agents"": ""released""}",batched,3,100,1000,10,True,1000,71.2569,14.0337,15.2078,1753.059,3331.799,1743.884,5.51,13.09,0.0,81.41,392.43,932.42,0.0,5800.83,0.0,0.0,36425.8,85.2,3968,1168,10,1139,281,779,327,17,327,0,0.0,0.0,10.27,139.33,0.0,0,0,2624,0,0,0,0,6451,,0.19
main,batched-aimd,,{},batched-aimd,3,20,200,2,True,200,25.5741,7.8204,8.184,101.664,244.131,112.522,17.13,9.84,63.49,9.54,87.61,50.35,324.72,48.8,7.44,0.0,2817.8,91.82,303,51,2,38,8,114,45,1,45,0,0.0,0.0,11.37,47.8,0.0,0,58,79,0,0,0,0,587,,0.02
main,batched-aimd,,{},batched-aimd,4,20,200,2,True,200,27.6009,7.2461,7.888,118.861,233.225,119.879,14.87,7.33,65.06,12.74,82.1,40.44,359.15,70.32,8.39,0.0,2916.4,88.05,318,56,2,32,12,114,46,1,46,0,0.0,0.0,13.53,113.53,0.0,0,58,85,0,0,0,0,597,,0.02
main,batched-aimd,,{},batched-aimd,5,20,200,2,True,200,25.8101,7.7489,7.93,113.472,230.69,116.617,16.07,9.72,65.59,8.63,82.94,50.17,338.56,44.54,3.77,0.0,2892.7,93.4,315,59,2,55,8,116,49,2,49,0,0.0,0.0,10.49,42.11,0.0,0,55,84,0,0,0,0,621,,0.02
main,batched-aimd,,{},batched-aimd,6,20,200,2,True,200,28.9737,6.9028,8.1359,104.456,224.494,107.843,14.37,9.21,52.82,23.59,83.28,53.39,306.09,136.72,32.82,0.0,2624.9,75.5,282,47,2,44,5,99,43,3,43,0,0.0,0.0,40.17,328.71,0.0,0,45,72,0,0,0,0,572,,0.02
main,batched-aimd,,{},batched-aimd,7,20,200,2,True,200,23.6604,8.4529,8.7864,94.041,232.436,106.091,17.87,10.19,64.54,7.4,84.57,48.24,305.4,35.0,15.47,0.0,2703.9,95.23,291,56,2,36,7,100,37,0,37,0,0.0,0.0,11.07,48.61,0.0,0,58,79,0,0,0,0,564,,0.02
fair,batched k=1 released,,"{""batch_k"": 1, ""queue_agents"": ""released""}",batched,4,100,1000,10,True,1000,69.6995,14.3473,15.5893,1608.24,3224.956,1663.43,6.27,13.53,0.0,80.21,436.73,942.76,0.0,5590.45,0.0,0.0,36299.7,86.8,4036,1281,10,1071,256,817,329,20,329,0,0.0,0.0,8.66,88.03,0.0,0,0,2687,0,0,0,0,6456,,0.19
main,batched-aimd,,{},batched-aimd,8,20,200,2,True,200,46.1818,4.3307,8.386,96.834,223.551,115.265,10.81,10.12,31.48,47.6,99.8,93.44,290.78,439.62,72.44,0.0,2712.1,48.94,283,47,2,39,3,98,38,3,38,0,0.0,0.0,189.5,977.2,0.0,0,52,73,0,0,0,0,563,,0.02
main,batched-aimd,,{},batched-aimd,9,20,200,2,True,200,25.8184,7.7464,9.9992,64.174,177.028,88.512,17.35,15.52,41.62,25.51,89.6,80.15,214.89,131.73,8.37,0.0,2254.9,72.78,237,38,2,46,5,77,38,1,38,0,0.0,0.0,41.84,318.1,0.0,0,35,57,0,0,0,0,522,,0.02
main,batched+place,,{},batched+place,0,20,200,2,True,200,29.5957,6.7577,7.5194,130.808,281.544,130.909,13.59,8.19,65.53,12.69,80.43,48.46,387.9,75.12,15.56,0.0,3115.0,87.71,333,70,2,35,7,153,48,1,48,137,0.0,0.0,18.4,114.31,0.0,0,91,105,0,0,0,0,617,,0.03
main,batched+place,,{},batched+place,1,20,200,2,True,200,27.5793,7.2518,7.014,126.175,250.861,126.326,16.13,8.38,67.96,7.53,88.97,46.23,374.85,41.53,2.73,0.0,3039.1,91.83,330,79,2,22,5,151,47,0,47,149,0.0,0.0,17.64,112.48,0.0,0,89,112,0,0,0,0,599,,0.03
main,batched+place,,{},batched+place,3,20,200,2,True,200,27.0514,7.3933,7.921,108.265,302.016,124.192,16.19,7.72,68.8,7.29,87.61,41.76,372.21,39.44,16.24,0.0,3048.0,93.9,323,71,2,35,7,146,46,0,46,142,0.0,0.0,19.12,85.31,0.0,0,89,107,0,0,0,0,604,,0.03
fair,batched k=1 released,,"{""batch_k"": 1, ""queue_agents"": ""released""}",batched,8,100,1000,10,True,1000,67.6563,14.7806,15.7756,1627.628,3223.058,1668.038,6.08,13.17,0.0,80.74,411.47,891.34,0.0,5462.82,0.0,0.0,35515.4,87.49,3911,1154,10,1045,202,703,310,22,310,0,0.0,0.0,8.4,57.29,0.0,0,0,2579,0,0,0,0,6288,,0.17
main,batched+place,,{},batched+place,4,20,200,2,True,200,30.5742,6.5415,6.9089,127.794,287.948,141.245,13.43,7.05,69.94,9.58,82.1,43.12,427.7,58.57,3.89,0.0,3261.5,88.9,355,81,2,34,6,164,49,0,49,151,0.0,0.0,23.03,124.32,0.0,0,96,125,0,0,0,0,638,,0.04
main,batched+place,,{},batched+place,5,20,200,2,True,200,30.4423,6.5698,8.2466,124.019,228.994,121.516,13.62,7.18,59.35,19.85,82.94,43.7,361.35,120.85,8.23,0.0,3026.3,82.84,325,66,2,30,13,155,47,0,47,157,0.0,0.0,30.76,200.8,0.0,0,88,111,0,0,0,0,602,,0.03
main,batched+place,,{},batched+place,6,20,200,2,True,200,29.8315,6.7043,7.5015,140.632,252.539,135.358,13.96,8.27,67.36,10.42,83.28,49.32,401.88,62.16,4.7,0.0,3228.3,90.18,342,61,2,29,3,171,47,2,47,165,0.0,0.0,17.65,94.28,0.0,0,96,112,0,0,0,0,620,,0.04
fair,batched k=1 released,,"{""batch_k"": 1, ""queue_agents"": ""released""}",batched,5,100,1000,10,True,1000,70.4528,14.1939,15.4393,1855.672,3295.099,1800.492,6.12,13.49,0.0,80.39,431.22,950.69,0.0,5663.37,0.0,0.0,36807.5,87.07,4068,1202,10,1106,213,870,327,24,327,0,0.0,0.0,8.52,86.86,0.0,0,0,2717,0,0,0,0,6525,,0.2
fair,batched k=1 released,,"{""batch_k"": 1, ""queue_agents"": ""released""}",batched,7,100,1000,10,True,1000,71.2639,14.0323,15.8086,1543.261,3042.807,1545.261,5.97,12.87,0.0,81.15,425.68,917.38,0.0,5783.33,0.0,0.0,34271.5,80.15,3791,1088,10,1025,275,725,297,22,297,0,0.0,0.0,18.2,264.17,0.0,0,0,2472,0,0,0,0,6135,,0.19
fair,batched k=1 released,,"{""batch_k"": 1, ""queue_agents"": ""released""}",batched,6,100,1000,10,True,1000,74.1297,13.4899,14.5106,1739.698,3410.614,1746.447,5.73,12.55,0.0,81.71,425.13,930.69,0.0,6057.15,0.0,0.0,37301.4,83.87,4116,1289,10,1065,282,817,339,15,339,0,0.0,0.0,12.63,192.79,0.0,0,0,2762,0,0,0,0,6535,,0.19
fair,batched k=1 released,,"{""batch_k"": 1, ""queue_agents"": ""released""}",batched,9,100,1000,10,True,1000,68.9789,14.4972,15.5232,1693.321,3167.544,1687.432,6.29,12.17,0.0,81.54,433.66,839.49,0.0,5624.74,0.0,0.0,34763.0,83.99,3826,1102,10,959,244,804,313,20,313,0,0.0,0.0,9.68,118.68,0.0,0,0,2493,0,0,0,0,6118,,0.18
queue,batched k=16,,"{""batch_k"": 16}",batched,1,20,200,2,True,200,41.2194,4.8521,4.6663,198.639,459.853,206.925,10.79,6.55,77.12,5.54,88.97,53.97,635.78,45.67,4.2,0.0,4400.0,88.95,467,109,2,26,3,248,46,2,46,0,0.0,0.0,25.47,104.13,0.0,0,172,170,0,0,0,0,741,,0.02
main,batched+place,,{},batched+place,2,20,200,2,True,200,18.8262,10.6235,14.2786,44.476,130.362,57.125,23.83,10.85,39.72,25.6,89.73,40.86,149.55,96.38,29.33,0.0,1655.9,73.3,175,27,2,26,3,56,19,1,19,161,0.0,0.0,27.5,188.13,0.0,0,36,43,0,0,0,0,421,,0.06
queue,batched k=16,,"{""batch_k"": 16}",batched,0,20,200,2,True,200,42.7923,4.6737,4.6888,187.36,428.928,205.333,9.4,7.2,72.77,10.63,80.43,61.63,622.81,90.97,6.42,0.0,4319.1,84.11,467,111,2,44,4,241,51,0,51,0,0.0,0.0,31.5,162.14,0.0,0,165,172,0,0,0,0,762,,0.02
queue,batched k=16,,"{""batch_k"": 16}",batched,2,20,200,2,True,200,28.6211,6.9878,5.9928,146.757,293.721,140.935,15.68,7.25,74.82,2.26,89.73,41.5,428.29,12.91,5.48,0.0,3092.9,90.05,332,78,2,33,2,164,31,0,31,0,0.0,0.0,20.59,84.89,0.0,0,117,113,0,0,0,0,596,,0.02
main,batched+place,,{},batched+place,7,20,200,2,True,200,29.5663,6.7645,9.1474,83.858,213.698,102.25,14.3,11.27,46.37,28.06,84.57,66.66,274.18,165.93,10.98,0.0,2677.5,75.47,284,55,2,42,1,125,41,1,41,165,0.0,0.0,48.82,344.46,0.0,0,71,93,0,0,0,0,568,,0.04
main,batched+place,,{},batched+place,8,20,200,2,True,200,41.4668,4.8231,11.3384,69.745,185.264,90.949,12.03,9.86,26.7,51.41,99.8,81.76,221.4,426.37,24.28,0.0,2266.6,45.55,250,55,2,32,1,96,34,0,34,170,0.0,0.0,243.47,1073.31,0.0,0,59,74,0,0,0,0,516,,0.03
queue,batched k=16,,"{""batch_k"": 16}",batched,3,20,200,2,True,200,37.5177,5.3308,5.1712,155.838,485.793,188.492,11.68,6.53,77.21,4.59,87.61,48.97,579.34,34.44,17.76,0.0,4018.7,89.26,430,102,2,41,10,232,45,0,45,0,0.0,0.0,26.04,122.95,0.0,0,153,159,0,0,0,0,716,,0.02
main,batched+place,,{},batched+place,9,20,200,2,True,200,29.7425,6.7244,8.9662,91.279,207.403,101.673,15.06,8.16,48.82,27.96,89.6,48.53,290.38,166.34,46.18,0.0,2586.4,72.47,279,64,2,30,8,122,41,0,41,166,0.0,0.0,45.13,331.35,0.0,0,73,88,0,0,0,0,550,,0.03
queue,batched k=16,,"{""batch_k"": 16}",batched,4,20,200,2,True,200,43.8809,4.5578,4.8719,159.11,478.533,195.483,9.36,5.22,69.02,16.4,82.1,45.85,605.75,143.91,7.43,0.0,4153.8,78.88,439,89,2,34,6,241,46,1,46,0,0.0,0.0,48.28,367.05,0.0,0,156,161,0,0,0,0,720,,0.02
queue,batched k=16,,"{""batch_k"": 16}",batched,6,20,200,2,True,200,38.95,5.1348,5.2576,161.339,384.116,168.333,10.69,6.12,65.91,17.28,83.28,47.7,513.41,134.61,38.29,0.0,3567.1,76.32,390,100,2,40,7,198,42,0,42,0,0.0,0.0,42.12,318.54,0.0,0,133,144,0,0,0,0,672,,0.02
queue,batched k=16,,"{""batch_k"": 16}",batched,7,20,200,2,True,200,30.5088,6.5555,6.9527,134.108,347.011,145.222,13.86,8.52,70.81,6.81,84.57,51.99,432.08,41.54,6.21,0.0,3259.6,89.04,356,85,2,33,3,178,36,1,36,0,0.0,0.0,20.84,100.67,0.0,0,124,122,0,0,0,0,626,,0.02
queue,batched k=16,,"{""batch_k"": 16}",batched,5,20,200,2,True,200,42.009,4.7609,4.4202,185.264,540.1,217.345,9.87,6.33,79.9,3.9,82.94,53.22,671.26,32.75,2.55,0.0,4538.0,90.02,489,112,2,56,4,258,49,1,49,0,0.0,0.0,32.01,166.06,0.0,0,172,184,0,0,0,0,795,,0.03
queue,batched-par k=4,,"{""batch_k"": 4}",batched-par,1,20,200,2,True,200,27.6503,7.2332,7.0486,111.187,233.679,126.802,16.09,9.68,66.75,7.48,88.97,53.52,369.16,41.36,9.38,0.0,3084.3,92.95,330,78,2,29,5,148,47,0,47,0,0.0,0.0,19.27,91.01,0.0,0,91,114,0,0,0,0,606,,0.02
queue,batched-par k=4,,"{""batch_k"": 4}",batched-par,2,20,200,2,True,200,24.1505,8.2814,9.1292,85.372,201.946,87.705,18.58,10.18,50.35,20.9,89.73,49.17,243.18,100.93,9.45,0.0,2242.6,77.38,240,46,2,35,5,96,29,2,29,0,0.0,0.0,22.79,149.98,0.0,0,58,71,0,0,0,0,506,,0.02
queue,batched k=16,,"{""batch_k"": 16}",batched,8,20,200,2,True,200,47.9404,4.1718,6.1189,151.184,328.213,159.411,10.41,6.68,48.74,34.17,99.8,64.05,467.32,327.64,107.19,0.0,3390.8,58.94,367,87,2,33,2,184,37,0,37,0,0.0,0.0,129.95,793.39,0.0,0,127,125,0,0,0,0,637,,0.02
queue,batched k=16,,"{""batch_k"": 16}",batched,9,20,200,2,True,200,33.785,5.9198,6.0969,147.919,379.766,165.971,13.26,10.32,71.55,4.86,89.6,69.76,483.48,32.87,14.36,0.0,3688.8,90.99,399,94,2,45,1,200,40,0,40,0,0.0,0.0,26.35,123.73,0.0,0,141,142,0,0,0,0,684,,0.02
queue,batched-par k=4,,"{""batch_k"": 4}",batched-par,0,20,200,2,True,200,32.1056,6.2294,6.9474,129.649,279.364,133.628,12.53,10.99,58.37,18.11,80.43,70.6,374.83,116.26,14.37,0.0,3103.9,80.56,324,56,2,49,1,154,51,0,51,0,0.0,0.0,30.28,237.89,0.0,0,91,102,0,0,0,0,624,,0.02
queue,batched-par k=4,,"{""batch_k"": 4}",batched-par,3,20,200,2,True,200,26.1869,7.6374,7.6815,99.376,335.271,121.075,16.73,8.79,68.27,6.21,87.61,46.03,357.55,32.55,10.61,0.0,2947.7,93.8,315,65,2,35,7,149,45,1,45,0,0.0,0.0,21.47,118.19,0.0,0,84,103,0,0,0,0,596,,0.02
queue,batched-par k=4,,"{""batch_k"": 4}",batched-par,4,20,200,2,True,200,31.1988,6.4105,7.4823,96.024,294.681,125.327,13.16,6.63,60.32,19.89,82.1,41.38,376.37,124.12,15.78,0.0,3038.1,81.15,325,71,2,34,11,145,45,0,45,0,0.0,0.0,35.55,269.54,0.0,0,90,107,0,0,0,0,604,,0.02
queue,batched-par k=4,,"{""batch_k"": 4}",batched-par,6,20,200,2,True,200,30.4517,6.5678,7.7514,107.943,238.416,116.824,13.67,8.81,55.13,22.39,83.28,53.68,335.73,136.35,59.16,0.0,2785.9,76.24,298,56,2,42,6,129,43,0,43,0,0.0,0.0,40.47,323.28,0.0,0,78,89,0,0,0,0,583,,0.02
queue,batched-par k=4,,"{""batch_k"": 4}",batched-par,5,20,200,2,True,200,33.537,5.9636,6.9813,117.671,300.796,138.383,12.37,8.38,60.39,18.86,82.94,56.21,405.07,126.52,0.0,0.0,3241.4,80.54,348,77,2,54,8,157,48,1,48,0,0.0,0.0,41.71,337.22,0.0,0,96,112,0,0,0,0,651,,0.02
queue,batched-par k=4,,"{""batch_k"": 4}",batched-par,8,20,200,2,True,200,44.4248,4.502,8.5067,82.516,249.85,105.501,11.23,9.19,30.4,49.19,99.8,81.61,270.06,437.03,91.58,0.0,2560.1,48.02,268,48,2,41,2,119,40,0,40,0,0.0,0.0,256.99,1140.23,0.0,0,69,79,0,0,0,0,549,,0.02
fair,batched k=4 suspects,,"{""queue_suspects"": true}",batched,0,20,200,2,True,200,20.2556,9.8738,12.5062,45.539,176.745,68.663,19.85,18.99,37.51,23.65,80.43,76.94,151.94,95.81,18.79,0.0,1852.2,76.2,202,35,2,54,1,68,55,0,55,0,0.0,0.0,15.68,106.81,0.0,0,18,45,0,0,44,0,511,,0.02
queue,batched-par k=4,,"{""batch_k"": 4}",batched-par,9,20,200,2,True,200,26.4936,7.549,8.7461,78.189,222.348,103.757,16.91,13.35,51.92,17.82,89.6,70.74,275.12,94.42,6.43,0.0,2610.9,82.12,280,57,2,41,4,122,39,0,39,0,0.0,0.0,30.79,221.52,0.0,0,72,84,0,0,0,0,560,,0.02
fair,batched k=4 suspects,,"{""queue_suspects"": true}",batched,1,20,200,2,True,200,16.8203,11.8904,13.0372,44.613,176.588,63.463,26.45,17.45,45.44,10.67,88.97,58.7,152.85,35.89,2.74,0.0,1825.5,90.44,191,36,2,24,6,65,48,1,48,0,0.0,0.0,11.34,51.23,0.0,0,18,49,0,0,43,0,464,,0.02
fair,batched k=4 suspects,,"{""queue_suspects"": true}",batched,3,20,200,2,True,200,16.4424,12.1637,13.4724,45.643,157.056,60.354,26.64,16.08,45.1,12.18,87.61,52.88,148.3,40.06,9.5,0.0,1801.7,91.31,192,30,2,37,7,68,50,0,50,0,0.0,0.0,10.21,52.88,0.0,0,16,47,0,0,41,0,479,,0.02
fair,batched k=4 suspects,,"{""queue_suspects"": true}",batched,4,20,200,2,True,200,21.9748,9.1014,13.5262,44.414,194.066,62.829,18.68,11.18,36.47,33.67,82.1,49.14,160.29,147.96,42.33,0.0,1757.2,66.64,191,39,2,37,9,66,45,1,45,0,0.0,0.0,53.23,347.13,0.0,0,22,48,0,0,36,0,474,,0.02
fair,batched k=4 suspects,,"{""queue_suspects"": true}",batched,5,20,200,2,True,200,21.8864,9.1381,13.5837,40.22,163.398,60.151,18.95,15.86,29.95,35.25,82.94,69.43,131.08,154.28,9.01,0.0,1640.5,62.46,176,33,2,59,6,54,48,0,48,0,0.0,0.0,38.16,249.46,0.0,0,13,39,0,0,43,0,483,,0.02
fair,batched k=4 suspects,,"{""queue_suspects"": true}",batched,6,20,200,2,True,200,20.8998,9.5695,13.7282,43.658,140.697,57.842,19.92,12.52,33.61,33.95,83.28,52.33,140.48,141.91,0.0,0.0,1607.2,64.08,175,32,2,36,4,56,44,1,44,0,0.0,0.0,51.17,331.0,0.0,0,14,43,0,0,36,0,456,,0.02
fair,batched k=4 suspects,,"{""queue_suspects"": true}",batched,7,20,200,2,True,200,17.6717,11.3175,14.8507,28.684,184.957,57.943,23.93,21.27,33.38,21.42,84.57,75.19,117.96,75.72,19.13,0.0,1722.2,81.21,181,33,2,40,7,53,39,2,39,0,0.0,0.0,19.39,150.33,0.0,0,14,41,0,0,29,0,462,,0.02
fair,batched k=4 suspects,,"{""queue_suspects"": true}",batched,8,20,200,2,True,200,32.6204,6.1311,13.4796,38.837,176.217,66.819,15.3,13.4,20.74,50.56,99.8,87.41,135.32,329.88,37.7,0.0,1804.0,46.09,187,33,2,36,6,60,36,1,36,0,0.0,0.0,126.4,658.15,0.0,0,20,43,0,0,27,0,460,,0.02
fair,batched k=4 suspects,,"{""queue_suspects"": true}",batched,9,20,200,2,True,200,20.9167,9.5617,14.4042,38.824,128.843,57.514,21.42,16.56,29.26,32.75,89.6,69.29,122.42,137.02,0.0,0.0,1617.6,64.45,167,27,2,39,6,51,38,1,38,0,0.0,0.0,26.24,144.31,0.0,0,12,34,0,0,28,0,445,,0.02
fair,batched-par k=4 suspects,,"{""batch_k"": 4, ""queue_suspects"": true}",batched-par,2,20,200,2,True,200,16.8934,11.8389,15.3542,24.907,181.739,48.893,26.56,16.5,31.74,25.21,89.73,55.75,107.23,85.16,10.77,0.0,1472.2,72.62,159,28,2,38,5,44,29,3,29,0,0.0,0.0,30.05,217.35,0.0,0,14,34,0,0,18,0,429,,0.01
fair,batched-par k=4 suspects,,"{""batch_k"": 4, ""queue_suspects"": true}",batched-par,1,20,200,2,True,200,17.5412,11.4017,13.0834,31.449,172.581,59.458,25.36,16.44,40.05,18.15,88.97,57.67,140.52,63.66,8.03,0.0,1742.0,82.76,185,31,2,27,5,65,48,1,48,0,0.0,0.0,16.75,111.22,0.0,0,15,37,0,0,41,0,461,,0.02
fair,batched-par k=4 suspects,,"{""batch_k"": 4, ""queue_suspects"": true}",batched-par,0,20,200,2,True,200,20.0603,9.9699,12.4525,48.641,212.875,68.391,20.05,17.79,39.03,23.13,80.43,71.37,156.6,92.81,0.0,0.0,1876.3,77.94,203,38,2,49,2,73,56,1,56,0,0.0,0.0,20.99,172.26,0.0,0,20,47,0,0,48,0,509,,0.02
fair,batched-par k=4 suspects,,"{""batch_k"": 4, ""queue_suspects"": true}",batched-par,4,20,200,2,True,200,22.1797,9.0172,13.696,52.302,152.338,64.087,18.51,10.84,37.32,33.33,82.1,48.08,165.55,147.87,16.51,0.0,1779.4,66.85,192,36,2,35,11,71,46,0,46,0,0.0,0.0,55.61,356.9,0.0,0,26,47,0,0,34,0,473,,0.02
fair,batched-par k=4 suspects,,"{""batch_k"": 4, ""queue_suspects"": true}",batched-par,3,20,200,2,True,200,14.8954,13.427,14.4951,44.236,152.817,54.613,29.41,15.41,45.7,9.48,87.61,45.9,136.14,28.26,7.55,0.0,1655.8,92.64,179,35,2,34,8,59,45,2,45,0,0.0,0.0,10.25,71.25,0.0,0,14,40,0,0,35,0,460,,0.02
fair,batched-par k=4 suspects,,"{""batch_k"": 4, ""queue_suspects"": true}",batched-par,5,20,200,2,True,200,17.6649,11.3219,13.2884,42.204,186.489,62.625,23.48,17.76,41.33,17.44,82.94,62.74,146.01,61.61,12.71,0.0,1705.2,80.44,180,29,2,60,7,63,46,2,46,0,0.0,0.0,10.63,42.38,0.0,0,17,37,0,0,36,0,488,,0.02
fair,batched-par k=4 suspects,,"{""batch_k"": 4, ""queue_suspects"": true}",batched-par,8,20,200,2,True,200,31.4488,6.3596,14.7644,35.561,169.987,57.565,15.87,11.59,18.92,53.63,99.8,72.91,118.97,337.29,73.92,0.0,1633.4,43.28,170,23,2,36,5,53,36,0,36,0,0.0,0.0,203.74,857.35,0.0,0,18,30,0,0,27,0,442,,0.02
fair,batched-par k=4 suspects,,"{""batch_k"": 4, ""queue_suspects"": true}",batched-par,7,20,200,2,True,200,17.0716,11.7154,15.7049,26.647,127.759,51.865,24.77,21.99,28.65,24.6,84.57,75.07,97.81,83.98,26.25,0.0,1531.8,74.77,161,27,2,41,4,44,37,0,37,0,0.0,0.0,20.71,168.64,0.0,0,8,31,0,0,29,0,439,,0.02
fair,batched-par k=4 suspects,,"{""batch_k"": 4, ""queue_suspects"": true}",batched-par,9,20,200,2,True,200,20.9017,9.5686,15.6695,35.526,111.767,53.955,21.43,16.95,26.07,35.54,89.6,70.85,109.0,148.59,0.0,0.0,1555.1,62.0,164,19,2,43,6,50,38,0,38,0,0.0,0.0,30.49,165.89,0.0,0,11,28,0,0,24,0,445,,0.02
fair,batched k=4 suspects,,"{""queue_suspects"": true}",batched,2,20,200,2,True,200,17.4541,11.4586,14.9609,24.921,150.726,48.864,25.7,14.29,32.37,27.64,89.73,49.89,112.99,96.47,41.25,0.0,1455.3,69.48,153,20,2,36,4,44,25,1,25,0,0.0,0.0,38.4,252.73,0.0,0,14,33,0,0,14,0,415,,0.06
queue,batched-par k=4,,"{""batch_k"": 4}",batched-par,7,20,200,2,True,200,22.3566,8.9459,9.7541,86.624,223.263,97.742,18.91,11.72,61.15,8.22,84.57,52.41,273.4,36.76,0.0,0.0,2538.4,94.62,265,49,2,36,10,117,36,0,36,0,0.0,0.0,15.65,82.59,0.0,0,71,78,0,0,0,0,537,,0.07
fair,beanstalk quarantine,,"{""green_mode"": ""quarantine""}",beanstalk,2,20,200,2,True,200,17.5781,11.3778,12.4495,68.177,260.36,121.705,25.52,12.52,0.23,61.73,89.73,44.02,0.8,217.01,6.63,193.15,1276.4,60.51,128,0,2,24,7,35,25,3,25,153,232.47,136.75,47.29,200.24,627.5,7,0,0,14,40,15,88,629,,0.03
fair,beanstalk quarantine,,"{""green_mode"": ""quarantine""}",beanstalk,1,20,200,2,True,200,19.0887,10.4774,17.8608,90.042,255.289,110.522,23.3,20.41,0.24,56.04,88.97,77.92,0.92,213.96,0.15,197.18,1529.6,66.78,152,0,2,34,4,54,55,0,55,170,233.49,90.17,17.97,77.77,678.0,7,0,0,19,33,39,119,729,,0.03
fair,beanstalk quarantine,,"{""green_mode"": ""quarantine""}",beanstalk,4,20,200,2,True,200,15.4678,12.93,17.319,91.907,263.731,101.185,26.54,16.05,0.3,57.11,82.1,49.64,0.94,176.68,0.0,151.13,1330.6,71.69,133,0,2,37,9,37,59,0,59,146,185.12,77.44,19.74,92.33,526.1,10,0,0,16,39,43,94,725,,0.03
fair,beanstalk quarantine,,"{""green_mode"": ""quarantine""}",beanstalk,7,20,200,2,True,200,17.116,11.685,16.8928,70.023,377.578,106.938,24.7,17.18,0.26,57.85,84.57,58.83,0.88,198.05,1.48,131.09,1148.4,55.91,115,0,2,33,8,31,40,0,40,141,366.66,110.88,34.69,220.44,778.3,9,0,0,11,14,30,101,659,,0.03
fair,batched-par k=4 suspects,,"{""batch_k"": 4, ""queue_suspects"": true}",batched-par,6,20,200,2,True,200,23.1687,8.6323,15.3055,32.09,129.861,51.626,17.97,12.44,24.7,44.89,83.28,57.65,114.43,208.01,80.36,0.0,1467.9,52.8,157,23,2,38,4,46,43,1,43,0,0.0,0.0,91.03,475.76,0.0,0,8,28,0,0,41,0,439,,0.05
fair,beanstalk quarantine,,"{""green_mode"": ""quarantine""}",beanstalk,6,20,200,2,True,200,21.9957,9.0927,8.7398,115.204,628.047,180.954,18.93,12.84,0.2,68.03,83.28,56.47,0.89,299.28,3.02,287.02,1290.2,48.88,129,0,2,32,5,38,47,0,47,139,605.1,132.6,69.4,399.18,1040.5,10,0,0,14,19,36,110,687,,0.04
fair,beanstalk quarantine,,"{""green_mode"": ""quarantine""}",beanstalk,8,20,200,2,True,200,28.8963,6.9213,15.682,69.13,198.723,87.232,17.27,15.53,0.15,67.05,99.8,89.78,0.85,387.5,30.04,175.86,1472.9,42.48,147,0,2,31,6,46,40,1,40,166,292.0,85.99,63.32,288.65,509.2,5,0,0,17,35,24,112,690,,0.04
fair,beanstalk no-budget,,"{""budget"": false}",beanstalk,2,20,200,2,True,200,14.4623,13.8291,,429.006,579.171,403.788,31.02,19.44,0.29,49.24,89.73,56.23,0.85,142.44,7.75,0.0,937.4,54.01,94,0,2,40,8,60,26,1,26,188,435.95,83.4,232.85,580.54,0.0,7,0,0,11,28,16,66,626,,0.03
fair,beanstalk quarantine,,"{""green_mode"": ""quarantine""}",beanstalk,9,20,200,2,True,200,19.2169,10.4075,10.8453,82.065,390.538,108.712,23.31,15.8,0.24,60.65,89.6,60.73,0.92,233.1,0.91,205.97,1409.5,61.12,141,0,2,37,6,44,48,1,48,161,347.9,93.13,30.04,159.65,718.2,9,0,0,16,40,36,100,708,,0.05
fair,beanstalk quarantine,,"{""green_mode"": ""quarantine""}",beanstalk,0,20,200,2,True,200,17.9654,11.1325,14.8514,132.962,342.847,146.947,22.38,18.21,0.27,59.14,80.43,65.43,0.96,212.49,2.73,171.72,1311.1,60.82,131,0,2,44,5,34,53,0,53,153,230.93,115.95,27.69,139.85,610.2,9,0,0,19,37,35,94,721,,0.08
fair,beanstalk no-budget,,"{""budget"": false}",beanstalk,3,20,200,2,True,200,11.0066,18.171,,460.342,623.94,442.662,39.8,27.84,0.44,31.93,87.61,61.27,0.96,70.29,0.0,0.0,1141.4,86.42,113,0,2,49,7,25,45,2,45,185,258.9,92.58,303.23,632.6,0.0,12,0,0,17,84,30,29,701,,0.04
fair,beanstalk no-budget,,"{""budget"": false}",beanstalk,5,20,200,2,True,200,16.8435,11.874,,465.973,597.563,454.735,24.62,20.63,0.29,54.47,82.94,69.48,0.97,183.48,0.7,0.0,1089.9,53.92,109,0,2,46,10,23,56,0,56,179,241.22,115.07,252.22,598.8,0.0,22,0,0,17,82,40,27,712,,0.04
fair,beanstalk no-budget,,"{""budget"": false}",beanstalk,0,20,200,2,True,200,15.247,13.1174,,534.7,706.54,521.741,26.38,31.42,0.34,41.87,80.43,95.81,1.02,127.67,0.0,0.0,1128.9,61.7,113,0,2,62,4,46,54,0,54,185,380.96,79.05,285.02,708.17,0.0,13,0,0,17,62,37,51,744,,0.06
fair,beanstalk no-budget,,"{""budget"": false}",beanstalk,1,20,200,2,True,200,11.579,17.2727,,514.528,674.103,510.152,38.42,33.45,0.41,27.71,88.97,77.47,0.95,64.18,0.0,0.0,1062.0,76.43,106,0,2,44,3,66,55,0,55,183,406.24,70.53,331.2,678.18,0.0,10,0,0,13,37,42,69,703,,0.06
fair,beanstalk quarantine,,"{""green_mode"": ""quarantine""}",beanstalk,5,20,200,2,True,200,20.7288,9.6484,14.23,72.134,242.67,103.873,20.01,13.66,0.22,66.11,82.94,56.65,0.9,274.08,0.0,184.57,1331.2,53.52,132,0,2,28,7,41,56,0,56,141,475.47,106.38,63.2,362.66,961.5,9,0,0,16,23,41,109,698,,0.08
fair,beanstalk no-budget,,"{""budget"": false}",beanstalk,7,20,200,2,True,200,15.0421,13.296,,693.567,858.28,649.386,28.11,28.43,0.31,43.15,84.57,85.54,0.93,129.81,8.9,0.0,1059.9,58.72,107,0,2,45,4,81,45,0,45,177,346.47,75.26,416.36,866.7,0.0,9,0,0,11,20,34,87,686,,0.05
fair,beanstalk quarantine,,"{""green_mode"": ""quarantine""}",beanstalk,3,20,200,2,True,200,15.4504,12.9447,12.9758,101.443,257.086,109.848,28.35,17.45,0.29,53.91,87.61,53.92,0.9,166.58,4.9,155.66,1409.2,76.01,139,0,2,40,6,41,43,0,43,144,194.36,99.2,20.57,108.62,637.1,7,0,0,17,39,28,100,705,,0.1
fair,beanstalk no-budget,,"{""budget"": false}",beanstalk,8,20,200,2,True,200,28.9435,6.91,,262.715,461.774,273.799,17.24,17.73,0.16,64.87,99.8,102.63,0.91,375.53,11.94,0.0,1094.9,31.53,109,0,2,48,6,68,37,0,37,188,291.22,71.68,223.22,672.54,0.0,6,0,0,14,34,23,75,677,,0.04
fair,beanstalk no-budget,,"{""budget"": false}",beanstalk,6,20,200,2,True,200,20.9433,9.5496,,427.756,601.012,433.79,19.88,17.46,0.23,62.42,83.28,73.15,0.96,261.48,0.0,0.0,953.3,37.93,96,0,2,49,8,55,50,2,50,180,270.45,81.28,305.8,635.44,0.0,11,0,0,13,37,39,59,694,,0.07
fair,beanstalk quarantine no-budget,,"{""budget"": false, ""green_mode"": ""quarantine""}",beanstalk,0,20,200,2,True,200,19.2499,10.3897,15.2122,134.051,536.94,182.341,20.89,27.48,0.28,51.35,80.43,105.81,1.08,197.68,0.0,0.0,1237.2,53.56,124,0,2,67,4,29,63,0,63,186,323.98,121.45,43.15,225.43,0.0,17,0,0,20,45,44,79,783,,0.05
fair,beanstalk quarantine no-budget,,"{""budget"": false, ""green_mode"": ""quarantine""}",beanstalk,1,20,200,2,True,200,13.6139,14.6909,16.5786,209.492,467.774,201.648,32.68,26.08,0.34,40.9,88.97,71.02,0.92,111.37,0.0,0.0,1119.9,68.55,112,0,2,35,7,32,50,1,50,184,345.35,168.95,16.49,64.28,0.0,22,0,0,14,30,38,82,680,,0.05
fair,beanstalk no-budget,,"{""budget"": false}",beanstalk,9,20,200,2,True,200,17.5605,11.3892,,476.825,653.063,483.385,25.51,17.9,0.26,56.33,89.6,62.86,0.93,197.83,0.01,0.0,953.6,45.25,95,0,2,43,6,55,43,1,43,181,288.1,68.26,258.43,653.86,0.0,10,0,0,13,35,32,60,665,,0.06
fair,beanstalk quarantine no-budget,,"{""budget"": false, ""green_mode"": ""quarantine""}",beanstalk,8,20,200,2,True,200,28.9087,6.9183,24.3163,114.555,266.573,129.611,17.26,16.95,0.16,65.63,99.8,98.01,0.9,379.47,16.19,0.0,1169.1,33.7,116,0,2,40,6,30,40,0,40,188,289.51,100.28,79.16,290.38,0.0,8,0,0,16,40,25,76,676,,0.04
fair,beanstalk-noplace quarantine,,"{""green_mode"": ""quarantine""}",beanstalk-noplace,0,20,200,2,True,200,16.8683,11.8566,15.1252,124.321,298.56,149.778,23.84,22.85,0.29,53.03,80.43,77.08,0.97,178.89,0.07,135.99,1508.5,74.52,150,0,2,53,3,33,50,2,50,0,186.02,96.56,32.27,171.62,591.1,11,0,0,19,63,34,87,757,,0.02
fair,beanstalk quarantine no-budget,,"{""budget"": false, ""green_mode"": ""quarantine""}",beanstalk,3,20,200,2,True,200,12.2115,16.378,15.0035,260.442,497.122,246.076,35.87,27.75,0.39,35.99,87.61,67.77,0.95,87.9,7.53,0.0,1263.3,86.21,125,0,2,50,7,32,46,1,46,187,321.35,204.94,14.81,71.06,0.0,12,0,0,18,30,30,95,717,,0.06
fair,beanstalk quarantine no-budget,,"{""budget"": false, ""green_mode"": ""quarantine""}",beanstalk,7,20,200,2,True,200,15.6034,12.8177,14.8667,262.164,586.293,254.674,27.1,24.19,0.3,48.41,84.57,75.5,0.94,151.06,15.84,0.0,1146.5,61.23,115,0,2,47,5,21,44,0,44,178,420.86,197.05,22.9,113.99,0.0,21,0,0,12,31,34,84,696,,0.05
fair,beanstalk quarantine no-budget,,"{""budget"": false, ""green_mode"": ""quarantine""}",beanstalk,2,20,200,2,True,200,14.9773,13.3535,20.1723,222.302,365.596,180.559,29.96,14.9,0.27,54.87,89.73,44.64,0.82,164.36,0.0,0.0,1058.6,58.9,106,0,2,28,7,18,27,0,27,188,225.18,144.76,47.08,222.09,0.0,20,0,0,14,40,15,66,615,,0.07
fair,beanstalk quarantine no-budget,,"{""budget"": false, ""green_mode"": ""quarantine""}",beanstalk,9,20,200,2,True,200,17.5545,11.3931,20.4483,96.498,325.6,123.324,25.52,20.69,0.26,53.53,89.6,72.63,0.93,187.93,1.05,0.0,1221.4,57.98,122,0,2,40,4,26,49,2,49,181,232.52,102.91,31.83,177.39,0.0,17,0,0,16,23,37,99,698,,0.04
fair,beanstalk quarantine no-budget,,"{""budget"": false, ""green_mode"": ""quarantine""}",beanstalk,4,20,200,2,True,200,14.157,14.1273,20.1726,270.484,460.705,233.367,29.0,22.05,0.34,48.61,82.1,62.45,0.96,137.63,3.85,0.0,1032.4,60.77,103,0,2,48,12,18,52,0,52,178,401.65,150.76,33.39,144.67,0.0,27,0,0,15,31,38,72,701,,0.07
fair,beanstalk quarantine no-budget,,"{""budget"": false, ""green_mode"": ""quarantine""}",beanstalk,5,20,200,2,True,200,19.9262,10.037,16.9742,323.272,489.414,294.611,20.81,17.28,0.24,61.67,82.94,68.87,0.95,245.76,0.0,0.0,1219.5,51.0,122,0,2,40,11,17,57,0,57,179,328.92,149.13,57.68,184.29,0.0,18,0,0,17,67,41,55,715,,0.07
fair,beanstalk-noplace quarantine,,"{""green_mode"": ""quarantine""}",beanstalk-noplace,1,20,200,2,True,200,20.0052,9.9974,9.2222,98.792,340.094,124.072,22.24,17.73,0.22,59.81,88.97,70.93,0.9,239.31,0.0,199.7,1667.2,69.45,168,0,2,27,5,46,52,1,52,0,258.48,116.32,15.51,81.88,891.0,6,0,0,16,39,40,129,725,,0.03
fair,beanstalk-noplace quarantine,,"{""green_mode"": ""quarantine""}",beanstalk-noplace,6,20,200,2,True,200,18.6221,10.7399,18.7719,77.512,245.866,103.573,22.36,15.12,0.25,62.28,83.28,56.31,0.92,231.94,0.0,94.13,1177.7,52.7,118,0,2,39,7,30,44,0,44,0,223.64,93.58,46.43,214.34,449.2,7,0,0,10,27,36,91,681,,0.02
fair,beanstalk-noplace quarantine,,"{""green_mode"": ""quarantine""}",beanstalk-noplace,2,20,200,2,True,200,16.6798,11.9905,12.8,64.349,358.903,99.796,26.9,14.11,0.25,58.74,89.73,47.07,0.83,195.97,3.83,177.48,1077.7,53.84,108,0,2,29,4,30,28,2,28,0,324.66,131.5,32.67,135.14,627.2,5,0,0,12,23,19,85,624,,0.04
fair,beanstalk-noplace quarantine,,"{""green_mode"": ""quarantine""}",beanstalk-noplace,3,20,200,2,True,200,14.992,13.3405,13.8821,114.488,271.288,116.67,29.22,16.48,0.31,54.0,87.61,49.4,0.93,161.9,4.53,148.44,1365.5,75.9,134,0,2,38,6,36,48,0,48,0,244.6,96.97,14.05,67.27,635.6,9,0,0,17,25,31,109,705,,0.03
fair,beanstalk no-budget,,"{""budget"": false}",beanstalk,4,20,200,2,True,200,9.9572,20.0859,,419.151,564.513,399.04,41.23,26.19,0.48,32.1,82.1,52.16,0.95,63.93,6.11,0.0,982.8,82.25,98,0,2,43,6,45,52,1,52,185,212.26,63.52,268.81,566.29,0.0,12,0,0,15,49,38,49,687,,0.13
fair,beanstalk-noplace quarantine,,"{""green_mode"": ""quarantine""}",beanstalk-noplace,7,20,200,2,True,200,14.8391,13.4779,15.1627,55.327,205.682,78.456,28.49,22.29,0.3,48.92,84.57,66.14,0.9,145.18,3.61,102.59,1264.6,71.02,127,0,2,41,4,39,35,0,35,0,169.02,81.32,14.01,78.93,506.1,8,0,0,9,13,27,114,678,,0.02
fair,beanstalk-noplace quarantine,,"{""green_mode"": ""quarantine""}",beanstalk-noplace,8,20,200,2,True,200,28.9796,6.9014,20.2479,73.957,249.126,105.655,17.22,14.21,0.15,68.42,99.8,82.37,0.89,396.54,0.86,121.27,1266.8,36.43,127,0,2,39,3,37,32,0,32,0,291.68,98.35,71.26,291.39,483.5,5,0,0,13,38,20,89,666,,0.02
fair,beanstalk-noplace quarantine,,"{""green_mode"": ""quarantine""}",beanstalk-noplace,4,20,200,2,True,200,14.2088,14.0758,21.1883,89.0,236.884,98.499,28.89,18.25,0.32,52.54,82.1,51.86,0.92,149.3,5.46,94.8,1197.4,70.23,119,0,2,38,9,28,48,0,48,0,178.29,77.85,25.63,159.93,395.1,8,0,0,15,34,34,85,688,,0.03
main,serial,,{},serial,2,20,200,2,True,200,39.9505,5.0062,4.9719,204.957,280.981,201.557,11.23,6.19,77.9,4.68,89.73,49.46,622.39,37.42,1.94,0.0,2389.8,49.85,234,0,1,35,6,34,31,3,31,0,0.0,0.0,6.71,30.14,0.0,0,0,0,0,0,0,0,503,,0.01
fair,beanstalk-noplace quarantine,,"{""green_mode"": ""quarantine""}",beanstalk-noplace,5,20,200,2,True,200,15.0585,13.2815,16.167,104.254,291.345,117.761,27.54,17.44,0.32,54.7,82.94,52.52,0.97,164.74,3.99,138.36,1275.1,70.56,128,0,2,47,12,31,48,2,48,0,217.71,95.69,35.01,196.99,495.4,10,0,0,16,44,36,84,716,,0.04
main,serial,,{},serial,7,20,200,2,True,200,41.7911,4.7857,4.8527,206.201,309.628,210.381,10.12,6.41,77.49,5.98,84.57,53.58,647.69,49.99,0.0,0.0,2470.2,49.26,243,0,1,40,9,43,39,4,39,0,0.0,0.0,7.21,32.57,0.0,0,0,0,0,0,0,0,526,,0.02
fair,beanstalk quarantine no-budget,,"{""budget"": false, ""green_mode"": ""quarantine""}",beanstalk,6,20,200,2,True,200,18.3641,10.8908,15.6415,258.228,532.657,250.433,22.67,20.14,0.26,56.93,83.28,73.98,0.94,209.08,1.95,0.0,1359.7,61.7,136,0,2,43,8,40,54,1,54,178,302.93,187.73,35.87,193.14,0.0,8,0,0,15,32,41,104,731,,0.1
main,serial,,{},serial,1,20,200,2,True,200,43.683,4.5784,4.6698,214.994,296.823,218.026,10.18,5.74,77.44,6.63,88.97,50.18,676.58,57.94,0.0,0.0,2554.8,48.74,250,0,1,26,7,50,44,6,44,0,0.0,0.0,8.38,69.21,0.0,0,0,0,0,0,0,0,526,,0.03
main,serial,,{},serial,5,20,200,2,True,200,42.9844,4.6528,4.6614,221.275,318.252,220.948,9.65,5.39,80.28,4.68,82.94,46.3,690.2,40.26,0.0,0.0,2575.7,49.93,252,0,1,51,8,52,47,5,47,0,0.0,0.0,7.95,47.44,0.0,0,0,0,0,0,0,0,555,,0.03
main,serial,,{},serial,3,20,200,2,True,200,42.8864,4.6635,4.7612,210.514,306.823,213.858,10.21,5.64,77.47,6.68,87.61,48.41,664.45,57.26,0.66,0.0,2517.4,48.92,245,0,1,41,10,45,43,2,43,0,0.0,0.0,8.11,48.07,0.0,0,0,0,0,0,0,0,531,,0.03
main,serial,,{},serial,0,20,200,2,True,200,44.8278,4.4615,4.6005,221.453,322.972,222.219,8.97,7.15,75.47,8.41,80.43,64.07,676.66,75.4,0.0,0.0,2591.8,48.18,253,0,1,50,2,53,51,2,51,0,0.0,0.0,10.02,116.3,0.0,0,0,0,0,0,0,0,556,,0.04
main,serial,,{},serial,6,20,200,2,True,200,46.3894,4.3113,4.6269,220.386,301.682,219.192,8.98,5.5,73.25,12.27,83.28,51.0,679.64,113.87,13.52,0.0,2534.7,45.53,247,0,1,41,4,47,42,5,42,0,0.0,0.0,15.72,213.52,0.0,0,0,0,0,0,0,0,535,,0.03
main,serial,,{},serial,4,20,200,2,True,200,43.5096,4.5967,4.6614,221.973,298.84,217.507,9.43,4.48,78.84,7.25,82.1,38.96,686.06,63.07,2.46,0.0,2552.2,48.88,249,0,1,35,11,49,46,3,46,0,0.0,0.0,8.41,53.63,0.0,0,0,0,0,0,0,0,533,,0.04
main,serial,,{},serial,8,20,200,2,True,200,54.8454,3.6466,4.8362,200.503,310.599,212.584,9.1,6.5,58.1,26.3,99.8,71.35,637.27,288.49,16.8,0.0,2480.3,37.69,239,0,1,38,6,39,38,1,38,0,0.0,0.0,76.6,669.81,0.0,0,0,0,0,0,0,0,516,,0.02
fair,beanstalk-noplace quarantine,,"{""green_mode"": ""quarantine""}",beanstalk-noplace,9,20,200,2,True,200,19.6098,10.199,18.1671,63.297,317.358,101.737,22.85,20.34,0.24,56.57,89.6,79.79,0.93,221.88,0.08,190.19,1217.1,51.72,123,0,2,51,7,40,41,1,41,0,340.22,96.3,29.33,148.74,709.7,5,0,0,11,29,31,94,707,,0.08
main,beanstalk,,{},beanstalk,5,20,200,2,True,200,18.3362,10.9074,,566.207,786.724,525.369,22.62,17.41,0.26,59.71,82.94,63.85,0.95,218.99,4.97,195.71,1219.0,55.4,121,0,2,41,7,70,54,0,54,151,304.81,58.22,305.52,787.96,598.7,8,0,0,16,43,39,78,710,,0.04
main,beanstalk,,{},beanstalk,7,20,200,2,True,200,17.7125,11.2914,11.3557,446.132,826.165,435.384,23.87,16.24,0.24,59.65,84.57,57.52,0.86,211.3,0.0,167.26,1208.5,56.86,122,0,2,30,3,87,40,2,40,158,248.31,68.42,340.81,830.1,556.1,6,0,0,12,26,30,96,663,,0.04
main,beanstalk,,{},beanstalk,1,20,200,2,True,200,13.5679,14.7406,,492.679,793.44,517.606,32.79,21.63,0.33,45.26,88.97,58.7,0.88,122.81,0.03,104.55,1214.3,74.58,121,0,2,33,4,90,47,1,47,154,199.03,59.54,390.81,797.51,585.1,6,0,0,12,28,36,93,681,,0.06
main,beanstalk,,{},beanstalk,0,20,200,2,True,200,16.2158,12.3336,110.9498,592.394,843.37,551.632,24.8,19.06,0.29,55.85,80.43,61.82,0.93,181.14,0.59,155.27,1240.5,63.75,124,0,2,36,4,83,52,1,52,144,343.94,59.12,370.59,845.0,724.6,8,0,0,14,35,39,89,701,,0.06
main,beanstalk,,{},beanstalk,2,20,200,2,True,200,13.6565,14.645,19.2034,143.11,315.17,157.051,32.85,14.02,0.3,52.83,89.73,38.3,0.81,144.28,0.83,127.47,1056.2,64.45,106,0,2,23,4,58,26,0,26,160,314.51,71.15,100.16,314.76,443.4,7,0,0,12,35,14,71,603,,0.05
main,serial,,{},serial,9,20,200,2,True,200,41.7971,4.785,4.7906,206.587,294.476,211.449,10.72,6.42,77.89,4.97,89.6,53.69,651.15,41.51,2.82,0.0,2493.7,49.72,244,0,1,41,7,44,38,6,38,0,0.0,0.0,7.7,50.68,0.0,0,0,0,0,0,0,0,529,,0.07
main,beanstalk,,{},beanstalk,9,20,200,2,True,200,19.4924,10.2604,12.8941,245.835,727.41,287.236,22.98,17.69,0.23,59.09,89.6,68.97,0.91,230.37,3.97,206.46,1264.4,54.06,126,0,2,35,2,95,53,1,53,162,707.92,66.92,278.65,733.66,852.6,6,0,0,13,24,41,102,701,,0.03
main,beanstalk,,{},beanstalk,3,20,200,2,True,200,15.9068,12.5733,22.0774,335.222,441.4,296.178,27.54,19.85,0.29,52.32,87.61,63.16,0.92,166.45,5.76,139.97,1325.7,69.45,133,0,2,45,7,84,46,1,46,165,189.19,63.85,202.34,444.56,639.1,7,0,0,18,41,30,91,715,,0.06
main,beanstalk-noplace,,{},beanstalk-noplace,2,20,200,2,True,200,16.9689,11.7863,21.373,237.49,354.144,202.076,26.44,15.3,0.26,58.01,89.73,51.91,0.87,196.87,3.95,149.58,1029.6,50.56,103,0,2,40,4,62,28,1,28,0,314.77,70.95,122.82,359.92,576.8,6,0,0,10,22,19,81,640,,0.01
main,beanstalk-noplace,,{},beanstalk-noplace,3,20,200,2,True,200,13.8433,14.4474,,404.791,730.931,405.588,31.64,20.99,0.34,47.03,87.61,58.11,0.94,130.21,1.16,96.86,1216.7,73.24,119,0,2,48,5,80,43,0,43,0,235.76,58.4,325.02,733.55,510.8,8,0,0,15,30,28,89,700,,0.01
main,beanstalk-noplace,,{},beanstalk-noplace,6,20,200,2,True,200,19.0282,10.5107,10.1045,233.316,574.636,241.06,21.88,15.9,0.24,61.97,83.28,60.52,0.92,235.84,0.0,104.05,1089.4,47.71,108,0,2,44,10,73,44,0,44,0,236.62,66.11,208.61,579.55,441.1,10,0,0,9,22,35,86,681,,0.02
main,beanstalk-noplace,,{},beanstalk-noplace,9,20,200,2,True,200,15.8907,12.586,11.8627,129.622,632.572,263.29,28.19,25.03,0.29,46.48,89.6,79.55,0.93,147.73,0.0,111.16,1114.2,58.43,113,0,2,52,6,88,39,0,39,0,332.44,59.08,231.59,628.54,641.8,5,0,0,10,19,29,94,694,,0.01
main,beanstalk-noplace,,{},beanstalk-noplace,8,20,200,2,True,200,28.3508,7.0545,20.2597,174.73,269.276,175.145,17.6,15.24,0.16,67.0,99.8,86.41,0.89,379.92,14.34,113.73,1203.8,35.38,121,0,2,42,6,70,32,0,32,0,291.24,78.25,228.05,781.98,394.8,6,0,0,14,37,19,84,668,,0.02
main,beanstalk-noplace,,{},beanstalk-noplace,5,20,200,2,True,200,17.3641,11.518,,703.296,1015.458,659.241,23.88,22.22,0.3,53.6,82.94,77.16,1.04,186.13,0.0,181.62,1514.0,72.66,151,0,2,61,13,85,66,2,66,0,185.48,62.64,497.9,1018.44,790.7,9,0,0,22,62,46,89,806,,0.03
main,beanstalk,,{},beanstalk,4,20,200,2,True,200,14.3289,13.9578,14.4762,226.925,341.921,206.874,28.65,16.13,0.31,54.91,82.1,46.22,0.9,157.36,0.25,118.9,1239.8,72.1,124,0,2,33,12,57,54,1,54,157,250.02,65.88,134.03,336.13,591.2,11,0,0,17,56,38,68,699,,0.08
main,beanstalk-noplace,,{},beanstalk-noplace,7,20,200,2,True,200,21.1383,9.4615,43.5029,249.029,968.581,516.413,20.0,16.92,0.22,62.86,84.57,71.52,0.91,265.77,0.0,246.24,1227.9,48.41,123,0,2,40,6,94,42,0,42,0,474.68,75.62,393.61,976.53,982.3,6,0,0,11,21,31,102,685,,0.03
main,beanstalk-noplace,,{},beanstalk-noplace,4,20,200,2,True,200,13.1321,15.2299,,444.374,630.679,420.244,31.26,20.6,0.35,47.79,82.1,54.1,0.93,125.52,8.8,40.55,1078.3,68.42,107,0,2,43,14,74,47,0,47,0,96.06,46.63,259.07,628.51,313.9,6,0,0,13,27,34,80,685,,0.03
main,beanstalk-noplace,,{},beanstalk-noplace,1,20,200,2,True,200,18.9904,10.5316,8.7377,337.243,689.86,315.73,23.42,19.62,0.24,56.72,88.97,74.52,0.9,215.41,1.55,181.47,1348.8,59.19,135,0,2,30,5,98,52,1,52,0,326.33,68.41,272.42,690.76,882.0,7,0,0,14,23,39,112,698,,0.05
main,beanstalk-noplace,,{},beanstalk-noplace,0,20,200,2,True,200,18.2825,10.9394,20.1542,286.33,463.455,303.743,22.0,24.84,0.28,52.88,80.43,90.84,1.01,193.37,1.27,172.44,1362.0,62.08,135,0,2,61,1,68,57,2,57,0,161.51,62.75,181.97,467.63,572.9,11,0,0,19,60,40,75,773,,0.06
queue,batched k=1,,"{""batch_k"": 1}",batched,2,20,200,2,True,200,25.9166,7.7171,8.6007,97.489,179.946,104.414,17.31,9.93,57.22,15.54,89.73,51.48,296.57,80.56,4.37,0.0,2641.2,84.93,270,25,2,32,4,38,32,6,32,0,0.0,0.0,18.03,198.23,0.0,0,0,32,0,0,0,0,540,,0.02
queue,batched k=1,,"{""batch_k"": 1}",batched,4,20,200,2,True,200,31.2289,6.4043,8.1548,107.653,208.909,116.069,13.15,7.87,54.07,24.91,82.1,49.18,337.72,155.58,9.88,0.0,2839.5,75.77,290,33,2,41,12,50,45,4,45,0,0.0,0.0,45.6,384.65,0.0,0,0,41,0,0,0,0,580,,0.02
queue,batched k=1,,"{""batch_k"": 1}",batched,1,20,200,2,True,200,25.6679,7.7918,8.0359,101.777,186.484,113.976,17.33,10.55,63.46,8.66,88.97,54.14,325.78,44.47,0.0,0.0,2870.7,93.2,297,33,2,23,6,58,50,4,50,0,0.0,0.0,9.26,86.56,0.0,0,0,43,0,0,0,0,574,,0.04
queue,batched k=1,,"{""batch_k"": 1}",batched,0,20,200,2,True,200,29.638,6.7481,8.156,108.489,214.22,118.928,13.57,11.9,54.98,19.55,80.43,70.56,325.87,115.9,0.0,0.0,2916.3,82.0,307,38,2,52,4,58,54,4,54,0,0.0,0.0,20.03,218.99,0.0,0,0,49,0,0,0,0,617,,0.06
queue,batched k=1,,"{""batch_k"": 1}",batched,6,20,200,2,True,200,30.0408,6.6576,8.0743,107.589,196.424,114.46,13.86,9.19,54.31,22.64,83.28,55.24,326.29,136.01,8.1,0.0,2773.1,76.93,286,29,2,42,4,51,42,7,42,0,0.0,0.0,30.93,287.02,0.0,0,0,37,0,0,0,0,577,,0.02
main,beanstalk,,{},beanstalk,8,20,200,2,True,200,28.9468,6.9092,34.4675,230.234,385.174,238.139,17.24,14.18,0.15,68.43,99.8,82.09,0.86,396.19,21.41,109.14,1242.6,35.77,124,0,2,29,6,80,41,0,41,170,289.22,63.77,215.27,690.03,461.2,5,0,0,17,34,24,90,664,,0.12
queue,batched k=1,,"{""batch_k"": 1}",batched,7,20,200,2,True,200,24.7348,8.0858,8.4286,96.08,196.818,112.122,17.09,13.26,62.29,7.36,84.57,65.58,308.17,36.39,0.0,0.0,2831.9,95.41,294,30,2,40,7,50,41,8,41,0,0.0,0.0,7.59,44.28,0.0,0,0,45,0,0,0,0,583,,0.04
queue,batched k=1,,"{""batch_k"": 1}",batched,8,20,200,2,True,200,38.0783,5.2523,8.6783,85.455,190.482,106.849,13.1,11.25,35.52,40.13,99.8,85.67,270.5,305.6,10.28,0.0,2675.7,58.56,276,29,2,39,6,41,39,2,39,0,0.0,0.0,88.65,576.12,0.0,0,0,35,0,0,0,0,556,,0.05
queue,batched-par k=1,,"{""batch_k"": 1}",batched-par,1,20,200,2,True,200,23.7322,8.4274,8.7828,93.735,177.576,102.579,18.74,11.38,60.66,9.22,88.97,53.99,287.94,43.74,0.0,0.0,2667.0,93.65,268,14,2,26,5,53,48,4,48,0,0.0,0.0,7.59,83.37,0.0,0,0,16,0,0,0,0,546,,0.03
queue,batched-par k=1,,"{""batch_k"": 1}",batched-par,0,20,200,2,True,200,26.3851,7.58,8.6359,97.984,194.655,109.509,15.24,12.84,56.33,15.58,80.43,67.77,297.26,82.24,0.0,0.0,2750.2,86.86,288,28,2,48,4,56,54,2,54,0,0.0,0.0,11.05,130.05,0.0,0,0,32,0,0,0,0,592,,0.04
queue,batched-par k=1,,"{""batch_k"": 1}",batched-par,2,20,200,2,True,200,24.5956,8.1315,9.32,87.869,175.745,95.841,18.24,10.77,54.17,16.81,89.73,52.98,266.49,82.71,4.47,0.0,2523.7,85.51,257,12,2,36,5,43,31,12,31,0,0.0,0.0,17.93,203.25,0.0,0,0,14,0,0,0,0,536,,0.04
queue,batched k=1,,"{""batch_k"": 1}",batched,5,20,200,2,True,200,29.8847,6.6924,8.1966,101.834,212.044,115.281,13.88,9.84,54.45,21.83,82.94,58.81,325.46,130.49,0.0,0.0,2818.0,78.58,287,31,2,52,9,52,47,3,47,0,0.0,0.0,35.28,325.25,0.0,0,0,37,0,0,0,0,589,,0.08
queue,batched-par k=1,,"{""batch_k"": 1}",batched-par,7,20,200,2,True,200,22.2593,8.985,9.2949,86.087,177.742,98.099,19.0,12.22,61.23,7.55,84.57,54.42,272.58,33.62,0.0,0.0,2551.4,95.52,260,18,2,38,9,40,38,2,38,0,0.0,0.0,5.97,49.76,0.0,0,0,20,0,0,0,0,538,,0.02
queue,batched-par k=1,,"{""batch_k"": 1}",batched-par,9,20,200,2,True,200,26.4478,7.5621,9.6256,78.009,148.505,97.421,16.94,15.24,46.15,21.67,89.6,80.6,244.13,114.62,7.59,0.0,2520.1,79.4,258,17,2,46,6,40,37,3,37,0,0.0,0.0,15.13,148.46,0.0,0,0,18,0,0,0,0,544,,0.02
queue,batched k=1,,"{""batch_k"": 1}",batched,3,20,200,2,True,200,25.2842,7.9101,8.1855,106.43,189.42,113.235,17.32,9.45,65.19,8.03,87.61,47.79,329.66,40.62,7.24,0.0,2837.7,93.53,290,31,2,35,10,51,45,4,45,0,0.0,0.0,7.12,36.65,0.0,0,0,41,0,0,0,0,574,,0.09
queue,batched k=1,,"{""batch_k"": 1}",batched,9,20,200,2,True,200,26.8939,7.4366,8.5375,93.778,160.47,109.379,16.66,13.28,54.5,15.56,89.6,71.44,293.15,83.68,11.09,0.0,2754.5,85.35,278,24,2,43,5,43,40,1,40,0,0.0,0.0,13.19,113.5,0.0,0,0,37,0,0,0,0,562,,0.09
fair,batched k=1 released,,"{""batch_k"": 1, ""queue_agents"": ""released""}",batched,0,20,200,2,True,200,31.2163,6.4069,7.3915,648.3,1230.859,651.441,12.88,18.62,0.0,68.5,80.43,116.26,0.0,427.64,0.0,0.0,3077.5,82.16,316,35,2,117,19,67,60,3,60,0,0.0,0.0,13.88,127.67,0.0,0,0,53,0,0,0,0,696,,0.03
fair,batched k=1 released,,"{""batch_k"": 1, ""queue_agents"": ""released""}",batched,2,20,200,2,True,200,27.4033,7.2984,8.5069,507.862,983.962,502.242,16.37,16.39,0.0,67.24,89.73,89.81,0.0,368.53,0.0,0.0,2684.6,81.64,276,25,2,91,18,45,39,3,39,0,0.0,0.0,16.22,143.68,0.0,0,0,34,0,0,0,0,609,,0.02
main,beanstalk,,{},beanstalk,6,20,200,2,True,200,23.4019,8.5463,25.3303,171.006,260.306,173.293,17.79,13.83,0.19,68.18,83.28,64.74,0.91,319.11,12.85,188.53,1126.1,40.1,112,0,2,38,5,76,47,1,47,149,216.56,60.06,180.1,595.12,470.0,7,0,0,11,24,37,88,682,,0.19
fair,batched k=1 released,,"{""batch_k"": 1, ""queue_agents"": ""released""}",batched,4,20,200,2,True,200,31.7416,6.3009,7.4568,608.312,1180.822,610.847,12.93,13.36,0.0,73.71,82.1,84.82,0.0,467.91,0.0,0.0,2976.7,78.15,306,34,2,86,37,61,56,3,56,0,0.0,0.0,30.5,299.37,0.0,0,0,47,0,0,0,0,651,,0.02
queue,batched-par k=1,,"{""batch_k"": 1}",batched-par,6,20,200,2,True,200,28.1923,7.0941,9.0065,95.819,170.413,102.763,14.77,9.36,51.39,24.48,83.28,52.78,289.77,138.02,15.92,0.0,2600.3,76.86,264,17,2,43,4,47,43,4,43,0,0.0,0.0,33.33,302.35,0.0,0,0,17,0,0,0,0,554,,0.07
fair,batched k=1 released,,"{""batch_k"": 1, ""queue_agents"": ""released""}",batched,6,20,200,2,True,200,33.9585,5.8895,8.2989,584.881,1084.028,577.827,12.26,15.27,0.0,72.47,83.28,103.72,0.0,492.17,0.0,0.0,2810.7,68.97,290,31,2,106,14,54,46,5,46,0,0.0,0.0,54.1,433.22,0.0,0,0,39,0,0,0,0,647,,0.02
fair,batched k=1 released,,"{""batch_k"": 1, ""queue_agents"": ""released""}",batched,7,20,200,2,True,200,27.3934,7.301,8.3134,587.645,1135.638,599.376,15.44,21.01,0.0,63.56,84.57,115.1,0.0,348.2,0.0,0.0,2933.8,89.25,307,36,2,102,17,59,51,6,51,0,0.0,0.0,9.94,92.15,0.0,0,0,50,0,0,0,0,666,,0.02
fair,batched k=1 released,,"{""batch_k"": 1, ""queue_agents"": ""released""}",batched,8,20,200,2,True,200,46.0514,4.343,7.8156,601.345,1107.09,595.223,10.84,13.4,0.0,75.76,99.8,123.45,0.0,697.78,0.0,0.0,2964.5,53.65,303,33,2,80,22,59,53,5,53,0,0.0,0.0,165.47,919.5,0.0,0,0,45,0,0,0,0,641,,0.02
main,batched k=4,,{},batched,1,5,50,2,True,50,9.8643,5.0688,5.9247,11.088,65.072,21.35,49.59,10.08,25.99,14.34,24.46,4.97,12.82,7.07,0.0,0.0,628.7,53.11,63,6,2,1,1,11,9,0,9,0,0.0,0.0,15.1,90.27,0.0,0,1,8,0,0,0,0,123,,0.01
fair,batched k=1 released,,"{""batch_k"": 1, ""queue_agents"": ""released""}",batched,9,20,200,2,True,200,28.1105,7.1148,8.3016,515.279,1007.278,527.945,15.94,17.53,0.0,66.53,89.6,98.55,0.0,374.07,0.0,0.0,2846.1,84.37,294,32,2,87,22,56,52,2,52,0,0.0,0.0,11.34,104.05,0.0,0,0,40,0,0,0,0,635,,0.02
main,batched k=4,,{},batched,3,5,50,2,True,50,10.0273,4.9864,5.0095,13.338,102.453,33.634,38.57,16.69,39.22,5.53,19.34,8.37,19.66,2.77,1.02,0.0,746.6,62.05,76,8,2,6,0,23,15,0,15,0,0.0,0.0,15.5,89.97,0.0,0,7,12,0,0,0,0,147,,0.01
queue,batched-par k=1,,"{""batch_k"": 1}",batched-par,3,20,200,2,True,200,22.9363,8.7198,9.1159,88.204,176.159,100.217,19.1,10.65,62.17,8.08,87.61,48.86,285.2,37.06,3.52,0.0,2620.4,95.21,264,14,2,36,10,49,45,3,45,0,0.0,0.0,5.71,28.91,0.0,0,0,16,0,0,0,0,548,,0.1
fair,batched k=1 released,,"{""batch_k"": 1, ""queue_agents"": ""released""}",batched,3,20,200,2,True,200,25.8895,7.7251,7.7616,592.538,1094.384,583.026,16.92,16.5,0.0,66.58,87.61,85.42,0.0,344.77,0.0,0.0,2909.0,93.63,298,31,2,92,20,59,52,2,52,0,0.0,0.0,7.26,33.38,0.0,0,0,44,0,0,0,0,644,,0.05
main,batched k=4,,{},batched,5,5,50,2,True,50,9.7795,5.1127,5.8751,11.19,73.104,29.424,41.94,19.07,31.08,7.92,20.51,9.32,15.2,3.87,1.47,0.0,669.5,57.05,67,7,2,6,2,13,9,0,9,0,0.0,0.0,10.94,52.46,0.0,0,4,8,0,0,0,0,132,,0.01
main,batched k=4,,{},batched,6,5,50,2,True,50,9.5055,5.2601,5.8915,12.588,74.405,23.945,46.51,14.46,27.52,11.5,22.11,6.87,13.08,5.47,0.0,0.0,632.2,55.42,64,4,2,2,1,13,10,0,10,0,0.0,0.0,9.68,57.99,0.0,0,3,4,0,0,0,0,126,,0.01
main,batched k=4,,{},batched,9,5,50,2,True,50,8.9784,5.5689,5.6732,10.897,57.886,19.265,57.77,12.35,23.41,6.47,25.93,5.54,10.51,2.91,0.0,0.0,537.0,49.84,56,4,2,5,0,5,5,0,5,0,0.0,0.0,9.61,39.0,0.0,0,0,4,0,0,0,0,116,,0.01
main,batched k=4,,{},batched,8,5,50,2,True,50,8.9668,5.5761,5.3948,11.615,73.737,23.969,52.47,17.45,27.1,2.98,23.52,7.82,12.15,1.34,0.0,0.0,613.2,56.99,61,5,2,3,0,10,9,0,9,0,0.0,0.0,9.63,47.63,0.0,0,1,5,0,0,0,0,123,,0.01
main,batched k=4,,{},batched,7,5,50,2,True,50,7.5255,6.6441,7.1468,11.74,56.567,20.64,47.72,9.3,36.41,6.57,17.96,3.5,13.7,2.47,1.4,0.0,604.0,66.88,64,7,2,1,0,12,8,1,8,0,0.0,0.0,7.92,31.92,0.0,0,3,8,0,0,0,0,124,,0.01
main,batched-aimd,,{},batched-aimd,0,5,50,2,True,50,9.5568,5.2319,5.4465,11.098,77.165,25.281,46.8,15.55,28.54,9.11,22.36,7.43,13.64,4.36,0.0,0.0,652.1,56.86,69,8,2,1,2,14,12,0,12,0,0.0,0.0,10.39,50.12,0.0,0,2,10,0,0,0,0,132,,0.01
queue,batched-par k=1,,"{""batch_k"": 1}",batched-par,4,20,200,2,True,200,29.1966,6.8501,9.0511,94.643,171.318,103.781,14.06,8.14,51.11,26.7,82.1,47.52,298.42,155.89,7.97,0.0,2632.6,75.14,266,16,2,37,12,48,45,3,45,0,0.0,0.0,48.02,390.66,0.0,0,0,18,0,0,0,0,551,,0.11
main,batched-aimd,,{},batched-aimd,2,5,50,2,True,50,8.4924,5.8876,6.3553,10.966,42.769,17.473,54.88,10.74,23.55,10.83,23.3,4.56,10.0,4.6,0.0,0.0,536.3,52.63,53,2,2,1,0,3,3,0,3,0,0.0,0.0,8.44,48.48,0.0,0,0,2,0,0,0,0,107,,0.01
main,batched-aimd,,{},batched-aimd,3,5,50,2,True,50,9.0256,5.5398,5.7933,15.677,72.727,27.617,42.85,18.26,32.74,6.15,19.34,8.24,14.78,2.78,0.0,0.0,706.3,65.21,75,10,2,6,0,17,14,2,14,0,0.0,0.0,10.5,47.22,0.0,0,1,12,0,0,0,0,147,,0.01
fair,batched k=1 released,,"{""batch_k"": 1, ""queue_agents"": ""released""}",batched,1,20,200,2,True,200,25.2645,7.9162,7.9369,603.096,1105.528,574.061,17.61,18.95,0.0,63.44,88.97,95.74,0.0,320.58,0.0,0.0,2958.1,97.57,312,44,2,77,11,65,57,3,57,0,0.0,0.0,7.71,48.03,0.0,0,0,52,0,0,0,0,649,,0.08
main,batched-aimd,,{},batched-aimd,6,5,50,2,True,50,9.5228,5.2506,5.6414,11.315,84.301,25.581,46.43,17.53,27.25,8.8,22.11,8.34,12.97,4.19,0.0,0.0,670.9,58.71,71,8,2,1,2,14,10,3,10,0,0.0,0.0,9.91,51.6,0.0,0,1,8,0,0,0,0,135,,0.01
main,batched-aimd,,{},batched-aimd,8,5,50,2,True,50,9.0049,5.5525,5.4524,11.212,75.118,23.554,52.25,17.37,26.22,4.16,23.52,7.82,11.81,1.87,0.0,0.0,609.1,56.37,64,6,2,3,0,10,9,0,9,0,0.0,0.0,10.01,51.19,0.0,0,1,6,0,0,0,0,126,,0.01
main,batched-aimd,,{},batched-aimd,7,5,50,2,True,50,7.2494,6.8972,7.0339,13.641,54.605,21.399,49.54,7.77,41.42,1.27,17.96,2.82,15.01,0.46,0.0,0.0,618.3,71.07,66,9,2,0,0,14,8,1,8,0,0.0,0.0,8.02,32.61,0.0,0,5,10,0,0,0,0,125,,0.01
main,batched+place,,{},batched+place,0,5,50,2,True,50,12.9534,3.86,5.5065,13.508,128.568,36.259,34.53,26.06,20.59,18.82,22.36,16.88,13.34,12.19,0.0,0.0,680.9,43.8,71,9,2,6,2,15,12,2,12,9,0.0,0.0,19.95,107.83,0.0,0,1,10,0,0,0,0,141,,0.01
main,batched k=4,,{},batched,0,5,50,2,True,50,10.1548,4.9238,5.0646,12.012,76.102,29.029,44.04,14.63,33.01,8.31,22.36,7.43,16.76,4.22,0.0,0.0,713.5,58.55,73,8,2,1,2,18,12,0,12,0,0.0,0.0,12.16,64.04,0.0,0,6,11,0,0,0,0,136,,0.06
queue,batched-par k=1,,"{""batch_k"": 1}",batched-par,8,20,200,2,True,200,43.3586,4.6127,9.4413,74.4,184.941,99.366,11.51,11.05,27.15,50.3,99.8,95.81,235.41,436.15,16.17,0.0,2511.3,48.27,253,10,2,41,6,41,36,5,36,0,0.0,0.0,183.45,928.44,0.0,0,0,12,0,0,0,0,535,,0.12
main,batched k=4,,{},batched,4,5,50,2,True,50,8.1553,6.131,6.466,13.535,57.626,22.281,51.99,11.49,34.04,2.47,21.2,4.69,13.88,1.01,0.0,0.0,614.8,62.83,62,7,2,2,1,13,10,1,10,0,0.0,0.0,11.08,47.12,0.0,0,1,9,0,0,0,0,125,,0.05
main,batched+place,,{},batched+place,5,5,50,2,True,50,12.6657,3.9477,6.8715,11.659,57.227,23.856,32.38,13.34,18.06,36.23,20.51,8.45,11.43,22.94,0.0,0.0,564.2,37.12,59,5,2,2,0,9,9,0,9,6,0.0,0.0,74.37,326.16,0.0,0,0,5,0,0,0,0,120,,0.01
main,batched-aimd,,{},batched-aimd,5,5,50,2,True,50,9.2382,5.4123,5.6792,14.239,51.939,25.856,44.39,19.93,26.72,8.96,20.51,9.2,12.34,4.14,2.79,0.0,605.0,54.57,62,7,2,4,2,10,9,1,9,0,0.0,0.0,9.92,39.48,0.0,0,0,7,0,0,0,0,126,,0.04
main,batched+place,,{},batched+place,3,5,50,2,True,50,10.7365,4.657,5.9998,14.63,75.039,27.923,36.02,10.51,32.84,20.63,19.34,5.64,17.63,11.08,3.15,0.0,686.9,53.31,72,10,2,1,0,21,14,0,14,1,0.0,0.0,26.5,154.79,0.0,0,6,13,0,0,0,0,137,,0.02
main,batched+place,,{},batched+place,6,5,50,2,True,50,8.9394,5.5932,5.8674,11.542,83.402,22.584,49.46,16.2,25.9,8.44,22.11,7.24,11.58,3.77,0.0,0.0,639.2,59.59,65,5,2,2,4,10,10,0,10,7,0.0,0.0,8.62,49.26,0.0,0,0,6,0,0,0,0,127,,0.01
main,batched+place,,{},batched+place,8,5,50,2,True,50,7.8899,6.3372,6.1774,10.701,44.948,16.394,59.63,5.68,28.95,5.74,23.52,2.24,11.42,2.26,0.86,0.0,589.7,62.28,61,5,2,0,0,10,9,0,9,7,0.0,0.0,9.09,34.79,0.0,0,1,5,0,0,0,0,120,,0.01
queue,batched-par k=1,,"{""batch_k"": 1}",batched-par,5,20,200,2,True,200,29.3186,6.8216,8.5126,94.711,211.807,110.236,14.14,10.32,52.34,23.19,82.94,60.54,306.91,135.98,0.0,0.0,2735.7,77.76,279,24,2,54,7,54,46,6,46,0,0.0,0.0,36.36,328.7,0.0,0,0,27,0,0,0,0,585,,0.16
fair,batched k=1 released,,"{""batch_k"": 1, ""queue_agents"": ""released""}",batched,5,20,200,2,True,200,30.4976,6.5579,7.8142,600.058,1112.632,603.023,13.6,17.48,0.0,68.92,82.94,106.63,0.0,420.38,0.0,0.0,2973.1,81.24,311,34,2,117,35,64,59,3,59,0,0.0,0.0,16.84,173.14,0.0,0,0,49,0,0,0,0,690,,0.11
main,batched+place,,{},batched+place,9,5,50,2,True,50,8.3358,5.9982,6.2808,11.148,42.865,16.722,62.22,5.48,27.96,4.35,25.93,2.28,11.65,1.81,0.0,0.0,563.3,56.31,58,5,2,1,0,7,6,0,6,6,0.0,0.0,8.84,34.82,0.0,0,1,7,0,0,0,0,115,,0.01
main,batched+place,,{},batched+place,4,5,50,2,True,50,8.4274,5.933,6.1987,13.367,68.675,23.629,50.31,10.97,35.76,2.96,21.2,4.62,15.07,1.25,0.0,0.0,616.3,60.94,69,13,2,2,1,15,10,2,10,3,0.0,0.0,9.33,30.29,0.0,0,3,13,0,0,0,0,133,,0.03
queue,batched k=16,,"{""batch_k"": 16}",batched,3,5,50,2,True,50,10.0273,4.9864,5.0095,13.338,102.453,33.634,38.57,16.69,39.22,5.53,19.34,8.37,19.66,2.77,1.02,0.0,746.6,62.05,76,8,2,6,0,23,15,0,15,0,0.0,0.0,15.5,89.97,0.0,0,7,12,0,0,0,0,147,,0.01
queue,batched k=16,,"{""batch_k"": 16}",batched,4,5,50,2,True,50,8.1553,6.131,6.466,13.535,57.626,22.281,51.99,11.49,34.04,2.47,21.2,4.69,13.88,1.01,0.0,0.0,614.8,62.83,62,7,2,2,1,13,10,1,10,0,0.0,0.0,11.08,47.12,0.0,0,1,9,0,0,0,0,125,,0.01
queue,batched k=16,,"{""batch_k"": 16}",batched,1,5,50,2,True,50,9.8643,5.0688,5.9247,11.088,65.072,21.35,49.59,10.08,25.99,14.34,24.46,4.97,12.82,7.07,0.0,0.0,628.7,53.11,63,6,2,1,1,11,9,0,9,0,0.0,0.0,15.1,90.27,0.0,0,1,8,0,0,0,0,123,,0.01
queue,batched k=16,,"{""batch_k"": 16}",batched,7,5,50,2,True,50,7.5255,6.6441,7.1468,11.74,56.567,20.64,47.72,9.3,36.41,6.57,17.96,3.5,13.7,2.47,1.4,0.0,604.0,66.88,64,7,2,1,0,12,8,1,8,0,0.0,0.0,7.92,31.92,0.0,0,3,8,0,0,0,0,124,,0.01
main,batched-aimd,,{},batched-aimd,4,5,50,2,True,50,7.9484,6.2906,6.3495,11.582,64.756,20.87,53.35,9.14,34.62,2.89,21.2,3.63,13.76,1.15,0.0,0.0,643.0,67.41,66,7,2,1,0,12,10,0,10,0,0.0,0.0,8.31,45.51,0.0,0,2,7,0,0,0,0,127,,0.08
queue,batched k=16,,"{""batch_k"": 16}",batched,2,5,50,2,True,50,8.4401,5.9241,6.4529,10.575,44.921,17.165,55.22,10.8,23.09,10.89,23.3,4.56,9.74,4.59,0.0,0.0,529.6,52.29,51,0,2,1,0,3,3,0,3,0,0.0,0.0,8.47,47.67,0.0,0,0,0,0,0,0,0,105,,0.02
main,batched+place,,{},batched+place,7,5,50,2,True,50,7.3291,6.8221,7.0637,12.608,55.985,19.878,49.0,12.89,32.31,5.8,17.96,4.73,11.84,2.12,0.0,0.0,540.3,61.43,56,6,2,3,0,9,9,0,9,6,0.0,0.0,7.57,26.48,0.0,0,0,6,0,0,0,0,118,,0.04
main,batched+place,,{},batched+place,2,5,50,2,True,50,7.7759,6.4301,6.8225,11.103,49.616,17.598,59.93,10.97,26.74,2.35,23.3,4.27,10.4,0.91,0.0,0.0,568.1,60.88,57,3,2,1,0,6,3,3,3,8,0.0,0.0,7.69,36.3,0.0,0,0,3,0,0,0,0,114,,0.05
queue,batched-par k=4,,"{""batch_k"": 4}",batched-par,2,5,50,2,True,50,8.6698,5.7672,6.181,10.762,48.069,18.524,53.75,12.12,23.49,10.64,23.3,5.26,10.18,4.61,0.0,0.0,562.5,54.07,55,1,2,1,0,5,3,2,3,0,0.0,0.0,8.69,50.45,0.0,0,0,1,0,0,0,0,111,,0.01
queue,batched-par k=4,,"{""batch_k"": 4}",batched-par,3,5,50,2,True,50,10.2656,4.8707,5.7313,15.143,79.603,29.867,37.67,17.52,30.97,13.83,19.34,8.99,15.89,7.1,0.0,0.0,667.9,54.22,69,6,2,5,0,20,14,1,14,0,0.0,0.0,14.19,82.5,0.0,0,5,7,0,0,0,0,139,,0.01
queue,batched-par k=4,,"{""batch_k"": 4}",batched-par,0,5,50,2,True,50,9.3098,5.3707,5.8004,10.79,77.461,23.96,48.04,15.96,26.94,9.07,22.36,7.43,12.54,4.22,0.0,0.0,643.8,57.62,65,3,2,1,2,14,12,0,12,0,0.0,0.0,8.66,34.42,0.0,0,2,4,0,0,0,0,128,,0.02
queue,batched-par k=4,,"{""batch_k"": 4}",batched-par,4,5,50,2,True,50,8.2215,6.0816,6.0297,11.686,71.577,22.704,51.57,10.33,35.7,2.4,21.2,4.24,14.68,0.99,0.0,0.0,673.0,68.22,66,3,2,1,1,14,10,1,10,0,0.0,0.0,8.74,49.91,0.0,0,3,5,0,0,0,0,128,,0.01
queue,batched-par k=4,,"{""batch_k"": 4}",batched-par,5,5,50,2,True,50,9.3102,5.3705,5.853,11.792,49.934,25.627,44.05,20.53,25.34,10.07,20.51,9.56,11.8,4.69,0.0,0.0,591.4,52.94,60,5,2,6,2,10,9,1,9,0,0.0,0.0,9.43,40.54,0.0,0,0,5,0,0,0,0,126,,0.01
queue,batched-par k=4,,"{""batch_k"": 4}",batched-par,6,5,50,2,True,50,9.2261,5.4194,6.2805,11.017,70.451,22.008,47.92,15.45,24.31,12.32,22.11,7.13,11.21,5.68,0.0,0.0,607.9,54.9,62,3,2,1,1,11,10,1,10,0,0.0,0.0,9.89,63.12,0.0,0,0,3,0,0,0,0,124,,0.01
queue,batched-par k=4,,"{""batch_k"": 4}",batched-par,7,5,50,2,True,50,6.9112,7.2346,7.2227,12.926,47.907,18.566,51.96,8.6,36.17,3.27,17.96,2.97,12.5,1.13,0.0,0.0,566.4,68.3,58,4,2,0,0,10,8,1,8,0,0.0,0.0,7.13,32.61,0.0,0,1,4,0,0,0,0,117,,0.01
queue,batched-par k=4,,"{""batch_k"": 4}",batched-par,9,5,50,2,True,50,9.1549,5.4615,5.5396,10.87,51.683,20.498,56.65,13.86,23.45,6.03,25.93,6.35,10.74,2.76,0.0,0.0,527.6,48.03,53,1,2,4,0,6,5,1,5,0,0.0,0.0,9.06,34.35,0.0,0,0,1,0,0,0,0,113,,0.01
queue,batched k=16,,"{""batch_k"": 16}",batched,6,5,50,2,True,50,9.5055,5.2601,5.8915,12.588,74.405,23.945,46.51,14.46,27.52,11.5,22.11,6.87,13.08,5.47,0.0,0.0,632.2,55.42,64,4,2,2,1,13,10,0,10,0,0.0,0.0,9.68,57.99,0.0,0,3,4,0,0,0,0,126,,0.06
main,batched-aimd,,{},batched-aimd,1,5,50,2,True,50,10.2565,4.875,5.7616,11.487,73.196,22.476,47.7,11.29,25.24,15.78,24.46,5.79,12.94,8.09,2.45,0.0,645.2,52.42,66,7,2,2,0,12,9,1,9,0,0.0,0.0,17.26,107.91,0.0,0,1,8,0,0,0,0,128,,0.13
main,serial,,{},serial,0,5,50,2,True,50,11.7077,4.2707,4.2644,24.78,97.404,39.592,38.2,18.34,38.02,5.44,22.36,10.74,22.26,3.18,0.0,0.0,638.9,45.47,63,0,1,1,1,13,12,1,12,0,0.0,0.0,10.19,66.57,0.0,0,0,0,0,0,0,0,127,,0.01
queue,batched k=16,,"{""batch_k"": 16}",batched,9,5,50,2,True,50,8.9784,5.5689,5.6732,10.897,57.886,19.265,57.77,12.35,23.41,6.47,25.93,5.54,10.51,2.91,0.0,0.0,537.0,49.84,56,4,2,5,0,5,5,0,5,0,0.0,0.0,9.61,39.0,0.0,0,0,4,0,0,0,0,116,,0.06
queue,batched k=16,,"{""batch_k"": 16}",batched,8,5,50,2,True,50,8.9668,5.5761,5.3948,11.615,73.737,23.969,52.47,17.45,27.1,2.98,23.52,7.82,12.15,1.34,0.0,0.0,613.2,56.99,61,5,2,3,0,10,9,0,9,0,0.0,0.0,9.63,47.63,0.0,0,1,5,0,0,0,0,123,,0.06
main,serial,,{},serial,2,5,50,2,True,50,9.943,5.0287,5.3718,19.794,53.077,26.197,46.87,9.17,34.74,9.22,23.3,4.56,17.27,4.58,0.0,0.0,531.1,44.51,53,0,1,1,0,3,3,0,3,0,0.0,0.0,7.84,53.94,0.0,0,0,0,0,0,0,0,107,,0.01
main,serial,,{},serial,4,5,50,2,True,50,10.4792,4.7713,4.841,27.884,80.635,35.583,40.46,10.1,46.5,2.95,21.2,5.29,24.36,1.54,0.0,0.0,605.1,48.11,61,0,1,2,1,11,10,1,10,0,0.0,0.0,7.23,29.58,0.0,0,0,0,0,0,0,0,124,,0.01
main,serial,,{},serial,6,5,50,2,True,50,11.934,4.1897,4.5551,30.459,91.832,37.769,37.05,11.0,41.74,10.21,22.11,6.57,24.91,6.09,0.0,0.0,637.9,44.54,62,0,1,0,1,12,10,2,10,0,0.0,0.0,10.1,65.08,0.0,0,0,0,0,0,0,0,124,,0.01
main,serial,,{},serial,7,5,50,2,True,50,10.3233,4.8434,5.0787,33.682,77.205,38.146,34.79,5.21,56.38,3.63,17.96,2.69,29.1,1.87,0.0,0.0,593.6,47.91,58,0,1,0,0,8,8,0,8,0,0.0,0.0,6.99,25.41,0.0,0,0,0,0,0,0,0,116,,0.01
queue,batched k=16,,"{""batch_k"": 16}",batched,0,5,50,2,True,50,10.1548,4.9238,5.0646,12.012,76.102,29.029,44.04,14.63,33.01,8.31,22.36,7.43,16.76,4.22,0.0,0.0,713.5,58.55,73,8,2,1,2,18,12,0,12,0,0.0,0.0,12.16,64.04,0.0,0,6,11,0,0,0,0,136,,0.1
main,serial,,{},serial,8,5,50,2,True,50,10.7004,4.6727,4.7389,23.862,77.09,33.224,43.97,12.28,39.47,4.28,23.52,6.57,21.12,2.29,0.0,0.0,613.1,47.75,59,0,1,4,0,9,9,0,9,0,0.0,0.0,7.18,22.88,0.0,0,0,0,0,0,0,0,122,,0.01
main,serial,,{},serial,1,5,50,2,True,50,11.9949,4.1685,4.8672,24.627,74.691,33.335,40.78,7.09,39.23,12.9,24.46,4.25,23.53,7.74,0.0,0.0,633.6,44.02,62,0,1,0,0,12,9,3,9,0,0.0,0.0,12.45,91.59,0.0,0,0,0,0,0,0,0,124,,0.03
main,beanstalk,,{},beanstalk,1,5,50,2,True,50,7.58,6.5963,9.6312,46.023,116.563,49.485,64.54,14.15,0.49,20.82,24.46,5.36,0.19,7.89,0.0,0.24,552.8,60.78,54,0,2,2,1,36,9,0,9,3,60.78,42.64,40.66,125.18,24.4,2,0,0,2,2,7,52,176,,0.01
main,beanstalk,,{},beanstalk,2,5,50,2,True,50,6.0167,8.3102,8.4976,14.021,76.591,27.464,77.46,11.29,0.56,10.7,23.3,3.4,0.17,3.22,0.0,0.38,531.3,73.58,53,0,2,2,0,20,3,0,3,6,64.69,51.4,18.22,88.04,18.2,2,0,0,3,3,1,50,163,,0.01
main,serial,,{},serial,5,5,50,2,True,50,10.8436,4.611,4.8165,24.39,71.325,37.263,37.82,16.63,40.64,4.91,20.51,9.02,22.04,2.66,0.0,0.0,604.2,46.43,60,0,1,5,2,10,9,1,9,0,0.0,0.0,7.21,22.39,0.0,0,0,0,0,0,0,0,125,,0.03
main,batched+place,,{},batched+place,1,5,50,2,True,50,9.7457,5.1305,6.0917,10.667,60.816,20.728,50.2,11.0,24.44,14.36,24.46,5.36,11.91,7.0,0.0,0.0,614.9,52.58,65,7,2,2,1,10,9,0,9,3,0.0,0.0,11.78,69.46,0.0,0,1,7,0,0,0,0,126,,0.15
main,beanstalk,,{},beanstalk,5,5,50,2,True,50,9.7629,5.1214,4.5354,57.466,374.533,127.953,42.01,17.3,0.4,40.29,20.51,8.45,0.19,19.67,0.0,17.82,501.5,42.8,50,0,2,3,1,38,9,0,9,4,339.28,67.98,136.65,382.0,299.1,2,0,0,2,2,8,48,174,,0.01
main,beanstalk,,{},beanstalk,6,5,50,2,True,50,7.0007,7.1421,8.234,62.14,89.004,56.111,63.15,19.55,0.54,16.76,22.11,6.84,0.19,5.87,0.0,1.46,534.4,63.61,53,0,2,1,2,42,10,1,10,9,77.37,51.15,38.44,106.51,95.8,3,0,0,1,1,10,52,176,,0.01
queue,batched-par k=4,,"{""batch_k"": 4}",batched-par,1,5,50,2,True,50,9.9423,5.029,5.8503,11.638,62.404,21.231,49.2,10.87,24.72,15.21,24.46,5.4,12.29,7.56,0.0,0.0,618.6,51.85,63,4,2,2,0,11,9,0,9,0,0.0,0.0,15.08,98.17,0.0,0,2,4,0,0,0,0,124,,0.1
main,beanstalk,,{},beanstalk,4,5,50,2,True,50,5.4428,9.1864,9.7106,59.353,109.306,57.317,77.9,11.6,0.68,9.82,21.2,3.16,0.18,2.67,0.0,1.3,543.1,83.15,55,0,2,0,2,41,10,0,10,4,61.31,39.91,44.5,117.89,44.4,3,0,0,4,5,6,50,175,,0.02
main,beanstalk,,{},beanstalk,8,5,50,2,True,50,6.7127,7.4485,8.6613,20.792,91.045,34.372,70.09,10.38,0.56,18.97,23.52,3.48,0.19,6.37,0.0,0.04,504.0,62.56,50,0,2,1,0,24,9,0,9,6,46.81,37.83,23.16,95.6,3.4,3,0,0,4,4,5,46,170,,0.01
main,beanstalk,,{},beanstalk,9,5,50,2,True,50,6.7666,7.3892,8.7317,16.069,85.187,32.759,76.65,7.7,0.51,15.14,25.93,2.6,0.17,5.12,0.0,0.74,462.0,56.9,47,0,2,1,0,23,5,0,5,3,73.84,39.6,27.52,101.37,38.1,1,0,0,0,0,5,47,159,,0.01
main,beanstalk,,{},beanstalk,7,5,50,2,True,50,5.0629,9.8759,8.9388,44.718,139.723,52.476,70.93,14.06,0.72,14.29,17.96,3.56,0.18,3.62,0.0,0.38,467.4,76.94,47,0,2,1,1,33,8,1,8,7,56.65,38.11,41.39,140.18,20.5,2,0,0,1,1,8,46,166,,0.01
main,batched k=4,,{},batched,2,5,50,2,True,50,8.4401,5.9241,6.4529,10.575,44.921,17.165,55.22,10.8,23.09,10.89,23.3,4.56,9.74,4.59,0.0,0.0,529.6,52.29,51,0,2,1,0,3,3,0,3,0,0.0,0.0,8.47,47.67,0.0,0,0,0,0,0,0,0,105,,0.22
main,beanstalk-noplace,,{},beanstalk-noplace,2,5,50,2,True,50,6.7744,7.3807,8.2544,12.686,95.893,28.56,68.79,13.46,0.49,17.25,23.3,4.56,0.17,5.84,0.0,0.18,549.3,67.57,55,0,2,1,0,13,3,0,3,0,52.15,48.79,18.55,95.66,12.1,2,0,0,4,4,1,51,163,,0.01
main,beanstalk-noplace,,{},beanstalk-noplace,4,5,50,2,True,50,6.1313,8.1548,7.9636,55.212,168.013,65.771,69.16,17.89,0.64,12.32,21.2,5.49,0.19,3.78,0.0,1.86,542.7,73.76,55,0,2,3,2,37,10,0,10,0,77.27,41.54,47.55,168.47,50.5,3,0,0,4,4,6,51,181,,0.01
main,beanstalk-noplace,,{},beanstalk-noplace,5,5,50,2,True,50,9.9211,5.0398,5.7347,38.165,216.576,57.552,41.34,30.06,0.41,28.19,20.51,14.91,0.2,13.99,0.0,0.0,531.3,44.63,53,0,2,6,2,30,9,0,9,0,139.58,46.35,43.3,179.57,2.9,2,0,0,1,1,8,52,183,,0.01
main,beanstalk-noplace,,{},beanstalk-noplace,6,5,50,2,True,50,7.7968,6.4129,5.7056,79.778,159.456,80.308,56.71,17.97,0.49,24.84,22.11,7.0,0.19,9.68,1.14,7.39,552.5,59.05,55,0,2,1,2,44,10,0,10,0,117.65,58.47,57.08,167.46,162.4,3,0,0,1,1,9,54,177,,0.01
main,beanstalk-noplace,,{},beanstalk-noplace,7,5,50,2,True,50,4.8178,10.3781,15.4339,52.972,94.667,51.222,74.54,11.17,0.75,13.55,17.96,2.69,0.18,3.26,0.0,0.48,450.1,77.85,46,0,2,0,0,36,8,0,8,0,58.53,37.51,35.14,99.34,15.6,2,0,0,1,1,7,45,162,,0.01
main,beanstalk,,{},beanstalk,0,5,50,2,True,50,8.6255,5.7968,4.8853,105.201,336.496,141.076,51.85,23.42,0.45,24.28,22.36,10.1,0.2,10.47,0.0,6.71,598.4,57.82,60,0,2,2,1,43,12,0,12,6,79.28,55.56,129.94,352.59,143.7,3,0,0,5,5,7,55,188,,0.06
main,batched-aimd,,{},batched-aimd,9,5,50,2,True,50,9.0089,5.5501,5.6586,10.993,55.63,19.599,57.57,12.31,23.95,6.17,25.93,5.54,10.79,2.78,0.0,0.0,542.1,50.15,55,3,2,5,0,5,5,0,5,0,0.0,0.0,9.51,36.07,0.0,0,0,4,0,0,0,0,115,,0.2
main,beanstalk-noplace,,{},beanstalk-noplace,3,5,50,2,True,50,7.678,6.5121,8.1979,69.482,208.774,87.242,50.37,28.46,0.57,20.59,19.34,10.93,0.22,7.91,0.0,0.06,601.5,65.28,59,0,2,7,0,45,15,0,15,0,52.65,37.43,63.99,204.66,16.6,3,0,0,4,4,11,55,203,,0.03
main,beanstalk,,{},beanstalk,3,5,50,2,True,50,6.0745,8.2312,8.4829,88.092,243.302,102.535,63.67,26.49,0.72,9.12,19.34,8.05,0.22,2.77,0.0,0.58,546.7,75.0,54,0,2,6,0,43,14,0,14,7,76.29,37.5,94.96,251.93,63.2,3,0,0,4,4,10,50,194,,0.06
main,beanstalk-noplace,,{},beanstalk-noplace,8,5,50,2,True,50,7.0834,7.0587,7.4834,28.869,100.829,42.164,66.42,22.09,0.54,10.95,23.52,7.82,0.19,3.88,0.0,0.04,563.9,66.34,57,0,2,3,0,30,9,0,9,0,48.58,38.0,23.66,93.15,7.5,2,0,0,5,5,5,52,181,,0.01
queue,batched k=1,,"{""batch_k"": 1}",batched,0,5,50,2,True,50,9.9592,5.0205,5.234,11.382,75.863,27.349,44.91,19.91,25.86,9.32,22.36,9.91,12.88,4.64,0.0,0.0,669.3,56.0,70,8,2,2,1,12,12,0,12,0,0.0,0.0,8.94,40.76,0.0,0,0,8,0,0,0,0,134,,0.01
queue,batched k=1,,"{""batch_k"": 1}",batched,1,5,50,2,True,50,9.9155,5.0426,6.0523,11.256,56.868,20.552,49.34,10.03,24.52,16.12,24.46,4.97,12.15,7.99,0.0,0.0,647.4,54.41,65,5,2,1,1,9,9,0,9,0,0.0,0.0,16.49,108.95,0.0,0,0,6,0,0,0,0,125,,0.02
main,serial,,{},serial,3,5,50,2,True,50,11.9643,4.1791,4.3236,34.502,107.322,44.509,32.33,14.52,47.48,5.67,19.34,8.69,28.4,3.39,0.0,0.0,679.3,47.31,66,0,1,5,0,16,15,1,15,0,0.0,0.0,9.05,40.18,0.0,0,0,0,0,0,0,0,137,,0.11
main,beanstalk-noplace,,{},beanstalk-noplace,9,5,50,2,True,50,6.6716,7.4944,10.8146,34.429,112.435,41.751,77.74,10.13,0.54,11.59,25.93,3.38,0.18,3.87,0.0,0.68,464.4,58.0,47,0,2,3,1,28,5,0,5,0,75.47,47.16,29.66,113.31,40.3,2,0,0,0,0,5,47,163,,0.04
queue,batched k=1,,"{""batch_k"": 1}",batched,5,5,50,2,True,50,9.2039,5.4325,5.7013,13.63,53.997,26.169,44.56,20.26,27.13,8.05,20.51,9.32,12.48,3.71,0.0,0.0,640.3,57.98,65,5,2,6,2,9,9,0,9,0,0.0,0.0,9.19,39.3,0.0,0,0,6,0,0,0,0,130,,0.01
queue,batched k=1,,"{""batch_k"": 1}",batched,6,5,50,2,True,50,10.4107,4.8027,6.0657,11.485,75.712,23.991,42.47,15.27,23.14,19.12,22.11,7.95,12.04,9.95,0.0,0.0,626.2,50.13,65,4,2,2,1,11,10,1,10,0,0.0,0.0,20.94,136.38,0.0,0,0,4,0,0,0,0,128,,0.01
queue,batched k=1,,"{""batch_k"": 1}",batched,2,5,50,2,True,50,8.5443,5.8518,6.333,10.908,50.785,18.462,54.54,11.79,24.22,9.45,23.3,5.04,10.35,4.04,0.0,0.0,586.5,57.2,58,4,2,1,0,4,3,1,3,0,0.0,0.0,7.67,33.98,0.0,0,0,4,0,0,0,0,113,,0.06
queue,batched k=1,,"{""batch_k"": 1}",batched,9,5,50,2,True,50,9.8417,5.0804,5.6017,10.873,76.661,22.493,52.7,13.99,24.1,9.21,25.93,6.88,11.86,4.53,0.0,0.0,613.2,51.92,63,4,2,5,0,7,5,2,5,0,0.0,0.0,9.64,38.17,0.0,0,0,6,0,0,0,0,125,,0.01
queue,batched-par k=1,,"{""batch_k"": 1}",batched-par,2,5,50,2,True,50,8.7674,5.7029,6.0991,10.937,46.16,18.91,53.16,12.25,23.7,10.9,23.3,5.37,10.39,4.78,0.0,0.0,584.5,55.56,57,1,2,1,0,6,3,3,3,0,0.0,0.0,8.83,49.95,0.0,0,0,1,0,0,0,0,114,,0.01
queue,batched k=1,,"{""batch_k"": 1}",batched,4,5,50,2,True,50,8.8568,5.6454,6.4895,12.224,57.615,22.44,47.87,10.42,31.8,9.9,21.2,4.62,14.08,4.38,0.0,0.0,676.4,63.64,71,7,2,1,0,13,10,3,10,0,0.0,0.0,9.88,55.09,0.0,0,0,8,0,0,0,0,135,,0.06
queue,batched-par k=1,,"{""batch_k"": 1}",batched-par,0,5,50,2,True,50,10.0065,4.9968,5.2144,11.64,78.24,26.454,44.69,19.2,24.87,11.24,22.36,9.6,12.44,5.63,0.0,0.0,661.3,55.07,67,3,2,1,0,13,12,1,12,0,0.0,0.0,12.06,76.31,0.0,0,0,4,0,0,0,0,131,,0.04
queue,batched-par k=1,,"{""batch_k"": 1}",batched-par,4,5,50,2,True,50,7.8304,6.3854,6.4086,11.832,61.7,20.5,54.15,12.57,31.07,2.22,21.2,4.92,12.16,0.87,0.0,0.0,636.1,67.69,63,2,2,1,1,11,10,1,10,0,0.0,0.0,7.21,28.0,0.0,0,0,2,0,0,0,0,125,,0.01
queue,batched-par k=1,,"{""batch_k"": 1}",batched-par,1,5,50,2,True,50,9.7253,5.1412,6.1551,11.029,51.601,19.375,50.3,10.22,22.98,16.49,24.46,4.97,11.17,8.02,0.0,0.0,600.7,51.48,62,3,2,1,1,9,9,0,9,0,0.0,0.0,15.29,104.85,0.0,0,0,3,0,0,0,0,122,,0.01
main,beanstalk-noplace,,{},beanstalk-noplace,1,5,50,2,True,50,8.3843,5.9636,7.84,32.708,90.563,39.497,58.35,16.47,0.46,24.72,24.46,6.9,0.19,10.36,0.85,0.83,537.2,53.4,54,0,2,3,1,31,9,0,9,0,69.55,46.1,32.46,115.2,28.6,3,0,0,2,2,7,52,178,,0.14
queue,batched-par k=4,,"{""batch_k"": 4}",batched-par,8,5,50,2,True,50,8.9659,5.5767,5.4421,11.601,64.546,23.311,52.48,18.32,25.01,4.19,23.52,8.21,11.21,1.88,0.0,0.0,580.8,53.99,59,3,2,3,0,10,9,1,9,0,0.0,0.0,9.72,56.56,0.0,0,0,3,0,0,0,0,122,,0.21
queue,batched-par k=1,,"{""batch_k"": 1}",batched-par,6,5,50,2,True,50,9.1465,5.4666,6.0905,11.686,72.896,22.275,48.34,15.03,25.56,11.07,22.11,6.87,11.69,5.06,0.0,0.0,613.0,55.85,65,5,2,2,1,10,10,0,10,0,0.0,0.0,10.43,61.43,0.0,0,0,5,0,0,0,0,127,,0.01
queue,batched k=16,,"{""batch_k"": 16}",batched,5,5,50,2,True,50,9.7795,5.1127,5.8751,11.19,73.104,29.424,41.94,19.07,31.08,7.92,20.51,9.32,15.2,3.87,1.47,0.0,669.5,57.05,67,7,2,6,2,13,9,0,9,0,0.0,0.0,10.94,52.46,0.0,0,4,8,0,0,0,0,132,,0.26
queue,batched-par k=1,,"{""batch_k"": 1}",batched-par,8,5,50,2,True,50,9.1469,5.4663,5.2984,10.888,88.704,24.546,51.44,19.71,25.02,3.84,23.52,9.01,11.44,1.75,0.0,0.0,616.8,56.2,62,2,2,3,0,10,9,1,9,0,0.0,0.0,9.05,51.26,0.0,0,0,2,0,0,0,0,125,,0.02
main,beanstalk-noplace,,{},beanstalk-noplace,0,5,50,2,True,50,8.2161,6.0856,6.8279,107.91,154.189,95.781,54.43,22.1,0.47,23.0,22.36,9.08,0.19,9.45,0.0,3.2,599.8,60.84,59,0,2,1,1,46,12,0,12,0,82.38,51.33,66.41,155.56,81.8,3,0,0,5,5,7,54,185,,0.17
queue,batched k=1,,"{""batch_k"": 1}",batched,3,5,50,2,True,50,9.1433,5.4685,5.7749,15.144,72.167,28.065,42.3,18.63,32.53,6.54,19.34,8.52,14.87,2.99,0.0,0.0,747.5,68.13,76,7,2,6,0,16,16,0,16,0,0.0,0.0,10.0,46.42,0.0,0,0,10,0,0,0,0,148,,0.1
main,serial,,{},serial,9,5,50,2,True,50,10.633,4.7023,4.7364,22.069,69.452,30.309,48.78,11.01,36.5,3.72,25.93,5.85,19.41,1.98,0.0,0.0,568.9,44.59,56,0,1,5,1,6,5,1,5,0,0.0,0.0,7.25,26.52,0.0,0,0,0,0,0,0,0,117,,0.2
queue,batched-par k=1,,"{""batch_k"": 1}",batched-par,9,5,50,2,True,50,9.2112,5.4282,5.4909,11.678,66.378,20.986,56.31,14.07,23.9,5.72,25.93,6.48,11.01,2.64,0.0,0.0,582.0,52.66,57,1,2,5,0,6,5,1,5,0,0.0,0.0,8.78,33.54,0.0,0,0,1,0,0,0,0,118,,0.03
queue,batched-par k=1,,"{""batch_k"": 1}",batched-par,7,5,50,2,True,50,7.0352,7.1072,7.0469,12.047,52.505,19.227,51.04,8.74,36.81,3.41,17.96,3.07,12.95,1.2,0.0,0.0,631.7,74.83,63,3,2,0,0,10,8,2,8,0,0.0,0.0,6.9,32.32,0.0,0,0,3,0,0,0,0,123,,0.04
queue,batched k=1,,"{""batch_k"": 1}",batched,8,5,50,2,True,50,10.2968,4.8559,5.4503,11.519,84.189,25.123,45.69,17.73,22.94,13.64,23.52,9.13,11.81,7.02,0.0,0.0,627.6,50.79,66,6,2,3,0,10,9,1,9,0,0.0,0.0,12.83,75.62,0.0,0,0,6,0,0,0,0,129,,0.03
queue,batched-par k=1,,"{""batch_k"": 1}",batched-par,5,5,50,2,True,50,9.1817,5.4456,5.7394,12.285,52.838,25.924,44.67,20.25,26.8,8.28,20.51,9.3,12.31,3.8,0.0,0.0,654.4,59.39,65,3,2,5,2,11,9,2,9,0,0.0,0.0,8.06,31.85,0.0,0,0,4,0,0,0,0,131,,0.05
queue,batched-par k=1,,"{""batch_k"": 1}",batched-par,3,5,50,2,True,50,9.9894,5.0053,5.9293,14.186,80.986,27.776,38.72,18.81,27.54,14.94,19.34,9.39,13.75,7.46,0.0,0.0,688.2,57.41,69,4,2,6,0,15,14,1,14,0,0.0,0.0,13.11,82.03,0.0,0,0,4,0,0,0,0,140,,0.08
queue,batched k=1,,"{""batch_k"": 1}",batched,7,5,50,2,True,50,7.5998,6.5792,7.0089,15.159,56.208,21.424,47.25,9.57,37.41,5.76,17.96,3.64,14.22,2.19,0.0,0.0,661.6,72.54,69,9,2,1,0,10,8,2,8,0,0.0,0.0,7.89,37.57,0.0,0,0,9,0,0,0,0,130,,0.12
