group,label,note,overrides,policy,seed,N,M,R,complete,green,makespan_h,green_per_h,steady_green_per_h,lat_p50_min,lat_p95_min,lat_mean_min,busy_pct,rework_pct,blocked_pct,idle_pct,busy_agent_h,rework_agent_h,blocked_agent_h,idle_agent_h,idle_placement_agent_h,idle_paused_agent_h,ci_min,ci_util_pct,ci_runs,ci_aborted,ci_max_busy,conflicts,dissolved,reds,culprits,false_blames,fixes,overlap_starts,max_red_age_min,mean_red_age_min,green_staleness_min,green_gap_max_min,paused_min,max_open_reds,bisect_rounds,cancelled_units,searches,search_runs,suspect_hits,val_runs,events,stop_reason,wall_s
main,batched-aimd,,{},batched-aimd,1,1000,10000,100,True,10000,1160.2385,8.6189,8.8174,6679.464,7260.072,6409.638,0.37,2.6,89.47,7.56,4296.05,30167.23,1038105.69,87669.51,8049.01,0.0,1261795.6,18.13,131174,46753,20,24557,5471,39734,4265,146,4265,0,0.0,0.0,18.18,944.75,0.0,0,1947,116287,0,0,0,0,170142,,4.15
main,batched-aimd,,{},batched-aimd,0,1000,10000,100,True,10000,1151.0713,8.6876,8.7246,6751.989,7298.442,6462.043,0.37,2.58,90.99,6.06,4294.16,29687.94,1047319.18,69770.01,7024.41,0.0,1265646.7,18.33,131626,46833,20,24436,5583,39552,4287,155,4287,0,0.0,0.0,12.72,375.33,0.0,0,1929,116730,0,0,0,0,170504,,4.23
main,batched-aimd,,{},batched-aimd,2,1000,10000,100,True,10000,1147.3229,8.7159,8.795,6714.167,7222.946,6432.528,0.37,2.65,90.79,6.18,4277.82,30427.09,1041660.93,70957.06,7334.69,0.0,1262117.6,18.33,131287,47035,20,24640,5500,39026,4240,148,4240,0,0.0,0.0,12.03,127.45,0.0,0,1972,116313,0,0,0,0,170315,,4.19
main,batched-aimd,,{},batched-aimd,3,1000,10000,100,True,10000,1144.3843,8.7383,8.8095,6757.989,7299.213,6422.933,0.37,2.6,90.95,6.09,4227.47,29703.48,1040785.3,69668.01,7692.32,0.0,1257616.2,18.32,130822,46074,20,24921,5771,39282,4233,141,4233,0,0.0,0.0,12.19,150.77,0.0,0,1968,115923,0,0,0,0,170117,,4.2
main,batched k=4,,{},batched,2,1000,10000,100,True,10000,2154.1279,4.6422,4.6847,12767.534,13482.837,12180.867,0.2,1.29,92.96,5.56,4277.82,27732.95,2002411.58,119705.57,12022.07,0.0,2394311.6,18.52,246030,104816,20,22771,5020,114275,4028,46,4028,0,0.0,0.0,23.53,452.79,0.0,0,8207,229104,0,0,0,0,282875,,12.72
main,batched k=4,,{},batched,4,1000,10000,100,True,10000,2157.1791,4.6357,4.6447,12883.019,14142.131,12197.388,0.2,1.27,92.97,5.56,4278.65,27473.14,2005424.89,120002.44,7987.38,0.0,2401553.4,18.55,246571,104351,20,22623,5224,115686,4039,37,4039,0,0.0,0.0,22.89,273.17,0.0,0,8245,229558,0,0,0,0,283270,,12.84
main,batched-aimd,,{},batched-aimd,4,1000,10000,100,True,10000,1146.3233,8.7235,8.7804,6750.787,7301.636,6435.211,0.37,2.66,90.9,6.06,4278.65,30508.83,1042026.37,69509.4,6234.74,0.0,1261009.2,18.33,131154,46622,20,24802,5579,39260,4213,155,4213,0,0.0,0.0,12.32,180.25,0.0,0,1984,116295,0,0,0,0,170324,,4.53
main,batched k=4,,{},batched,5,1000,10000,100,True,10000,2148.4769,4.6545,4.7154,12695.489,14046.983,12123.608,0.2,1.26,92.79,5.75,4283.64,27024.39,1993576.92,123591.94,11070.86,0.0,2383294.6,18.49,244762,103150,20,22523,5188,114355,4016,36,4016,0,0.0,0.0,23.79,652.87,0.0,0,8180,227849,0,0,0,0,281337,,12.9
main,batched-aimd,,{},batched-aimd,5,1000,10000,100,True,10000,1132.4362,8.8305,8.881,6666.642,7238.366,6391.438,0.38,2.58,91.49,5.56,4283.64,29229.69,1036010.01,62912.87,6250.42,0.0,1250940.5,18.41,130176,46732,20,23606,5505,38396,4201,149,4201,0,0.0,0.0,11.7,81.97,0.0,0,1958,115355,0,0,0,0,168132,,4.52
main,batched k=4,,{},batched,6,1000,10000,100,True,10000,2194.5046,4.5568,4.5499,12971.597,14308.965,12435.562,0.19,1.23,93.21,5.36,4231.65,27015.99,2045577.7,117679.21,10897.95,0.0,2438469.1,18.52,250500,107310,20,22293,5135,116606,4113,37,4113,0,0.0,0.0,23.32,401.74,0.0,0,8377,233305,0,0,0,0,286943,,13.04
main,batched k=4,,{},batched,3,1000,10000,100,True,10000,2138.7569,4.6756,4.6848,12629.436,13783.307,12076.375,0.2,1.26,92.84,5.69,4227.47,27040.12,1985689.08,121800.28,12164.98,0.0,2376004.9,18.52,244098,103613,20,23201,5314,112907,4000,41,4000,0,0.0,0.0,22.71,226.18,0.0,0,8174,227237,0,0,0,0,281340,,13.08
main,batched k=4,,{},batched,0,1000,10000,100,True,10000,2151.6479,4.6476,4.6215,12821.959,14054.922,12186.539,0.2,1.25,93.15,5.4,4294.16,26903.86,2004185.9,116264.03,11454.66,0.0,2391811.8,18.53,245451,103518,20,22783,5222,115589,4025,44,4025,0,0.0,0.0,22.48,298.57,0.0,0,8220,228473,0,0,0,0,282303,,13.1
main,batched k=4,,{},batched,8,1000,10000,100,True,10000,2153.7533,4.6431,4.6853,12733.094,14074.394,12183.296,0.2,1.29,92.99,5.52,4285.2,27694.32,2002854.93,118918.88,11030.53,0.0,2395911.9,18.54,245973,103664,20,22779,4976,115686,4038,31,4038,0,0.0,0.0,22.34,185.19,0.0,0,8230,229001,0,0,0,0,282821,,13.1
main,batched k=4,,{},batched,1,1000,10000,100,True,10000,2162.3832,4.6245,4.7071,12688.237,13929.483,12060.022,0.2,1.29,91.67,6.85,4296.05,27835.93,1982167.79,148083.39,14329.24,0.0,2388887.8,18.41,245442,104805,20,23127,5074,114722,4039,35,4039,0,0.0,0.0,24.72,826.2,0.0,0,8226,228445,0,0,0,0,282643,,13.13
main,batched k=4,,{},batched,7,1000,10000,100,True,10000,2137.5579,4.6782,4.6678,12796.75,13730.713,12087.027,0.2,1.29,92.95,5.56,4229.87,27561.35,1986943.14,118823.56,13623.28,0.0,2366894.5,18.45,242976,102081,20,23179,5010,113032,3991,42,3991,0,0.0,0.0,22.34,243.47,0.0,0,8129,226154,0,0,0,0,280188,,13.21
main,batched k=4,,{},batched,9,1000,10000,100,True,10000,2202.9584,4.5394,4.5171,13062.655,14173.566,12437.765,0.19,1.23,92.87,5.71,4248.69,27129.09,2045831.68,125748.93,10303.87,0.0,2442695.3,18.48,251024,107235,20,22522,4574,117526,4114,38,4114,0,0.0,0.0,23.56,617.16,0.0,0,8391,233707,0,0,0,0,287698,,13.26
main,batched-aimd,,{},batched-aimd,6,1000,10000,100,True,10000,1152.4228,8.6774,8.7466,6714.46,7282.037,6452.462,0.37,2.56,90.76,6.32,4231.65,29463.61,1045946.74,72780.82,5458.05,0.0,1264440.3,18.29,131420,47046,20,23763,5440,39321,4308,128,4308,0,0.0,0.0,13.04,336.93,0.0,0,1937,116609,0,0,0,0,169619,,4.94
main,batched-aimd,,{},batched-aimd,8,1000,10000,100,True,10000,1146.191,8.7245,8.7711,6764.279,7288.411,6463.791,0.37,2.63,91.36,5.64,4285.2,30163.15,1047135.39,64607.25,5661.72,0.0,1266119.3,18.41,131605,46360,20,24378,5383,39344,4274,150,4274,0,0.0,0.0,12.0,95.64,0.0,0,1946,116676,0,0,0,0,170407,,4.94
main,batched-aimd,,{},batched-aimd,9,1000,10000,100,True,10000,1179.0443,8.4814,8.6368,6847.57,7412.976,6516.025,0.36,2.51,89.6,7.53,4248.69,29594.05,1056410.09,88791.51,7843.95,0.0,1275193.5,18.03,132481,47358,20,23952,4943,39366,4330,166,4330,0,0.0,0.0,16.81,626.64,0.0,0,1941,117498,0,0,0,0,170929,,4.98
main,batched-aimd,,{},batched-aimd,7,1000,10000,100,True,10000,1152.4491,8.6772,8.697,6808.808,7272.801,6470.112,0.37,2.7,90.88,6.06,4229.87,31060.15,1047291.85,69867.28,6524.13,0.0,1267414.9,18.33,131769,47110,20,25160,5399,39398,4254,161,4254,0,0.0,0.0,12.36,202.14,0.0,0,1969,116810,0,0,0,0,171344,,5.06
main,batched+place,,{},batched+place,4,1000,10000,100,True,10000,2129.0591,4.6969,4.7181,12566.171,13682.808,12030.887,0.2,1.27,92.91,5.62,4278.65,26989.49,1978158.39,119632.57,12931.92,0.0,2372011.3,18.57,243721,103368,20,22488,5258,113311,3998,31,3998,9988,0.0,0.0,22.41,207.28,0.0,0,8124,226910,0,0,0,0,280238,,22.69
fair,beanstalk quarantine,,"{""green_mode"": ""quarantine""}",beanstalk,1,1000,10000,100,True,10000,985.4104,10.1481,10.2747,2437.469,10613.433,3904.955,0.44,4.55,0.03,94.98,4296.05,44867.72,287.76,935958.91,398.25,934465.65,160098.4,2.71,15918,0,100,32745,2697,3562,6421,57,6421,9806,6694.95,2235.24,41.19,755.98,58118.2,498,0,0,2156,3424,4531,12494,90115,,18.19
main,batched+place,,{},batched+place,2,1000,10000,100,True,10000,2153.5956,4.6434,4.6601,12805.249,13529.365,12157.286,0.2,1.27,92.82,5.72,4277.82,27284.77,1998929.5,123103.52,12507.0,0.0,2388978.5,18.49,245075,102674,20,22486,5003,115803,4023,31,4023,9983,0.0,0.0,23.47,469.57,0.0,0,8188,228232,0,0,0,0,281615,,23.18
main,batched+place,,{},batched+place,3,1000,10000,100,True,10000,2134.2755,4.6854,4.7293,12630.775,13908.732,12062.973,0.2,1.27,92.93,5.6,4227.47,27146.21,1983349.36,119552.44,10713.71,0.0,2372731.3,18.53,243794,103863,20,22973,5255,113492,4010,38,4010,9985,0.0,0.0,22.17,192.41,0.0,0,8161,226924,0,0,0,0,280815,,23.28
main,batched+place,,{},batched+place,5,1000,10000,100,True,10000,2152.7274,4.6453,4.6315,12889.838,13802.139,12212.942,0.2,1.24,93.31,5.25,4283.64,26759.06,2008731.29,112953.42,8526.09,0.0,2400249.2,18.58,246492,104384,20,22066,5254,115084,4035,41,4035,9986,0.0,0.0,22.48,163.15,0.0,0,8249,229507,0,0,0,0,282634,,23.28
main,batched+place,,{},batched+place,0,1000,10000,100,True,10000,2179.0267,4.5892,4.5897,12842.078,14497.585,12276.367,0.2,1.23,92.67,5.9,4294.16,26765.66,2019295.55,128671.33,13033.93,0.0,2405681.8,18.4,247048,103882,20,22523,5120,116613,4065,39,4065,9990,0.0,0.0,23.88,640.4,0.0,0,8276,230004,0,0,0,0,283675,,23.49
main,batched+place,,{},batched+place,7,1000,10000,100,True,10000,2135.3553,4.6831,4.6198,12868.05,13788.174,12083.745,0.2,1.27,93.05,5.49,4229.87,27103.98,1986853.6,117167.87,15762.16,0.0,2374441.8,18.53,244157,104453,20,22876,5004,112568,4001,44,4001,9988,0.0,0.0,22.49,274.58,0.0,0,8164,227308,0,0,0,0,281078,,23.28
main,batched+place,,{},batched+place,1,1000,10000,100,True,10000,2207.8465,4.5293,4.5347,12996.981,14275.52,12373.658,0.19,1.25,92.15,6.4,4296.05,27704.6,2034571.79,141274.1,14119.1,0.0,2429885.8,18.34,249531,105237,20,22723,5109,117133,4095,46,4095,9987,0.0,0.0,28.24,1284.74,0.0,0,8362,232294,0,0,0,0,286395,,23.56
main,batched+place,,{},batched+place,6,1000,10000,100,True,10000,2223.4999,4.4974,4.5189,13054.374,14247.376,12490.091,0.19,1.23,92.39,6.19,4231.65,27284.17,2054397.64,137586.45,10830.7,0.0,2458343.8,18.43,252482,106891,20,22282,5187,119079,4145,49,4145,9984,0.0,0.0,25.07,795.53,0.0,0,8455,235140,0,0,0,0,288958,,23.56
fair,beanstalk quarantine,,"{""green_mode"": ""quarantine""}",beanstalk,0,1000,10000,100,True,10000,759.8934,13.1597,15.9467,2252.321,9621.501,3572.953,0.57,6.01,0.04,93.39,4294.16,45670.64,293.32,709635.25,81.73,708636.98,163326.2,3.58,16251,0,100,33471,2784,3930,6556,66,6556,9824,6635.77,1998.33,33.56,699.88,45463.2,527,0,0,2179,3824,4622,12427,91488,,19.19
main,batched+place,,{},batched+place,8,1000,10000,100,True,10000,2153.0423,4.6446,4.721,12703.152,13807.247,12076.942,0.2,1.28,92.21,6.31,4285.2,27499.3,1985324.39,135933.37,15125.06,0.0,2384696.1,18.46,245161,104709,20,22599,5025,114512,4033,38,4033,9988,0.0,0.0,22.79,400.53,0.0,0,8230,228231,0,0,0,0,281831,,23.39
main,batched+place,,{},batched+place,9,1000,10000,100,True,10000,2211.5953,4.5216,4.5239,13167.526,14118.499,12460.434,0.19,1.22,92.68,5.91,4248.69,27006.73,2049732.23,130607.64,12472.83,0.0,2450729.6,18.47,251683,106716,20,22299,4627,118322,4102,60,4102,9984,0.0,0.0,25.21,740.0,0.0,0,8408,234427,0,0,0,0,288144,,23.68
fair,beanstalk quarantine,,"{""green_mode"": ""quarantine""}",beanstalk,7,1000,10000,100,True,10000,814.4101,12.2788,13.1624,2243.002,7686.108,3117.387,0.52,5.21,0.03,94.23,4229.87,42449.81,277.65,767452.82,323.1,765979.67,153325.2,3.14,15273,0,100,31327,2502,3566,6016,59,6016,9832,6044.46,1755.38,39.23,689.66,48321.7,443,0,0,1990,3162,4269,12111,87319,,20.47
fair,beanstalk quarantine,,"{""green_mode"": ""quarantine""}",beanstalk,5,1000,10000,100,True,10000,857.7914,11.6578,12.1225,2155.397,9221.036,3225.861,0.5,5.02,0.03,94.44,4283.64,43092.3,281.43,810134.01,184.65,808545.53,157377.5,3.06,15658,0,100,31295,2931,3501,6391,48,6391,9831,6621.47,1804.6,49.71,906.98,51068.9,482,0,0,2130,3371,4497,12287,87903,,21.28
fair,beanstalk quarantine,,"{""green_mode"": ""quarantine""}",beanstalk,4,1000,10000,100,True,10000,931.6303,10.7339,11.6437,2083.748,9691.164,3553.639,0.46,4.54,0.03,94.97,4278.65,42326.42,274.52,884750.75,166.29,884362.74,153081.4,2.74,15252,0,100,30581,2662,3567,6106,61,6106,9807,7020.27,2082.6,30.82,358.87,55567.2,456,0,0,2019,3054,4335,12198,85712,,21.93
fair,beanstalk quarantine,,"{""green_mode"": ""quarantine""}",beanstalk,9,1000,10000,100,True,10000,834.4953,11.9833,13.2592,2252.988,8683.516,3396.124,0.51,5.24,0.03,94.21,4248.69,43756.75,285.78,786204.12,193.25,785107.66,157358.7,3.14,15659,0,100,32071,2554,3386,6539,52,6539,9791,5881.99,1905.14,32.58,646.48,49291.1,525,0,0,2154,3142,4628,12517,89124,,22.11
fair,beanstalk quarantine,,"{""green_mode"": ""quarantine""}",beanstalk,2,1000,10000,100,True,10000,838.6264,11.9243,13.5955,2296.437,10411.351,3810.928,0.51,5.37,0.03,94.08,4277.82,45066.49,287.64,788994.43,121.29,787442.74,153612.1,3.05,15287,0,100,32962,2730,3234,6261,53,6261,9799,6909.9,2198.84,36.59,634.98,50203.6,496,0,0,2019,3091,4481,12196,89408,,24.74
fair,beanstalk no-budget,,"{""budget"": false}",beanstalk,1,1000,10000,100,True,10000,229.7662,43.5225,,11727.971,13766.74,11433.531,1.87,53.01,0.29,44.83,4296.05,121798.53,661.06,103010.59,2695.59,0.0,169811.3,12.32,16879,0,100,95185,3648,12992,7398,79,7398,9987,7709.48,467.73,6878.64,13771.61,0.0,479,0,0,2279,3885,5198,12994,166362,,24.28
fair,beanstalk no-budget,,"{""budget"": false}",beanstalk,0,1000,10000,100,True,10000,204.0392,49.0102,,10187.743,12222.992,9932.019,2.1,57.73,0.32,39.85,4294.16,117788.64,654.19,81302.22,2428.53,0.0,169340.6,13.83,16856,0,92,92765,3968,12971,7523,72,7523,9990,6621.29,461.57,6121.18,12242.35,0.0,502,0,0,2255,3884,5340,12972,162575,,25.84
fair,beanstalk quarantine,,"{""green_mode"": ""quarantine""}",beanstalk,3,1000,10000,100,True,10000,753.0834,13.2787,13.892,2126.755,10184.963,3528.478,0.56,6.03,0.04,93.37,4227.47,45397.41,300.92,703157.61,188.04,702157.9,155766.9,3.45,15488,0,100,34864,2982,3468,6425,54,6425,9849,6431.58,1979.15,34.78,673.91,44918.3,585,0,0,2196,3319,4458,12169,92154,,27.05
fair,beanstalk quarantine,,"{""green_mode"": ""quarantine""}",beanstalk,6,1000,10000,100,True,10000,621.9626,16.0781,18.4161,2289.423,8908.662,3220.67,0.68,7.51,0.05,91.77,4231.65,46679.65,298.28,570753.0,179.32,569391.22,153965.5,4.13,15350,0,100,34895,3137,2928,6746,72,6746,9823,6073.62,1705.45,26.52,440.78,36764.8,680,0,0,2304,3178,4707,12172,93465,,27.19
fair,beanstalk no-budget,,"{""budget"": false}",beanstalk,2,1000,10000,100,True,10000,284.4538,35.1551,,15113.513,17048.316,14830.973,1.5,41.4,0.23,56.87,4277.82,117769.74,651.51,161754.72,5399.37,0.0,166216.1,9.74,16549,0,98,92685,3961,12806,7238,76,7238,9983,6218.3,471.88,8521.42,17055.02,0.0,489,0,0,2154,3738,5160,12811,161949,,25.73
fair,beanstalk quarantine,,"{""green_mode"": ""quarantine""}",beanstalk,8,1000,10000,100,True,10000,696.4716,14.3581,15.5131,2783.041,9732.693,3604.36,0.62,6.58,0.04,92.76,4285.2,45832.06,298.68,646055.66,109.2,645239.54,154487.9,3.7,15385,0,100,34444,2815,3396,6417,57,6417,9830,6960.34,1920.16,37.69,564.17,41307.3,697,0,0,2178,3397,4489,11988,91596,,30.79
fair,beanstalk no-budget,,"{""budget"": false}",beanstalk,3,1000,10000,100,True,10000,224.8285,44.4783,,11471.284,13470.37,11180.612,1.88,53.76,0.3,44.06,4227.47,120860.82,675.2,99065.01,2107.81,0.0,173869.7,12.89,17305,0,88,96633,4156,13178,7696,79,7696,9985,6271.42,450.75,6731.7,13476.55,0.0,488,0,0,2354,4122,5421,13183,168322,,28.24
fair,beanstalk no-budget,,"{""budget"": false}",beanstalk,4,1000,10000,100,True,10000,235.7122,42.4246,,12182.035,14123.32,11876.086,1.82,49.44,0.27,48.47,4278.65,116543.26,638.23,114252.03,2931.63,0.0,166209.4,11.75,16533,0,100,91014,3862,12748,7203,73,7203,9988,6214.19,455.99,7056.2,14127.55,0.0,484,0,0,2187,3771,5090,12762,160123,,27.67
fair,beanstalk no-budget,,"{""budget"": false}",beanstalk,5,1000,10000,100,True,10000,224.8951,44.4652,,11424.694,13475.234,11171.931,1.9,52.55,0.29,45.25,4283.64,118189.99,653.99,101767.46,3008.12,0.0,172995.5,12.82,17202,0,93,92858,4514,13157,7712,84,7712,9986,7534.89,464.97,6736.0,13482.84,0.0,514,0,0,2342,4043,5454,13159,163488,,28.12
fair,beanstalk no-budget,,"{""budget"": false}",beanstalk,7,1000,10000,100,True,10000,251.7422,39.7232,,13101.166,15085.543,12818.948,1.68,46.73,0.26,51.33,4229.87,117627.94,656.55,129227.87,4078.91,0.0,163519.6,10.83,16291,0,92,93666,3675,12747,7266,67,7266,9988,6244.53,455.07,7552.27,15104.53,0.0,479,0,0,2094,3543,5239,12748,162783,,28.23
fair,beanstalk no-budget,,"{""budget"": false}",beanstalk,6,1000,10000,100,True,10000,211.4328,47.2963,,10685.609,12667.57,10390.268,2.0,56.78,0.32,40.91,4231.65,120045.55,667.33,86488.29,2816.68,0.0,173124.6,13.65,17231,0,95,95144,4151,13112,7794,78,7794,9984,6713.85,451.18,6329.12,12672.09,0.0,495,0,0,2407,4117,5465,13114,166821,,28.81
fair,beanstalk no-budget,,"{""budget"": false}",beanstalk,8,1000,10000,100,True,10000,222.6172,44.9202,,11431.671,13337.017,11130.495,1.92,52.89,0.29,44.89,4285.2,117752.4,637.74,99941.89,2117.48,0.0,163793.9,12.26,16289,0,97,91581,3661,12665,7045,68,7045,9988,6328.59,471.64,6665.68,13344.18,0.0,466,0,0,2133,3618,4980,12671,160808,,27.84
fair,beanstalk no-budget,,"{""budget"": false}",beanstalk,9,1000,10000,100,True,10000,237.7747,42.0566,,12335.446,14247.333,12069.983,1.79,47.96,0.27,49.98,4248.69,114030.54,652.78,118842.65,2505.04,0.0,168638.4,11.82,16770,0,100,91830,3853,12778,7448,91,7448,9984,6238.7,458.15,7122.04,14255.27,0.0,511,0,0,2248,3989,5291,12781,160432,,28.45
fair,beanstalk-noplace quarantine,,"{""green_mode"": ""quarantine""}",beanstalk-noplace,0,1000,10000,100,True,10000,782.9438,12.7723,14.681,2077.362,8440.842,3270.378,0.55,5.89,0.04,93.53,4294.16,46091.17,299.74,732258.7,191.22,731542.06,156945.4,3.34,15629,0,100,34293,2853,3627,6566,54,6566,0,6155.65,1792.47,34.08,443.15,46594.8,584,0,0,2136,3306,4667,12323,91791,,21.23
fair,beanstalk-noplace quarantine,,"{""green_mode"": ""quarantine""}",beanstalk-noplace,1,1000,10000,100,True,10000,836.7714,11.9507,12.9262,2507.282,10216.685,3824.457,0.51,5.58,0.04,93.87,4296.05,46696.87,300.93,785477.51,562.6,784169.35,158266.9,3.15,15749,0,100,34952,3011,3175,6509,67,6509,0,6672.98,2116.66,34.24,637.04,49872.7,529,0,0,2205,3336,4562,12413,93041,,20.71
fair,beanstalk-noplace quarantine,,"{""green_mode"": ""quarantine""}",beanstalk-noplace,2,1000,10000,100,True,10000,977.2653,10.2326,11.2296,2192.726,10083.98,3807.549,0.44,4.33,0.03,95.21,4277.82,42276.36,278.75,930432.36,105.45,929430.53,155788.0,2.66,15491,0,100,30959,2685,3957,6020,67,6020,0,6793.58,2279.73,35.44,545.42,58019.4,462,0,0,2036,3306,4200,12185,86076,,15.48
fair,beanstalk-noplace quarantine,,"{""green_mode"": ""quarantine""}",beanstalk-noplace,3,1000,10000,100,True,10000,702.4288,14.2363,17.0087,2112.644,9814.423,3453.876,0.6,6.7,0.04,92.65,4227.47,47086.22,308.25,650806.85,175.83,648589.99,155098.2,3.68,15437,0,100,36526,2955,3223,6365,70,6365,0,6563.01,1943.47,43.96,761.59,41399.7,548,0,0,2151,3423,4474,12014,94459,,19.23
fair,beanstalk-noplace quarantine,,"{""green_mode"": ""quarantine""}",beanstalk-noplace,4,1000,10000,100,True,10000,800.7174,12.4888,13.2142,2235.428,7844.323,2908.266,0.53,5.23,0.03,94.2,4278.65,41854.73,270.59,754313.4,156.76,753640.12,151873.4,3.16,15123,0,100,30290,2699,3727,6042,56,6042,0,5696.84,1596.28,34.02,400.89,47533.6,410,0,0,1960,3099,4314,12024,85822,,11.16
fair,beanstalk-noplace quarantine,,"{""green_mode"": ""quarantine""}",beanstalk-noplace,5,1000,10000,100,True,10000,606.2004,16.4962,23.5282,2666.667,8319.786,3354.312,0.71,8.45,0.06,90.78,4283.64,51249.67,333.96,550333.09,201.07,548960.49,153883.0,4.23,15292,0,100,39854,3567,2468,6934,57,6934,0,5673.81,1687.68,30.06,602.14,36046.0,739,0,0,2262,3346,4942,11946,99341,,23.7
fair,beanstalk-noplace quarantine,,"{""green_mode"": ""quarantine""}",beanstalk-noplace,6,1000,10000,100,True,10000,832.9496,12.0055,14.3965,2339.687,10113.514,3921.712,0.51,5.59,0.04,93.86,4231.65,46584.78,301.91,781831.28,268.04,780978.33,161646.0,3.23,16085,0,100,34617,3092,3178,6854,71,6854,0,6985.53,2098.81,34.12,432.02,49148.6,578,0,0,2364,3704,4757,12380,93095,,18.81
fair,beanstalk-noplace quarantine,,"{""green_mode"": ""quarantine""}",beanstalk-noplace,7,1000,10000,100,True,10000,717.3576,13.94,15.3486,2480.148,8040.066,3191.528,0.59,6.25,0.04,93.12,4229.87,44825.09,297.66,668004.98,355.7,666426.25,152231.4,3.54,15142,0,100,34384,2665,3108,6349,50,6349,0,5969.31,1752.39,47.56,877.81,42492.8,572,0,0,2101,3099,4486,12043,91887,,16.77
fair,beanstalk-noplace quarantine,,"{""green_mode"": ""quarantine""}",beanstalk-noplace,8,1000,10000,100,True,10000,847.6828,11.7969,13.0692,2407.261,9279.694,3672.241,0.51,5.22,0.03,94.24,4285.2,44283.65,282.61,798831.3,128.44,797599.87,155314.8,3.05,15456,0,100,32144,2715,2934,6276,67,6276,0,6143.89,2048.44,44.29,629.81,50368.3,487,0,0,2143,3241,4371,12215,88613,,18.37
qsem,beanstalk quarantine,,"{""green_mode"": ""quarantine"", ""q_sem"": 0.2}",beanstalk,0,100,1000,10,True,1000,1199.2349,0.8339,1.2052,5862.962,43487.798,11212.22,0.35,20.44,0.03,79.18,417.26,24512.46,32.77,94961.0,0.32,93351.46,94025.0,13.07,9344,0,10,2711,597,956,6385,45,6385,869,5086.64,1482.88,97.92,936.19,69757.6,277,0,0,2093,2271,4467,7073,29458,,4.03
qsem,beanstalk quarantine,,"{""green_mode"": ""quarantine"", ""q_sem"": 0.2}",beanstalk,1,100,1000,10,True,1000,1067.0971,0.9371,1.1592,4341.261,38339.435,9762.023,0.39,21.22,0.03,78.36,420.41,22641.15,28.9,83619.25,0.14,82857.72,86018.9,13.44,8560,0,10,2188,442,1081,5742,36,5742,873,5374.93,1413.67,41.49,699.49,63264.4,263,0,0,1870,2083,4030,6477,26327,,1.43
qsem,beanstalk quarantine,,"{""green_mode"": ""quarantine"", ""q_sem"": 0.2}",beanstalk,2,100,1000,10,True,1000,1194.201,0.8374,1.0322,4429.212,35300.973,9252.777,0.36,16.71,0.02,82.9,434.8,19958.24,26.03,99001.03,0.33,98928.61,79512.1,11.1,7914,0,10,1906,703,1081,5091,27,5091,874,4038.66,1501.59,36.09,398.57,71085.7,219,0,0,1662,1887,3567,6027,23812,,1.2
qsem,beanstalk quarantine,,"{""green_mode"": ""quarantine"", ""q_sem"": 0.2}",beanstalk,3,100,1000,10,True,1000,882.8286,1.1327,1.6152,4570.061,28422.209,7834.023,0.44,21.18,0.03,78.34,392.43,18698.01,28.46,69163.97,0.55,68163.54,75867.2,14.32,7539,0,10,2554,459,745,5083,26,5083,859,3667.59,1257.45,46.41,650.16,50883.0,247,0,0,1669,1878,3538,5661,24684,,1.37
qsem,beanstalk quarantine,,"{""green_mode"": ""quarantine"", ""q_sem"": 0.2}",beanstalk,4,100,1000,10,True,1000,902.6642,1.1078,1.3223,5688.453,33798.297,10076.028,0.48,25.25,0.04,74.23,436.73,22796.04,31.99,67001.66,0.33,66231.79,87401.4,16.14,8686,0,10,2866,591,924,5943,45,5943,860,4776.36,1416.77,43.77,563.01,52178.8,306,0,0,1907,2197,4201,6489,28209,,3.37
qsem,beanstalk quarantine,,"{""green_mode"": ""quarantine"", ""q_sem"": 0.2}",beanstalk,5,100,1000,10,True,1000,893.9963,1.1186,1.2718,7307.548,33138.117,10507.103,0.48,23.71,0.03,75.78,431.22,21193.33,29.46,67745.63,25.24,67442.46,77679.3,14.48,7733,0,10,2744,409,938,5282,34,5282,869,4790.28,1633.14,57.59,1240.8,52178.4,326,0,0,1642,1864,3757,5869,25659,,1.6
qsem,beanstalk quarantine,,"{""green_mode"": ""quarantine"", ""q_sem"": 0.2}",beanstalk,6,100,1000,10,True,1000,1166.2103,0.8575,0.9064,3554.929,16940.847,5462.527,0.36,15.0,0.02,84.61,425.13,17497.07,23.57,98675.25,0.33,98017.49,69709.5,9.96,6957,0,10,1812,480,964,4439,33,4439,872,2981.99,990.03,43.45,505.34,68294.9,208,0,0,1402,1613,3153,5344,21366,,0.94
qsem,beanstalk quarantine,,"{""green_mode"": ""quarantine"", ""q_sem"": 0.2}",beanstalk,7,100,1000,10,True,1000,971.0426,1.0298,1.2284,4554.009,27202.213,8039.994,0.44,19.93,0.03,79.6,425.68,19356.4,26.56,77295.63,0.43,77190.33,74936.0,12.86,7465,0,10,2241,624,1082,4929,33,4929,853,4497.02,1329.86,44.47,734.22,57807.4,221,0,0,1567,1727,3496,5738,23703,,1.28
qsem,beanstalk quarantine,,"{""green_mode"": ""quarantine"", ""q_sem"": 0.2}",beanstalk,8,100,1000,10,True,1000,910.2914,1.0985,1.285,5968.415,34898.487,10479.098,0.45,21.58,0.03,77.94,411.47,19643.34,29.51,70944.82,0.18,70468.07,77080.0,14.11,7675,0,10,2759,283,964,5220,40,5220,877,5181.55,1643.94,38.04,524.21,53781.0,324,0,0,1654,1821,3693,5854,25506,,1.53
qsem,beanstalk quarantine,,"{""green_mode"": ""quarantine"", ""q_sem"": 0.2}",beanstalk,9,100,1000,10,True,1000,1046.8143,0.9553,1.1306,4760.017,34209.621,9047.619,0.41,16.99,0.02,82.57,433.66,17783.88,23.63,86440.26,0.42,85570.65,71731.8,11.42,7139,0,10,1629,366,987,4639,36,4639,880,4397.19,1595.27,53.83,1332.52,62000.0,210,0,0,1492,1677,3276,5462,21590,,2.02
fair,beanstalk quarantine no-budget,,"{""budget"": false, ""green_mode"": ""quarantine""}",beanstalk,1,1000,10000,100,True,10000,723.9071,13.8139,14.0017,15311.256,37546.572,18962.81,0.59,11.28,0.07,88.06,4296.05,81677.51,477.1,637456.41,2727.54,0.0,171304.8,3.94,17046,0,100,62210,2734,6730,5930,78,5930,9987,31027.63,10838.95,41.83,819.51,0.0,1045,0,0,1957,4115,4193,12931,121974,,132.98
fair,beanstalk-noplace quarantine,,"{""green_mode"": ""quarantine""}",beanstalk-noplace,9,1000,10000,100,True,10000,751.1685,13.3126,16.2755,2415.496,9524.6,3687.114,0.57,6.21,0.04,93.18,4248.69,46642.04,309.59,699968.19,166.48,699006.38,159121.3,3.53,15833,0,100,35712,2734,3198,6629,63,6629,0,6896.33,2017.85,48.7,777.22,44825.9,687,0,0,2111,3731,4755,12102,93614,,26.88
main,batched k=4,,{},batched,0,500,5000,50,True,5000,1076.2945,4.6456,4.668,6415.255,7059.718,6075.752,0.4,2.54,91.54,5.52,2143.14,13671.17,492641.47,29691.48,2865.6,0.0,1186551.6,36.75,121935,51773,20,11080,2272,57124,2017,18,2017,0,0.0,0.0,22.17,194.06,0.0,0,4103,113470,0,0,0,0,140050,,14.38
main,batched k=4,,{},batched,1,500,5000,50,True,5000,1058.2182,4.7249,4.7437,6228.697,7135.981,5966.13,0.4,2.48,91.49,5.64,2108.89,13115.43,484062.09,29822.7,2997.02,0.0,1170609.8,36.87,120137,50766,20,10721,2146,56954,1985,11,1985,0,0.0,0.0,22.03,200.89,0.0,0,4020,111777,0,0,0,0,137854,,12.09
fair,beanstalk quarantine no-budget,,"{""budget"": false, ""green_mode"": ""quarantine""}",beanstalk,2,1000,10000,100,True,10000,857.2066,11.6658,12.3853,14772.3,42436.291,20242.686,0.5,9.07,0.05,90.38,4277.82,77708.42,468.98,774751.39,3687.46,0.0,164810.0,3.2,16381,0,100,59922,2705,4863,5768,67,5768,9983,32755.54,12076.17,72.62,1387.35,0.0,909,0,0,1945,3587,4066,12794,117538,,144.67
main,batched k=4,,{},batched,2,500,5000,50,True,5000,1079.6374,4.6312,4.5692,6443.793,7105.684,6096.171,0.39,2.5,91.61,5.5,2128.39,13512.96,494501.31,29676.04,2557.48,0.0,1196066.8,36.93,123007,53244,20,11008,2188,56507,2024,20,2024,0,0.0,0.0,22.3,180.09,0.0,0,4119,114491,0,0,0,0,141059,,12.1
fair,beanstalk quarantine no-budget,,"{""budget"": false, ""green_mode"": ""quarantine""}",beanstalk,3,1000,10000,100,True,10000,348.8253,28.6676,61.3559,4623.545,13958.688,5735.915,1.21,28.83,0.17,69.78,4227.47,100573.92,602.61,243421.26,1038.42,0.0,155810.3,7.44,15473,0,100,81981,3931,2122,6960,68,6960,9985,6706.44,2337.72,31.61,374.78,0.0,2383,0,0,2317,3320,4900,12153,147239,,149.57
main,batched k=4,,{},batched,3,500,5000,50,True,5000,1113.6114,4.4899,4.486,6593.463,7451.71,6302.854,0.38,2.43,91.9,5.28,2143.65,13539.89,511697.94,29424.24,2527.24,0.0,1231787.6,36.87,126471,53310,20,10869,2230,59951,2090,14,2090,0,0.0,0.0,22.56,187.0,0.0,0,4251,117741,0,0,0,0,144444,,11.03
main,batched k=4,,{},batched,4,500,5000,50,True,5000,1069.4342,4.6754,4.7004,6415.666,7163.577,5999.79,0.4,2.51,91.0,6.1,2138.8,13400.69,486581.81,32595.81,2521.29,0.0,1182537.7,36.86,121288,51103,20,10781,2055,56702,1997,15,1997,0,0.0,0.0,22.99,219.17,0.0,0,4058,112897,0,0,0,0,139081,,11.62
main,batched k=4,,{},batched,5,500,5000,50,True,5000,1085.1894,4.6075,4.6889,6303.172,7292.702,6119.497,0.38,2.37,91.61,5.63,2084.71,12874.46,497083.63,30551.89,2407.98,0.0,1196249.3,36.74,122824,52266,20,10653,2065,57231,2012,23,2012,0,0.0,0.0,23.13,368.42,0.0,0,4115,114328,0,0,0,0,140512,,11.78
main,batched k=4,,{},batched,6,500,5000,50,True,5000,1120.5601,4.4621,4.442,6632.541,7360.28,6316.611,0.38,2.35,91.6,5.67,2135.17,13173.19,513211.03,31760.64,3218.59,0.0,1239773.7,36.88,127193,53618,20,10088,2205,59958,2100,21,2100,0,0.0,0.0,23.05,144.42,0.0,0,4269,118439,0,0,0,0,144402,,12.41
fair,beanstalk quarantine no-budget,,"{""budget"": false, ""green_mode"": ""quarantine""}",beanstalk,5,1000,10000,100,True,10000,705.8742,14.1668,16.3265,14737.938,33402.293,17676.125,0.61,11.35,0.07,87.97,4283.64,80133.18,481.77,620975.56,2590.79,0.0,170109.6,4.02,16929,0,100,61526,2890,3926,6219,64,6219,9986,27332.93,9981.92,37.74,731.1,0.0,1150,0,0,2088,3908,4366,13021,120600,,153.93
main,batched-aimd,,{},batched-aimd,0,500,5000,50,True,5000,578.2515,8.6468,8.8259,3298.068,3776.823,3191.644,0.74,5.06,86.93,7.27,2143.14,14638.81,251331.49,21012.3,1742.4,0.0,626093.8,36.09,65204,23183,20,11359,2366,19434,2114,75,2114,0,0.0,0.0,15.23,508.46,0.0,0,968,57723,0,0,0,0,83752,,8.6
main,batched-aimd,,{},batched-aimd,1,500,5000,50,True,5000,561.0466,8.9119,8.966,3267.907,3706.134,3124.468,0.75,4.96,87.86,6.43,2108.89,13901.29,246471.02,18042.11,1485.06,0.0,610442.6,36.27,63428,22224,20,10847,2204,18821,2056,66,2056,0,0.0,0.0,11.86,161.39,0.0,0,961,56107,0,0,0,0,81397,,14.89
main,batched-aimd,,{},batched-aimd,2,500,5000,50,True,5000,572.1548,8.7389,8.8312,3276.129,3725.289,3152.962,0.74,5.04,86.81,7.41,2128.39,14413.09,248333.71,21202.23,1649.6,0.0,617897.6,36.0,64292,22823,20,11674,2353,19436,2088,72,2088,0,0.0,0.0,14.3,400.05,0.0,0,956,56932,0,0,0,0,83126,,14.31
fair,beanstalk quarantine no-budget,,"{""budget"": false, ""green_mode"": ""quarantine""}",beanstalk,4,1000,10000,100,True,10000,714.3832,13.9981,14.9631,14502.543,35749.212,18045.835,0.6,11.12,0.07,88.22,4278.65,79408.41,475.33,630220.84,2899.65,0.0,175803.1,4.1,17484,0,100,61202,2768,7746,5924,90,5924,9988,29054.05,10497.3,56.11,1422.52,0.0,1044,0,0,1865,4605,4246,12879,120791,,172.15
main,batched-aimd,,{},batched-aimd,3,500,5000,50,True,5000,580.8726,8.6077,8.8581,3331.601,3823.236,3186.858,0.74,4.89,86.55,7.82,2143.65,14201.73,251369.74,22721.17,1635.89,0.0,625066.6,35.87,65034,23469,20,10868,2353,19277,2145,68,2145,0,0.0,0.0,17.27,599.5,0.0,0,950,57650,0,0,0,0,83115,,13.67
main,batched k=4,,{},batched,7,500,5000,50,True,5000,1095.2391,4.5652,4.6039,6445.725,7126.739,6046.837,0.4,2.52,89.5,7.58,2180.71,13786.32,490116.79,41535.74,2752.51,0.0,1192659.8,36.3,122492,51907,20,11019,2287,57178,2031,18,2031,0,0.0,0.0,26.6,674.14,0.0,0,4126,114007,0,0,0,0,140560,,28.43
main,batched-aimd,,{},batched-aimd,4,500,5000,50,True,5000,553.269,9.0372,9.1335,3192.526,3660.088,3086.159,0.77,5.14,87.83,6.26,2138.8,14213.59,242966.31,17315.81,1423.73,0.0,604970.7,36.45,62966,22147,20,11412,2182,18511,2002,66,2002,0,0.0,0.0,11.68,124.98,0.0,0,976,55690,0,0,0,0,81446,,9.45
main,batched-aimd,,{},batched-aimd,5,500,5000,50,True,5000,572.893,8.7276,8.9563,3264.844,3714.714,3177.803,0.73,4.71,87.73,6.82,2084.71,13503.48,251313.46,19544.84,1542.31,0.0,621992.5,36.19,64734,23328,20,10734,2133,19181,2097,81,2097,0,0.0,0.0,12.57,159.14,0.0,0,969,57356,0,0,0,0,82646,,11.79
main,batched k=4,,{},batched,8,500,5000,50,True,5000,1097.3372,4.5565,4.5089,6424.815,7630.52,6142.293,0.38,2.4,90.89,6.33,2100.4,13173.69,498684.03,34710.49,4375.94,0.0,1206193.4,36.64,123841,52343,20,10487,2163,58295,2035,22,2035,0,0.0,0.0,24.32,369.9,0.0,0,4162,115274,0,0,0,0,141385,,35.64
main,batched-aimd,,{},batched-aimd,6,500,5000,50,True,5000,593.534,8.4241,8.4747,3392.251,3954.794,3297.922,0.72,4.79,87.82,6.67,2135.17,14211.95,260614.9,19804.96,1506.66,0.0,645828.7,36.27,67102,24168,20,10489,2334,19912,2213,85,2213,0,0.0,0.0,13.03,164.22,0.0,0,965,59558,0,0,0,0,84889,,15.51
main,batched-aimd,,{},batched-aimd,7,500,5000,50,True,5000,591.1244,8.4585,8.7049,3333.717,3854.466,3197.815,0.74,5.11,85.05,9.1,2180.71,15115.78,251368.77,26896.95,1846.42,0.0,631159.1,35.59,65648,23354,20,11596,2444,19665,2126,72,2126,0,0.0,0.0,18.91,666.12,0.0,0,984,58180,0,0,0,0,84442,,16.5
main,batched k=4,,{},batched,9,500,5000,50,True,5000,1112.9123,4.4927,4.4331,6619.873,7303.735,6257.132,0.38,2.34,91.37,5.91,2122.66,13013.06,508414.6,32905.82,2615.49,0.0,1227113.5,36.75,125920,52973,20,10395,2112,59811,2079,12,2079,0,0.0,0.0,23.7,329.16,0.0,0,4229,117236,0,0,0,0,143406,,42.81
main,batched-aimd,,{},batched-aimd,8,500,5000,50,True,5000,578.7355,8.6395,8.8068,3267.265,3835.62,3155.776,0.73,4.73,86.15,8.39,2100.4,13680.72,249300.65,24285.98,3045.61,0.0,616806.6,35.53,64096,22424,20,10638,2197,18900,2086,65,2086,0,0.0,0.0,17.36,505.67,0.0,0,962,56719,0,0,0,0,81885,,18.33
main,batched-aimd,,{},batched-aimd,9,500,5000,50,True,5000,606.3071,8.2466,8.438,3445.159,3922.573,3296.301,0.7,4.7,85.91,8.69,2122.66,14243.63,260448.15,26339.1,1466.8,0.0,646754.1,35.56,67181,24049,20,10870,2194,20073,2189,85,2189,0,0.0,0.0,21.71,807.02,0.0,0,988,59571,0,0,0,0,85325,,18.76
fair,beanstalk quarantine no-budget,,"{""budget"": false, ""green_mode"": ""quarantine""}",beanstalk,7,1000,10000,100,True,10000,315.2257,31.7233,56.3755,5336.576,11413.465,5812.445,1.34,33.06,0.19,65.4,4229.87,104224.32,604.77,206166.72,1150.43,0.0,148449.9,7.85,14776,0,100,82925,3341,1830,6772,53,6772,9988,5538.61,2378.32,46.24,602.92,0.0,2909,0,0,2237,2693,4816,12083,147637,,184.08
fair,beanstalk quarantine no-budget,,"{""budget"": false, ""green_mode"": ""quarantine""}",beanstalk,6,1000,10000,100,True,10000,772.3682,12.9472,13.7902,14795.651,38724.777,19354.215,0.55,10.06,0.06,89.33,4231.65,77689.96,464.85,689981.76,2497.49,0.0,165662.3,3.57,16497,0,100,59403,2924,4831,6057,75,6057,9984,31341.58,11087.09,37.0,587.38,0.0,1020,0,0,2032,3632,4257,12865,117782,,200.51
fair,beanstalk quarantine no-budget,,"{""budget"": false, ""green_mode"": ""quarantine""}",beanstalk,0,1000,10000,100,True,10000,375.7725,26.6118,75.5122,4964.812,12256.809,6408.195,1.14,27.26,0.16,71.43,4294.16,102451.01,602.76,268424.6,1105.09,0.0,153673.9,6.82,15260,0,100,81630,3473,2583,7020,39,7020,9990,6157.1,2718.29,41.81,727.96,0.0,3123,0,0,2289,2898,4978,12362,146364,,224.02
main,batched+place,,{},batched+place,1,500,5000,50,True,5000,1087.0049,4.5998,4.5584,6502.81,7465.766,6176.209,0.39,2.41,92.28,4.91,2108.89,13121.84,501562.24,26709.46,2353.12,0.0,1208671.6,37.06,124028,53078,20,10545,2086,58213,2029,29,2029,4986,0.0,0.0,22.79,242.87,0.0,0,4155,115484,0,0,0,0,141631,,85.34
main,batched+place,,{},batched+place,2,500,5000,50,True,5000,1086.5657,4.6017,4.6183,6384.04,7041.31,6086.231,0.39,2.43,90.93,6.25,2128.39,13196.76,493989.14,33968.55,3430.25,0.0,1192104.1,36.57,122473,52026,20,10677,2215,57794,2022,17,2022,4985,0.0,0.0,22.76,306.25,0.0,0,4119,113960,0,0,0,0,140189,,85.15
main,batched+place,,{},batched+place,0,500,5000,50,True,5000,1110.8481,4.5011,4.5433,6549.017,7222.192,6197.923,0.39,2.49,90.5,6.62,2143.14,13850.56,502643.06,36787.27,3053.73,0.0,1209045.0,36.28,124282,53144,20,11141,2252,58044,2064,27,2064,4989,0.0,0.0,24.69,531.41,0.0,0,4207,115639,0,0,0,0,142514,,90.65
qsem,beanstalk quarantine,,"{""green_mode"": ""quarantine"", ""q_sem"": 0.1}",beanstalk,0,100,1000,10,True,1000,555.3485,1.8007,2.6071,3525.222,17354.243,5353.095,0.75,17.48,0.03,81.74,417.26,9705.21,15.96,45396.42,1.25,45009.61,41414.1,12.43,4118,0,10,1252,198,612,2542,14,2542,878,4826.49,1452.65,68.49,671.83,32678.4,180,0,0,883,997,1731,3121,13597,,3.85
qsem,beanstalk quarantine,,"{""green_mode"": ""quarantine"", ""q_sem"": 0.1}",beanstalk,2,100,1000,10,True,1000,463.6597,2.1568,2.7251,2328.895,10901.248,3408.792,0.94,19.62,0.03,79.41,434.8,9098.91,15.06,36817.2,10.35,36629.56,38738.6,13.92,3858,0,10,1260,259,649,2291,29,2291,869,2719.84,1013.38,36.27,457.81,26901.0,193,0,0,737,922,1632,2936,12864,,2.98
qsem,beanstalk quarantine,,"{""green_mode"": ""quarantine"", ""q_sem"": 0.1}",beanstalk,1,100,1000,10,True,1000,435.8463,2.2944,3.0432,2632.764,12308.74,3730.664,0.96,19.88,0.03,79.12,420.41,8665.26,14.29,34484.67,11.64,34278.97,35461.8,13.56,3526,0,10,1171,213,535,2139,12,2139,867,3007.38,1158.76,50.58,580.43,25253.1,180,0,0,710,835,1487,2691,12047,,3.56
main,batched+place,,{},batched+place,4,500,5000,50,True,5000,1059.3137,4.72,4.6701,6340.857,7303.402,5988.483,0.4,2.49,91.73,5.38,2138.8,13166.94,485873.3,28477.81,2254.37,0.0,1174710.0,36.96,120787,51765,20,10551,2053,55651,1982,18,1982,4985,0.0,0.0,22.12,199.04,0.0,0,4051,112401,0,0,0,0,138338,,83.95
qsem,beanstalk quarantine,,"{""green_mode"": ""quarantine"", ""q_sem"": 0.1}",beanstalk,3,100,1000,10,True,1000,529.5679,1.8883,2.6438,2258.871,8589.658,2955.194,0.74,16.09,0.03,83.14,392.43,8522.7,14.59,44027.05,0.36,43983.65,39276.5,12.36,3903,0,10,1132,221,715,2231,25,2231,874,2688.63,897.27,43.51,607.33,30688.6,155,0,0,742,943,1552,2960,12507,,4.42
main,batched+place,,{},batched+place,3,500,5000,50,True,5000,1087.7208,4.5968,4.6011,6339.063,7379.766,6104.37,0.39,2.42,91.12,6.07,2143.65,13149.14,495548.39,33019.2,2092.47,0.0,1197896.0,36.71,122967,51659,20,10768,2277,57493,2025,28,2025,4987,0.0,0.0,22.57,174.84,0.0,0,4139,114417,0,0,0,0,140788,,89.55
main,batched+place,,{},batched+place,5,500,5000,50,True,5000,1101.6442,4.5387,4.5584,6525.119,7224.687,6230.221,0.38,2.35,91.9,5.37,2084.71,12971.38,506213.72,29552.28,2419.1,0.0,1218423.3,36.87,125125,53236,20,10543,2106,58887,2060,20,2060,4987,0.0,0.0,23.05,309.19,0.0,0,4186,116501,0,0,0,0,142748,,85.55
qsem,beanstalk quarantine,,"{""green_mode"": ""quarantine"", ""q_sem"": 0.1}",beanstalk,4,100,1000,10,True,1000,488.686,2.0463,2.5619,3141.948,16649.158,4680.887,0.89,21.79,0.03,77.28,436.73,10649.37,16.93,37765.57,17.47,37388.54,41752.1,14.24,4138,0,10,1485,326,500,2650,20,2650,875,3663.82,1254.55,42.58,521.99,28706.9,183,0,0,845,983,1864,3155,14313,,6.08
qsem,beanstalk quarantine,,"{""green_mode"": ""quarantine"", ""q_sem"": 0.1}",beanstalk,5,100,1000,10,True,1000,638.1849,1.5669,1.902,2473.766,11603.316,3660.723,0.68,15.18,0.02,84.12,431.22,9685.34,15.05,53686.87,21.12,53225.55,39304.7,10.26,3904,0,10,1150,150,502,2387,14,2387,880,2804.27,1053.37,66.35,841.72,37705.4,138,0,0,779,878,1671,3026,12858,,5.84
qsem,beanstalk quarantine,,"{""green_mode"": ""quarantine"", ""q_sem"": 0.1}",beanstalk,6,100,1000,10,True,1000,575.6582,1.7371,2.3176,3134.083,13563.562,4305.003,0.74,15.96,0.03,83.28,425.13,9186.28,15.08,47939.34,0.62,47575.47,39097.1,11.32,3890,0,10,1256,306,656,2282,15,2282,859,3415.94,1278.63,67.39,478.88,34324.7,180,0,0,764,965,1585,2925,12849,,4.53
qsem,beanstalk quarantine,,"{""green_mode"": ""quarantine"", ""q_sem"": 0.1}",beanstalk,8,100,1000,10,True,1000,449.7184,2.2236,3.0109,2617.921,9778.279,3451.848,0.91,17.54,0.03,81.51,411.47,7888.16,14.19,36658.02,0.24,36394.32,33355.8,12.36,3323,0,10,1261,138,435,2008,19,2008,876,2687.52,1117.43,40.95,528.01,26123.7,206,0,0,656,708,1409,2615,11768,,3.1
qsem,beanstalk quarantine,,"{""green_mode"": ""quarantine"", ""q_sem"": 0.1}",beanstalk,7,100,1000,10,True,1000,430.7452,2.3216,3.0914,2067.179,10472.399,3196.67,0.99,19.35,0.03,79.63,425.68,8336.26,14.27,34298.31,0.48,34227.87,34402.8,13.31,3424,0,10,1255,267,527,2036,17,2036,871,2928.77,1031.98,40.26,446.74,25693.5,165,0,0,639,816,1454,2608,11899,,4.87
main,batched+place,,{},batched+place,7,500,5000,50,True,5000,1096.9808,4.558,4.5707,6441.407,7306.26,6101.065,0.4,2.51,90.18,6.91,2180.71,13771.1,494651.0,37887.57,3529.94,0.0,1205468.1,36.63,123744,52087,20,10848,2267,58615,2047,14,2047,4988,0.0,0.0,23.18,316.24,0.0,0,4163,115129,0,0,0,0,141653,,82.87
main,batched+place,,{},batched+place,6,500,5000,50,True,5000,1135.7305,4.4025,4.4329,6634.178,7580.381,6395.152,0.38,2.32,91.53,5.78,2135.17,13165.22,519764.15,32800.72,2947.92,0.0,1258322.4,36.93,129185,55272,20,9882,2312,60546,2126,24,2126,4984,0.0,0.0,24.12,195.64,0.0,0,4345,120337,0,0,0,0,146217,,88.73
qsem,beanstalk quarantine,,"{""green_mode"": ""quarantine"", ""q_sem"": 0.1}",beanstalk,9,100,1000,10,True,1000,514.5757,1.9433,2.4132,2681.615,13051.05,3924.348,0.84,18.92,0.03,80.2,433.66,9738.16,15.14,41270.61,21.81,40848.34,38951.8,12.62,3884,0,10,1194,235,542,2374,21,2374,869,2919.94,1136.76,40.75,513.78,30101.8,144,0,0,770,909,1684,2974,12921,,5.22
main,serial,,{},serial,0,1000,10000,100,True,10000,2199.9556,4.5455,4.5614,13043.223,13624.793,12457.171,0.2,0.7,93.67,5.43,4294.16,15508.33,2060686.76,119466.31,6076.43,0.0,131469.7,1.0,12854,0,1,10088,2966,2854,2644,210,2644,0,0.0,0.0,8.37,189.33,0.0,0,0,0,0,0,0,0,35796,,8.34
main,serial,,{},serial,1,1000,10000,100,True,10000,2225.2967,4.4938,4.5554,13075.27,13528.868,12475.393,0.19,0.71,92.73,6.37,4296.05,15733.16,2063499.07,141768.37,6890.82,0.0,132084.8,0.99,12913,0,1,10131,2861,2913,2694,219,2694,0,0.0,0.0,13.79,1229.69,0.0,0,0,0,0,0,0,0,35957,,9.67
main,serial,,{},serial,2,1000,10000,100,True,10000,2198.6779,4.5482,4.5564,13071.111,13573.766,12455.642,0.19,0.74,93.68,5.39,4277.82,16285.02,2059655.3,118459.79,6490.64,0.0,131557.5,1.0,12862,0,1,10187,2891,2862,2663,199,2663,0,0.0,0.0,8.3,222.41,0.0,0,0,0,0,0,0,0,35911,,8.09
main,serial,,{},serial,3,1000,10000,100,True,10000,2188.2485,4.5699,4.6014,12978.376,13350.455,12352.69,0.19,0.69,93.39,5.72,4227.47,15147.5,2043634.22,125239.27,5389.12,0.0,130684.1,1.0,12777,0,1,10134,2981,2777,2589,188,2589,0,0.0,0.0,8.41,258.32,0.0,0,0,0,0,0,0,0,35688,,8.0
main,serial,,{},serial,4,1000,10000,100,True,10000,2185.6079,4.5754,4.5952,13007.896,13397.405,12380.24,0.2,0.7,93.71,5.4,4278.65,15336.93,2048036.46,117955.9,5132.1,0.0,130839.1,1.0,12778,0,1,10026,2878,2778,2575,203,2575,0,0.0,0.0,8.15,142.25,0.0,0,0,0,0,0,0,0,35582,,7.83
main,serial,,{},serial,5,1000,10000,100,True,10000,2201.167,4.543,4.5602,13085.871,13526.128,12464.916,0.19,0.71,93.67,5.42,4283.64,15732.05,2061753.9,119397.38,5023.52,0.0,131629.5,1.0,12857,0,1,9968,3015,2857,2658,199,2658,0,0.0,0.0,8.38,247.06,0.0,0,0,0,0,0,0,0,35682,,7.46
main,serial,,{},serial,6,1000,10000,100,True,10000,2209.7933,4.5253,4.5615,13085.978,13514.983,12482.135,0.19,0.7,93.44,5.67,4231.65,15521.61,2064834.14,125205.89,5976.76,0.0,131979.5,1.0,12913,0,1,10004,2953,2913,2680,233,2680,0,0.0,0.0,8.83,414.22,0.0,0,0,0,0,0,0,0,35830,,8.6
main,serial,,{},serial,7,1000,10000,100,True,10000,2190.6728,4.5648,4.5892,13038.533,13379.951,12370.334,0.19,0.7,93.42,5.69,4229.87,15305.12,2046417.21,124720.61,6649.13,0.0,130736.1,0.99,12791,0,1,10113,2772,2791,2589,202,2589,0,0.0,0.0,8.52,319.48,0.0,0,0,0,0,0,0,0,35695,,8.68
main,serial,,{},serial,9,1000,10000,100,True,10000,2215.4612,4.5137,4.5589,13119.241,13494.144,12487.425,0.19,0.7,93.24,5.87,4248.69,15446.55,2065790.99,129975.01,5713.09,0.0,131858.8,0.99,12882,0,1,9971,2607,2882,2685,197,2685,0,0.0,0.0,10.06,557.84,0.0,0,0,0,0,0,0,0,35735,,7.51
main,batched+place,,{},batched+place,8,500,5000,50,True,5000,1107.2956,4.5155,4.4676,6472.207,7618.827,6213.627,0.38,2.38,91.15,6.1,2100.4,13179.39,504622.9,33745.13,4452.37,0.0,1217453.1,36.65,125070,53303,20,10361,2125,59118,2065,20,2065,4986,0.0,0.0,23.26,254.73,0.0,0,4199,116421,0,0,0,0,142516,,82.36
main,serial,,{},serial,8,1000,10000,100,True,10000,2194.8235,4.5562,4.5826,13035.039,13514.902,12429.074,0.2,0.71,93.67,5.42,4285.2,15644.08,2055868.26,119025.93,5747.46,0.0,131413.7,1.0,12842,0,1,10056,2763,2842,2647,195,2647,0,0.0,0.0,8.18,195.85,0.0,0,0,0,0,0,0,0,35740,,10.87
main,batched+place,,{},batched+place,9,500,5000,50,True,5000,1081.0397,4.6252,4.5771,6457.29,7073.713,6076.98,0.39,2.39,91.3,5.92,2122.66,12916.03,493498.97,31982.2,2701.02,0.0,1197357.6,36.92,122992,52400,20,10189,2112,57492,2027,14,2027,4985,0.0,0.0,22.69,177.34,0.0,0,4117,114486,0,0,0,0,140222,,84.91
main,beanstalk,,{},beanstalk,9,1000,10000,100,False,2,499.9036,0.004,,9.29,9.441,9.29,0.19,2.56,0.02,97.23,961.69,12815.89,82.83,486043.18,0.0,486043.18,39532.7,1.32,3936,0,90,9600,818,2835,1809,17,1807,2314,1924.77,260.23,14985.91,29983.01,29966.9,300,0,0,558,1099,1268,2837,24317,stalled,16.82
main,beanstalk,,{},beanstalk,6,1000,10000,100,False,1,499.4534,0.002,,11.476,11.476,11.476,0.37,4.78,0.03,94.82,1842.34,23873.18,147.42,473590.5,0.0,473590.5,73446.0,2.45,7316,0,89,18147,1483,5398,3299,35,3290,4328,1497.5,248.17,14969.73,29953.33,29931.3,277,0,0,1030,1917,2304,5399,46535,stalled,28.2
main,beanstalk-noplace,,{},beanstalk-noplace,0,1000,10000,100,True,10000,873.131,11.453,10.8925,4143.218,19925.717,7333.48,0.49,6.33,0.04,93.14,4294.16,55255.41,347.83,813233.58,170.67,811912.59,165674.5,3.16,16479,0,90,42242,3397,12258,7509,67,7509,0,1827.61,252.49,6208.24,19932.86,52195.1,291,0,0,2225,4183,5353,12296,106212,,16.98
fair,beanstalk quarantine no-budget,,"{""budget"": false, ""green_mode"": ""quarantine""}",beanstalk,9,1000,10000,100,True,10000,296.6404,33.7109,80.1104,5431.395,11091.013,6263.089,1.43,32.65,0.2,65.72,4248.69,96845.43,588.16,194958.12,685.68,0.0,150610.4,8.46,14977,0,100,78723,3255,2556,6932,55,6932,9984,5577.78,2658.04,22.5,314.41,0.0,3288,0,0,2269,2841,4917,12136,142416,,323.36
main,beanstalk-noplace,,{},beanstalk-noplace,1,1000,10000,100,True,10000,594.3135,16.8261,16.2757,3647.288,7014.317,4734.168,0.72,9.25,0.06,89.97,4296.05,54974.05,353.63,534689.77,349.27,528219.36,162993.7,4.57,16243,0,96,43556,3319,11959,7145,68,7145,0,1897.44,251.86,2769.91,7022.93,35475.4,287,0,0,2206,4260,5008,11983,107213,,15.86
main,beanstalk,,{},beanstalk,2,1000,10000,100,True,10000,585.5143,17.079,14.8697,3635.357,14638.769,5267.498,0.73,9.03,0.06,90.18,4277.82,52876.99,341.75,528017.72,624.28,522512.74,157989.3,4.5,15733,0,90,41445,3122,11688,6837,88,6837,9823,2392.48,255.31,4064.79,14646.42,34959.3,276,0,0,2044,4010,4882,11723,103052,,51.37
main,beanstalk,,{},beanstalk,3,1000,10000,100,True,10000,538.644,18.5651,18.394,4997.057,12917.971,6021.436,0.78,9.59,0.06,89.56,4227.47,51654.46,338.87,482423.24,77.18,481632.05,159415.5,4.93,15863,0,90,41713,3274,11741,6821,88,6821,9822,2124.81,245.42,4292.58,12929.43,32111.2,280,0,0,2128,4095,4781,11768,103980,,51.11
main,beanstalk,,{},beanstalk,0,1000,10000,100,True,10000,588.201,17.001,15.7564,4297.889,7830.342,4702.201,0.73,9.22,0.06,89.99,4294.16,54213.63,354.11,529339.14,415.57,522642.65,161637.8,4.58,16058,0,95,42851,3359,11817,7125,80,7125,9800,2704.9,254.42,2802.16,7835.76,35113.0,296,0,0,2120,4185,5085,11873,105492,,52.21
main,beanstalk,,{},beanstalk,1,1000,10000,100,True,10000,578.9631,17.2723,29.1771,5869.461,14373.56,6304.602,0.74,9.53,0.06,89.67,4296.05,55157.0,349.62,519160.42,198.94,515092.62,164613.2,4.74,16362,0,93,43452,3247,12031,7243,90,7243,9813,1945.54,251.12,4531.31,14378.43,34545.7,288,0,0,2226,4307,5108,12055,107900,,52.56
main,beanstalk-noplace,,{},beanstalk-noplace,2,1000,10000,100,False,4665,722.6198,6.4557,20.7178,3388.551,7362.705,4167.711,0.34,4.62,0.03,95.01,2478.92,33370.63,211.58,686558.7,0.0,686558.7,97876.2,2.26,9727,0,89,25733,1869,7117,4385,51,4382,0,2392.39,256.48,11163.84,29920.36,43288.0,284,0,0,1351,2591,3085,7136,63408,stalled,6.74
main,beanstalk,,{},beanstalk,4,1000,10000,100,True,10000,595.8014,16.7841,16.019,3681.084,12972.573,5472.231,0.72,9.1,0.06,90.12,4278.65,54243.96,341.96,536936.81,174.09,534142.9,160899.4,4.5,16011,0,100,41644,3325,11901,7147,75,7147,9810,1600.21,253.71,3850.7,12980.27,35083.0,295,0,0,2125,4076,5098,11935,104453,,50.04
main,beanstalk,,{},beanstalk,7,1000,10000,100,True,10000,819.829,12.1977,19.4216,4508.957,20617.524,9112.945,0.52,6.73,0.04,92.72,4229.87,55134.08,351.5,760113.55,1304.48,750944.93,162131.3,3.3,16139,0,88,43132,3288,12024,7228,78,7228,9844,1918.47,252.26,7510.61,20636.51,49003.6,283,0,0,2137,4086,5169,12053,106738,,44.71
main,beanstalk,,{},beanstalk,5,1000,10000,100,False,5873,857.9361,6.8455,25.3056,7676.751,11134.956,7579.183,0.5,6.48,0.04,92.98,4269.37,55594.27,343.52,797728.99,25.17,797321.63,168920.2,3.28,16809,0,90,41646,3376,12398,7644,85,7639,9773,3821.85,254.25,10981.52,29998.79,51358.0,295,0,0,2299,4403,5430,12405,106226,stalled,49.6
main,beanstalk-noplace,,{},beanstalk-noplace,6,1000,10000,100,False,1,499.8642,0.002,,9.596,9.596,9.596,0.28,3.78,0.02,95.92,1397.93,18887.27,114.56,479464.44,0.0,479464.44,58196.7,1.94,5792,0,88,13946,1065,4237,2609,37,2606,0,1344.88,252.13,14983.93,29979.85,29959.2,275,0,0,819,1554,1827,4238,35842,stalled,2.34
main,beanstalk,,{},beanstalk,8,1000,10000,100,True,10000,713.4735,14.0159,13.4327,4660.286,12367.147,6199.624,0.6,7.65,0.05,91.7,4285.2,54597.09,344.77,654246.44,230.74,646669.98,163418.5,3.82,16250,0,92,42097,3369,11999,7221,67,7221,9793,2619.65,255.02,4093.42,12373.7,42605.1,278,0,0,2242,4207,5046,12043,105439,,44.96
main,beanstalk-noplace,,{},beanstalk-noplace,4,1000,10000,100,True,10000,564.1736,17.725,16.8676,4703.381,8736.14,5181.037,0.76,9.57,0.06,89.61,4278.65,53970.76,343.06,505581.1,796.52,500753.12,160577.9,4.74,15987,0,98,41635,3384,11877,7060,82,7060,0,2221.39,253.31,3210.85,8742.16,33671.6,299,0,0,2127,4088,5016,11899,104172,,4.89
main,beanstalk-noplace,,{},beanstalk-noplace,3,1000,10000,100,True,10000,640.2038,15.62,14.9813,3841.008,20517.839,7263.548,0.66,8.33,0.05,90.96,4227.47,53324.81,342.0,582309.5,117.3,581079.82,164121.3,4.27,16322,0,91,41978,3265,12045,7165,67,7165,0,2122.97,250.61,6313.81,20522.05,37917.6,285,0,0,2181,4230,5051,12092,105433,,5.59
queue,batched k=1,,"{""batch_k"": 1}",batched,2,1000,10000,100,True,10000,725.2427,13.7885,14.5219,4025.729,4497.965,3892.176,0.59,3.19,86.25,9.96,4277.82,23153.21,625542.77,72268.92,8241.94,0.0,751243.1,17.26,79552,23182,20,15635,3748,16835,3537,198,3537,0,0.0,0.0,30.56,1384.05,0.0,0,0,65817,0,0,0,0,108922,,3.94
queue,batched k=1,,"{""batch_k"": 1}",batched,0,1000,10000,100,True,10000,728.6416,13.7242,13.991,4178.639,4700.092,4035.281,0.59,3.13,89.17,7.11,4294.16,22808.02,649738.75,51800.72,5039.72,0.0,780366.8,17.85,82605,24873,20,15452,3847,17858,3681,198,3681,0,0.0,0.0,10.87,440.21,0.0,0,0,68726,0,0,0,0,111936,,4.17
queue,batched k=1,,"{""batch_k"": 1}",batched,1,1000,10000,100,True,10000,720.0867,13.8872,14.6238,4000.994,4553.628,3879.233,0.6,3.23,86.56,9.62,4296.05,23257.36,623281.56,69251.72,6684.25,0.0,754066.6,17.45,79850,23971,20,15587,3748,16579,3559,194,3559,0,0.0,0.0,25.85,1211.84,0.0,0,0,66097,0,0,0,0,109190,,4.22
main,beanstalk-noplace,,{},beanstalk-noplace,7,1000,10000,100,True,10000,542.7488,18.4247,20.0023,3448.528,5186.669,3482.798,0.78,9.64,0.06,89.52,4229.87,52324.91,350.02,485844.03,1700.59,474895.42,155659.7,4.78,15488,0,86,42552,3113,11564,6776,65,6776,0,1560.77,248.44,1860.34,5219.17,32386.7,290,0,0,2025,3890,4817,11598,104015,,5.01
main,beanstalk-noplace,,{},beanstalk-noplace,5,1000,10000,100,True,10000,910.9415,10.9777,9.8559,7523.277,24723.964,10016.095,0.47,6.3,0.04,93.19,4283.64,57402.87,357.14,848897.85,529.61,839334.18,171913.7,3.15,17118,0,100,42968,3682,12594,7979,96,7979,0,1740.47,252.59,8238.29,24731.03,53120.4,326,0,0,2383,4494,5693,12624,108485,,5.8
main,beanstalk-noplace,,{},beanstalk-noplace,8,1000,10000,100,True,10000,659.1561,15.1709,19.3822,3823.412,10852.942,5143.172,0.65,8.18,0.05,91.12,4285.2,53897.79,342.16,600630.9,1296.84,580020.75,160701.3,4.06,15986,0,94,41889,3158,11752,6930,68,6930,0,2619.92,258.82,3685.32,10895.11,39339.4,293,0,0,2178,4197,4820,11789,104320,,5.28
queue,batched k=1,,"{""batch_k"": 1}",batched,4,1000,10000,100,True,10000,696.896,14.3493,14.5684,4042.025,4519.765,3882.422,0.61,3.25,89.6,6.54,4278.65,22667.52,624402.77,45547.06,4010.39,0.0,752974.5,18.01,79839,24101,20,15340,3851,16523,3532,212,3532,0,0.0,0.0,8.85,160.07,0.0,0,0,66095,0,0,0,0,108923,,4.21
main,beanstalk-noplace,,{},beanstalk-noplace,9,1000,10000,100,False,6856,842.3465,8.1392,22.5397,5887.846,10246.056,5707.006,0.5,6.45,0.04,93.01,4231.26,54311.84,345.03,783458.36,54.67,782935.42,164352.4,3.25,16355,0,95,41854,3214,12116,7475,86,7394,0,1691.99,251.69,10477.96,29999.97,50424.0,293,0,0,2206,4227,5355,12123,104880,stalled,5.86
queue,batched k=1,,"{""batch_k"": 1}",batched,3,1000,10000,100,True,10000,700.0269,14.2852,14.722,4008.916,4464.326,3857.662,0.6,3.19,88.66,7.55,4227.47,22329.29,620614.33,52855.86,5446.55,0.0,751069.7,17.88,79621,24000,20,15420,3841,16368,3543,194,3543,0,0.0,0.0,9.51,245.06,0.0,0,0,65884,0,0,0,0,108778,,4.37
fair,beanstalk quarantine no-budget,,"{""budget"": false, ""green_mode"": ""quarantine""}",beanstalk,8,1000,10000,100,True,10000,300.1036,33.3218,93.1719,5396.433,10992.413,6282.965,1.43,34.86,0.2,63.51,4285.2,104623.68,593.96,190600.76,640.07,0.0,150955.0,8.38,15035,0,100,81787,3287,2721,6662,53,6662,9988,5540.06,2542.51,38.82,592.31,0.0,3182,0,0,2215,2854,4709,12181,146823,,332.4
queue,batched k=1,,"{""batch_k"": 1}",batched,5,1000,10000,100,True,10000,753.4944,13.2715,14.2989,4101.481,4558.43,3964.127,0.57,3.13,84.55,11.75,4283.64,23619.55,637068.37,88522.85,8969.77,0.0,768742.9,17.0,81394,24795,20,15256,3907,17105,3626,204,3626,0,0.0,0.0,47.08,1492.86,0.0,0,0,67564,0,0,0,0,110480,,5.88
queue,batched k=1,,"{""batch_k"": 1}",batched,7,1000,10000,100,True,10000,714.5919,13.994,14.2267,4150.675,4603.61,3941.705,0.59,3.41,88.52,7.47,4229.87,24373.03,632577.74,53411.21,5625.89,0.0,763355.9,17.8,80779,24380,20,15788,3681,17176,3585,211,3585,0,0.0,0.0,9.9,275.77,0.0,0,0,66983,0,0,0,0,110363,,6.04
queue,batched k=1,,"{""batch_k"": 1}",batched,6,1000,10000,100,True,10000,729.8074,13.7022,13.9301,4210.133,4717.749,4054.791,0.58,3.09,89.51,6.82,4231.65,22572.65,653225.89,49777.17,4272.2,0.0,783715.4,17.9,82747,24782,20,15121,3728,17581,3674,220,3674,0,0.0,0.0,9.26,203.22,0.0,0,0,68853,0,0,0,0,111762,,6.22
queue,batched k=1,,"{""batch_k"": 1}",batched,9,1000,10000,100,True,10000,728.7309,13.7225,13.9114,4201.603,4716.927,4028.02,0.58,3.09,89.03,7.29,4248.69,22548.86,648787.82,53145.54,5386.76,0.0,777974.5,17.79,82364,24825,20,15097,3443,17442,3679,197,3679,0,0.0,0.0,12.42,563.17,0.0,0,0,68488,0,0,0,0,111337,,5.91
queue,batched k=1,,"{""batch_k"": 1}",batched,8,1000,10000,100,True,10000,738.4225,13.5424,13.9999,4177.41,4823.131,4042.873,0.58,3.21,88.04,8.17,4285.2,23701.71,650110.48,60325.13,5082.84,0.0,787836.6,17.78,83353,25322,20,15401,3666,17597,3694,224,3694,0,0.0,0.0,11.79,416.31,0.0,0,0,69435,0,0,0,0,112672,,6.14
fair,batched k=1 released,,"{""batch_k"": 1, ""queue_agents"": ""released""}",batched,1,1000,10000,100,True,10000,729.2547,13.7126,14.3766,19472.395,37755.756,19625.457,0.59,3.45,0.0,95.96,4296.05,25158.21,0.0,699800.42,0.0,0.0,770322.8,17.61,81591,25225,20,18425,5387,17197,3646,188,3646,0,0.0,0.0,17.06,846.14,0.0,0,0,67757,0,0,0,0,113850,,5.91
fair,batched k=1 released,,"{""batch_k"": 1, ""queue_agents"": ""released""}",batched,0,1000,10000,100,True,10000,768.5947,13.0108,14.1046,20190.111,37984.548,20078.207,0.56,3.29,0.0,96.15,4294.16,25271.89,0.0,739028.62,0.0,0.0,777590.7,16.86,82383,25019,20,18199,5014,17478,3655,220,3655,0,0.0,0.0,85.75,2663.79,0.0,0,0,68508,0,0,0,0,114457,,6.28
fair,batched k=1 released,,"{""batch_k"": 1, ""queue_agents"": ""released""}",batched,3,1000,10000,100,True,10000,705.0144,14.1841,15.0166,18973.817,35739.088,18871.255,0.6,3.37,0.0,96.03,4227.47,23736.9,0.0,677050.0,0.0,0.0,735820.8,17.39,78018,23642,20,18170,5544,15996,3460,195,3460,0,0.0,0.0,25.79,1199.7,0.0,0,0,64363,0,0,0,0,109843,,7.95
fair,batched k=1 released,,"{""batch_k"": 1, ""queue_agents"": ""released""}",batched,2,1000,10000,100,True,10000,735.5214,13.5958,14.6095,19606.45,36541.241,19391.704,0.58,3.37,0.0,96.05,4277.82,24771.74,0.0,706471.8,0.0,0.0,754905.3,17.11,79945,24027,20,17877,5233,17118,3554,201,3554,0,0.0,0.0,31.69,1340.52,0.0,0,0,66190,0,0,0,0,111577,,8.31
fair,batched k=1 released,,"{""batch_k"": 1, ""queue_agents"": ""released""}",batched,4,1000,10000,100,True,10000,705.5026,14.1743,14.6347,18768.679,36522.922,19017.035,0.61,3.44,0.0,95.95,4278.65,24297.43,0.0,676926.5,0.0,0.0,746362.3,17.63,79015,23551,20,17765,4889,16269,3478,231,3478,0,0.0,0.0,11.82,393.07,0.0,0,0,65306,0,0,0,0,110489,,6.07
fair,batched k=1 released,,"{""batch_k"": 1, ""queue_agents"": ""released""}",batched,5,1000,10000,100,True,10000,743.0307,13.4584,14.4442,19062.006,37178.485,19362.992,0.58,3.32,0.0,96.11,4283.64,24656.12,0.0,714090.97,0.0,0.0,766805.5,17.2,81079,24561,20,17899,5593,17192,3633,186,3633,0,0.0,0.0,30.02,1037.35,0.0,0,0,67260,0,0,0,0,112797,,6.56
fair,batched k=1 released,,"{""batch_k"": 1, ""queue_agents"": ""released""}",batched,6,1000,10000,100,True,10000,720.314,13.8828,14.2727,20560.722,37909.041,20213.263,0.59,3.38,0.0,96.03,4231.65,24333.04,0.0,691749.29,0.0,0.0,768510.1,17.78,81291,24427,20,17794,5075,17202,3647,184,3647,0,0.0,0.0,9.41,197.74,0.0,0,0,67460,0,0,0,0,112916,,6.29
fair,batched k=1 released,,"{""batch_k"": 1, ""queue_agents"": ""released""}",batched,7,1000,10000,100,True,10000,737.8042,13.5537,14.6771,18932.028,36465.91,18982.527,0.57,3.36,0.0,96.07,4229.87,24769.92,0.0,708804.37,0.0,0.0,748900.9,16.92,79287,23580,20,18069,4808,16330,3504,223,3504,0,0.0,0.0,21.08,640.13,0.0,0,0,65560,0,0,0,0,111083,,5.9
fair,batched k=1 released,,"{""batch_k"": 1, ""queue_agents"": ""released""}",batched,8,1000,10000,100,True,10000,746.1611,13.4019,14.4864,19145.088,37029.028,19528.178,0.57,3.33,0.0,96.1,4285.2,24818.09,0.0,717057.81,0.0,0.0,761157.9,17.0,80553,24501,20,17947,4965,16779,3583,204,3583,0,0.0,0.0,36.65,1443.71,0.0,0,0,66766,0,0,0,0,112287,,5.4
fair,batched k=1 released,,"{""batch_k"": 1, ""queue_agents"": ""released""}",batched,9,1000,10000,100,True,10000,731.3884,13.6726,14.2127,20202.163,37950.349,20047.195,0.58,3.31,0.0,96.11,4248.69,24212.19,0.0,702927.52,0.0,0.0,775862.9,17.68,82205,25070,20,17844,4753,17500,3652,213,3652,0,0.0,0.0,11.58,349.33,0.0,0,0,68340,0,0,0,0,113914,,5.53
queue,batched-par k=1,,"{""batch_k"": 1}",batched-par,0,1000,10000,100,True,10000,588.2667,16.9991,17.3481,3355.087,3959.141,3225.206,0.73,5.74,85.64,7.89,4294.16,33764.31,503769.99,46438.23,4399.09,0.0,976150.8,27.66,112283,47902,100,27286,6029,25863,4625,195,4625,0,0.0,0.0,7.56,259.94,0.0,0,0,97463,0,0,0,0,154389,,39.76
qsem,beanstalk,,"{""q_sem"": 0.2}",beanstalk,1,100,1000,10,False,1,500.2241,0.002,,11.866,11.866,11.866,0.12,38.08,0.04,61.75,61.23,19050.08,20.25,30890.85,0.0,30890.85,74992.6,24.99,7463,0,10,694,258,5630,5652,30,5621,121,1304.04,207.62,14990.61,29997.32,29998.3,79,0,0,1722,1830,3960,5631,20366,stalled,1.92
queue,batched-par k=1,,"{""batch_k"": 1}",batched-par,1,1000,10000,100,True,10000,604.0608,16.5546,17.5019,3344.43,3940.204,3201.863,0.71,5.85,82.49,10.95,4296.05,35337.41,498306.37,66120.96,5060.43,0.0,981900.2,27.09,112350,47372,100,28226,6104,26185,4572,221,4572,0,0.0,0.0,20.16,864.45,0.0,0,0,97557,0,0,0,0,155369,,39.91
qsem,beanstalk,,"{""q_sem"": 0.2}",beanstalk,0,100,1000,10,False,0,499.9902,0.0,,,,,0.1,44.7,0.05,55.15,51.16,22349.32,24.4,27574.14,0.0,27574.14,92870.0,30.96,9231,0,10,625,689,6996,7030,39,6991,121,3474.05,202.33,14999.71,29999.41,29984.2,80,0,0,2106,2235,4963,6996,24739,stalled,2.84
queue,batched-par k=1,,"{""batch_k"": 1}",batched-par,3,1000,10000,100,True,10000,588.523,16.9917,17.9154,3302.026,3888.473,3153.754,0.72,5.74,83.57,9.97,4227.47,33771.5,491854.16,58669.82,4289.43,0.0,960153.6,27.19,109503,45709,94,27790,6233,24976,4508,224,4508,0,0.0,0.0,26.64,1206.76,0.0,0,0,94771,0,0,0,0,152025,,39.35
queue,batched-par k=1,,"{""batch_k"": 1}",batched-par,4,1000,10000,100,True,10000,573.1121,17.4486,18.0298,3244.233,3829.146,3122.994,0.75,6.0,84.82,8.43,4278.65,34388.6,486110.42,48334.45,3797.74,0.0,957587.6,27.85,110286,46430,83,27216,5994,25393,4470,206,4470,0,0.0,0.0,8.85,405.99,0.0,0,0,95610,0,0,0,0,152178,,39.4
qsem,beanstalk,,"{""q_sem"": 0.2}",beanstalk,3,100,1000,10,False,1,500.1494,0.002,,10.582,10.582,10.582,0.11,27.66,0.02,72.2,56.4,13834.76,12.22,36111.55,0.0,36111.55,45523.6,15.17,4546,0,10,383,221,3343,3379,29,3356,116,1051.47,256.79,14990.63,29995.11,29992.1,86,0,0,1012,1202,2396,3344,12289,stalled,0.94
queue,batched-par k=1,,"{""batch_k"": 1}",batched-par,5,1000,10000,100,True,10000,590.3955,16.9378,17.6159,3359.08,3938.026,3209.682,0.73,5.98,84.63,8.67,4283.64,35295.25,499651.73,51164.85,4011.45,0.0,975410.5,27.54,112383,47661,86,27043,6063,25526,4623,196,4623,0,0.0,0.0,8.19,248.55,0.0,0,0,97564,0,0,0,0,154245,,39.46
queue,batched-par k=1,,"{""batch_k"": 1}",batched-par,2,1000,10000,100,True,10000,592.6843,16.8724,17.9335,3296.057,3885.365,3159.767,0.72,5.87,82.98,10.42,4277.82,34811.78,491816.08,61778.64,5581.92,0.0,978337.1,27.51,113292,48073,79,27673,5926,26245,4577,215,4577,0,0.0,0.0,15.96,790.93,0.0,0,0,98500,0,0,0,0,155757,,40.25
qsem,beanstalk,,"{""q_sem"": 0.2}",beanstalk,4,100,1000,10,False,1,500.1972,0.002,,8.955,8.955,8.955,0.11,25.35,0.02,74.51,56.66,12678.55,12.47,37272.04,0.0,37272.04,45671.1,15.22,4538,0,10,445,823,3378,3410,27,3389,119,1642.37,233.98,14993.63,29999.54,29994.6,80,0,0,1002,1158,2435,3379,12476,stalled,1.06
queue,batched-par k=1,,"{""batch_k"": 1}",batched-par,6,1000,10000,100,True,10000,614.4745,16.2741,17.1935,3398.685,4019.135,3280.955,0.69,5.51,83.48,10.32,4231.65,33852.35,512973.4,63417.12,5834.25,0.0,1000541.2,27.14,114815,48808,72,26575,6003,26271,4632,230,4632,0,0.0,0.0,16.33,695.07,0.0,0,0,99953,0,0,0,0,156252,,38.6
qsem,beanstalk,,"{""q_sem"": 0.2}",beanstalk,8,100,1000,10,False,5,500.2183,0.01,,9.723,10.208,9.706,0.13,21.45,0.02,78.4,63.1,10727.82,11.72,39219.19,0.0,39219.19,38915.0,12.97,3879,0,10,657,89,2833,2880,13,2868,146,2418.91,234.03,14990.58,29997.12,29989.6,89,0,0,858,1040,2035,2838,11225,stalled,0.84
qsem,beanstalk-noplace,,"{""q_sem"": 0.2}",beanstalk-noplace,1,100,1000,10,False,3,500.2319,0.006,,9.391,10.196,9.491,0.12,34.65,0.03,65.2,59.47,17332.22,16.54,32614.97,0.0,32614.97,62109.9,20.69,6177,0,10,487,293,4656,4671,41,4640,0,1537.69,233.43,14991.25,29998.2,29998.6,82,0,0,1415,1517,3297,4659,16714,stalled,1.29
qsem,beanstalk,,"{""q_sem"": 0.2}",beanstalk,2,100,1000,10,False,6,500.2596,0.012,,9.86,10.34,9.907,0.14,42.26,0.05,57.56,67.88,21140.24,25.1,28792.74,0.0,28792.74,90013.4,29.99,8954,0,10,1115,36,6507,6668,50,6635,153,2277.63,195.51,14991.35,29999.13,29991.2,98,0,0,2094,2439,4624,6513,24790,stalled,2.88
qsem,beanstalk-noplace,,"{""q_sem"": 0.2}",beanstalk-noplace,0,100,1000,10,False,0,499.9644,0.0,,,,,0.1,38.31,0.04,61.55,52.07,19152.12,20.87,30771.38,0.0,30771.38,78391.2,26.13,7819,0,10,635,60,5802,5884,44,5850,0,905.51,201.54,14998.93,29997.86,29979.9,85,0,0,1781,2014,4147,5802,21075,stalled,2.51
qsem,beanstalk,,"{""q_sem"": 0.2}",beanstalk,7,100,1000,10,False,2,500.1682,0.004,,11.193,11.377,11.193,0.11,37.93,0.04,61.92,57.16,18972.86,18.85,30967.95,0.0,30967.95,70856.9,23.61,7054,0,10,629,720,5228,5268,48,5241,115,1067.98,227.78,14987.19,29992.23,29992.8,86,0,0,1671,1824,3645,5230,19075,stalled,2.99
qsem,beanstalk-noplace,,"{""q_sem"": 0.2}",beanstalk-noplace,2,100,1000,10,False,5,500.1887,0.01,,9.142,9.677,9.094,0.13,37.63,0.04,62.2,67.09,18822.55,18.97,31110.26,0.0,31110.26,68658.9,22.88,6836,0,10,812,1016,5057,5093,43,5066,0,1069.85,229.18,14990.58,29996.24,29986.3,88,0,0,1612,1769,3524,5062,18900,stalled,2.58
queue,batched-par k=1,,"{""batch_k"": 1}",batched-par,7,1000,10000,100,True,10000,608.5099,16.4336,17.3687,3338.689,3974.486,3191.542,0.7,5.81,81.6,11.89,4229.87,35372.03,496551.67,72356.31,7033.57,0.0,964455.5,26.42,110909,46311,100,27898,5732,25719,4548,190,4548,0,0.0,0.0,17.76,791.9,0.0,0,0,96171,0,0,0,0,153545,,39.45
qsem,beanstalk-noplace,,"{""q_sem"": 0.2}",beanstalk-noplace,4,100,1000,10,False,5,500.2868,0.01,,10.519,12.335,10.986,0.12,34.95,0.03,64.89,61.17,17486.02,16.23,32465.26,0.0,32465.26,61006.4,20.32,6077,0,10,468,1159,4558,4588,15,4561,0,1033.2,240.82,14989.69,29998.29,29998.7,85,0,0,1386,1513,3217,4563,16390,stalled,2.11
qsem,beanstalk-noplace,,"{""q_sem"": 0.2}",beanstalk-noplace,5,100,1000,10,False,5,500.2459,0.01,,10.149,10.912,9.748,0.11,30.6,0.03,69.26,55.03,15307.88,15.0,34646.69,0.0,34646.69,55735.9,18.57,5544,0,10,509,190,4150,4157,33,4137,0,937.28,231.36,14990.7,29998.07,29995.6,91,0,0,1282,1388,2908,4155,15111,stalled,2.1
qsem,beanstalk-noplace,,"{""q_sem"": 0.2}",beanstalk-noplace,8,100,1000,10,False,1,500.0349,0.002,,9.197,9.197,9.197,0.11,20.57,0.02,79.29,55.98,10287.71,10.21,39649.58,0.0,39649.58,36014.9,12.0,3583,0,10,390,37,2711,2711,12,2698,0,2040.62,238.56,14988.11,29989.15,29984.4,86,0,0,765,871,1958,2712,10016,stalled,0.68
qsem,beanstalk,,"{""q_sem"": 0.2}",beanstalk,9,100,1000,10,False,0,499.9417,0.0,,,,,0.11,37.97,0.04,61.87,56.35,18983.94,21.78,30932.1,0.0,30932.1,79424.3,26.48,7911,0,10,791,803,5992,6032,37,5998,117,6137.49,195.14,14998.25,29996.5,29979.5,82,0,0,1746,1917,4323,5992,21766,stalled,3.88
queue,batched-par k=1,,"{""batch_k"": 1}",batched-par,9,1000,10000,100,True,10000,600.3477,16.657,16.6772,3470.157,4114.487,3300.356,0.71,5.56,86.06,7.67,4248.69,33401.45,516657.95,46039.57,4140.73,0.0,992662.2,27.56,114409,48970,98,26487,5283,26651,4741,201,4741,0,0.0,0.0,7.66,171.63,0.0,0,0,99467,0,0,0,0,155838,,39.23
qsem,beanstalk,,"{""q_sem"": 0.2}",beanstalk,6,100,1000,10,False,3,500.2125,0.006,,10.61,10.649,10.621,0.13,43.34,0.05,56.49,63.51,21676.98,24.87,28255.9,0.0,28255.9,93460.7,31.14,9310,0,10,753,780,6801,6984,45,6946,147,1022.63,199.26,14990.26,29996.63,29987.5,114,0,0,2155,2504,4874,6804,25035,stalled,4.18
qsem,beanstalk quarantine,,"{""green_mode"": ""quarantine"", ""q_sem"": 0.05}",beanstalk,2,100,1000,10,True,1000,286.9932,3.4844,3.9474,1067.098,4941.747,1711.752,1.52,14.21,0.03,84.24,434.8,4078.94,9.29,24176.28,13.19,24030.96,20003.3,11.62,1994,0,10,765,120,447,960,11,960,864,1997.78,872.99,49.29,649.11,16258.5,80,0,0,341,420,653,1574,7342,,0.53
qsem,beanstalk quarantine,,"{""green_mode"": ""quarantine"", ""q_sem"": 0.05}",beanstalk,1,100,1000,10,True,1000,265.4842,3.7667,4.1291,1246.594,5655.84,1913.404,1.58,15.23,0.03,83.15,420.41,4043.14,9.28,22075.59,23.11,21761.01,19064.5,11.97,1895,0,10,774,112,379,957,8,957,878,2124.35,989.89,70.69,989.59,14995.5,96,0,0,325,382,670,1513,7252,,0.6
qsem,beanstalk-noplace,,"{""q_sem"": 0.2}",beanstalk-noplace,3,100,1000,10,False,0,499.8847,0.0,,,,,0.11,44.58,0.05,55.26,56.73,22286.18,24.32,27621.24,0.0,27621.24,92096.8,30.71,9167,0,10,681,401,6883,6958,59,6923,0,4044.75,203.75,14996.54,29993.08,29976.9,85,0,0,2062,2282,4955,6883,24663,stalled,3.51
qsem,beanstalk quarantine,,"{""green_mode"": ""quarantine"", ""q_sem"": 0.05}",beanstalk,0,100,1000,10,True,1000,327.2063,3.0562,4.6403,1585.293,7681.159,2501.709,1.28,15.85,0.03,82.84,417.26,5187.18,10.88,27105.31,14.37,26700.82,22635.9,11.53,2247,0,10,966,164,416,1239,10,1239,880,3016.03,1086.44,75.05,701.32,18274.2,131,0,0,411,474,865,1773,8557,,0.76
qsem,beanstalk quarantine,,"{""green_mode"": ""quarantine"", ""q_sem"": 0.05}",beanstalk,5,100,1000,10,True,1000,307.0632,3.2567,3.6678,1053.614,4485.913,1575.397,1.4,12.94,0.03,85.62,431.22,3973.93,9.28,26291.88,22.22,26268.35,19584.4,10.63,1956,0,10,785,122,390,938,5,938,883,2175.6,814.09,31.87,247.3,18317.1,96,0,0,288,357,671,1599,7279,,0.49
queue,batched-par k=1,,"{""batch_k"": 1}",batched-par,8,1000,10000,100,True,10000,597.8405,16.7269,17.0669,3365.773,4115.175,3253.953,0.72,5.94,84.77,8.57,4285.2,35529.99,506795.5,51229.77,3692.57,0.0,1011965.7,28.21,117049,50143,97,27398,5664,26871,4667,201,4667,0,0.0,0.0,8.46,242.06,0.0,0,0,102181,0,0,0,0,159315,,39.81
qsem,beanstalk-noplace,,"{""q_sem"": 0.2}",beanstalk-noplace,6,100,1000,10,False,6,500.1651,0.012,,8.769,10.585,9.213,0.12,39.18,0.04,60.66,61.77,19594.03,21.25,30339.46,0.0,30339.46,75883.8,25.29,7539,0,10,908,141,5627,5691,40,5660,0,1543.19,212.35,14988.78,29993.72,29987.2,94,0,0,1723,1905,4008,5633,20981,stalled,1.92
qsem,beanstalk quarantine,,"{""green_mode"": ""quarantine"", ""q_sem"": 0.05}",beanstalk,3,100,1000,10,True,1000,286.5,3.4904,4.9663,1168.328,4873.458,1688.315,1.37,14.7,0.04,83.89,392.43,4211.77,10.25,24035.55,16.13,23851.42,20628.1,12.0,2048,0,10,934,166,399,1067,5,1067,870,1860.03,809.9,74.47,669.39,15037.7,122,0,0,333,413,755,1635,7917,,0.67
qsem,beanstalk quarantine,,"{""green_mode"": ""quarantine"", ""q_sem"": 0.05}",beanstalk,4,100,1000,10,True,1000,327.0361,3.0578,3.9934,1538.49,6837.251,2335.639,1.34,16.36,0.03,82.27,436.73,5349.27,10.88,26906.73,60.89,26668.98,22521.9,11.48,2236,0,10,1019,146,398,1213,10,1213,884,2455.14,1024.23,63.25,651.83,18581.6,124,0,0,403,455,846,1781,8613,,0.67
qsem,beanstalk,,"{""q_sem"": 0.2}",beanstalk,5,100,1000,10,False,1,500.1265,0.002,,9.411,9.411,9.411,0.12,51.42,0.05,48.41,59.06,25717.07,26.85,24209.66,0.0,24209.66,101173.1,33.72,10081,0,10,782,146,7592,7656,42,7611,124,4543.95,208.95,14991.79,29995.58,29989.3,101,0,0,2327,2486,5371,7593,27154,stalled,4.97
qsem,beanstalk quarantine,,"{""green_mode"": ""quarantine"", ""q_sem"": 0.05}",beanstalk,6,100,1000,10,True,1000,329.5234,3.0347,3.0569,1256.268,5525.313,1863.714,1.29,11.91,0.03,86.77,425.13,3925.42,9.05,28592.74,47.9,28443.2,20423.4,10.33,2038,0,10,719,138,490,938,7,938,882,2645.0,979.84,40.3,367.76,19262.7,90,0,0,326,424,645,1614,7243,,0.52
qsem,beanstalk quarantine,,"{""green_mode"": ""quarantine"", ""q_sem"": 0.05}",beanstalk,7,100,1000,10,True,1000,244.5296,4.0895,4.9422,1262.196,5026.264,1840.455,1.74,17.36,0.04,80.86,425.68,4246.18,9.63,19771.48,23.25,19748.01,19948.5,13.6,1989,0,10,845,166,456,994,7,994,860,2038.47,927.22,42.51,507.02,14550.9,97,0,0,307,371,724,1618,7562,,0.58
qsem,beanstalk quarantine,,"{""green_mode"": ""quarantine"", ""q_sem"": 0.05}",beanstalk,8,100,1000,10,True,1000,286.4744,3.4907,3.6558,1415.166,5490.923,2088.859,1.44,14.64,0.04,83.89,411.47,4194.65,10.07,24031.25,10.55,23822.72,20390.4,11.86,2025,0,10,907,124,352,1024,4,1024,888,2599.86,1028.47,46.08,582.93,16597.3,97,0,0,354,394,699,1631,7766,,0.57
qsem,beanstalk-noplace,,"{""q_sem"": 0.2}",beanstalk-noplace,9,100,1000,10,False,1,500.1321,0.002,,8.85,8.85,8.85,0.11,33.82,0.04,66.03,53.76,16914.93,18.99,33025.52,0.0,33025.52,71677.7,23.89,7133,0,10,486,1214,5446,5450,22,5421,0,1265.42,197.53,14992.58,29996.53,29991.6,79,0,0,1582,1686,3890,5447,19212,stalled,1.38
qsem,beanstalk-noplace,,"{""q_sem"": 0.2}",beanstalk-noplace,7,100,1000,10,False,2,500.2558,0.004,,9.607,9.807,9.607,0.12,42.82,0.05,57.01,61.66,21421.99,23.87,28518.07,0.0,28518.07,87618.1,29.19,8712,0,10,848,1005,6571,6606,44,6570,0,6771.08,204.48,14990.42,29998.08,29996.1,91,0,0,1997,2137,4653,6573,23841,stalled,2.18
qsem,beanstalk quarantine,,"{""green_mode"": ""quarantine"", ""q_sem"": 0.05}",beanstalk,9,100,1000,10,True,1000,325.152,3.0755,3.7138,1573.421,6807.83,2368.985,1.33,15.85,0.03,82.78,433.66,5154.14,10.33,26917.06,70.04,26767.83,21879.1,11.21,2178,0,10,877,132,425,1174,10,1174,864,2954.65,1127.64,55.59,488.73,19149.4,112,0,0,366,433,850,1745,8174,,0.66
main,serial,,{},serial,1,500,5000,50,True,5000,1108.3863,4.5111,4.5423,6527.822,6924.572,6251.886,0.38,1.36,92.65,5.61,2108.89,7547.6,513442.93,31093.71,1687.54,0.0,66078.6,1.99,6466,0,1,4496,1151,1466,1366,100,1366,0,0.0,0.0,8.62,175.61,0.0,0,0,0,0,0,0,0,17428,,0.75
main,serial,,{},serial,2,500,5000,50,True,5000,1112.1458,4.4958,4.5068,6584.684,6935.346,6271.772,0.38,1.35,92.64,5.63,2128.39,7500.63,515147.05,31296.85,1423.33,0.0,66401.3,1.99,6482,0,1,4512,1147,1482,1372,110,1372,0,0.0,0.0,8.52,152.09,0.0,0,0,0,0,0,0,0,17476,,0.7
main,serial,,{},serial,0,500,5000,50,True,5000,1113.751,4.4893,4.4982,6610.667,6946.679,6297.746,0.38,1.38,92.86,5.37,2143.14,7684.82,517127.37,29920.15,1631.12,0.0,66592.2,1.99,6502,0,1,4559,1196,1502,1394,108,1394,0,0.0,0.0,8.53,160.67,0.0,0,0,0,0,0,0,0,17563,,0.83
main,serial,,{},serial,3,500,5000,50,True,5000,1108.5654,4.5103,4.522,6581.153,6947.182,6273.399,0.39,1.36,92.95,5.3,2143.65,7565.61,515217.67,29355.79,1213.23,0.0,66375.2,2.0,6480,0,1,4544,1107,1480,1387,93,1387,0,0.0,0.0,8.33,63.72,0.0,0,0,0,0,0,0,0,17504,,0.75
main,serial,,{},serial,5,500,5000,50,True,5000,1119.6844,4.4655,4.5228,6563.546,6897.566,6280.63,0.37,1.34,92.15,6.14,2084.71,7500.08,515885.75,34371.67,1221.98,0.0,66401.7,1.98,6487,0,1,4520,1052,1487,1390,97,1390,0,0.0,0.0,11.09,612.58,0.0,0,0,0,0,0,0,0,17494,,0.74
main,serial,,{},serial,4,500,5000,50,True,5000,1110.0923,4.5041,4.5433,6532.568,6887.592,6246.001,0.39,1.41,92.37,5.84,2138.8,7830.4,512669.65,32407.32,1409.78,0.0,66179.5,1.99,6463,0,1,4535,1097,1463,1357,106,1357,0,0.0,0.0,9.2,372.15,0.0,0,0,0,0,0,0,0,17461,,0.84
main,serial,,{},serial,6,500,5000,50,True,5000,1123.9455,4.4486,4.4576,6646.362,7032.196,6351.132,0.38,1.4,92.78,5.44,2135.17,7851.28,521409.69,30576.63,1631.85,0.0,67248.2,1.99,6578,0,1,4351,1231,1578,1462,116,1462,0,0.0,0.0,8.48,72.41,0.0,0,0,0,0,0,0,0,17507,,0.76
main,serial,,{},serial,7,500,5000,50,True,5000,1122.8328,4.453,4.5491,6536.619,6874.966,6222.995,0.39,1.43,90.94,7.24,2180.71,8012.84,510570.06,40652.78,1822.98,0.0,66189.5,1.96,6469,0,1,4547,1194,1469,1382,87,1382,0,0.0,0.0,16.76,1087.71,0.0,0,0,0,0,0,0,0,17485,,0.8
main,serial,,{},serial,8,500,5000,50,True,5000,1117.4896,4.4743,4.5257,6536.967,6918.147,6243.251,0.38,1.35,91.77,6.51,2100.4,7531.69,512739.2,36373.53,2702.38,0.0,66387.9,1.98,6479,0,1,4439,1106,1479,1368,111,1368,0,0.0,0.0,8.97,224.64,0.0,0,0,0,0,0,0,0,17397,,0.83
main,serial,,{},serial,9,500,5000,50,True,5000,1117.1974,4.4755,4.4852,6600.122,6954.996,6289.957,0.38,1.37,92.46,5.78,2122.66,7670.56,516492.52,32312.98,1087.13,0.0,66680.6,1.99,6522,0,1,4471,1056,1522,1407,115,1407,0,0.0,0.0,9.09,342.04,0.0,0,0,0,0,0,0,0,17515,,0.83
main,beanstalk-noplace,,{},beanstalk-noplace,1,500,5000,50,True,5000,489.5792,10.2129,10.0959,4188.761,12634.153,6155.219,0.86,7.09,0.04,92.02,2108.89,17345.74,86.71,225248.26,50.66,223042.6,73018.4,4.97,7254,0,50,11475,1068,5961,2666,34,2666,0,1758.56,242.61,5148.38,12638.34,29146.9,155,0,0,787,1267,1914,5987,39472,,1.53
main,beanstalk-noplace,,{},beanstalk-noplace,0,500,5000,50,True,5000,472.3661,10.585,10.1371,2567.578,13664.253,4223.649,0.91,8.1,0.04,90.96,2143.14,19124.96,93.44,214821.5,44.0,214139.84,76710.4,5.41,7652,0,50,12484,1150,6214,2948,25,2948,0,1357.13,240.49,3983.54,13668.66,28036.5,156,0,0,891,1385,2085,6267,41872,,1.74
main,beanstalk,,{},beanstalk,3,500,5000,50,False,599,543.8664,1.1014,,2753.895,2768.325,2729.721,0.48,4.44,0.02,95.05,1317.96,12076.26,56.87,258482.11,0.0,258482.11,48167.8,2.95,4787,0,50,7625,759,3818,1814,23,1812,2962,1354.21,250.85,13774.88,29855.94,32556.7,148,0,0,602,964,1235,3823,25826,stalled,2.58
main,beanstalk-noplace,,{},beanstalk-noplace,3,500,5000,50,False,1835,598.8952,3.064,23.3415,1954.807,2205.0,1946.606,0.51,4.74,0.02,94.72,1536.07,14195.45,65.34,283650.73,0.0,283650.73,55314.6,3.08,5498,0,50,8789,883,4488,2105,19,2102,0,2488.51,257.38,12641.48,29943.05,35853.7,148,0,0,620,985,1505,4513,29887,stalled,2.21
main,beanstalk-noplace,,{},beanstalk-noplace,2,500,5000,50,True,5000,412.7601,12.1136,11.3204,2786.644,9284.952,3639.345,1.03,8.81,0.04,90.12,2128.39,18174.92,91.04,185985.72,26.79,185692.27,75302.1,6.08,7490,0,50,12227,1126,5979,2758,30,2758,0,1443.31,241.18,2689.33,9289.4,24562.1,149,0,0,843,1459,1949,6031,41033,,2.75
main,beanstalk,,{},beanstalk,1,500,5000,50,True,5000,377.4202,13.2478,12.108,2777.552,5529.53,3342.633,1.12,9.33,0.05,89.5,2108.89,17611.49,89.22,168900.5,101.82,168307.55,73821.2,6.52,7331,0,50,11852,1046,5913,2668,30,2668,4808,1326.48,244.28,2034.8,5534.3,22455.9,162,0,0,823,1383,1877,5947,40033,,5.08
main,beanstalk,,{},beanstalk,0,500,5000,50,True,5000,379.8704,13.1624,21.486,3048.618,10449.372,4805.755,1.13,9.53,0.05,89.29,2143.14,18099.67,92.18,169600.23,39.09,168714.06,74086.8,6.5,7366,0,50,12356,1162,6011,2757,25,2757,4830,1651.01,237.24,3511.44,10467.59,22622.9,155,0,0,815,1334,1967,6032,41036,,5.19
main,beanstalk-noplace,,{},beanstalk-noplace,5,500,5000,50,False,2,496.1243,0.004,,8.283,8.443,8.283,0.21,2.49,0.01,97.29,523.29,6174.74,25.17,241338.94,0.0,241338.94,23952.1,1.61,2383,0,50,3189,335,1889,1102,9,1097,0,1183.48,246.76,14872.43,29756.16,29735.8,164,0,0,341,492,770,1891,11719,stalled,0.64
main,beanstalk,,{},beanstalk,2,500,5000,50,True,5000,585.5724,8.5387,7.7035,3625.126,16986.616,5534.644,0.73,6.34,0.03,92.9,2128.39,18576.07,88.97,271992.78,40.84,271693.16,76968.3,4.38,7670,0,50,11791,1014,6181,2887,33,2887,4827,1574.44,244.77,5386.02,16990.51,34948.7,147,0,0,910,1464,2010,6206,40884,,5.28
main,beanstalk,,{},beanstalk,5,500,5000,50,True,5000,470.8051,10.6201,10.6466,4633.711,13254.726,5262.562,0.89,7.62,0.04,91.45,2084.71,17942.94,89.97,215284.9,29.77,214611.81,76356.8,5.41,7592,0,50,11793,1112,6071,2914,34,2914,4799,1512.94,233.68,4458.22,13259.16,28082.8,155,0,0,869,1478,2079,6114,40720,,5.3
main,beanstalk-noplace,,{},beanstalk-noplace,4,500,5000,50,True,5000,607.4946,8.2305,7.2229,4095.296,23928.782,6545.476,0.7,6.16,0.03,93.11,2138.8,18714.23,89.64,282804.64,44.12,282423.17,75758.5,4.16,7542,0,50,11869,1040,6088,2806,28,2806,0,2161.85,247.99,8593.24,23933.97,36248.9,145,0,0,867,1432,1968,6110,40597,,2.81
main,beanstalk,,{},beanstalk,4,500,5000,50,True,5000,459.1415,10.8899,10.0054,3421.652,17981.338,7117.738,0.93,8.32,0.04,90.71,2138.8,19104.92,91.52,208235.52,13.4,208133.95,77133.5,5.6,7689,0,50,12144,1059,6105,2930,27,2930,4816,2163.29,244.28,6322.4,17986.09,27361.6,150,0,0,894,1559,2064,6130,41443,,5.44
main,beanstalk,,{},beanstalk,8,500,5000,50,True,5000,370.8924,13.481,14.4589,2408.177,5138.98,3142.786,1.13,9.46,0.05,89.36,2100.4,17544.07,89.58,165712.16,91.02,165118.31,73440.6,6.6,7310,0,50,11878,1061,5936,2693,24,2693,4811,1551.7,239.52,1873.27,5147.06,21614.1,148,0,0,829,1346,1888,5964,40167,,5.2
main,beanstalk-noplace,,{},beanstalk-noplace,9,500,5000,50,False,632,552.186,1.1445,,3136.815,3151.877,3086.995,0.19,1.98,0.01,97.81,534.54,5478.81,22.86,270056.77,0.0,270056.77,20250.0,1.22,2019,0,50,3018,307,1642,834,9,832,0,1656.7,271.68,13702.61,29967.82,33099.3,139,0,0,247,367,596,1652,10629,stalled,0.47
main,beanstalk,,{},beanstalk,9,500,5000,50,True,5000,467.7058,10.6905,9.4674,2689.896,15392.707,5448.873,0.91,7.85,0.04,91.2,2122.66,18359.47,89.18,213281.57,61.75,212394.93,77066.8,5.49,7638,0,50,11731,1100,6212,2947,20,2947,4810,1802.64,240.47,4808.64,15400.39,27901.5,142,0,0,861,1400,2106,6238,40816,,5.47
main,beanstalk,,{},beanstalk,7,500,5000,50,True,5000,742.7053,6.7321,5.6521,9690.636,21880.66,11765.021,0.59,5.2,0.02,94.19,2180.71,19307.62,91.86,349772.45,120.8,349535.9,78104.3,3.51,7785,0,50,12213,1190,6342,3028,18,3028,4811,1585.88,246.04,10166.26,21882.79,43748.3,158,0,0,909,1419,2137,6366,41895,,5.84
main,beanstalk,,{},beanstalk,6,500,5000,50,True,5000,554.4213,9.0184,8.4327,13459.007,28443.792,14804.188,0.77,6.96,0.03,92.23,2135.17,19303.86,86.65,255684.99,157.61,252720.63,80958.0,4.87,8080,0,50,11211,1137,6460,3217,33,3217,4807,1327.63,242.83,12504.46,28449.0,33083.5,173,0,0,989,1600,2263,6479,41138,,6.15
main,beanstalk-noplace,,{},beanstalk-noplace,6,500,5000,50,True,5000,796.1523,6.2802,10.4027,12411.538,24637.473,12201.739,0.54,5.14,0.02,94.3,2135.17,20457.34,90.58,375393.07,127.25,374432.34,86072.3,3.6,8561,0,50,11668,1162,6727,3515,41,3515,0,1329.14,238.34,11034.85,24642.6,47576.9,164,0,0,1150,1818,2406,6743,42858,,2.86
main,beanstalk-noplace,,{},beanstalk-noplace,7,500,5000,50,True,5000,639.8661,7.8141,10.0606,3238.316,14523.947,5387.561,0.68,6.15,0.03,93.14,2180.71,19672.91,94.88,297984.57,75.83,297814.46,76688.8,4.0,7636,0,50,12761,1165,6191,2938,26,2938,0,1583.81,249.68,4660.07,14529.0,37147.2,158,0,0,883,1413,2081,6223,42306,,2.79
main,beanstalk-noplace,,{},beanstalk-noplace,8,500,5000,50,True,5000,323.91,15.4364,14.924,2336.163,5905.955,3047.405,1.3,10.8,0.06,87.85,2100.4,17492.05,90.25,142272.28,37.97,141622.63,74246.2,7.64,7387,0,50,12072,1200,5930,2682,26,2682,0,1551.22,236.53,1748.66,5909.73,18785.7,145,0,0,855,1428,1854,5959,40514,,2.86
queue,batched k=1,,"{""batch_k"": 1}",batched,1,500,5000,50,True,5000,375.6345,13.3108,13.9624,2045.605,2557.136,2001.203,1.12,5.86,82.93,10.09,2108.89,11012.42,155754.49,18941.47,1706.44,0.0,387516.5,34.39,40957,12133,20,6887,1549,8908,1818,110,1818,0,0.0,0.0,16.6,551.32,0.0,0,0,34029,0,0,0,0,54772,,3.03
queue,batched k=1,,"{""batch_k"": 1}",batched,2,500,5000,50,True,5000,403.6955,12.3856,13.8858,2064.212,2509.838,2012.048,1.05,5.76,77.31,15.88,2128.39,11618.44,156052.2,32048.72,2999.81,0.0,389752.2,32.18,41200,12314,20,7127,1587,8931,1834,107,1834,0,0.0,0.0,59.7,1139.6,0.0,0,0,34259,0,0,0,0,55268,,3.04
queue,batched k=1,,"{""batch_k"": 1}",batched,0,500,5000,50,True,5000,372.9043,13.4083,14.0755,2015.736,2507.767,1992.036,1.15,6.04,82.99,9.82,2143.14,11263.66,154739.33,18306.04,1889.32,0.0,387279.6,34.62,40907,12182,20,7122,1605,9009,1829,102,1829,0,0.0,0.0,14.69,473.16,0.0,0,0,33976,0,0,0,0,54960,,3.33
queue,batched k=1,,"{""batch_k"": 1}",batched,3,500,5000,50,True,5000,381.6273,13.1018,14.0799,2078.062,2557.116,2008.584,1.12,5.69,82.03,11.16,2143.65,10859.54,156522.46,21288.02,1775.82,0.0,387577.8,33.85,40926,12049,20,6885,1533,9031,1847,85,1847,0,0.0,0.0,20.54,587.06,0.0,0,0,33994,0,0,0,0,54743,,3.17
queue,batched k=1,,"{""batch_k"": 1}",batched,5,500,5000,50,True,5000,369.7429,13.5229,14.1937,2023.327,2477.902,1993.396,1.13,5.83,84.02,9.02,2084.71,10778.45,155337.89,16670.41,893.93,0.0,385445.0,34.75,40759,12279,20,6885,1478,8676,1822,101,1822,0,0.0,0.0,13.05,332.27,0.0,0,0,33836,0,0,0,0,54567,,3.08
queue,batched k=1,,"{""batch_k"": 1}",batched,4,500,5000,50,True,5000,382.0936,13.0858,14.4862,1994.834,2458.601,1947.751,1.12,6.05,78.91,13.92,2138.8,11566.0,150746.57,26595.42,2891.53,0.0,377722.8,32.95,40049,12039,20,7048,1437,8402,1779,105,1779,0,0.0,0.0,58.66,1493.58,0.0,0,0,33165,0,0,0,0,53981,,3.18
queue,batched k=1,,"{""batch_k"": 1}",batched,6,500,5000,50,True,5000,382.2369,13.0809,13.6472,2090.956,2559.354,2059.451,1.12,5.67,84.13,9.08,2135.17,10840.55,160780.36,17362.37,1449.3,0.0,400084.4,34.89,42363,13143,20,6564,1604,9277,1902,101,1902,0,0.0,0.0,10.99,281.94,0.0,0,0,35360,0,0,0,0,55930,,2.91
queue,batched k=1,,"{""batch_k"": 1}",batched,7,500,5000,50,True,5000,376.5651,13.2779,14.0092,2031.49,2518.221,1969.501,1.16,6.35,80.82,11.67,2180.71,11963.51,152161.61,21976.71,2156.79,0.0,388004.1,34.35,41083,12762,20,7109,1639,8424,1826,107,1826,0,0.0,0.0,15.08,399.67,0.0,0,0,34150,0,0,0,0,55125,,2.82
queue,batched k=1,,"{""batch_k"": 1}",batched,8,500,5000,50,True,5000,382.5721,13.0694,13.623,2069.93,2589.75,2026.089,1.1,5.9,82.37,10.64,2100.4,11277.52,157563.26,20344.85,2260.12,0.0,392978.5,34.24,41462,12113,20,6788,1515,9145,1857,101,1857,0,0.0,0.0,15.33,495.15,0.0,0,0,34504,0,0,0,0,55208,,2.73
queue,batched k=1,,"{""batch_k"": 1}",batched,9,500,5000,50,True,5000,381.426,13.1087,13.3578,2112.933,2639.069,2059.508,1.11,5.77,84.22,8.9,2122.66,10999.69,160625.99,16964.65,1494.35,0.0,399877.0,34.95,42272,12854,20,6684,1443,9279,1882,114,1882,0,0.0,0.0,12.45,399.03,0.0,0,0,35276,0,0,0,0,55952,,1.97
place,beanstalk soft,predicted-best,"{""flag_clean"": 0.15, ""flag_recall"": 0.6, ""placement_fallback"": ""least-overlap""}",beanstalk,0,500,5000,50,True,5000,478.9334,10.4399,9.4248,3070.902,10992.198,4360.696,0.89,7.77,0.04,91.3,2143.14,18603.92,90.16,218629.47,101.56,217211.38,77120.9,5.37,7669,0,50,12037,1142,6183,2919,26,2919,4746,1651.39,238.33,3301.08,10997.15,28402.6,148,0,0,871,1457,2074,6212,41406,,3.79
place,beanstalk soft,predicted-best,"{""flag_clean"": 0.15, ""flag_recall"": 0.6, ""placement_fallback"": ""least-overlap""}",beanstalk,1,500,5000,50,True,5000,723.3796,6.912,6.5881,4728.43,27173.816,8374.64,0.58,5.24,0.02,94.15,2108.89,18962.35,89.78,340528.79,62.13,340412.96,79128.2,3.65,7863,0,50,11702,1179,6374,3112,22,3112,4753,1368.35,237.91,9442.21,27177.96,43241.8,153,0,0,925,1463,2209,6400,41247,,3.71
place,beanstalk soft,predicted-best,"{""flag_clean"": 0.15, ""flag_recall"": 0.6, ""placement_fallback"": ""least-overlap""}",beanstalk,2,500,5000,50,True,5000,518.3089,9.6468,10.1702,5372.4,18570.223,8524.788,0.82,7.07,0.03,92.08,2128.39,18311.75,87.35,238626.94,87.48,235406.94,75345.7,4.85,7499,0,50,11502,1095,6090,2798,30,2798,4741,1395.42,249.24,6855.81,18579.11,30920.3,149,0,0,879,1394,1949,6105,40104,,3.66
place,beanstalk soft,predicted-best,"{""flag_clean"": 0.15, ""flag_recall"": 0.6, ""placement_fallback"": ""least-overlap""}",beanstalk,3,500,5000,50,True,5000,371.7131,13.4512,12.304,2463.385,7528.921,3050.55,1.15,9.72,0.05,89.07,2143.65,18072.6,90.93,165549.37,24.53,165368.45,75480.1,6.77,7504,0,50,12071,1222,6041,2797,20,2797,4764,2051.76,238.11,2064.14,7532.08,22102.2,171,0,0,850,1407,1968,6097,40759,,3.56
queue,batched-par k=1,,"{""batch_k"": 1}",batched-par,1,500,5000,50,True,5000,305.4322,16.3702,17.7353,1600.77,2198.494,1560.983,1.38,10.41,74.77,13.44,2108.89,15898.48,114183.41,20525.34,1754.99,0.0,482129.1,52.62,55868,24079,50,12224,2364,12627,2252,100,2252,0,0.0,0.0,19.57,665.96,0.0,0,0,48516,0,0,0,0,75444,,11.88
queue,batched-par k=1,,"{""batch_k"": 1}",batched-par,0,500,5000,50,True,5000,307.8111,16.2437,17.6089,1619.873,2190.501,1598.19,1.39,10.98,75.56,12.07,2143.14,16896.34,116286.19,18579.86,1522.9,0.0,489990.0,53.06,56182,23356,50,12533,2516,13219,2277,110,2277,0,0.0,0.0,10.39,287.74,0.0,0,0,48795,0,0,0,0,76102,,12.2
queue,batched-par k=1,,"{""batch_k"": 1}",batched-par,4,500,5000,50,True,5000,334.6473,14.9411,18.1589,1527.045,2170.868,1522.942,1.28,10.1,65.75,22.87,2138.8,16894.64,110017.15,38273.04,2375.03,0.0,462453.1,46.06,53196,22513,50,12396,2296,12281,2170,103,2170,0,0.0,0.0,230.88,3005.96,0.0,0,0,45923,0,0,0,0,72865,,11.39
queue,batched-par k=1,,"{""batch_k"": 1}",batched-par,3,500,5000,50,True,5000,338.3288,14.7785,17.5675,1626.476,2159.356,1560.299,1.27,9.49,67.38,21.87,2143.65,16046.06,113978.85,36995.83,1926.07,0.0,470875.5,46.39,54375,22822,50,12186,2521,12481,2231,102,2231,0,0.0,0.0,158.48,2466.14,0.0,0,0,47042,0,0,0,0,73894,,11.77
place,beanstalk soft,predicted-best,"{""flag_clean"": 0.15, ""flag_recall"": 0.6, ""placement_fallback"": ""least-overlap""}",beanstalk,4,500,5000,50,True,5000,475.3291,10.519,12.0533,3631.972,13550.485,5160.567,0.9,7.38,0.04,91.68,2138.8,17548.49,86.63,217890.64,264.55,215717.15,73882.2,5.18,7341,0,50,11480,968,5942,2640,33,2640,4770,2161.96,241.29,4933.57,13554.84,27674.9,154,0,0,818,1380,1855,5961,39587,,3.76
queue,batched-par k=1,,"{""batch_k"": 1}",batched-par,2,500,5000,50,True,5000,306.1689,16.3309,17.1132,1648.048,2224.822,1608.86,1.39,10.71,76.87,11.03,2128.39,16390.61,117681.02,16884.43,1506.46,0.0,491529.2,53.51,56257,23725,50,12396,2421,13161,2264,108,2264,0,0.0,0.0,11.08,365.31,0.0,0,0,48885,0,0,0,0,76025,,11.93
queue,batched-par k=1,,"{""batch_k"": 1}",batched-par,5,500,5000,50,True,5000,293.3843,17.0425,18.4869,1570.507,2152.289,1548.059,1.42,10.71,77.23,10.64,2084.71,15717.79,113287.16,15602.47,943.24,0.0,477865.8,54.29,55053,23649,50,12201,2322,12487,2236,98,2236,0,0.0,0.0,8.13,235.14,0.0,0,0,47719,0,0,0,0,74588,,11.74
queue,batched-par k=1,,"{""batch_k"": 1}",batched-par,9,500,5000,50,True,5000,321.986,15.5286,16.8388,1699.047,2242.318,1625.624,1.32,9.51,74.64,14.54,2122.66,15306.1,120162.6,23401.62,1625.29,0.0,487379.1,50.46,56159,23622,50,11570,2298,12801,2285,112,2285,0,0.0,0.0,26.98,740.41,0.0,0,0,48762,0,0,0,0,75126,,11.71
queue,batched-par k=1,,"{""batch_k"": 1}",batched-par,7,500,5000,50,True,5000,318.3031,15.7083,16.6385,1693.856,2296.538,1637.83,1.37,10.7,75.06,12.87,2180.71,17031.26,119454.57,20485.02,2132.32,0.0,491570.7,51.48,56095,23444,50,12552,2535,13057,2300,104,2300,0,0.0,0.0,14.59,424.32,0.0,0,0,48691,0,0,0,0,76051,,11.96
place,beanstalk soft,predicted-best,"{""flag_clean"": 0.15, ""flag_recall"": 0.6, ""placement_fallback"": ""least-overlap""}",beanstalk,5,500,5000,50,True,5000,455.4978,10.977,11.0098,3409.773,9179.793,4418.244,0.92,8.0,0.04,91.04,2084.71,18221.93,91.73,207350.53,36.27,207141.69,75521.9,5.53,7511,0,50,12028,1095,6010,2884,31,2884,4768,1512.91,241.26,3207.01,9183.06,26760.7,167,0,0,856,1477,2059,6034,40772,,3.76
queue,batched-par k=1,,"{""batch_k"": 1}",batched-par,6,500,5000,50,True,5000,323.9805,15.433,16.436,1722.733,2331.556,1678.969,1.32,9.6,76.77,12.31,2135.17,15558.14,124355.92,19941.02,2044.67,0.0,520157.2,53.52,59665,25685,50,11344,2386,13695,2349,103,2349,0,0.0,0.0,12.42,304.7,0.0,0,0,52213,0,0,0,0,78461,,12.25
queue,batched-par k=1,,"{""batch_k"": 1}",batched-par,8,500,5000,50,True,5000,314.7635,15.8849,16.5102,1692.365,2299.121,1643.914,1.33,10.32,76.72,11.62,2100.4,16247.08,120745.76,18288.52,3046.36,0.0,507093.6,53.7,58191,24928,50,11922,2337,13114,2329,112,2329,0,0.0,0.0,9.24,207.77,0.0,0,0,50750,0,0,0,0,77554,,12.08
place,beanstalk hard,predicted-best,"{""flag_clean"": 0.15, ""flag_recall"": 0.6, ""placement_fallback"": ""wait""}",beanstalk,7,500,5000,50,False,431,600.8364,0.7173,4.2225,512.841,1768.329,621.352,0.07,0.64,0.0,99.28,222.53,1933.46,3.62,298258.6,84148.36,194581.88,12625.2,0.7,1259,0,15,55,23,990,583,4,579,0,1176.42,206.75,12559.47,29984.39,35557.5,12,0,0,163,165,425,1094,3566,stalled,0.39
place,beanstalk hard,predicted-best,"{""flag_clean"": 0.15, ""flag_recall"": 0.6, ""placement_fallback"": ""wait""}",beanstalk,1,500,5000,50,True,5000,1318.2623,3.7929,3.7239,713.285,1868.34,809.03,0.32,0.67,0.0,99.0,2108.89,4442.05,21.69,652558.51,311150.83,327522.44,65818.1,1.66,6545,0,18,588,129,5675,1210,9,1210,0,1528.95,212.9,608.08,3018.52,73384.4,14,0,0,361,377,868,6168,20105,,1.28
place,beanstalk hard,predicted-best,"{""flag_clean"": 0.15, ""flag_recall"": 0.6, ""placement_fallback"": ""wait""}",beanstalk,0,500,5000,50,True,5000,1303.3361,3.8363,4.0856,637.202,1745.204,749.043,0.33,0.68,0.0,98.98,2143.14,4463.84,21.71,645039.35,293962.23,317957.86,66080.9,1.69,6574,0,17,602,196,5749,1234,6,1234,0,1361.22,209.31,596.99,3023.29,73181.7,13,0,0,353,364,893,6210,20221,,1.44
place,beanstalk hard,predicted-best,"{""flag_clean"": 0.15, ""flag_recall"": 0.6, ""placement_fallback"": ""wait""}",beanstalk,2,500,5000,50,True,5000,1264.5601,3.9539,3.8787,669.765,2170.24,865.861,0.34,0.7,0.0,98.96,2128.39,4400.95,21.46,625729.22,279044.5,321718.93,66458.2,1.75,6603,0,17,524,174,5714,1217,8,1217,0,1096.66,211.82,721.01,4324.07,70940.1,13,0,0,385,412,851,6191,20063,,1.39
place,beanstalk hard,predicted-best,"{""flag_clean"": 0.15, ""flag_recall"": 0.6, ""placement_fallback"": ""wait""}",beanstalk,4,500,5000,50,True,5000,1407.214,3.5531,3.7538,672.294,3677.853,1134.508,0.3,0.66,0.0,99.04,2138.8,4626.21,21.57,696820.43,315339.12,352184.36,66360.8,1.57,6581,0,17,548,157,5725,1220,7,1220,0,1837.25,220.96,1219.17,7810.75,79477.0,13,0,0,372,390,863,6191,20092,,1.29
place,beanstalk hard,predicted-best,"{""flag_clean"": 0.15, ""flag_recall"": 0.6, ""placement_fallback"": ""wait""}",beanstalk,3,500,5000,50,True,5000,1230.1058,4.0647,4.2275,585.381,1851.283,733.511,0.35,0.69,0.0,98.96,2143.65,4223.68,21.44,608664.13,280686.1,302593.87,65743.2,1.78,6542,0,17,556,176,5565,1177,4,1177,0,2052.47,210.5,598.56,2796.68,68862.7,15,0,0,371,384,821,6158,19989,,1.41
place,beanstalk hard,predicted-best,"{""flag_clean"": 0.15, ""flag_recall"": 0.6, ""placement_fallback"": ""wait""}",beanstalk,5,500,5000,50,True,5000,1254.8695,3.9845,3.9591,635.681,1935.496,759.519,0.33,0.71,0.0,98.96,2084.71,4443.48,21.63,620884.94,287995.05,311776.5,66479.4,1.77,6623,0,17,537,178,5662,1255,5,1255,0,1515.65,208.26,612.41,3165.64,70464.9,15,0,0,372,393,896,6230,20184,,1.42
place,beanstalk hard,predicted-best,"{""flag_clean"": 0.15, ""flag_recall"": 0.6, ""placement_fallback"": ""wait""}",beanstalk,6,500,5000,50,True,5000,1285.5754,3.8893,3.878,695.707,1829.651,788.083,0.33,0.72,0.0,98.95,2135.17,4613.61,21.87,636017.06,284434.25,331644.71,67251.7,1.74,6702,0,16,562,207,5774,1294,6,1294,0,1329.08,210.46,595.11,2494.36,72185.4,14,0,0,424,440,883,6262,20381,,1.29
place,beanstalk hard,predicted-best,"{""flag_clean"": 0.15, ""flag_recall"": 0.6, ""placement_fallback"": ""wait""}",beanstalk,8,500,5000,50,True,5000,1264.245,3.9549,3.7872,669.225,2520.847,947.905,0.33,0.69,0.0,98.97,2100.4,4389.05,21.73,625611.32,289792.81,318048.68,65925.3,1.74,6563,0,17,618,173,5575,1201,7,1201,0,1551.45,211.63,803.81,5940.61,70865.1,13,0,0,371,391,852,6172,20174,,1.32
place,beanstalk hard,predicted-best,"{""flag_clean"": 0.15, ""flag_recall"": 0.6, ""placement_fallback"": ""wait""}",beanstalk,9,500,5000,50,True,5000,1341.3583,3.7276,3.6416,653.692,2303.508,898.097,0.32,0.69,0.0,98.99,2122.66,4602.57,21.74,663932.17,300014.2,345415.35,66803.6,1.66,6646,0,16,536,169,5718,1282,9,1282,0,1659.35,211.83,826.17,4260.21,75381.4,13,0,0,370,391,927,6255,20261,,1.3
place,beanstalk soft,predicted-best,"{""flag_clean"": 0.15, ""flag_recall"": 0.6, ""placement_fallback"": ""least-overlap""}",beanstalk,6,500,5000,50,True,5000,515.0026,9.7087,12.251,3967.752,9446.007,5106.77,0.83,7.1,0.03,92.03,2135.17,18290.15,86.29,236989.72,120.36,234841.72,78550.3,5.08,7831,0,50,11142,1163,6262,3015,34,3015,4718,1327.44,237.9,3863.52,9452.57,30716.4,172,0,0,979,1536,2070,6295,40281,,3.74
place,beanstalk soft,predicted-best,"{""flag_clean"": 0.15, ""flag_recall"": 0.6, ""placement_fallback"": ""least-overlap""}",beanstalk,8,500,5000,50,True,5000,380.4274,13.1431,12.2061,3253.828,8678.087,3937.896,1.1,8.97,0.05,89.88,2100.4,17052.68,89.13,170971.49,28.47,170532.35,70972.5,6.22,7071,0,50,11850,1073,5762,2541,23,2541,4788,1884.15,241.73,3018.95,8682.38,22169.0,143,0,0,780,1279,1784,5792,39478,,3.64
place,beanstalk soft,predicted-best,"{""flag_clean"": 0.15, ""flag_recall"": 0.6, ""placement_fallback"": ""least-overlap""}",beanstalk,7,500,5000,50,True,5000,537.8541,9.2962,12.3911,3194.877,12201.04,4632.826,0.81,7.48,0.03,91.68,2180.71,20107.78,93.61,246544.96,47.0,246143.83,80122.6,4.97,7968,0,50,12550,1273,6418,3139,26,3139,4777,1535.41,246.06,3571.6,12206.65,32073.2,152,0,0,953,1512,2212,6456,42916,,3.82
place,beanstalk soft,predicted-best,"{""flag_clean"": 0.15, ""flag_recall"": 0.6, ""placement_fallback"": ""least-overlap""}",beanstalk,9,500,5000,50,True,5000,368.4139,13.5717,12.7269,2668.142,5709.648,3007.33,1.15,10.16,0.05,88.64,2122.66,18706.87,90.52,163286.88,10.94,163035.58,77843.1,7.04,7743,0,50,11977,1182,6224,3023,34,3023,4789,1801.11,237.45,1735.97,5715.9,21649.0,166,0,0,919,1484,2138,6259,41437,,3.78
place,beanstalk soft,predicted-typical,"{""flag_clean"": 0.25, ""flag_recall"": 0.6, ""placement_fallback"": ""least-overlap""}",beanstalk,3,500,5000,50,False,599,543.8664,1.1014,,2753.895,2768.325,2729.721,0.48,4.44,0.02,95.05,1317.96,12076.26,56.87,258482.11,0.0,258482.11,48167.8,2.95,4787,0,50,7625,759,3818,1814,23,1812,2962,1354.21,250.85,13774.88,29855.94,32556.7,148,0,0,602,964,1235,3823,25826,stalled,2.29
place,beanstalk hard,predicted-typical,"{""flag_clean"": 0.25, ""flag_recall"": 0.6, ""placement_fallback"": ""wait""}",beanstalk,0,500,5000,50,True,5000,1546.0734,3.234,3.2767,523.361,1806.428,699.966,0.28,0.54,0.0,99.18,2143.14,4203.02,20.96,766669.6,375865.9,350365.3,66039.7,1.42,6569,0,13,441,158,5524,1213,5,1213,0,1651.9,205.92,675.34,4733.51,85055.3,13,0,0,364,371,871,6198,19865,,1.14
place,beanstalk soft,predicted-typical,"{""flag_clean"": 0.25, ""flag_recall"": 0.6, ""placement_fallback"": ""least-overlap""}",beanstalk,1,500,5000,50,True,5000,377.4202,13.2478,12.108,2777.552,5529.53,3342.633,1.12,9.33,0.05,89.5,2108.89,17611.49,89.22,168900.5,101.82,168307.55,73821.2,6.52,7331,0,50,11852,1046,5913,2668,30,2668,4808,1326.48,244.28,2034.8,5534.3,22455.9,162,0,0,823,1383,1877,5947,40033,,3.35
place,beanstalk hard,predicted-typical,"{""flag_clean"": 0.25, ""flag_recall"": 0.6, ""placement_fallback"": ""wait""}",beanstalk,1,500,5000,50,True,5000,1443.2688,3.4644,3.3665,533.878,1878.979,659.827,0.29,0.56,0.0,99.14,2108.89,4059.92,20.7,715444.87,371181.2,320128.03,64659.2,1.49,6427,0,14,465,118,5442,1116,7,1116,0,1531.06,213.87,556.64,2767.49,78695.6,11,0,0,320,326,812,6101,19580,,1.24
place,beanstalk soft,predicted-typical,"{""flag_clean"": 0.25, ""flag_recall"": 0.6, ""placement_fallback"": ""least-overlap""}",beanstalk,0,500,5000,50,True,5000,379.8704,13.1624,21.486,3048.618,10449.372,4805.755,1.13,9.53,0.05,89.29,2143.14,18099.67,92.18,169600.23,39.09,168714.06,74086.8,6.5,7366,0,50,12356,1162,6011,2757,25,2757,4830,1651.01,237.24,3511.44,10467.59,22622.9,155,0,0,815,1334,1967,6032,41036,,3.58
place,beanstalk soft,predicted-typical,"{""flag_clean"": 0.25, ""flag_recall"": 0.6, ""placement_fallback"": ""least-overlap""}",beanstalk,2,500,5000,50,True,5000,585.5724,8.5387,7.7035,3625.126,16986.616,5534.644,0.73,6.34,0.03,92.9,2128.39,18576.07,88.97,271992.78,40.84,271693.16,76968.3,4.38,7670,0,50,11791,1014,6181,2887,33,2887,4827,1574.44,244.77,5386.02,16990.51,34948.7,147,0,0,910,1464,2010,6206,40884,,3.46
place,beanstalk hard,predicted-typical,"{""flag_clean"": 0.25, ""flag_recall"": 0.6, ""placement_fallback"": ""wait""}",beanstalk,2,500,5000,50,True,5000,1514.3255,3.3018,3.2524,549.004,1879.161,751.666,0.28,0.57,0.0,99.15,2128.39,4313.57,20.87,750699.95,374639.73,350282.08,66100.4,1.46,6569,0,16,458,105,5562,1187,10,1187,0,1096.99,212.59,668.73,4339.95,82933.2,12,0,0,381,390,829,6179,19858,,1.14
place,beanstalk soft,predicted-typical,"{""flag_clean"": 0.25, ""flag_recall"": 0.6, ""placement_fallback"": ""least-overlap""}",beanstalk,4,500,5000,50,True,5000,459.1415,10.8899,10.0054,3421.652,17981.338,7117.738,0.93,8.32,0.04,90.71,2138.8,19104.92,91.52,208235.52,13.4,208133.95,77133.5,5.6,7689,0,50,12144,1059,6105,2930,27,2930,4816,2163.29,244.28,6322.4,17986.09,27361.6,150,0,0,894,1559,2064,6130,41443,,3.53
place,beanstalk soft,predicted-typical,"{""flag_clean"": 0.25, ""flag_recall"": 0.6, ""placement_fallback"": ""least-overlap""}",beanstalk,5,500,5000,50,True,5000,470.8051,10.6201,10.6466,4633.711,13254.726,5262.562,0.89,7.62,0.04,91.45,2084.71,17942.94,89.97,215284.9,29.77,214611.81,76356.8,5.41,7592,0,50,11793,1112,6071,2914,34,2914,4799,1512.94,233.68,4458.22,13259.16,28082.8,155,0,0,869,1478,2079,6114,40720,,3.58
place,beanstalk hard,predicted-typical,"{""flag_clean"": 0.25, ""flag_recall"": 0.6, ""placement_fallback"": ""wait""}",beanstalk,3,500,5000,50,True,5000,1477.2192,3.3847,3.6203,508.877,2032.679,695.93,0.29,0.54,0.0,99.17,2143.65,4000.78,20.41,732444.76,368933.6,321436.77,65318.2,1.47,6491,0,12,368,153,5410,1129,3,1129,0,2049.62,211.93,698.27,3472.87,80782.9,11,0,0,362,374,788,6117,19473,,1.25
place,beanstalk hard,predicted-typical,"{""flag_clean"": 0.25, ""flag_recall"": 0.6, ""placement_fallback"": ""wait""}",beanstalk,4,500,5000,50,True,5000,1470.8589,3.3994,3.4918,502.92,1957.258,659.329,0.29,0.53,0.0,99.17,2138.8,3927.34,20.52,729342.8,371036.27,330745.02,64814.4,1.47,6432,0,14,425,132,5469,1096,5,1096,0,1782.41,211.71,607.4,3050.09,80634.2,10,0,0,343,354,766,6078,19460,,1.14
place,beanstalk hard,predicted-typical,"{""flag_clean"": 0.25, ""flag_recall"": 0.6, ""placement_fallback"": ""wait""}",beanstalk,5,500,5000,50,True,5000,1434.0409,3.4867,3.3924,503.003,1559.604,616.236,0.29,0.53,0.0,99.17,2084.71,3819.88,20.59,711095.25,367001.73,321694.61,64621.3,1.5,6436,0,15,443,126,5494,1110,4,1110,0,1512.62,203.77,525.04,4096.17,78360.6,11,0,0,330,337,797,6099,19533,,1.15
place,beanstalk hard,predicted-typical,"{""flag_clean"": 0.25, ""flag_recall"": 0.6, ""placement_fallback"": ""wait""}",beanstalk,6,500,5000,50,True,5000,1622.6811,3.0813,3.1263,560.789,1953.377,731.401,0.26,0.56,0.0,99.18,2135.17,4519.09,20.97,804665.32,399825.16,373553.74,67225.1,1.38,6682,0,13,418,111,5594,1262,12,1262,0,1329.93,212.74,656.28,5232.93,89460.5,12,0,0,423,432,865,6250,20040,,1.17
place,beanstalk soft,predicted-typical,"{""flag_clean"": 0.25, ""flag_recall"": 0.6, ""placement_fallback"": ""least-overlap""}",beanstalk,6,500,5000,50,True,5000,554.4213,9.0184,8.4327,13459.007,28443.792,14804.188,0.77,6.96,0.03,92.23,2135.17,19303.86,86.65,255684.99,157.61,252720.63,80958.0,4.87,8080,0,50,11211,1137,6460,3217,33,3217,4807,1327.63,242.83,12504.46,28449.0,33083.5,173,0,0,989,1600,2263,6479,41138,,3.82
place,beanstalk soft,predicted-typical,"{""flag_clean"": 0.25, ""flag_recall"": 0.6, ""placement_fallback"": ""least-overlap""}",beanstalk,7,500,5000,50,True,5000,742.7053,6.7321,5.6521,9690.636,21880.66,11765.021,0.59,5.2,0.02,94.19,2180.71,19307.62,91.86,349772.45,120.8,349535.9,78104.3,3.51,7785,0,50,12213,1190,6342,3028,18,3028,4811,1585.88,246.04,10166.26,21882.79,43748.3,158,0,0,909,1419,2137,6366,41895,,3.64
place,beanstalk hard,predicted-typical,"{""flag_clean"": 0.25, ""flag_recall"": 0.6, ""placement_fallback"": ""wait""}",beanstalk,8,500,5000,50,True,5000,1515.5036,3.2992,3.1042,529.6,1627.009,660.859,0.28,0.55,0.0,99.17,2100.4,4143.41,20.85,751487.15,386266.35,344409.53,65651.1,1.44,6538,0,16,455,107,5387,1167,4,1167,0,1551.83,209.41,1032.91,10546.52,83048.7,13,0,0,377,384,815,6154,19770,,1.17
place,beanstalk hard,predicted-typical,"{""flag_clean"": 0.25, ""flag_recall"": 0.6, ""placement_fallback"": ""wait""}",beanstalk,7,500,5000,50,True,5000,1479.1147,3.3804,3.454,517.873,1768.446,645.775,0.29,0.55,0.0,99.15,2180.71,4070.84,20.55,733285.22,382132.35,319903.03,64573.3,1.46,6427,0,13,439,108,5327,1095,6,1095,0,1644.58,217.6,554.45,3144.1,80556.1,12,0,0,334,346,784,6081,19487,,1.25
place,beanstalk hard,predicted-typical,"{""flag_clean"": 0.25, ""flag_recall"": 0.6, ""placement_fallback"": ""wait""}",beanstalk,9,500,5000,50,True,5000,1512.6766,3.3054,3.2678,535.715,2406.09,733.88,0.28,0.55,0.0,99.16,2122.66,4173.4,20.85,750021.41,385208.49,340980.48,65350.3,1.44,6510,0,13,455,119,5404,1172,7,1172,0,1661.35,211.09,759.98,6045.87,82616.9,11,0,0,343,353,849,6157,19755,,1.16
place,beanstalk soft,predicted-typical,"{""flag_clean"": 0.25, ""flag_recall"": 0.6, ""placement_fallback"": ""least-overlap""}",beanstalk,8,500,5000,50,True,5000,370.8924,13.481,14.4589,2408.177,5138.98,3142.786,1.13,9.46,0.05,89.36,2100.4,17544.07,89.58,165712.16,91.02,165118.31,73440.6,6.6,7310,0,50,11878,1061,5936,2693,24,2693,4811,1551.7,239.52,1873.27,5147.06,21614.1,148,0,0,829,1346,1888,5964,40167,,3.37
place,beanstalk soft,predicted-typical,"{""flag_clean"": 0.25, ""flag_recall"": 0.6, ""placement_fallback"": ""least-overlap""}",beanstalk,9,500,5000,50,True,5000,467.7058,10.6905,9.4674,2689.896,15392.707,5448.873,0.91,7.85,0.04,91.2,2122.66,18359.47,89.18,213281.57,61.75,212394.93,77066.8,5.49,7638,0,50,11731,1100,6212,2947,20,2947,4810,1802.64,240.47,4808.64,15400.39,27901.5,142,0,0,861,1400,2106,6238,40816,,3.58
place,beanstalk hard,module-level,"{""flag_clean"": 0.6, ""flag_recall"": 0.9, ""placement_fallback"": ""wait""}",beanstalk,0,500,5000,50,True,5000,1874.7923,2.667,2.7951,240.046,1008.413,323.528,0.23,0.32,0.0,99.45,2143.14,3016.34,18.81,932217.85,593856.41,295037.38,63791.1,1.13,6340,0,10,94,46,4493,1002,5,1002,0,1305.94,190.16,333.38,2140.04,89666.2,8,0,0,331,334,709,6006,18536,,1.19
place,beanstalk hard,module-level,"{""flag_clean"": 0.6, ""flag_recall"": 0.9, ""placement_fallback"": ""wait""}",beanstalk,1,500,5000,50,True,5000,1911.4774,2.6158,2.5552,254.218,915.04,308.134,0.22,0.32,0.0,99.46,2108.89,3039.1,18.66,950572.06,620192.55,299305.42,62873.7,1.1,6254,0,10,89,59,4455,949,12,949,0,1263.3,199.6,304.01,1710.47,92463.6,6,0,0,297,302,694,5952,18340,,1.04
place,beanstalk hard,module-level,"{""flag_clean"": 0.6, ""flag_recall"": 0.9, ""placement_fallback"": ""wait""}",beanstalk,2,500,5000,50,True,5000,1952.8559,2.5604,2.5924,242.033,944.885,321.41,0.22,0.33,0.0,99.45,2128.39,3181.86,18.9,971098.82,633291.55,300861.93,63587.0,1.09,6335,0,8,116,64,4504,997,10,997,0,1393.69,198.84,359.79,3448.79,94564.8,6,0,0,329,331,708,6004,18570,,1.31
place,beanstalk soft,module-level,"{""flag_clean"": 0.6, ""flag_recall"": 0.9, ""placement_fallback"": ""least-overlap""}",beanstalk,6,500,5000,50,False,2470,686.145,3.5998,20.3965,2619.047,5345.602,3282.882,0.46,4.28,0.02,95.24,1563.71,14689.07,65.74,326753.99,0.0,326753.99,58040.4,2.82,5806,0,50,8486,757,4561,2433,22,2301,3653,1946.26,249.22,11484.12,29999.99,41076.9,166,0,0,776,1215,1684,4576,29860,stalled,3.41
place,beanstalk soft,module-level,"{""flag_clean"": 0.6, ""flag_recall"": 0.9, ""placement_fallback"": ""least-overlap""}",beanstalk,0,500,5000,50,True,5000,467.7879,10.6886,12.4776,4022.686,15236.041,5748.363,0.92,7.89,0.04,91.15,2143.14,18459.3,89.99,213201.52,265.58,210222.09,76157.9,5.43,7570,0,50,11949,1105,6206,2882,24,2882,4934,2018.37,237.61,5324.0,15239.55,27900.7,143,0,0,874,1347,2032,6223,41015,,4.38
place,beanstalk hard,module-level,"{""flag_clean"": 0.6, ""flag_recall"": 0.9, ""placement_fallback"": ""wait""}",beanstalk,3,500,5000,50,True,5000,1905.9851,2.6233,2.6865,253.772,912.929,322.762,0.22,0.33,0.0,99.45,2143.65,3099.29,18.75,947730.85,606707.47,300142.99,63501.0,1.11,6314,0,9,100,55,4423,968,10,968,0,2052.23,200.5,348.13,2997.61,91988.7,8,0,0,336,343,671,5971,18457,,2.33
place,beanstalk soft,module-level,"{""flag_clean"": 0.6, ""flag_recall"": 0.9, ""placement_fallback"": ""least-overlap""}",beanstalk,1,500,5000,50,True,5000,664.3605,7.526,6.4259,15028.305,28620.569,12876.336,0.63,5.48,0.03,93.86,2108.89,18188.37,86.83,311796.16,1014.88,293330.98,76264.6,3.83,7580,0,50,11373,1058,6217,2897,26,2897,4944,1453.8,243.17,10840.93,28626.2,39692.4,155,0,0,847,1343,2076,6237,40120,,4.8
place,beanstalk soft,module-level,"{""flag_clean"": 0.6, ""flag_recall"": 0.9, ""placement_fallback"": ""least-overlap""}",beanstalk,2,500,5000,50,True,5000,378.5681,13.2077,14.6489,2575.489,5668.025,3701.844,1.12,9.33,0.05,89.5,2128.39,17656.35,88.0,169411.31,62.58,168147.18,74564.2,6.57,7410,0,50,11747,1021,5945,2661,35,2661,4932,1392.27,244.67,2521.8,5672.95,22473.0,144,0,0,850,1429,1846,5981,40092,,4.86
place,beanstalk soft,module-level,"{""flag_clean"": 0.6, ""flag_recall"": 0.9, ""placement_fallback"": ""least-overlap""}",beanstalk,5,500,5000,50,True,5000,355.4402,14.0671,13.4309,2319.516,8273.465,3631.443,1.17,9.72,0.05,89.05,2084.71,17280.08,89.91,158265.41,32.02,157477.58,74175.8,6.96,7386,0,50,11811,1041,5910,2734,30,2734,4945,1512.55,234.62,2650.7,8277.71,21160.5,147,0,0,818,1444,1947,5942,40044,,4.96
place,beanstalk soft,module-level,"{""flag_clean"": 0.6, ""flag_recall"": 0.9, ""placement_fallback"": ""least-overlap""}",beanstalk,3,500,5000,50,True,5000,495.9135,10.0824,9.3613,4114.256,17994.801,6564.335,0.86,7.4,0.04,91.7,2143.65,18345.43,90.39,227377.28,146.13,226565.85,77141.9,5.19,7664,0,50,12041,1189,6177,2907,28,2907,4945,2058.67,236.16,6135.47,17997.42,29467.9,156,0,0,884,1454,2052,6210,41289,,5.11
place,beanstalk soft,module-level,"{""flag_clean"": 0.6, ""flag_recall"": 0.9, ""placement_fallback"": ""least-overlap""}",beanstalk,4,500,5000,50,True,5000,748.7343,6.6779,7.9883,10325.827,17272.328,8658.498,0.57,5.25,0.02,94.16,2138.8,19652.3,89.3,352486.76,34.99,351227.24,80057.3,3.56,7958,0,50,11742,978,6373,3098,31,3098,4952,2161.93,248.83,6902.28,17276.05,44739.7,155,0,0,952,1552,2177,6406,41597,,5.09
place,beanstalk hard,module-level,"{""flag_clean"": 0.6, ""flag_recall"": 0.9, ""placement_fallback"": ""wait""}",beanstalk,4,500,5000,50,True,5000,1936.5506,2.5819,2.6453,258.562,1010.917,337.714,0.22,0.31,0.0,99.46,2138.8,3040.93,18.69,963076.9,625518.01,295231.43,63072.3,1.09,6269,0,10,112,45,4414,932,3,932,0,1780.91,204.55,375.81,2521.91,94054.2,8,0,0,331,330,648,5938,18359,,2.23
place,beanstalk soft,module-level,"{""flag_clean"": 0.6, ""flag_recall"": 0.9, ""placement_fallback"": ""least-overlap""}",beanstalk,8,500,5000,50,True,5000,475.9233,10.5059,11.3282,2759.437,14836.106,4502.347,0.88,7.8,0.04,91.28,2100.4,18554.66,89.07,217217.54,74.33,216223.79,76964.8,5.39,7651,0,50,11749,1180,6147,2900,17,2900,4933,1550.15,245.92,4744.42,14841.67,28303.7,165,0,0,914,1487,2003,6164,40746,,4.99
place,beanstalk soft,module-level,"{""flag_clean"": 0.6, ""flag_recall"": 0.9, ""placement_fallback"": ""least-overlap""}",beanstalk,7,500,5000,50,True,5000,483.8327,10.3341,16.3749,6767.16,14277.211,7197.503,0.9,7.68,0.04,91.38,2180.71,18581.81,91.81,221062.05,72.18,219495.76,75234.2,5.18,7485,0,50,12465,1138,6079,2756,22,2756,4935,1997.16,247.54,5369.65,14282.64,28804.6,146,0,0,838,1362,1941,6123,41525,,5.14
place,beanstalk soft,module-level,"{""flag_clean"": 0.6, ""flag_recall"": 0.9, ""placement_fallback"": ""least-overlap""}",beanstalk,9,500,5000,50,True,5000,597.8644,8.3631,7.2309,5992.226,20209.821,7942.058,0.71,6.51,0.03,92.74,2122.66,19473.27,92.08,277244.17,24.43,277208.09,79569.3,4.44,7916,0,50,12154,1116,6356,3080,36,3080,4946,1660.07,244.4,6971.71,20218.15,35713.3,153,0,0,942,1537,2174,6379,41961,,5.06
place,beanstalk hard,module-level,"{""flag_clean"": 0.6, ""flag_recall"": 0.9, ""placement_fallback"": ""wait""}",beanstalk,5,500,5000,50,True,5000,1959.4789,2.5517,2.5072,264.098,1031.732,334.105,0.21,0.32,0.0,99.47,2084.71,3125.44,18.94,974510.38,635292.66,302201.68,63735.3,1.08,6341,0,8,118,63,4554,1008,6,1008,0,1514.53,194.13,343.98,2164.6,95787.7,6,0,0,321,326,733,6015,18598,,1.88
place,beanstalk hard,module-level,"{""flag_clean"": 0.6, ""flag_recall"": 0.9, ""placement_fallback"": ""wait""}",beanstalk,6,500,5000,50,True,5000,2089.3819,2.3931,2.3677,274.36,1285.701,381.505,0.2,0.34,0.0,99.46,2135.17,3510.7,19.23,1039025.86,654573.2,348837.47,65364.2,1.04,6515,0,8,109,48,4698,1113,7,1113,0,1027.74,198.19,422.0,3195.25,103452.5,7,0,0,399,399,746,6116,18965,,1.74
place,beanstalk hard,module-level,"{""flag_clean"": 0.6, ""flag_recall"": 0.9, ""placement_fallback"": ""wait""}",beanstalk,7,500,5000,50,True,5000,1991.5097,2.5107,2.5237,234.634,1198.918,340.771,0.22,0.33,0.0,99.45,2180.71,3238.34,18.81,990317.0,646440.81,302126.27,63446.7,1.06,6311,0,9,115,55,4449,975,7,975,0,1265.21,208.76,385.72,3331.0,97230.2,7,0,0,323,326,704,5985,18498,,1.43
place,beanstalk hard,module-level,"{""flag_clean"": 0.6, ""flag_recall"": 0.9, ""placement_fallback"": ""wait""}",beanstalk,8,500,5000,50,True,5000,1827.6186,2.7358,2.6647,245.867,1051.076,328.708,0.23,0.33,0.0,99.44,2100.4,2978.87,18.7,908711.36,595812.7,284424.91,62887.8,1.15,6265,0,8,94,51,4484,944,7,944,0,1551.92,197.76,322.19,1935.57,88146.2,7,0,0,315,316,665,5949,18348,,1.16
place,beanstalk hard,module-level,"{""flag_clean"": 0.6, ""flag_recall"": 0.9, ""placement_fallback"": ""wait""}",beanstalk,9,500,5000,50,True,5000,1892.7092,2.6417,2.6664,271.964,894.234,311.557,0.22,0.32,0.0,99.45,2122.66,3065.01,18.76,941148.2,609577.35,296364.45,63285.8,1.11,6289,0,8,86,58,4536,980,5,980,0,1657.49,197.73,319.57,2013.39,91743.8,7,0,0,304,304,710,5985,18425,,1.18
place,beanstalk hard,file-oracle,"{""flag_clean"": 0.05, ""flag_recall"": 1.0, ""placement_fallback"": ""wait""}",beanstalk,0,500,5000,50,True,5000,1487.4803,3.3614,3.1969,1157.237,5172.063,1672.95,0.29,0.83,0.0,98.87,2143.14,6201.7,22.84,735372.49,234180.49,482447.22,73046.7,1.64,7262,0,25,178,394,6455,1784,8,1784,0,1380.98,220.78,1674.93,8013.68,87129.8,23,0,0,538,586,1262,6676,21085,,1.98
place,beanstalk hard,file-oracle,"{""flag_clean"": 0.05, ""flag_recall"": 1.0, ""placement_fallback"": ""wait""}",beanstalk,1,500,5000,50,True,5000,1048.4356,4.769,4.7385,892.887,2554.111,1071.129,0.4,1.01,0.0,98.58,2108.89,5312.72,22.1,516774.1,177651.47,328238.16,70310.4,2.24,6981,0,29,147,357,6107,1563,7,1563,0,1261.77,215.98,793.74,3446.12,60299.6,24,0,0,450,517,1125,6464,20309,,2.11
place,beanstalk soft,file-oracle,"{""flag_clean"": 0.05, ""flag_recall"": 1.0, ""placement_fallback"": ""least-overlap""}",beanstalk,5,500,5000,50,False,1272,625.6226,2.0332,,7508.657,7587.155,5390.784,0.41,3.71,0.02,95.87,1267.23,11615.03,52.46,299876.58,0.0,299876.58,50307.5,2.68,5006,0,50,6238,708,3985,2121,12,2119,2902,1180.79,236.95,12705.13,29938.57,37465.4,182,0,0,629,1018,1504,3988,24205,stalled,4.65
place,beanstalk hard,file-oracle,"{""flag_clean"": 0.05, ""flag_recall"": 1.0, ""placement_fallback"": ""wait""}",beanstalk,2,500,5000,50,True,5000,1505.7386,3.3206,3.2318,1189.489,4119.969,1902.759,0.28,0.96,0.0,98.76,2128.39,7190.01,23.24,743527.66,234719.7,488436.42,74639.5,1.65,7441,0,25,181,380,6593,1913,15,1913,0,1390.93,237.8,3274.38,16669.34,88165.0,24,0,0,581,626,1351,6815,21546,,3.44
place,beanstalk hard,file-oracle,"{""flag_clean"": 0.05, ""flag_recall"": 1.0, ""placement_fallback"": ""wait""}",beanstalk,3,500,5000,50,True,5000,1238.3402,4.0377,3.9841,872.097,3955.427,1388.244,0.35,0.92,0.0,98.73,2143.65,5716.21,22.19,611288.06,209812.81,384137.47,71066.0,1.91,7078,0,26,146,354,6171,1621,11,1621,0,2052.97,223.97,1514.15,8807.89,72093.3,21,0,0,505,555,1135,6523,20525,,3.2
place,beanstalk soft,file-oracle,"{""flag_clean"": 0.05, ""flag_recall"": 1.0, ""placement_fallback"": ""least-overlap""}",beanstalk,1,500,5000,50,True,5000,476.5576,10.4919,10.7832,3355.779,12051.369,4364.336,0.89,7.28,0.04,91.8,2108.89,17339.52,85.79,218744.61,67.73,217079.95,75043.8,5.25,7454,0,50,11086,1063,6007,2829,24,2829,4681,1527.96,235.74,3657.16,12057.55,27253.1,161,0,0,863,1417,1991,6036,39325,,6.66
place,beanstalk soft,file-oracle,"{""flag_clean"": 0.05, ""flag_recall"": 1.0, ""placement_fallback"": ""least-overlap""}",beanstalk,4,500,5000,50,True,5000,555.5597,8.9999,8.0188,3367.337,18011.007,6519.064,0.77,6.17,0.03,93.02,2138.8,17152.59,84.61,258403.87,25.26,258161.05,74521.7,4.47,7421,0,50,10850,999,5942,2780,29,2780,4702,1781.82,231.72,5756.78,18016.66,32926.4,151,0,0,867,1446,1943,5975,38822,,6.65
place,beanstalk soft,file-oracle,"{""flag_clean"": 0.05, ""flag_recall"": 1.0, ""placement_fallback"": ""least-overlap""}",beanstalk,3,500,5000,50,True,5000,512.1254,9.7632,25.2957,4050.118,19175.472,7889.817,0.84,7.02,0.03,92.11,2143.65,17984.74,85.53,235848.81,207.92,234083.9,77305.1,5.03,7692,0,50,11020,1285,6178,2954,26,2954,4699,2051.42,238.46,6568.4,19181.49,30520.9,154,0,0,925,1486,2055,6206,39812,,6.78
place,beanstalk soft,file-oracle,"{""flag_clean"": 0.05, ""flag_recall"": 1.0, ""placement_fallback"": ""least-overlap""}",beanstalk,2,500,5000,50,True,5000,509.7954,9.8079,18.8523,5344.19,16057.777,6959.027,0.83,7.35,0.03,91.78,2128.39,18730.76,86.05,233952.49,103.77,233004.4,77956.3,5.1,7768,0,50,11052,1139,6291,3055,31,3055,4694,1394.74,245.45,6031.84,16061.1,30029.1,164,0,0,907,1452,2179,6316,40137,,6.95
place,beanstalk hard,file-oracle,"{""flag_clean"": 0.05, ""flag_recall"": 1.0, ""placement_fallback"": ""wait""}",beanstalk,4,500,5000,50,True,5000,1266.3094,3.9485,3.8826,944.406,2656.167,1190.383,0.34,0.92,0.0,98.74,2138.8,5830.03,22.26,625163.63,214486.81,397061.37,70822.7,1.86,7066,0,31,149,348,6139,1598,16,1598,0,1783.75,230.48,1160.66,8016.54,73524.6,25,0,0,506,568,1118,6498,20476,,2.13
place,beanstalk soft,file-oracle,"{""flag_clean"": 0.05, ""flag_recall"": 1.0, ""placement_fallback"": ""least-overlap""}",beanstalk,0,500,5000,50,True,5000,817.2325,6.1182,9.5668,4938.645,23027.941,8832.333,0.52,4.83,0.02,94.62,2143.14,19739.27,90.01,386643.83,70.38,385994.6,80409.2,3.28,8009,0,50,11575,1222,6455,3227,24,3227,4705,1652.89,246.07,10402.56,23032.64,48651.4,165,0,0,986,1538,2267,6471,41373,,7.12
place,beanstalk soft,file-oracle,"{""flag_clean"": 0.05, ""flag_recall"": 1.0, ""placement_fallback"": ""least-overlap""}",beanstalk,8,500,5000,50,True,5000,546.8337,9.1435,12.427,3071.227,13482.466,5358.204,0.77,6.72,0.03,92.48,2100.4,18362.54,85.58,252868.32,66.6,252187.84,77380.3,4.72,7700,0,50,11035,1264,6249,3048,29,3048,4690,1551.05,241.96,4758.1,13502.03,32627.1,157,0,0,910,1440,2167,6260,40039,,6.68
place,beanstalk soft,file-oracle,"{""flag_clean"": 0.05, ""flag_recall"": 1.0, ""placement_fallback"": ""least-overlap""}",beanstalk,6,500,5000,50,True,5000,730.2748,6.8467,9.1821,7952.723,23673.872,10976.007,0.58,5.35,0.02,94.04,2135.17,19548.31,83.98,343369.94,341.76,340246.06,83237.9,3.8,8307,0,50,10550,1241,6563,3347,33,3347,4667,1604.51,248.78,10028.81,23678.05,43640.2,174,0,0,1078,1715,2304,6592,40601,,6.93
place,beanstalk soft,file-oracle,"{""flag_clean"": 0.05, ""flag_recall"": 1.0, ""placement_fallback"": ""least-overlap""}",beanstalk,7,500,5000,50,True,5000,626.1257,7.9856,11.2728,5649.176,15853.711,8634.55,0.7,6.21,0.03,93.06,2180.71,19456.09,88.95,291337.09,78.79,290604.45,79846.6,4.25,7947,0,50,11493,1279,6444,3209,32,3209,4721,1432.51,240.26,7081.11,15856.68,37157.2,159,0,0,933,1485,2308,6462,41284,,6.97
place,beanstalk soft,file-oracle,"{""flag_clean"": 0.05, ""flag_recall"": 1.0, ""placement_fallback"": ""least-overlap""}",beanstalk,9,500,5000,50,True,5000,584.4824,8.5546,13.4367,3550.188,16984.228,5504.817,0.73,6.74,0.03,92.5,2122.66,19697.29,91.54,270329.73,3.62,270256.23,82019.9,4.68,8163,0,50,11917,1140,6509,3301,20,3301,4699,1802.42,239.24,5063.8,16989.8,34854.3,167,0,0,992,1613,2330,6550,42206,,6.85
place,beanstalk soft,hot-file-rule,"{""flag_clean"": 0.02, ""flag_recall"": 0.3, ""placement_fallback"": ""least-overlap""}",beanstalk,4,500,5000,50,False,5,499.4684,0.01,,9.125,10.966,9.568,0.12,1.76,0.0,98.12,287.49,4394.43,11.82,245040.46,0.0,245040.46,13751.0,0.92,1364,0,50,1342,123,1080,691,5,687,548,1780.56,313.29,14968.75,29952.79,29950.2,145,0,0,204,280,492,1084,5925,stalled,0.55
place,beanstalk hard,file-oracle,"{""flag_clean"": 0.05, ""flag_recall"": 1.0, ""placement_fallback"": ""wait""}",beanstalk,5,500,5000,50,True,5000,1230.668,4.0628,3.9348,1072.1,3478.766,1414.68,0.34,0.95,0.0,98.71,2084.71,5847.81,22.53,607378.93,203375.67,390293.94,71524.7,1.94,7120,0,28,170,364,6347,1677,15,1677,0,1514.34,221.16,1118.85,4207.56,71701.3,23,0,0,496,549,1199,6571,20722,,2.09
place,beanstalk hard,file-oracle,"{""flag_clean"": 0.05, ""flag_recall"": 1.0, ""placement_fallback"": ""wait""}",beanstalk,6,500,5000,50,True,5000,1274.142,3.9242,4.0332,1060.674,4280.83,1566.104,0.34,0.96,0.0,98.7,2135.17,6138.81,22.79,628774.22,192566.87,406361.06,72993.1,1.91,7268,0,24,151,392,6362,1761,12,1761,0,1132.01,221.7,1664.18,10466.24,74359.0,23,0,0,555,615,1225,6653,20996,,2.12
place,beanstalk hard,file-oracle,"{""flag_clean"": 0.05, ""flag_recall"": 1.0, ""placement_fallback"": ""wait""}",beanstalk,8,500,5000,50,True,5000,1183.7721,4.2238,4.6289,993.493,3302.237,1412.196,0.35,0.94,0.0,98.7,2100.4,5592.79,22.03,584170.85,210918.62,361380.53,70075.4,1.97,6993,0,26,143,419,6114,1560,11,1560,0,1551.05,227.09,1558.03,10490.64,68805.9,22,0,0,478,531,1098,6462,20312,,2.11
place,beanstalk hard,file-oracle,"{""flag_clean"": 0.05, ""flag_recall"": 1.0, ""placement_fallback"": ""wait""}",beanstalk,7,500,5000,50,True,5000,1421.3332,3.5178,3.4902,1052.672,4056.123,1416.846,0.31,0.87,0.0,98.82,2180.71,6150.14,22.35,702313.4,240298.41,444178.96,71177.8,1.67,7084,0,24,168,403,6159,1627,12,1627,0,1573.53,238.9,1964.33,13412.65,83023.7,24,0,0,503,550,1145,6534,20593,,2.3
place,beanstalk hard,file-oracle,"{""flag_clean"": 0.05, ""flag_recall"": 1.0, ""placement_fallback"": ""wait""}",beanstalk,9,500,5000,50,True,5000,1254.5811,3.9854,3.9955,1002.709,4565.688,1486.684,0.34,0.95,0.0,98.71,2122.66,5970.14,22.69,619175.06,203704.8,400961.35,71987.6,1.91,7162,0,26,149,380,6332,1732,9,1732,0,1658.33,219.28,1378.74,6767.82,72884.8,26,0,0,484,539,1259,6623,20824,,2.24
place,beanstalk soft,hot-file-rule,"{""flag_clean"": 0.02, ""flag_recall"": 0.3, ""placement_fallback"": ""least-overlap""}",beanstalk,1,500,5000,50,True,5000,380.2776,13.1483,12.2847,2679.673,6936.332,3478.99,1.11,8.82,0.05,90.02,2108.89,16775.43,86.29,171168.17,26.3,170214.99,72447.0,6.35,7196,0,50,11233,1083,5835,2636,22,2636,4266,1758.22,237.69,2372.71,6940.28,22563.3,153,0,0,779,1320,1879,5876,38813,,3.23
place,beanstalk hard,hot-file-rule,"{""flag_clean"": 0.02, ""flag_recall"": 0.3, ""placement_fallback"": ""wait""}",beanstalk,1,500,5000,50,True,5000,954.3616,5.2391,5.4587,1421.768,4859.395,1852.369,0.44,1.53,0.01,98.02,2108.89,7310.94,29.81,467731.14,123659.74,329238.44,71131.7,2.48,7080,0,37,1997,421,6263,1680,19,1680,0,1748.65,225.5,1432.21,6042.76,56093.8,30,0,0,519,623,1188,6457,24118,,1.4
place,beanstalk soft,hot-file-rule,"{""flag_clean"": 0.02, ""flag_recall"": 0.3, ""placement_fallback"": ""least-overlap""}",beanstalk,2,500,5000,50,True,5000,366.8685,13.6289,12.5413,3335.433,12582.173,5919.795,1.16,9.58,0.05,89.21,2128.39,17566.05,89.54,163650.27,35.33,163350.33,72988.7,6.63,7263,0,50,11842,1142,5842,2653,33,2653,4338,1575.38,243.08,4201.77,12588.39,21811.2,151,0,0,796,1388,1890,5875,39866,,3.37
place,beanstalk hard,hot-file-rule,"{""flag_clean"": 0.02, ""flag_recall"": 0.3, ""placement_fallback"": ""wait""}",beanstalk,0,500,5000,50,True,5000,979.8462,5.1028,4.9867,1360.354,6063.575,1948.332,0.44,1.55,0.01,98.0,2143.14,7616.72,30.35,480132.91,115311.08,348334.91,71997.1,2.45,7156,0,36,2121,435,6357,1753,8,1753,0,2450.55,222.98,1623.27,7706.26,57624.6,31,0,0,528,598,1239,6558,24590,,1.56
place,beanstalk hard,hot-file-rule,"{""flag_clean"": 0.02, ""flag_recall"": 0.3, ""placement_fallback"": ""wait""}",beanstalk,2,500,5000,50,True,5000,1003.2064,4.984,5.2116,1396.743,5553.932,2093.035,0.42,1.47,0.01,98.1,2128.39,7388.87,30.5,492055.45,112892.42,365355.13,72605.0,2.41,7224,0,36,2135,432,6413,1788,14,1788,0,1222.12,213.42,1871.82,8461.1,59025.8,28,0,0,557,655,1249,6569,24762,,1.39
place,beanstalk soft,hot-file-rule,"{""flag_clean"": 0.02, ""flag_recall"": 0.3, ""placement_fallback"": ""least-overlap""}",beanstalk,3,500,5000,50,True,5000,468.8899,10.6635,9.477,3843.388,7947.16,4317.707,0.91,7.66,0.04,91.39,2143.65,17954.16,88.04,214259.11,236.32,212470.22,76406.5,5.43,7597,0,50,11535,1162,6096,2829,26,2829,4295,2051.41,239.85,2781.13,7955.88,27586.6,151,0,0,892,1464,1963,6133,40218,,3.44
place,beanstalk soft,hot-file-rule,"{""flag_clean"": 0.02, ""flag_recall"": 0.3, ""placement_fallback"": ""least-overlap""}",beanstalk,0,500,5000,50,True,5000,512.3125,9.7597,11.5494,6590.642,17750.151,7773.87,0.84,7.65,0.04,91.48,2143.14,19599.05,90.85,234323.19,43.91,233548.8,79375.0,5.16,7901,0,50,11942,1174,6379,3100,31,3100,4294,1375.08,244.42,6543.65,17757.17,30358.7,158,0,0,959,1500,2172,6401,41777,,3.59
place,beanstalk soft,hot-file-rule,"{""flag_clean"": 0.02, ""flag_recall"": 0.3, ""placement_fallback"": ""least-overlap""}",beanstalk,5,500,5000,50,True,5000,773.4936,6.4642,5.4325,5567.279,27321.595,9986.095,0.54,5.04,0.02,94.4,2084.71,19475.38,91.52,365095.22,20.13,364676.77,79727.3,3.44,7923,0,50,11827,1064,6296,3176,29,3176,4323,1515.74,245.77,9869.02,27327.29,46252.0,165,0,0,958,1599,2247,6324,41455,,3.46
place,beanstalk soft,hot-file-rule,"{""flag_clean"": 0.02, ""flag_recall"": 0.3, ""placement_fallback"": ""least-overlap""}",beanstalk,6,500,5000,50,False,1262,571.0808,2.2098,28.2642,2111.459,2140.532,2050.287,0.75,6.77,0.03,92.45,2131.85,19327.29,85.97,263995.31,351.09,262390.28,82496.2,4.82,8228,0,50,10979,1249,6520,3335,36,3327,4218,1326.51,240.22,13258.33,29993.08,34153.5,173,0,0,1073,1677,2300,6551,41094,stalled,3.67
place,beanstalk soft,hot-file-rule,"{""flag_clean"": 0.02, ""flag_recall"": 0.3, ""placement_fallback"": ""least-overlap""}",beanstalk,7,500,5000,50,True,5000,542.1386,9.2227,18.7997,5665.411,19513.37,8328.361,0.8,7.14,0.03,92.02,2180.71,19360.78,88.09,249439.71,132.28,247355.0,78395.7,4.82,7808,0,50,11543,1234,6350,3059,28,3059,4274,1572.98,249.94,7132.71,19516.54,32161.2,161,0,0,902,1421,2186,6387,41074,,3.48
place,beanstalk soft,hot-file-rule,"{""flag_clean"": 0.02, ""flag_recall"": 0.3, ""placement_fallback"": ""least-overlap""}",beanstalk,8,500,5000,50,True,5000,505.7342,9.8866,11.6409,2767.546,8471.617,4313.65,0.83,7.08,0.03,92.06,2100.4,17892.22,88.15,232786.32,49.09,232241.53,75264.0,4.96,7493,0,50,11510,1103,6008,2822,25,2822,4322,1552.47,242.17,3192.92,8491.93,30185.7,157,0,0,871,1460,1979,6033,39989,,3.28
place,beanstalk soft,hot-file-rule,"{""flag_clean"": 0.02, ""flag_recall"": 0.3, ""placement_fallback"": ""least-overlap""}",beanstalk,9,500,5000,50,True,5000,412.4203,12.1236,12.8691,2728.287,6043.917,3657.026,1.03,8.82,0.04,90.1,2122.66,18196.14,87.5,185803.83,62.69,185615.4,76867.7,6.21,7627,0,50,11555,1183,6160,2896,28,2896,4267,1695.66,242.65,2311.8,6050.79,24575.0,164,0,0,873,1420,2052,6207,40504,,3.33
qsem,beanstalk,,"{""q_sem"": 0.1}",beanstalk,1,100,1000,10,False,1,500.2405,0.002,,11.866,11.866,11.866,0.25,17.01,0.02,82.72,125.48,8508.25,8.94,41381.39,0.0,41381.39,30688.2,10.22,3046,0,10,381,185,2170,2151,15,2136,259,1305.06,248.13,14991.1,29998.31,29974.8,80,0,0,621,875,1545,2171,8632,stalled,0.53
place,beanstalk hard,hot-file-rule,"{""flag_clean"": 0.02, ""flag_recall"": 0.3, ""placement_fallback"": ""wait""}",beanstalk,4,500,5000,50,True,5000,967.3054,5.169,5.0842,1482.877,6374.191,2027.658,0.44,1.5,0.01,98.05,2138.8,7259.38,30.13,474224.37,119606.54,343987.84,70506.2,2.43,7015,0,34,2141,357,6253,1642,14,1642,0,2160.99,224.01,1918.35,7479.54,56791.7,29,0,0,518,603,1142,6412,24253,,1.38
qsem,beanstalk,,"{""q_sem"": 0.1}",beanstalk,3,100,1000,10,False,1,499.8461,0.002,,10.582,10.582,10.582,0.13,15.9,0.01,83.95,67.0,7946.81,6.85,41963.94,0.0,41963.94,24343.7,8.12,2423,0,10,264,191,1757,1752,17,1745,137,932.8,282.37,14981.53,29976.91,29967.5,80,0,0,520,665,1249,1758,6734,stalled,0.38
place,beanstalk hard,hot-file-rule,"{""flag_clean"": 0.02, ""flag_recall"": 0.3, ""placement_fallback"": ""wait""}",beanstalk,3,500,5000,50,True,5000,993.8453,5.031,5.0555,1413.288,5272.098,1773.389,0.43,1.43,0.01,98.13,2143.65,7116.63,30.02,487632.36,111119.83,362270.28,70844.5,2.38,7058,0,34,2041,390,6256,1704,15,1704,0,2051.26,213.43,1574.18,5957.64,58501.3,29,0,0,516,602,1209,6456,24196,,1.53
place,beanstalk hard,hot-file-rule,"{""flag_clean"": 0.02, ""flag_recall"": 0.3, ""placement_fallback"": ""wait""}",beanstalk,5,500,5000,50,True,5000,968.1893,5.1643,4.8447,1268.62,4396.178,1765.98,0.43,1.48,0.01,98.09,2084.71,7140.62,30.22,474839.1,111528.58,353871.16,71407.3,2.46,7099,0,35,2085,399,6302,1704,8,1704,0,1513.0,218.4,1590.49,8070.36,56923.0,31,0,0,503,610,1213,6489,24352,,1.39
qsem,beanstalk,,"{""q_sem"": 0.1}",beanstalk,2,100,1000,10,False,6,498.8673,0.012,,9.86,10.34,9.907,0.14,16.36,0.02,83.49,67.88,8161.75,8.85,41648.25,0.0,41648.25,30760.1,10.28,3064,0,10,403,36,2163,2210,19,2203,153,819.63,226.56,14949.58,29915.59,29907.7,80,0,0,679,895,1550,2169,8595,stalled,0.52
place,beanstalk hard,hot-file-rule,"{""flag_clean"": 0.02, ""flag_recall"": 0.3, ""placement_fallback"": ""wait""}",beanstalk,6,500,5000,50,True,5000,1149.4023,4.3501,5.92,1161.255,9039.831,2268.129,0.37,1.32,0.01,98.3,2135.17,7590.86,30.06,564945.06,138900.65,419852.33,71654.1,2.08,7145,0,33,2010,398,6245,1729,12,1729,0,1132.88,232.77,3903.06,20574.69,67824.2,32,0,0,537,651,1211,6494,24255,,1.38
place,beanstalk hard,hot-file-rule,"{""flag_clean"": 0.02, ""flag_recall"": 0.3, ""placement_fallback"": ""wait""}",beanstalk,7,500,5000,50,True,5000,990.2941,5.049,5.3043,1108.152,4849.494,1857.447,0.44,1.51,0.01,98.05,2180.71,7456.9,30.33,485479.13,125235.97,346916.82,70290.4,2.37,6998,0,32,2203,419,6197,1646,4,1646,0,1417.85,231.24,2113.73,12983.37,57904.4,32,0,0,510,581,1146,6417,24357,,1.38
place,beanstalk hard,hot-file-rule,"{""flag_clean"": 0.02, ""flag_recall"": 0.3, ""placement_fallback"": ""wait""}",beanstalk,8,500,5000,50,True,5000,809.7117,6.175,6.1861,1150.623,2913.109,1371.02,0.52,1.63,0.01,97.84,2100.4,6608.08,29.45,396117.9,101998.03,282236.76,69621.5,2.87,6929,0,33,2020,397,6110,1550,11,1550,0,1552.11,218.68,976.19,3936.77,47328.3,30,0,0,494,584,1075,6345,23778,,1.35
place,beanstalk hard,hot-file-rule,"{""flag_clean"": 0.02, ""flag_recall"": 0.3, ""placement_fallback"": ""wait""}",beanstalk,9,500,5000,50,True,5000,931.102,5.37,4.7863,1209.758,5634.918,2050.246,0.46,1.61,0.01,97.93,2122.66,7499.01,30.1,455899.23,110969.54,335081.76,71931.8,2.58,7164,0,32,1969,382,6401,1803,11,1803,0,1803.63,219.92,1899.28,9816.81,54724.2,32,0,0,514,598,1303,6566,24376,,1.42
qsem,beanstalk-noplace,,"{""q_sem"": 0.1}",beanstalk-noplace,4,100,1000,10,False,5,500.1842,0.01,,10.519,12.335,10.986,0.12,10.04,0.01,89.83,61.17,5024.12,3.96,44929.18,0.0,44929.18,13015.3,4.34,1298,0,10,184,135,952,921,6,915,0,757.81,334.81,14986.62,29992.13,29992.6,73,0,0,278,340,649,957,3752,stalled,0.09
qsem,beanstalk,,"{""q_sem"": 0.1}",beanstalk,4,100,1000,10,False,1,500.1893,0.002,,8.955,8.955,8.955,0.22,15.93,0.02,83.84,107.62,7968.32,9.44,41933.55,0.0,41933.55,32882.0,10.96,3264,0,10,419,192,2321,2291,14,2281,239,1518.64,218.76,14993.4,29999.07,29978.1,76,0,0,741,942,1564,2322,9176,stalled,0.56
qsem,beanstalk-noplace,,"{""q_sem"": 0.1}",beanstalk-noplace,1,100,1000,10,False,4,500.2043,0.008,,9.838,10.732,9.821,0.25,16.72,0.02,83.01,123.2,8364.21,9.47,41523.55,0.0,41523.55,31240.5,10.41,3107,0,10,478,203,2306,2240,18,2226,0,1785.98,224.31,14989.59,29995.71,29974.7,69,0,0,668,794,1590,2310,9047,stalled,0.3
qsem,beanstalk,,"{""q_sem"": 0.1}",beanstalk,0,100,1000,10,False,0,499.9664,0.0,,,,,0.13,32.01,0.03,67.83,62.6,16004.81,16.12,33913.11,0.0,33913.11,58107.8,19.37,5787,0,10,619,260,4363,4373,29,4346,145,18546.41,226.41,14998.99,29997.98,29974.5,81,0,0,1304,1422,3098,4363,16029,stalled,1.35
qsem,beanstalk-noplace,,"{""q_sem"": 0.1}",beanstalk-noplace,2,100,1000,10,False,5,500.2234,0.01,,9.142,9.677,9.094,0.14,21.6,0.02,78.25,68.11,10803.55,8.73,39141.95,0.0,39141.95,33440.6,11.14,3325,0,10,207,50,2463,2445,17,2431,0,828.59,275.92,14991.62,29998.32,29988.4,73,0,0,773,856,1688,2468,8895,stalled,0.32
qsem,beanstalk-noplace,,"{""q_sem"": 0.1}",beanstalk-noplace,3,100,1000,10,False,0,499.2104,0.0,,,,,0.11,22.88,0.02,76.98,56.73,11423.93,10.15,38430.24,0.0,38430.24,38248.1,12.77,3803,0,10,262,166,2886,2865,22,2851,0,1338.91,249.54,14976.31,29952.62,29936.5,74,0,0,856,917,2031,2886,10296,stalled,0.41
qsem,beanstalk quarantine,,"{""green_mode"": ""quarantine"", ""q_sem"": 0.2}",beanstalk,0,20,200,2,True,200,195.5812,1.0226,1.1684,794.465,5915.412,1803.348,2.06,37.06,0.05,60.83,80.43,1449.8,2.03,2379.36,0.18,2288.56,5894.3,25.11,590,0,2,96,7,86,356,5,356,110,1573.26,706.4,48.19,340.36,11203.2,36,0,0,115,125,253,465,1899,,0.06
qsem,beanstalk-noplace,,"{""q_sem"": 0.1}",beanstalk-noplace,8,100,1000,10,False,151,833.2867,0.1812,,20014.833,20031.984,19877.481,0.19,9.73,0.01,90.06,161.4,8108.08,9.47,75049.73,0.0,75049.73,28088.0,5.62,2802,0,10,607,144,1978,1892,9,1890,0,1454.08,263.67,12985.94,29957.41,49949.4,70,0,0,583,822,1318,1980,8530,stalled,0.18
qsem,beanstalk quarantine,,"{""green_mode"": ""quarantine"", ""q_sem"": 0.2}",beanstalk,1,20,200,2,True,200,210.503,0.9501,1.1362,673.89,5010.416,1271.449,2.11,28.09,0.04,69.76,88.97,1182.68,1.65,2936.76,0.19,2814.75,5019.3,19.87,499,0,2,49,17,71,279,0,279,109,1383.4,620.03,63.42,395.19,11294.2,30,0,0,93,107,190,392,1554,,0.06
qsem,beanstalk,,"{""q_sem"": 0.1}",beanstalk,7,100,1000,10,False,2,500.2727,0.004,,11.193,11.377,11.193,0.14,21.56,0.02,78.28,69.83,10787.11,10.06,39160.27,0.0,39160.27,38246.1,12.74,3816,0,10,269,851,2771,2793,25,2778,141,1238.7,242.39,14990.32,29998.5,29990.8,82,0,0,884,1040,1934,2773,10220,stalled,0.66
qsem,beanstalk quarantine,,"{""green_mode"": ""quarantine"", ""q_sem"": 0.2}",beanstalk,2,20,200,2,True,200,270.9925,0.738,1.0761,846.417,5898.0,1670.957,1.66,22.68,0.03,75.63,89.73,1229.22,1.62,4099.29,0.0,3879.24,4919.7,15.13,488,0,2,52,32,78,268,0,268,109,1698.49,818.53,129.99,847.32,14531.6,24,0,0,96,103,181,385,1527,,0.06
qsem,beanstalk,,"{""q_sem"": 0.1}",beanstalk,8,100,1000,10,False,5,499.9894,0.01,,9.723,10.208,9.706,0.32,17.52,0.02,82.13,160.3,8761.96,11.46,41065.23,0.0,41065.23,34419.7,11.47,3422,0,10,776,104,2531,2415,19,2406,346,976.55,222.19,14983.71,29983.39,29956.9,76,0,0,707,886,1727,2536,10515,stalled,0.63
qsem,beanstalk-noplace,,"{""q_sem"": 0.1}",beanstalk-noplace,7,100,1000,10,False,2,497.9926,0.004,,9.607,9.807,9.607,0.13,17.42,0.02,82.43,63.55,8676.7,8.62,41050.39,0.0,41050.39,29132.4,9.75,2903,0,10,403,251,2179,2161,15,2156,0,2522.26,250.17,14922.52,29862.29,29857.7,82,0,0,634,722,1542,2181,8309,stalled,0.28
qsem,beanstalk quarantine,,"{""green_mode"": ""quarantine"", ""q_sem"": 0.2}",beanstalk,3,20,200,2,True,200,175.7923,1.1377,1.2621,625.236,4483.084,1256.397,2.49,37.3,0.05,60.16,87.61,1311.36,1.75,2115.12,7.3,2020.48,5693.7,26.99,570,0,2,41,15,93,325,4,325,99,1236.24,514.78,49.32,380.18,9689.9,28,0,0,112,122,222,448,1706,,0.06
qsem,beanstalk quarantine,,"{""green_mode"": ""quarantine"", ""q_sem"": 0.2}",beanstalk,4,20,200,2,True,200,196.8906,1.0158,1.0479,622.301,4578.034,1297.386,2.08,27.01,0.04,70.86,82.1,1063.68,1.77,2790.26,0.31,2712.63,5393.9,22.83,535,0,2,60,46,83,307,0,307,111,1590.17,588.89,75.82,837.55,11254.4,28,0,0,99,108,214,427,1669,,0.06
qsem,beanstalk,,"{""q_sem"": 0.1}",beanstalk,9,100,1000,10,False,0,499.8804,0.0,,,,,0.11,20.18,0.02,79.68,56.35,10089.61,10.17,39831.91,0.0,39831.91,38004.6,12.67,3787,0,10,267,66,2886,2870,22,2854,117,1165.13,219.46,14996.41,29992.82,29975.8,64,0,0,815,901,2077,2886,10297,stalled,0.67
qsem,beanstalk quarantine,,"{""green_mode"": ""quarantine"", ""q_sem"": 0.2}",beanstalk,5,20,200,2,True,200,308.5314,0.6482,0.6856,1575.469,9037.919,2538.502,1.34,30.54,0.04,68.08,82.94,1884.3,2.18,4201.21,0.15,4089.28,7214.8,19.49,717,0,2,64,26,111,436,4,436,118,2005.12,844.09,92.68,804.54,17987.2,36,0,0,134,145,312,572,2120,,0.08
qsem,beanstalk quarantine,,"{""green_mode"": ""quarantine"", ""q_sem"": 0.2}",beanstalk,6,20,200,2,True,200,309.9768,0.6452,0.8287,696.544,10121.471,2020.651,1.34,31.45,0.03,67.17,83.28,1949.84,2.05,4164.37,0.18,3963.45,6846.5,18.41,682,0,2,53,29,99,409,5,409,109,1796.25,719.75,129.27,933.58,17545.6,29,0,0,130,145,291,537,2010,,0.07
qsem,beanstalk quarantine,,"{""green_mode"": ""quarantine"", ""q_sem"": 0.2}",beanstalk,7,20,200,2,True,200,255.9977,0.7813,0.9349,1172.448,7322.024,2251.913,1.65,35.92,0.04,62.39,84.57,1838.96,1.95,3194.47,0.18,3097.86,6228.8,20.28,623,0,2,39,7,89,388,0,388,118,1878.2,811.38,61.86,443.98,15159.4,38,0,0,121,136,280,487,1876,,0.07
qsem,beanstalk quarantine,,"{""green_mode"": ""quarantine"", ""q_sem"": 0.2}",beanstalk,8,20,200,2,True,200,430.9408,0.4641,0.4712,1865.706,10474.524,2629.17,1.16,19.06,0.02,79.76,99.8,1642.7,1.65,6874.67,0.25,6738.31,5191.6,10.04,515,0,2,41,15,87,283,2,283,107,3350.78,1204.12,192.55,1246.03,24692.5,26,0,0,86,103,203,412,1563,,0.06
qsem,beanstalk-noplace,,"{""q_sem"": 0.1}",beanstalk-noplace,5,100,1000,10,False,145,742.6445,0.1952,,14540.398,14556.23,13835.226,0.17,19.21,0.02,80.61,122.89,14262.99,14.57,59864.0,0.0,59864.0,49128.7,11.03,4886,0,10,723,292,3634,3579,24,3568,0,1261.19,238.92,12469.03,29992.4,44517.8,81,0,0,1092,1244,2511,3642,14000,stalled,0.45
qsem,beanstalk-noplace,,"{""q_sem"": 0.1}",beanstalk-noplace,0,100,1000,10,False,0,499.988,0.0,,,,,0.1,27.75,0.03,72.12,52.07,13872.74,14.41,36059.58,0.0,36059.58,55059.2,18.35,5489,0,10,324,568,4107,4139,20,4115,0,2573.76,211.69,14999.64,29999.28,29981.3,75,0,0,1247,1379,2912,4107,14636,stalled,0.75
qsem,beanstalk-noplace,,"{""q_sem"": 0.1}",beanstalk-noplace,9,100,1000,10,False,1,497.9933,0.002,,8.85,8.85,8.85,0.11,19.13,0.02,80.74,53.76,9526.18,10.37,40209.02,0.0,40209.02,37852.3,12.67,3760,0,10,332,375,2898,2848,22,2845,0,1153.52,206.02,14928.41,29868.21,29863.3,62,0,0,824,861,2046,2899,10387,stalled,0.41
qsem,beanstalk,,"{""q_sem"": 0.1}",beanstalk,6,100,1000,10,False,3,500.2397,0.006,,10.61,10.649,10.621,0.13,22.22,0.02,77.63,63.51,11112.89,11.94,38835.63,0.0,38835.63,45634.6,15.2,4551,0,10,271,62,3370,3382,26,3367,147,819.92,208.75,14991.07,29998.26,29989.2,92,0,0,1053,1177,2355,3373,12144,stalled,0.88
qsem,beanstalk quarantine,,"{""green_mode"": ""quarantine"", ""q_sem"": 0.2}",beanstalk,9,20,200,2,True,200,403.2442,0.496,0.6173,1359.599,14918.006,3378.305,1.11,26.37,0.03,72.49,89.6,2126.97,2.1,5846.22,0.18,5573.0,6831.3,14.12,679,0,2,51,6,73,424,5,424,122,2189.26,1216.27,196.92,836.87,23391.7,48,0,0,149,159,295,520,2034,,0.17
qsem,beanstalk,,"{""q_sem"": 0.1}",beanstalk,5,100,1000,10,False,1,500.1593,0.002,,9.411,9.411,9.411,0.12,30.39,0.03,69.46,61.87,15200.74,13.37,34739.95,0.0,34739.95,51656.8,17.21,5143,0,10,214,51,3915,3910,15,3882,128,990.05,243.81,14992.78,29997.55,29988.0,82,0,0,1163,1226,2762,3916,13597,stalled,1.07
qsem,beanstalk,,"{""q_sem"": 0.05}",beanstalk,2,100,1000,10,False,7,500.212,0.014,,9.947,10.803,10.058,0.49,10.02,0.02,89.48,243.11,5009.87,7.58,44760.64,0.0,44760.64,19826.9,6.61,1975,0,10,499,84,1371,1207,9,1202,508,875.07,251.22,14989.07,29995.42,29933.9,66,0,0,376,597,840,1378,6441,stalled,0.38
qsem,beanstalk,,"{""q_sem"": 0.05}",beanstalk,0,100,1000,10,False,0,498.3879,0.0,,,,,0.34,12.62,0.02,87.03,167.73,6289.68,7.77,43373.61,0.0,43373.61,22987.6,7.69,2288,0,10,486,147,1638,1513,8,1507,355,1163.31,254.55,14951.64,29903.28,29855.3,67,0,0,472,650,1049,1638,7026,stalled,0.41
qsem,beanstalk,,"{""q_sem"": 0.05}",beanstalk,3,100,1000,10,False,1,500.1513,0.002,,10.582,10.582,10.582,0.44,9.7,0.02,89.85,219.8,4849.11,8.29,44937.93,0.0,44937.93,21293.1,7.1,2112,0,10,592,117,1476,1316,9,1311,504,916.21,224.08,14990.69,29995.22,29938.4,63,0,0,393,634,932,1477,6949,stalled,0.4
qsem,beanstalk-noplace,,"{""q_sem"": 0.1}",beanstalk-noplace,6,100,1000,10,False,10,500.2154,0.02,106.2995,9.762,10.321,9.455,0.13,28.24,0.03,71.6,62.57,14126.74,14.85,35817.38,0.0,35817.38,56302.6,18.76,5602,0,10,367,66,4213,4217,38,4197,0,1216.13,209.53,14989.08,29995.54,29990.2,79,0,0,1243,1379,3012,4223,15056,stalled,0.77
qsem,beanstalk-noplace,,"{""q_sem"": 0.05}",beanstalk-noplace,0,100,1000,10,False,0,499.9786,0.0,,,,,0.22,15.07,0.02,84.69,112.02,7535.12,8.6,42342.13,0.0,42342.13,28954.2,9.65,2881,0,10,370,138,2124,2052,13,2047,0,1151.6,227.53,14999.36,29998.72,29957.0,60,0,0,609,756,1456,2124,8237,stalled,0.26
qsem,beanstalk,,"{""q_sem"": 0.05}",beanstalk,1,100,1000,10,True,1000,492.0695,2.0322,1.926,7683.294,14423.162,7098.491,0.85,11.39,0.02,87.73,420.41,5606.76,11.22,43168.56,6.63,43159.85,25308.2,8.57,2521,0,10,932,164,1716,1382,9,1382,902,1294.68,240.93,5017.53,14427.59,29362.0,63,0,0,431,791,961,1730,9026,,0.46
qsem,beanstalk,,"{""q_sem"": 0.05}",beanstalk,6,100,1000,10,False,3,500.1941,0.006,,10.61,10.649,10.621,0.54,8.99,0.02,90.45,270.67,4497.78,8.05,45242.92,0.0,45242.92,18313.3,6.1,1830,0,10,682,147,1319,1083,15,1049,578,1081.95,242.5,14989.7,29995.52,29933.3,78,0,0,327,507,771,1322,6518,stalled,0.49
qsem,beanstalk-noplace,,"{""q_sem"": 0.05}",beanstalk-noplace,1,100,1000,10,False,4,499.4484,0.008,,9.838,10.732,9.821,0.37,13.27,0.02,86.35,182.86,6626.19,8.05,43127.74,0.0,43127.74,25033.2,8.35,2488,0,10,399,62,1809,1678,19,1666,0,1568.91,240.91,14966.92,29950.36,29908.7,62,0,0,517,675,1180,1813,7429,stalled,0.2
qsem,beanstalk-noplace,,"{""q_sem"": 0.05}",beanstalk-noplace,4,100,1000,10,False,134,638.2625,0.2099,,8292.699,8312.514,7857.709,0.37,10.54,0.01,89.07,235.13,6729.93,9.34,56851.85,0.0,56851.85,26284.0,6.86,2616,0,10,596,197,1852,1672,12,1665,0,1247.54,245.01,12626.67,29969.3,38217.1,71,0,0,533,756,1151,1860,8200,stalled,0.19
qsem,beanstalk-noplace,,"{""q_sem"": 0.05}",beanstalk-noplace,3,100,1000,10,False,745,882.6751,0.844,,12711.78,23012.722,12560.324,0.44,6.89,0.01,92.66,392.43,6078.62,11.83,81784.63,253.41,81111.14,26657.9,5.03,2645,0,10,1013,203,1914,1510,8,1508,0,2568.95,237.63,13462.61,29927.01,51541.7,65,0,0,457,724,1061,1921,9570,stalled,0.21
qsem,beanstalk-noplace,,"{""q_sem"": 0.05}",beanstalk-noplace,2,100,1000,10,False,5,500.2249,0.01,,9.142,9.677,9.094,0.41,6.99,0.01,92.59,204.38,3498.72,5.88,46313.51,0.0,46313.51,15153.4,5.05,1507,0,10,399,57,1130,897,14,891,0,926.17,231.32,14991.67,29998.41,29963.8,55,0,0,287,371,624,1135,4996,stalled,0.22
qsem,beanstalk,,"{""q_sem"": 0.05}",beanstalk,7,100,1000,10,False,2,500.2602,0.004,,11.193,11.377,11.193,0.14,13.34,0.01,86.51,69.83,6673.33,7.47,43275.39,0.0,43275.39,27910.8,9.3,2788,0,10,170,52,2086,2052,14,2042,141,1025.59,205.43,14989.95,29997.75,29990.0,69,0,0,632,699,1434,2088,7515,stalled,0.53
qsem,beanstalk-noplace,,"{""q_sem"": 0.05}",beanstalk-noplace,8,100,1000,10,False,1,499.6535,0.002,,9.197,9.197,9.197,0.4,6.84,0.01,92.75,200.98,3415.9,5.9,46342.57,0.0,46342.57,14084.9,4.7,1400,0,10,467,69,1029,803,6,798,0,892.13,251.9,14976.67,29966.26,29932.3,56,0,0,272,370,537,1030,4837,stalled,0.11
qsem,beanstalk-noplace,,"{""q_sem"": 0.05}",beanstalk-noplace,5,100,1000,10,True,1000,888.8509,1.125,1.8776,12399.268,25631.389,13162.958,0.49,9.79,0.02,89.71,431.22,8699.16,14.37,79740.33,15.81,79593.07,35743.9,6.7,3552,0,10,1132,131,2652,2203,12,2203,0,1259.39,232.38,12310.84,25635.53,52542.3,71,0,0,662,875,1553,2677,12089,,0.26
qsem,beanstalk,,"{""q_sem"": 0.05}",beanstalk,8,100,1000,10,False,609,934.7434,0.6515,,15341.729,26068.911,13788.853,0.34,8.58,0.01,91.07,313.35,8018.88,12.15,85129.97,0.0,85129.97,33810.5,6.03,3371,0,10,761,151,2555,2191,18,2186,664,1340.46,221.7,14080.29,29997.06,56006.4,62,0,0,667,807,1542,2563,10686,stalled,0.56
qsem,beanstalk,,"{""q_sem"": 0.05}",beanstalk,9,100,1000,10,True,1000,619.7899,1.6135,1.5151,3058.412,21525.972,6531.558,0.7,11.39,0.02,87.88,433.66,7062.32,13.37,54469.64,46.66,53866.87,33892.1,9.11,3377,0,10,933,167,2512,2096,18,2096,892,1659.15,199.9,7268.96,21528.44,36826.0,63,0,0,613,845,1501,2532,11319,,0.56
qsem,beanstalk-noplace,,"{""q_sem"": 0.05}",beanstalk-noplace,6,100,1000,10,False,10,499.164,0.02,106.2995,9.762,10.321,9.455,0.65,12.64,0.02,86.69,325.96,6308.12,11.26,43271.06,0.0,43271.06,29248.0,9.77,2909,0,10,842,133,2068,1771,17,1769,0,1329.45,213.49,14957.54,29932.45,29854.3,70,0,0,559,831,1229,2078,9601,stalled,0.25
qsem,beanstalk-noplace,,"{""q_sem"": 0.05}",beanstalk-noplace,9,100,1000,10,False,3,499.6003,0.006,,9.041,9.11,9.003,0.36,10.3,0.01,89.33,178.25,5145.74,6.96,44629.09,0.0,44629.09,19171.3,6.4,1909,0,10,435,82,1463,1272,9,1270,0,1139.84,243.47,14975.52,29963.53,29918.6,67,0,0,368,443,913,1466,6123,stalled,0.16
qsem,beanstalk-noplace,,"{""q_sem"": 0.05}",beanstalk-noplace,7,100,1000,10,True,1000,575.7771,1.7368,1.8002,9503.002,21078.812,10901.519,0.74,11.51,0.02,87.74,425.68,6624.38,11.76,50515.89,13.31,50479.67,26730.1,7.74,2666,0,10,953,224,2060,1559,13,1559,0,1237.88,249.07,7780.74,21084.76,34173.3,63,0,0,441,597,1131,2069,9578,,0.2
qsem,beanstalk,,"{""q_sem"": 0.05}",beanstalk,4,100,1000,10,False,641,1167.9398,0.5488,1.6956,11393.653,21977.973,11689.383,0.34,11.27,0.01,88.37,401.25,13160.52,16.67,103215.54,0.0,103215.54,48814.0,6.97,4853,0,10,1016,303,3520,3194,25,3183,825,1256.81,250.59,12199.21,29998.03,69963.6,76,0,0,1008,1325,2211,3526,14996,stalled,0.76
qsem,beanstalk,,"{""q_sem"": 0.05}",beanstalk,5,100,1000,10,True,1000,784.3611,1.2749,2.2363,12824.681,25606.196,12301.178,0.55,11.6,0.02,87.83,431.22,9101.1,15.14,68888.65,10.81,68824.68,38918.4,8.27,3865,0,10,1060,210,2914,2489,13,2489,884,1259.76,218.46,9959.96,25612.3,46869.2,63,0,0,719,940,1783,2925,12819,,0.81
main,batched-aimd,,{},batched-aimd,1,100,1000,10,True,1000,109.9393,9.0959,9.2391,539.17,992.056,580.787,3.82,17.1,70.94,8.13,420.41,1880.16,7799.62,893.73,39.37,0.0,58075.7,88.04,6209,2147,10,855,178,1705,359,26,359,0,0.0,0.0,13.71,168.45,0.0,0,195,4803,0,0,0,0,8449,,0.26
main,batched-aimd,,{},batched-aimd,0,100,1000,10,True,1000,124.4443,8.0357,9.8376,520.95,899.93,554.447,3.35,13.87,60.39,22.39,417.26,1725.92,7514.87,2786.38,146.93,0.0,55340.0,74.12,5912,1976,10,939,162,1637,339,17,339,0,0.0,0.0,67.46,907.12,0.0,0,202,4567,0,0,0,0,8207,,0.34
main,batched k=4,,{},batched,1,100,1000,10,True,1000,187.9209,5.3214,5.2785,1027.981,1511.715,1022.775,2.24,8.8,81.91,7.05,420.41,1652.93,15393.32,1325.43,50.88,0.0,101249.0,89.8,10487,4163,10,880,169,4684,345,3,345,0,0.0,0.0,23.15,209.9,0.0,0,696,8994,0,0,0,0,12715,,0.52
main,batched k=4,,{},batched,2,100,1000,10,True,1000,186.5308,5.361,5.3279,1027.327,1435.931,983.096,2.33,8.28,79.57,9.83,434.8,1543.61,14841.33,1833.34,154.83,0.0,96977.1,86.65,10030,3865,10,914,163,4580,326,5,326,0,0.0,0.0,30.68,484.55,0.0,0,664,8592,0,0,0,0,12275,,0.51
main,batched k=4,,{},batched,7,100,1000,10,True,1000,184.3151,5.4255,5.9318,925.118,1333.019,913.004,2.31,8.58,73.98,15.13,425.68,1581.24,13635.49,2789.1,304.1,0.0,91390.1,82.64,9452,3646,10,903,196,3980,313,3,313,0,0.0,0.0,42.81,663.29,0.0,0,632,8073,0,0,0,0,11671,,0.5
main,batched k=4,,{},batched,0,100,1000,10,True,1000,190.2097,5.2574,5.6048,1030.277,1450.446,999.917,2.19,8.58,79.04,10.19,417.26,1631.91,15033.37,1938.42,145.69,0.0,99205.5,86.93,10284,4191,10,991,180,4331,338,3,338,0,0.0,0.0,27.05,372.61,0.0,0,683,8825,0,0,0,0,12616,,0.62
main,batched k=4,,{},batched,3,100,1000,10,True,1000,200.7943,4.9802,5.0036,1064.771,1577.339,1068.904,1.95,8.08,80.64,9.32,392.43,1622.93,16192.14,1871.92,288.54,0.0,105468.3,87.54,10888,4422,10,989,197,4794,354,6,354,0,0.0,0.0,28.09,400.79,0.0,0,719,9346,0,0,0,0,13237,,0.56
main,batched k=4,,{},batched,4,100,1000,10,True,1000,197.4391,5.0649,5.2762,1057.464,1497.173,1034.24,2.21,8.78,78.52,10.48,436.73,1734.5,15502.84,2069.84,90.68,0.0,102732.9,86.72,10618,4202,10,960,166,4730,347,6,347,0,0.0,0.0,25.3,316.24,0.0,0,705,9105,0,0,0,0,12931,,0.55
main,batched k=4,,{},batched,6,100,1000,10,True,1000,207.8204,4.8118,5.0138,1077.697,1552.658,1075.35,2.05,8.64,77.6,11.71,425.13,1795.73,16126.77,2434.41,95.02,0.0,106240.7,85.2,10979,4373,10,1011,189,4864,361,4,361,0,0.0,0.0,32.99,510.28,0.0,0,731,9430,0,0,0,0,13355,,0.56
main,batched k=4,,{},batched,9,100,1000,10,True,1000,224.5142,4.4541,5.1315,1061.115,1517.472,1027.426,1.93,7.53,68.74,21.8,433.66,1691.01,15432.75,4894.0,750.48,0.0,101161.9,75.1,10488,4197,10,785,133,4529,339,9,339,0,0.0,0.0,204.69,2246.86,0.0,0,694,8996,0,0,0,0,12621,,0.52
main,batched k=4,,{},batched,8,100,1000,10,True,1000,184.5683,5.418,5.6224,942.33,1491.77,963.745,2.23,8.92,78.1,10.74,411.47,1647.01,14415.41,1982.94,35.62,0.0,96570.3,87.2,10006,4095,10,1024,173,4303,329,7,329,0,0.0,0.0,27.1,348.71,0.0,0,665,8567,0,0,0,0,12366,,0.52
main,batched k=4,,{},batched,5,100,1000,10,True,1000,190.9816,5.2361,5.2789,1027.015,1582.669,1040.619,2.26,8.75,82.06,6.93,431.22,1671.13,15672.51,1323.29,146.38,0.0,102594.9,89.53,10628,4235,10,982,142,4474,347,3,347,0,0.0,0.0,24.47,165.49,0.0,0,699,9138,0,0,0,0,12960,,0.65
main,batched-aimd,,{},batched-aimd,2,100,1000,10,True,1000,114.5178,8.7323,9.5057,532.093,882.421,554.446,3.8,13.49,67.21,15.51,434.8,1544.29,7696.48,1776.21,236.08,0.0,55523.9,80.81,5893,2026,10,855,160,1649,322,14,322,0,0.0,0.0,31.93,501.55,0.0,0,216,4571,0,0,0,0,8084,,0.26
main,batched-aimd,,{},batched-aimd,3,100,1000,10,True,1000,120.4375,8.3031,9.4592,536.02,908.046,571.002,3.26,13.5,65.52,17.72,392.43,1626.02,7890.67,2134.62,197.31,0.0,56733.1,78.51,6022,2059,10,960,185,1722,346,10,346,0,0.0,0.0,34.4,515.31,0.0,0,210,4679,0,0,0,0,8338,,0.27
main,batched-aimd,,{},batched-aimd,4,100,1000,10,True,1000,116.7928,8.5622,9.6686,531.079,920.142,563.829,3.74,14.94,65.52,15.8,436.73,1745.18,7651.97,1845.41,75.59,0.0,56342.4,80.4,6000,2148,10,903,171,1616,333,18,333,0,0.0,0.0,23.83,402.1,0.0,0,213,4644,0,0,0,0,8254,,0.28
main,batched-aimd,,{},batched-aimd,5,100,1000,10,True,1000,114.6539,8.7219,9.446,535.011,1025.479,580.45,3.76,15.56,68.82,11.86,431.22,1783.77,7890.41,1360.0,101.08,0.0,57942.4,84.23,6154,2117,10,930,143,1706,350,16,350,0,0.0,0.0,17.27,201.45,0.0,0,214,4761,0,0,0,0,8450,,0.28
main,batched-aimd,,{},batched-aimd,6,100,1000,10,True,1000,114.0617,8.7672,9.287,543.267,1039.903,587.217,3.73,17.02,68.78,10.47,425.13,1941.31,7845.64,1194.09,64.74,0.0,59118.4,86.38,6301,2236,10,957,182,1759,373,13,373,0,0.0,0.0,13.57,73.84,0.0,0,206,4895,0,0,0,0,8644,,0.28
main,batched-aimd,,{},batched-aimd,7,100,1000,10,True,1000,122.8271,8.1415,9.956,513.354,933.066,552.682,3.47,14.05,60.95,21.54,425.68,1725.5,7485.87,2645.67,215.76,0.0,55289.7,75.02,5849,2031,10,866,193,1615,328,9,328,0,0.0,0.0,36.99,470.92,0.0,0,218,4515,0,0,0,0,8052,,0.27
main,batched-aimd,,{},batched-aimd,8,100,1000,10,True,1000,113.2569,8.8295,9.4691,543.088,924.649,563.916,3.63,15.88,67.1,13.38,411.47,1798.98,7599.62,1515.62,18.77,0.0,56568.0,83.24,5985,2082,10,957,160,1641,335,21,335,0,0.0,0.0,19.53,282.36,0.0,0,211,4636,0,0,0,0,8298,,0.28
main,batched-aimd,,{},batched-aimd,9,100,1000,10,True,1000,149.6476,6.6824,9.2627,550.058,955.636,578.095,2.9,11.45,52.93,32.72,433.66,1713.98,7920.93,4896.19,576.73,0.0,57111.2,63.61,6065,2116,10,780,117,1712,340,12,340,0,0.0,0.0,231.57,1922.83,0.0,0,220,4677,0,0,0,0,8197,,0.37
main,batched+place,,{},batched+place,2,100,1000,10,True,1000,190.6047,5.2465,5.2455,1049.242,1483.841,1003.667,2.28,8.29,79.47,9.96,434.8,1580.55,15147.22,1897.89,411.53,0.0,99637.9,87.12,10283,4084,10,865,152,4497,339,3,339,986,0.0,0.0,24.47,239.46,0.0,0,687,8819,0,0,0,0,12490,,0.72
main,batched+place,,{},batched+place,0,100,1000,10,True,1000,199.9529,5.0012,5.6157,1031.393,1461.909,1014.183,2.09,8.18,76.36,13.38,417.26,1635.38,15267.67,2674.99,266.74,0.0,101814.3,84.87,10521,4066,10,908,164,4753,347,3,347,990,0.0,0.0,31.8,512.59,0.0,0,704,9021,0,0,0,0,12779,,0.75
main,batched+place,,{},batched+place,1,100,1000,10,True,1000,184.612,5.4168,5.4201,1043.592,1386.105,1015.053,2.28,8.36,83.28,6.08,420.41,1542.94,15374.61,1123.24,16.51,0.0,101194.0,91.36,10422,4022,10,874,167,4521,338,4,338,987,0.0,0.0,21.85,119.1,0.0,0,686,8956,0,0,0,0,12638,,0.74
main,batched+place,,{},batched+place,7,100,1000,10,True,1000,176.2439,5.674,5.9462,941.69,1439.616,944.919,2.42,8.98,80.38,8.23,425.68,1582.61,14166.05,1450.06,101.31,0.0,95094.4,89.93,9863,3994,10,895,193,4156,320,5,320,987,0.0,0.0,22.61,133.47,0.0,0,652,8457,0,0,0,0,12083,,0.7
main,batched+place,,{},batched+place,3,100,1000,10,True,1000,200.4791,4.9881,5.2102,1066.128,1550.121,1073.533,1.96,8.25,81.0,8.8,392.43,1653.28,16238.93,1763.26,269.78,0.0,106952.6,88.91,11038,4307,10,994,209,4983,364,4,364,986,0.0,0.0,23.24,189.97,0.0,0,730,9485,0,0,0,0,13400,,0.79
main,batched+place,,{},batched+place,4,100,1000,10,True,1000,220.2971,4.5393,4.9813,1100.944,1555.922,1107.307,1.98,8.53,75.24,14.24,436.73,1879.4,16575.72,3137.86,370.71,0.0,109613.1,82.93,11371,4720,10,960,175,4968,376,2,376,988,0.0,0.0,49.42,853.49,0.0,0,761,9774,0,0,0,0,13709,,0.78
main,batched+place,,{},batched+place,5,100,1000,10,True,1000,193.6297,5.1645,5.2472,1017.1,1631.842,1052.032,2.23,8.38,82.17,7.22,431.22,1623.47,15910.39,1397.88,49.97,0.0,104452.8,89.91,10820,4355,10,950,141,4705,352,3,352,984,0.0,0.0,25.23,253.28,0.0,0,720,9293,0,0,0,0,13125,,0.75
main,batched+place,,{},batched+place,6,100,1000,10,True,1000,196.6473,5.0852,5.0732,1046.691,1595.061,1074.682,2.16,9.26,81.83,6.75,425.13,1820.07,16091.3,1328.23,45.36,0.0,105705.4,89.59,10963,4479,10,960,182,4824,361,2,361,984,0.0,0.0,22.3,157.48,0.0,0,725,9422,0,0,0,0,13286,,0.77
main,batched+place,,{},batched+place,8,100,1000,10,True,1000,181.102,5.5218,5.5621,1002.781,1500.694,986.519,2.27,9.02,81.77,6.94,411.47,1632.97,14809.01,1256.75,236.46,0.0,98287.0,90.45,10166,4130,10,959,131,4223,333,1,333,988,0.0,0.0,21.99,134.54,0.0,0,673,8723,0,0,0,0,12459,,0.72
main,batched+place,,{},batched+place,9,100,1000,10,True,1000,232.8132,4.2953,4.8966,1107.88,1575.823,1101.229,1.86,7.35,71.49,19.3,433.66,1711.1,16642.72,4493.84,529.96,0.0,108467.9,77.65,11201,4569,10,828,158,4909,371,3,371,984,0.0,0.0,107.77,1446.77,0.0,0,741,9643,0,0,0,0,13403,,0.74
queue,batched-par k=4,,"{""batch_k"": 4}",batched-par,1,100,1000,10,True,1000,180.5767,5.5378,5.3984,1000.304,1515.441,985.831,2.33,9.53,81.46,6.68,420.41,1720.48,14710.03,1206.75,146.83,0.0,97699.6,90.17,10391,4430,10,884,176,4285,352,3,352,0,0.0,0.0,23.85,227.58,0.0,0,715,8859,0,0,0,0,12630,,0.55
queue,batched-par k=4,,"{""batch_k"": 4}",batched-par,0,100,1000,10,True,1000,181.49,5.5099,6.0857,940.563,1396.474,923.491,2.3,9.09,75.71,12.89,417.26,1650.49,13741.04,2340.22,174.57,0.0,91351.0,83.89,9626,4000,10,994,176,3998,331,1,331,0,0.0,0.0,42.2,679.8,0.0,0,657,8211,0,0,0,0,11952,,0.61
queue,batched-par k=4,,"{""batch_k"": 4}",batched-par,2,100,1000,10,True,1000,174.4829,5.7312,5.742,953.607,1306.644,902.786,2.49,8.9,77.33,11.27,434.8,1553.22,13493.22,1967.04,173.11,0.0,89585.2,85.57,9541,3991,10,911,171,4010,327,3,327,0,0.0,0.0,39.76,679.75,0.0,0,650,8122,0,0,0,0,11782,,0.53
queue,batched k=16,,"{""batch_k"": 16}",batched,1,100,1000,10,True,1000,316.5097,3.1595,3.0534,1844.955,2481.042,1772.381,1.33,5.57,87.76,5.34,420.41,1763.55,27776.12,1690.88,59.45,0.0,112570.9,59.28,11891,5331,10,1035,219,5732,351,2,351,0,0.0,0.0,35.73,248.98,0.0,0,1437,9665,0,0,0,0,14279,,1.71
queue,batched k=16,,"{""batch_k"": 16}",batched,0,100,1000,10,True,1000,306.2388,3.2654,3.2312,1800.332,2329.88,1724.423,1.36,5.82,88.03,4.79,417.26,1782.61,26957.76,1466.24,136.13,0.0,107285.1,58.39,11349,5029,10,1152,203,5521,342,3,342,0,0.0,0.0,36.38,241.35,0.0,0,1392,9203,0,0,0,0,13846,,1.86
queue,batched-par k=4,,"{""batch_k"": 4}",batched-par,3,100,1000,10,True,1000,191.0722,5.2336,5.2425,1031.485,1444.137,1008.306,2.05,8.19,79.76,9.99,392.43,1564.6,15240.49,1909.69,228.27,0.0,99779.7,87.03,10460,4356,10,985,194,4613,360,3,360,0,0.0,0.0,28.18,394.23,0.0,0,715,8944,0,0,0,0,12808,,0.59
queue,batched k=16,,"{""batch_k"": 16}",batched,2,100,1000,10,True,1000,290.0064,3.4482,3.3531,1660.229,2278.57,1580.513,1.5,5.61,85.22,7.67,434.8,1626.59,24715.3,2223.95,306.11,0.0,100431.5,57.72,10621,4747,10,1072,186,5132,321,1,321,0,0.0,0.0,38.33,432.44,0.0,0,1283,8604,0,0,0,0,13015,,1.61
queue,batched k=16,,"{""batch_k"": 16}",batched,7,100,1000,10,True,1000,305.9945,3.268,3.4856,1646.938,2218.038,1570.726,1.39,5.48,80.07,13.06,425.68,1677.0,24501.76,3995.01,245.89,0.0,100680.4,54.84,10684,4865,10,1058,224,5039,321,6,321,0,0.0,0.0,79.92,1344.63,0.0,0,1287,8670,0,0,0,0,13069,,1.58
queue,batched k=16,,"{""batch_k"": 16}",batched,8,100,1000,10,True,1000,291.4491,3.4311,3.4537,1588.215,2355.154,1580.783,1.41,6.01,84.39,8.19,411.47,1751.37,24595.01,2387.06,211.16,0.0,99651.2,56.99,10549,4768,10,1197,184,5016,324,1,324,0,0.0,0.0,37.6,344.52,0.0,0,1292,8544,0,0,0,0,13071,,1.58
queue,batched k=16,,"{""batch_k"": 16}",batched,4,100,1000,10,True,1000,322.9257,3.0967,3.1106,1805.795,2416.984,1757.071,1.35,5.74,84.94,7.96,436.73,1853.93,27430.59,2571.33,45.07,0.0,110382.5,56.97,11652,5256,10,1129,198,5626,354,1,354,0,0.0,0.0,39.09,337.03,0.0,0,1427,9442,0,0,0,0,14136,,1.77
queue,batched k=16,,"{""batch_k"": 16}",batched,3,100,1000,10,True,1000,325.8657,3.0687,2.9912,1827.571,2562.576,1801.862,1.2,5.11,87.05,6.64,392.43,1664.02,28367.02,2163.09,514.25,0.0,111296.9,56.92,11701,5244,10,1138,238,5648,360,3,360,0,0.0,0.0,36.14,274.61,0.0,0,1450,9462,0,0,0,0,14202,,1.81
queue,batched-par k=4,,"{""batch_k"": 4}",batched-par,7,100,1000,10,True,1000,170.3332,5.8708,6.5307,852.034,1262.571,827.996,2.5,8.96,72.06,16.48,425.68,1526.16,12273.78,2807.7,251.02,0.0,82968.9,81.18,8759,3567,10,904,188,3613,303,3,303,0,0.0,0.0,64.02,958.96,0.0,0,605,7432,0,0,0,0,10969,,0.49
queue,batched-par k=4,,"{""batch_k"": 4}",batched-par,5,100,1000,10,True,1000,179.1031,5.5834,5.6611,972.797,1450.7,970.066,2.41,9.49,80.78,7.32,431.22,1699.03,14468.73,1311.33,130.64,0.0,96492.1,89.79,10198,4287,10,991,134,4218,344,1,344,0,0.0,0.0,24.54,176.68,0.0,0,693,8722,0,0,0,0,12534,,0.56
queue,batched-par k=4,,"{""batch_k"": 4}",batched-par,4,100,1000,10,True,1000,189.6237,5.2736,5.5463,981.783,1466.137,988.205,2.3,9.19,77.67,10.84,436.73,1741.8,14728.28,2055.56,142.66,0.0,98303.1,86.4,10381,4331,10,948,178,4401,350,2,350,0,0.0,0.0,26.18,273.61,0.0,0,708,8865,0,0,0,0,12681,,0.56
queue,batched k=16,,"{""batch_k"": 16}",batched,9,100,1000,10,True,1000,336.0362,2.9759,3.1035,1782.042,2345.966,1704.683,1.29,5.13,79.42,14.16,433.66,1724.46,26686.92,4758.58,406.49,0.0,109702.5,54.41,11572,5135,10,932,157,5589,341,1,341,0,0.0,0.0,131.53,2027.76,0.0,0,1369,9430,0,0,0,0,13846,,1.71
queue,batched k=16,,"{""batch_k"": 16}",batched,6,100,1000,10,True,1000,322.4596,3.1012,3.0113,1818.953,2460.037,1791.222,1.32,5.84,86.74,6.1,425.13,1883.95,27969.75,1967.14,103.86,0.0,111394.2,57.58,11771,5210,10,1152,215,5713,356,3,356,0,0.0,0.0,38.21,220.86,0.0,0,1448,9551,0,0,0,0,14282,,1.78
queue,batched k=16,,"{""batch_k"": 16}",batched,5,100,1000,10,True,1000,321.0048,3.1152,3.097,1829.827,2536.285,1811.937,1.34,5.54,88.54,4.58,431.22,1777.04,28421.9,1470.31,172.15,0.0,113299.5,58.83,11983,5448,10,1118,154,5650,363,2,363,0,0.0,0.0,43.08,257.97,0.0,0,1465,9755,0,0,0,0,14466,,1.79
queue,batched-par k=4,,"{""batch_k"": 4}",batched-par,6,100,1000,10,True,1000,194.9396,5.1298,5.2764,1034.904,1504.149,1013.583,2.18,9.27,77.39,11.16,425.13,1807.2,15085.85,2175.78,145.78,0.0,100147.7,85.62,10611,4418,10,1019,186,4507,361,6,361,0,0.0,0.0,31.93,483.62,0.0,0,733,9058,0,0,0,0,12997,,0.57
fair,batched k=4 suspects,,"{""queue_suspects"": true}",batched,0,100,1000,10,True,1000,105.1534,9.5099,12.9717,378.347,814.76,433.508,3.97,18.0,50.71,27.32,417.26,1892.9,5332.24,2872.95,159.39,0.0,43394.7,68.78,4530,1452,10,1027,170,2072,361,2,361,0,0.0,0.0,53.94,658.61,0.0,0,159,3690,0,0,318,0,6920,,0.33
fair,batched k=4 suspects,,"{""queue_suspects"": true}",batched,1,100,1000,10,True,1000,86.185,11.6029,12.4288,387.669,842.299,424.154,4.88,20.64,61.39,13.1,420.41,1778.69,5290.55,1128.86,95.0,0.0,42729.2,82.63,4488,1586,10,898,177,1991,367,1,367,0,0.0,0.0,14.47,170.62,0.0,0,153,3648,0,0,328,0,6754,,0.31
fair,batched k=4 suspects,,"{""queue_suspects"": true}",batched,2,100,1000,10,True,1000,91.9836,10.8715,12.2055,383.84,804.554,423.775,4.73,17.1,59.68,18.49,434.8,1573.29,5489.63,1700.64,409.3,0.0,42861.9,77.66,4474,1593,10,943,170,1964,330,1,330,0,0.0,0.0,41.36,584.81,0.0,0,162,3631,0,0,288,0,6748,,0.31
queue,batched-par k=4,,"{""batch_k"": 4}",batched-par,8,100,1000,10,True,1000,171.5912,5.8278,5.9438,896.381,1416.18,895.157,2.4,9.81,77.14,10.66,411.47,1683.53,13235.76,1828.36,158.32,0.0,89612.5,87.04,9453,3850,10,1035,171,4032,325,2,325,0,0.0,0.0,26.22,332.59,0.0,0,649,8050,0,0,0,0,11815,,0.6
fair,batched k=4 suspects,,"{""queue_suspects"": true}",batched,4,100,1000,10,True,1000,116.5687,8.5786,12.5876,369.776,798.681,436.336,3.75,16.51,45.88,33.87,436.73,1924.19,5348.07,3947.88,262.23,0.0,43502.0,62.2,4553,1622,10,979,175,2000,369,1,369,0,0.0,0.0,145.88,1342.69,0.0,0,155,3702,0,0,325,0,6902,,0.32
fair,batched k=4 suspects,,"{""queue_suspects"": true}",batched,7,100,1000,10,True,1000,97.0982,10.2989,13.0957,333.511,795.423,399.806,4.38,17.94,50.68,26.99,425.68,1742.15,4921.29,2620.7,138.92,0.0,40174.4,68.96,4211,1433,10,942,212,1832,336,1,336,0,0.0,0.0,83.54,919.94,0.0,0,143,3401,0,0,295,0,6490,,0.31
fair,batched k=4 suspects,,"{""queue_suspects"": true}",batched,5,100,1000,10,True,1000,89.8889,11.1248,12.4463,383.887,883.106,437.548,4.8,21.49,59.64,14.08,431.22,1931.44,5361.03,1265.2,140.98,0.0,44331.0,82.2,4618,1650,10,1034,144,1968,380,1,380,0,0.0,0.0,14.04,156.79,0.0,0,153,3756,0,0,344,0,7033,,0.33
fair,batched k=4 suspects,,"{""queue_suspects"": true}",batched,3,100,1000,10,True,1000,101.3821,9.8637,11.0933,440.584,870.606,477.252,3.87,16.82,61.64,17.67,392.43,1704.87,6249.33,1791.58,201.37,0.0,47653.5,78.34,4960,1729,10,1030,198,2303,369,3,369,0,0.0,0.0,23.72,286.95,0.0,0,178,4069,0,0,321,0,7362,,0.34
fair,batched k=4 suspects,,"{""queue_suspects"": true}",batched,8,100,1000,10,True,1000,87.2079,11.4668,13.021,352.358,818.929,408.27,4.72,20.26,57.76,17.26,411.47,1767.15,5037.35,1504.82,39.77,0.0,41282.3,78.9,4336,1442,10,1090,166,1912,336,1,336,0,0.0,0.0,26.23,411.09,0.0,0,153,3513,0,0,295,0,6763,,0.31
fair,batched k=4 suspects,,"{""queue_suspects"": true}",batched,6,100,1000,10,True,1000,100.8197,9.9187,11.0584,433.137,858.827,468.104,4.22,19.67,57.71,18.4,425.13,1983.15,5818.58,1855.1,110.69,0.0,46398.3,76.7,4863,1686,10,1027,177,2232,375,1,375,0,0.0,0.0,30.14,439.91,0.0,0,170,3979,0,0,326,0,7266,,0.34
fair,batched k=4 suspects,,"{""queue_suspects"": true}",batched,9,100,1000,10,True,1000,119.7734,8.3491,13.1664,360.73,794.446,402.772,3.62,15.69,40.35,40.33,433.66,1879.65,4833.21,4830.82,684.8,0.0,39550.4,55.03,4153,1312,10,818,133,1930,352,2,352,0,0.0,0.0,120.86,876.69,0.0,0,130,3338,0,0,319,0,6325,,0.29
queue,batched-par k=4,,"{""batch_k"": 4}",batched-par,9,100,1000,10,True,1000,207.8258,4.8117,5.6937,940.459,1388.093,933.714,2.09,8.54,66.33,23.03,433.66,1775.79,13786.11,4787.03,888.36,0.0,91893.3,73.69,9808,4162,10,824,138,4041,340,0,340,0,0.0,0.0,100.69,1325.49,0.0,0,673,8352,0,0,0,0,11972,,0.52
fair,batched-par k=4 suspects,,"{""batch_k"": 4, ""queue_suspects"": true}",batched-par,0,100,1000,10,True,1000,98.2555,10.1775,13.936,349.687,792.485,396.658,4.25,19.29,47.99,28.47,417.26,1895.32,4715.64,2797.32,119.64,0.0,39676.2,67.3,4205,1465,10,1048,195,1837,347,4,347,0,0.0,0.0,55.31,598.07,0.0,0,149,3365,0,0,310,0,6604,,0.38
fair,batched-par k=4 suspects,,"{""batch_k"": 4, ""queue_suspects"": true}",batched-par,1,100,1000,10,True,1000,116.0023,8.6205,12.6209,384.559,832.043,412.768,3.62,16.37,42.94,37.07,420.41,1898.53,4980.94,4300.35,351.66,0.0,41080.3,59.02,4340,1544,10,915,187,1883,370,1,370,0,0.0,0.0,323.96,2096.21,0.0,0,164,3473,0,0,320,0,6626,,0.36
fair,batched-par k=4 suspects,,"{""batch_k"": 4, ""queue_suspects"": true}",batched-par,2,100,1000,10,True,1000,87.5447,11.4227,13.0396,355.965,783.43,399.449,4.97,18.79,57.26,18.99,434.8,1644.85,5012.63,1662.18,359.81,0.0,40369.7,76.86,4261,1559,10,981,169,1822,334,4,334,0,0.0,0.0,37.79,543.07,0.0,0,157,3421,0,0,293,0,6580,,0.36
fair,batched-par k=4 suspects,,"{""batch_k"": 4, ""queue_suspects"": true}",batched-par,7,100,1000,10,True,1000,90.4999,11.0497,14.2119,320.449,780.755,365.113,4.7,19.1,48.14,28.06,425.68,1728.18,4357.03,2539.09,474.79,0.0,36395.9,67.03,3881,1397,10,950,223,1549,329,3,329,0,0.0,0.0,57.63,683.85,0.0,0,135,3079,0,0,288,0,6163,,0.34
fair,batched-par k=4 suspects,,"{""batch_k"": 4, ""queue_suspects"": true}",batched-par,4,100,1000,10,True,1000,90.9744,10.9921,13.363,361.493,780.624,412.647,4.8,21.52,54.08,19.6,436.73,1957.32,4920.12,1783.27,138.3,0.0,40889.2,74.91,4323,1609,10,1003,187,1872,367,2,367,0,0.0,0.0,19.09,250.21,0.0,0,143,3474,0,0,318,0,6695,,0.37
fair,batched-par k=4 suspects,,"{""batch_k"": 4, ""queue_suspects"": true}",batched-par,8,100,1000,10,True,1000,86.8331,11.5164,13.3069,347.703,805.69,391.559,4.74,21.31,53.84,20.11,411.47,1850.54,4675.45,1745.85,21.69,0.0,39418.2,75.66,4153,1525,10,1092,173,1798,344,6,344,0,0.0,0.0,33.63,484.39,0.0,0,148,3318,0,0,300,0,6595,,0.35
fair,batched-par k=4 suspects,,"{""batch_k"": 4, ""queue_suspects"": true}",batched-par,3,100,1000,10,True,1000,91.9201,10.879,12.2801,397.244,806.337,424.617,4.27,19.3,57.69,18.74,392.43,1773.84,5303.11,1722.63,205.37,0.0,42127.0,76.38,4442,1605,10,1033,202,1943,376,1,376,0,0.0,0.0,17.66,150.85,0.0,0,165,3553,0,0,327,0,6852,,0.38
fair,batched-par k=4 suspects,,"{""batch_k"": 4, ""queue_suspects"": true}",batched-par,5,100,1000,10,True,1000,85.406,11.7088,13.6117,353.074,799.133,402.647,5.05,21.63,56.94,16.38,431.22,1847.56,4863.22,1398.6,201.58,0.0,40049.6,78.16,4242,1473,10,1035,142,1842,357,1,357,0,0.0,0.0,21.54,323.46,0.0,0,152,3398,0,0,312,0,6635,,0.38
fair,batched-par k=4 suspects,,"{""batch_k"": 4, ""queue_suspects"": true}",batched-par,9,100,1000,10,True,1000,119.4145,8.3742,13.2429,368.015,792.131,397.572,3.63,15.42,40.07,40.88,433.66,1841.13,4785.07,4881.59,629.48,0.0,38433.7,53.64,4019,1324,10,863,137,1804,349,5,349,0,0.0,0.0,119.59,791.88,0.0,0,145,3165,0,0,295,0,6236,,0.37
fair,batched-par k=4 suspects,,"{""batch_k"": 4, ""queue_suspects"": true}",batched-par,6,100,1000,10,True,1000,94.2695,10.6079,11.2019,433.463,893.726,470.414,4.51,21.52,61.64,12.32,425.13,2029.13,5811.1,1161.59,115.92,0.0,46882.3,82.89,4925,1837,10,1076,183,2231,387,6,387,0,0.0,0.0,13.9,171.43,0.0,0,191,3980,0,0,326,0,7394,,0.42
place,batched+place hard,default point,"{""placement_fallback"": ""wait""}",batched+place,0,100,1000,10,True,1000,174.4521,5.7322,6.6773,12.341,343.192,75.472,2.39,4.24,2.97,90.4,417.26,739.82,518.04,15770.09,15324.46,0.0,18631.2,17.8,2083,652,10,60,18,500,212,16,212,0,0.0,0.0,26.2,324.22,0.0,0,166,890,0,0,0,0,3371,,0.24
place,batched+place hard,default point,"{""placement_fallback"": ""wait""}",batched+place,1,100,1000,10,True,1000,171.3444,5.8362,6.441,11.719,313.148,67.25,2.45,4.42,2.13,91.01,420.41,756.68,364.15,15593.19,14931.24,0.0,15726.9,15.3,1736,465,8,54,11,361,195,19,195,0,0.0,0.0,16.7,176.58,0.0,0,101,584,0,0,0,0,3004,,0.26
place,batched+place soft,default point,"{""placement_fallback"": ""least-overlap""}",batched+place,1,100,1000,10,True,1000,184.612,5.4168,5.4201,1043.592,1386.105,1015.053,2.28,8.36,83.28,6.08,420.41,1542.94,15374.61,1123.24,16.51,0.0,101194.0,91.36,10422,4022,10,874,167,4521,338,4,338,987,0.0,0.0,21.85,119.1,0.0,0,686,8956,0,0,0,0,12638,,0.73
place,batched+place soft,default point,"{""placement_fallback"": ""least-overlap""}",batched+place,0,100,1000,10,True,1000,199.9529,5.0012,5.6157,1031.393,1461.909,1014.183,2.09,8.18,76.36,13.38,417.26,1635.38,15267.67,2674.99,266.74,0.0,101814.3,84.87,10521,4066,10,908,164,4753,347,3,347,990,0.0,0.0,31.8,512.59,0.0,0,704,9021,0,0,0,0,12779,,0.78
place,batched+place hard,default point,"{""placement_fallback"": ""wait""}",batched+place,2,100,1000,10,True,1000,151.1448,6.6162,6.9811,11.926,279.83,66.054,2.88,4.13,3.15,89.84,434.8,624.23,476.66,13578.78,13247.9,0.0,17480.6,19.28,1952,578,9,60,20,434,195,11,195,0,0.0,0.0,23.07,372.31,0.0,0,140,807,0,0,0,0,3218,,0.27
place,batched+place hard,default point,"{""placement_fallback"": ""wait""}",batched+place,3,100,1000,10,True,1000,163.3086,6.1234,6.6414,12.182,304.387,70.089,2.4,4.6,2.55,90.44,392.43,751.73,416.42,14770.28,14185.08,0.0,16742.5,17.09,1861,514,9,68,22,417,225,10,225,0,0.0,0.0,17.85,300.48,0.0,0,115,689,0,0,0,0,3164,,0.24
place,batched+place soft,default point,"{""placement_fallback"": ""least-overlap""}",batched+place,2,100,1000,10,True,1000,190.6047,5.2465,5.2455,1049.242,1483.841,1003.667,2.28,8.29,79.47,9.96,434.8,1580.55,15147.22,1897.89,411.53,0.0,99637.9,87.12,10283,4084,10,865,152,4497,339,3,339,986,0.0,0.0,24.47,239.46,0.0,0,687,8819,0,0,0,0,12490,,0.75
place,batched+place hard,default point,"{""placement_fallback"": ""wait""}",batched+place,4,100,1000,10,True,1000,169.7399,5.8914,6.782,12.468,338.543,73.65,2.57,4.48,2.75,90.2,436.73,760.65,466.86,15309.76,14715.13,0.0,17676.1,17.36,1996,632,10,61,20,459,219,16,219,0,0.0,0.0,43.59,774.11,0.0,0,147,821,0,0,0,0,3292,,0.24
place,batched+place hard,default point,"{""placement_fallback"": ""wait""}",batched+place,5,100,1000,10,True,1000,166.5404,6.0045,6.3653,12.096,335.992,71.118,2.59,4.29,2.83,90.29,431.22,713.74,471.56,15037.52,14544.47,0.0,17506.6,17.52,1947,560,9,62,22,440,212,5,212,0,0.0,0.0,17.71,255.25,0.0,0,140,782,0,0,0,0,3226,,0.24
place,batched+place soft,default point,"{""placement_fallback"": ""least-overlap""}",batched+place,3,100,1000,10,True,1000,200.4791,4.9881,5.2102,1066.128,1550.121,1073.533,1.96,8.25,81.0,8.8,392.43,1653.28,16238.93,1763.26,269.78,0.0,106952.6,88.91,11038,4307,10,994,209,4983,364,4,364,986,0.0,0.0,23.24,189.97,0.0,0,730,9485,0,0,0,0,13400,,0.81
place,batched+place soft,default point,"{""placement_fallback"": ""least-overlap""}",batched+place,4,100,1000,10,True,1000,220.2971,4.5393,4.9813,1100.944,1555.922,1107.307,1.98,8.53,75.24,14.24,436.73,1879.4,16575.72,3137.86,370.71,0.0,109613.1,82.93,11371,4720,10,960,175,4968,376,2,376,988,0.0,0.0,49.42,853.49,0.0,0,761,9774,0,0,0,0,13709,,0.82
place,batched+place soft,default point,"{""placement_fallback"": ""least-overlap""}",batched+place,7,100,1000,10,True,1000,176.2439,5.674,5.9462,941.69,1439.616,944.919,2.42,8.98,80.38,8.23,425.68,1582.61,14166.05,1450.06,101.31,0.0,95094.4,89.93,9863,3994,10,895,193,4156,320,5,320,987,0.0,0.0,22.61,133.47,0.0,0,652,8457,0,0,0,0,12083,,0.73
place,batched+place soft,default point,"{""placement_fallback"": ""least-overlap""}",batched+place,5,100,1000,10,True,1000,193.6297,5.1645,5.2472,1017.1,1631.842,1052.032,2.23,8.38,82.17,7.22,431.22,1623.47,15910.39,1397.88,49.97,0.0,104452.8,89.91,10820,4355,10,950,141,4705,352,3,352,984,0.0,0.0,25.23,253.28,0.0,0,720,9293,0,0,0,0,13125,,0.79
place,batched+place soft,default point,"{""placement_fallback"": ""least-overlap""}",batched+place,8,100,1000,10,True,1000,181.102,5.5218,5.5621,1002.781,1500.694,986.519,2.27,9.02,81.77,6.94,411.47,1632.97,14809.01,1256.75,236.46,0.0,98287.0,90.45,10166,4130,10,959,131,4223,333,1,333,988,0.0,0.0,21.99,134.54,0.0,0,673,8723,0,0,0,0,12459,,0.76
place,batched+place hard,default point,"{""placement_fallback"": ""wait""}",batched+place,7,100,1000,10,True,1000,157.2906,6.3577,7.3267,11.376,324.772,65.963,2.71,4.55,2.44,90.3,425.68,716.23,383.16,14203.99,13597.42,0.0,15774.6,16.71,1722,431,8,57,17,357,181,16,181,0,0.0,0.0,28.62,481.86,0.0,0,103,582,0,0,0,0,2976,,0.23
place,batched+place soft,default point,"{""placement_fallback"": ""least-overlap""}",batched+place,6,100,1000,10,True,1000,196.6473,5.0852,5.0732,1046.691,1595.061,1074.682,2.16,9.26,81.83,6.75,425.13,1820.07,16091.3,1328.23,45.36,0.0,105705.4,89.59,10963,4479,10,960,182,4824,361,2,361,984,0.0,0.0,22.3,157.48,0.0,0,725,9422,0,0,0,0,13286,,0.81
place,batched+place soft,default point,"{""placement_fallback"": ""least-overlap""}",batched+place,9,100,1000,10,True,1000,232.8132,4.2953,4.8966,1107.88,1575.823,1101.229,1.86,7.35,71.49,19.3,433.66,1711.1,16642.72,4493.84,529.96,0.0,108467.9,77.65,11201,4569,10,828,158,4909,371,3,371,984,0.0,0.0,107.77,1446.77,0.0,0,741,9643,0,0,0,0,13403,,0.78
place,batched+place hard,default point,"{""placement_fallback"": ""wait""}",batched+place,6,100,1000,10,True,1000,185.6345,5.3869,6.5204,13.834,371.484,78.411,2.29,4.59,2.45,90.67,425.13,851.55,455.3,16831.47,16094.98,0.0,17939.9,16.11,2000,599,9,71,21,476,239,13,239,0,0.0,0.0,37.5,557.77,0.0,0,152,788,0,0,0,0,3323,,0.29
place,batched+place hard,default point,"{""placement_fallback"": ""wait""}",batched+place,8,100,1000,10,True,1000,169.8072,5.889,7.0557,13.19,309.883,71.99,2.42,4.4,2.66,90.51,411.47,747.35,452.48,15369.42,15000.95,0.0,17120.3,16.8,1934,601,10,74,25,418,211,17,211,0,0.0,0.0,25.34,216.46,0.0,0,134,778,0,0,0,0,3236,,0.23
place,batched+place hard,default point,"{""placement_fallback"": ""wait""}",batched+place,9,100,1000,10,True,1000,210.9506,4.7404,5.7311,12.842,304.044,76.23,2.06,3.86,2.16,91.92,433.66,813.95,456.55,19390.9,18852.96,0.0,17310.4,13.68,1945,588,8,59,16,433,207,11,207,0,0.0,0.0,78.52,1179.13,0.0,0,144,780,0,0,0,0,3222,,0.28
qsem,batched-aimd,,"{""q_sem"": 0.0}",batched-aimd,0,100,1000,10,True,1000,90.3621,11.0666,13.2625,385.422,704.618,404.301,4.62,13.63,60.95,20.81,417.26,1231.22,5507.13,1880.6,383.69,0.0,40661.3,75.0,4306,1436,10,981,167,1026,179,11,179,0,0.0,0.0,33.77,417.36,0.0,0,211,3274,0,0,0,0,6477,,0.23
qsem,batched-aimd,,"{""q_sem"": 0.0}",batched-aimd,2,100,1000,10,True,1000,73.0177,13.6953,13.6382,364.894,634.999,364.676,5.95,15.14,68.1,10.81,434.8,1105.72,4972.21,789.04,95.97,0.0,37576.5,85.77,3983,1348,10,902,156,926,166,9,166,0,0.0,0.0,11.47,68.34,0.0,0,193,3008,0,0,0,0,6060,,0.22
qsem,batched-aimd,,"{""q_sem"": 0.0}",batched-aimd,1,100,1000,10,True,1000,77.331,12.9314,13.6941,372.072,687.716,390.479,5.44,14.46,69.7,10.41,420.41,1118.03,5389.95,804.71,72.24,0.0,39546.9,85.23,4184,1352,10,869,165,1018,173,9,173,0,0.0,0.0,14.03,144.1,0.0,0,207,3192,0,0,0,0,6235,,0.27
qsem,batched-aimd,,"{""q_sem"": 0.0}",batched-aimd,3,100,1000,10,True,1000,93.5371,10.6909,12.3384,412.615,682.723,434.354,4.2,12.38,65.02,18.41,392.43,1157.91,6081.33,1722.04,238.64,0.0,43736.2,77.93,4634,1674,10,986,198,1065,192,8,192,0,0.0,0.0,28.41,377.35,0.0,0,229,3550,0,0,0,0,6820,,0.26
qsem,batched-aimd,,"{""q_sem"": 0.0}",batched-aimd,5,100,1000,10,True,1000,76.4154,13.0864,14.441,349.537,681.204,370.857,5.64,15.36,65.53,13.47,431.22,1173.49,5007.47,1029.36,159.65,0.0,37554.6,81.91,4016,1405,10,948,128,936,174,3,174,0,0.0,0.0,16.03,176.0,0.0,0,195,3044,0,0,0,0,6141,,0.22
qsem,batched-aimd,,"{""q_sem"": 0.0}",batched-aimd,4,100,1000,10,True,1000,90.1461,11.0931,13.4758,396.606,690.61,412.529,4.84,13.82,62.45,18.88,436.73,1245.56,5629.92,1702.4,94.65,0.0,41642.8,76.99,4433,1544,10,950,159,1090,191,3,191,0,0.0,0.0,22.06,269.16,0.0,0,213,3377,0,0,0,0,6577,,0.25
qsem,batched-aimd,,"{""q_sem"": 0.0}",batched-aimd,6,100,1000,10,True,1000,85.2123,11.7354,12.6568,402.427,734.346,425.686,4.99,15.75,67.51,11.75,425.13,1341.92,5752.84,1001.34,58.54,0.0,42703.6,83.52,4553,1652,10,969,161,1054,207,10,207,0,0.0,0.0,15.67,162.85,0.0,0,207,3465,0,0,0,0,6739,,0.23
qsem,batched-aimd,,"{""q_sem"": 0.0}",batched-aimd,7,100,1000,10,True,1000,75.3484,13.2717,15.1594,341.982,649.839,351.834,5.65,15.13,62.69,16.53,425.68,1140.22,4723.67,1245.27,145.28,0.0,36502.7,80.74,3850,1292,10,864,179,918,154,10,154,0,0.0,0.0,15.15,133.65,0.0,0,198,2932,0,0,0,0,5878,,0.22
qsem,batched-aimd,,"{""q_sem"": 0.0}",batched-aimd,8,100,1000,10,True,1000,83.8753,11.9225,14.0731,360.762,678.481,383.715,4.91,14.34,61.9,18.85,411.47,1203.05,5192.2,1580.8,55.14,0.0,38519.2,76.54,4139,1472,10,996,159,919,184,9,184,0,0.0,0.0,40.99,547.1,0.0,0,194,3142,0,0,0,0,6328,,0.23
qsem,batched-aimd,,"{""q_sem"": 0.0}",batched-aimd,9,100,1000,10,True,1000,77.0381,12.9806,13.4369,375.532,686.421,388.162,5.63,14.51,69.47,10.39,433.66,1117.59,5351.77,800.79,135.83,0.0,39251.8,84.92,4182,1441,10,793,126,985,182,8,182,0,0.0,0.0,12.42,77.46,0.0,0,200,3192,0,0,0,0,6165,,0.22
qsem,batched-aimd,,"{""q_sem"": 0.05}",batched-aimd,0,100,1000,10,True,1000,211.9604,4.7179,5.6074,921.613,1571.788,979.802,1.97,15.88,61.16,20.99,417.26,3365.93,12964.11,4448.74,295.04,0.0,96332.9,75.75,10158,3669,10,887,173,3690,810,25,810,0,0.0,0.0,71.37,1147.19,0.0,0,145,8235,0,0,0,0,12880,,0.3
qsem,batched-aimd,,"{""q_sem"": 0.05}",batched-aimd,1,100,1000,10,True,1000,180.7571,5.5323,5.8606,866.553,1467.999,923.206,2.33,17.26,67.87,12.55,420.41,3119.29,12267.48,2268.53,88.63,0.0,91324.5,84.21,9613,3475,10,812,174,3301,757,20,757,0,0.0,0.0,32.35,642.56,0.0,0,143,7741,0,0,0,0,12202,,0.27
qsem,batched-aimd,,"{""q_sem"": 0.05}",batched-aimd,2,100,1000,10,True,1000,184.9407,5.4071,5.7299,886.681,1515.547,943.801,2.35,17.57,67.48,12.59,434.8,3249.52,12480.5,2329.24,359.39,0.0,93608.1,84.36,9870,3556,10,840,157,3493,791,7,791,0,0.0,0.0,21.56,335.64,0.0,0,153,7976,0,0,0,0,12508,,0.28
qsem,batched-aimd,,"{""q_sem"": 0.05}",batched-aimd,4,100,1000,10,True,1000,198.1696,5.0462,5.7553,895.628,1674.827,963.718,2.2,16.74,64.31,16.74,436.73,3317.75,12744.21,3318.27,127.98,0.0,95845.2,80.61,10099,3616,10,845,159,3758,811,19,811,0,0.0,0.0,44.12,824.09,0.0,0,145,8170,0,0,0,0,12774,,0.29
qsem,batched-aimd,,"{""q_sem"": 0.05}",batched-aimd,3,100,1000,10,True,1000,185.1473,5.4011,5.8337,886.035,1615.539,959.68,2.12,17.38,69.01,11.49,392.43,3218.17,12776.5,2127.63,114.6,0.0,94851.2,85.38,10021,3605,10,897,174,3606,799,21,799,0,0.0,0.0,19.75,331.78,0.0,0,139,8112,0,0,0,0,12738,,0.34
qsem,batched-aimd,,"{""q_sem"": 0.05}",batched-aimd,6,100,1000,10,True,1000,193.0618,5.1797,5.8007,864.992,1673.984,940.708,2.2,17.3,63.91,16.59,425.13,3339.55,12338.91,3202.58,157.52,0.0,92783.1,80.1,9753,3433,10,926,166,3568,766,23,766,0,0.0,0.0,41.65,648.28,0.0,0,147,7890,0,0,0,0,12468,,0.29
qsem,batched-aimd,,"{""q_sem"": 0.05}",batched-aimd,9,100,1000,10,True,1000,203.9301,4.9036,5.7925,869.043,1560.137,943.395,2.13,16.63,60.47,20.77,433.66,3392.3,12330.94,4236.1,329.32,0.0,92639.4,75.71,9754,3526,10,740,129,3428,790,20,790,0,0.0,0.0,51.07,898.5,0.0,0,137,7855,0,0,0,0,12304,,0.27
qsem,batched-aimd,,"{""q_sem"": 0.05}",batched-aimd,8,100,1000,10,True,1000,181.7386,5.5024,5.6353,891.393,1527.847,954.813,2.26,18.22,69.34,10.17,411.47,3311.92,12601.63,1848.84,23.85,0.0,94053.1,86.25,9897,3509,10,945,149,3473,790,24,790,0,0.0,0.0,15.98,154.85,0.0,0,142,7976,0,0,0,0,12656,,0.28
qsem,batched-aimd,,"{""q_sem"": 0.05}",batched-aimd,7,100,1000,10,True,1000,189.4469,5.2785,5.8817,868.656,1649.336,949.497,2.25,17.26,66.27,14.22,425.68,3269.48,12555.46,2694.07,98.21,0.0,94110.7,82.79,9910,3589,10,845,213,3452,767,11,767,0,0.0,0.0,30.58,551.47,0.0,0,177,8001,0,0,0,0,12533,,0.3
qsem,batched-aimd,,"{""q_sem"": 0.05}",batched-aimd,5,100,1000,10,True,1000,203.4042,4.9163,5.7926,883.663,1551.308,950.458,2.12,16.88,61.0,20.0,431.22,3434.3,12406.66,4068.24,152.46,0.0,93694.0,76.77,9876,3478,10,876,131,3450,798,15,798,0,0.0,0.0,108.24,1527.48,0.0,0,140,7964,0,0,0,0,12565,,0.34
qsem,batched-aimd,,"{""q_sem"": 0.1}",batched-aimd,1,100,1000,10,True,1000,257.9513,3.8767,4.2598,1200.947,2149.631,1301.169,1.63,18.61,65.46,14.3,420.41,4799.69,16886.47,3688.56,135.87,0.0,128605.3,83.09,13545,5261,10,824,180,5406,1174,20,1174,0,0.0,0.0,36.07,597.3,0.0,0,119,11254,0,0,0,0,16563,,0.32
qsem,batched-aimd,,"{""q_sem"": 0.1}",batched-aimd,0,100,1000,10,True,1000,276.415,3.6177,4.1744,1231.888,2232.913,1322.345,1.51,16.91,62.82,18.76,417.26,4674.7,17364.38,5185.16,229.55,0.0,129183.5,77.89,13446,4930,10,848,154,5577,1204,15,1204,0,0.0,0.0,45.86,612.76,0.0,0,99,11151,0,0,0,0,16513,,0.32
qsem,batched-aimd,,"{""q_sem"": 0.1}",batched-aimd,2,100,1000,10,True,1000,251.5996,3.9746,4.334,1182.897,2128.07,1279.336,1.73,18.82,65.93,13.53,434.8,4734.63,16587.63,3402.89,138.59,0.0,126090.8,83.53,13226,4969,10,852,161,5286,1152,15,1152,0,0.0,0.0,26.82,400.09,0.0,0,124,10962,0,0,0,0,16245,,0.36
qsem,batched-aimd,,"{""q_sem"": 0.1}",batched-aimd,3,100,1000,10,True,1000,247.0674,4.0475,4.3855,1178.887,2069.485,1283.234,1.59,18.77,67.8,11.85,392.43,4637.1,16750.13,2927.07,118.93,0.0,126142.5,85.09,13226,4938,10,906,182,5407,1167,14,1167,0,0.0,0.0,22.23,242.33,0.0,0,112,10949,0,0,0,0,16313,,0.32
qsem,batched-aimd,,"{""q_sem"": 0.1}",batched-aimd,4,100,1000,10,True,1000,272.3118,3.6723,4.1465,1233.112,2325.783,1343.445,1.6,19.11,63.12,16.17,436.73,5203.16,17187.59,4403.69,142.7,0.0,131814.8,80.68,13784,5144,10,869,176,5725,1215,29,1215,0,0.0,0.0,36.45,712.32,0.0,0,110,11440,0,0,0,0,16897,,0.32
qsem,batched-aimd,,"{""q_sem"": 0.1}",batched-aimd,5,100,1000,10,True,1000,301.2433,3.3196,4.1103,1210.984,2356.359,1334.148,1.43,17.0,56.82,24.76,431.22,5120.55,17115.25,7457.3,607.57,0.0,130946.5,72.45,13745,5152,10,891,148,5596,1211,26,1211,0,0.0,0.0,376.9,3619.24,0.0,0,110,11415,0,0,0,0,16873,,0.32
qsem,batched-aimd,,"{""q_sem"": 0.1}",batched-aimd,7,100,1000,10,True,1000,244.5527,4.0891,4.6189,1116.795,2021.354,1211.921,1.74,17.91,64.68,15.67,425.68,4380.97,15817.71,3830.92,239.69,0.0,119490.0,81.43,12531,4647,10,823,205,4907,1081,24,1081,0,0.0,0.0,46.61,663.52,0.0,0,116,10333,0,0,0,0,15459,,0.3
qsem,batched-aimd,,"{""q_sem"": 0.1}",batched-aimd,6,100,1000,10,True,1000,266.4368,3.7532,4.3082,1160.64,2335.907,1281.453,1.6,18.54,61.62,18.24,425.13,4938.83,16418.72,4861.0,68.94,0.0,125294.7,78.38,13118,4843,10,924,183,5303,1145,18,1145,0,0.0,0.0,46.25,693.96,0.0,0,118,10859,0,0,0,0,16205,,0.32
qsem,batched-aimd,,"{""q_sem"": 0.1}",batched-aimd,9,100,1000,10,True,1000,262.7986,3.8052,4.2753,1177.404,2283.543,1296.339,1.65,18.9,63.31,16.14,433.66,4967.8,16637.85,4240.54,279.48,0.0,127096.1,80.6,13324,5073,10,756,129,5284,1163,27,1163,0,0.0,0.0,36.15,688.27,0.0,0,118,11036,0,0,0,0,16270,,0.3
qsem,batched-aimd,,"{""q_sem"": 0.1}",batched-aimd,8,100,1000,10,True,1000,254.2703,3.9328,4.1099,1230.763,2286.148,1322.79,1.62,19.06,67.65,11.68,411.47,4845.2,17201.29,2969.06,34.76,0.0,129291.9,84.75,13513,5068,10,933,160,5424,1199,28,1199,0,0.0,0.0,23.21,247.77,0.0,0,99,11213,0,0,0,0,16673,,0.35
qsem,batched-aimd,,"{""q_sem"": 0.2}",batched-aimd,1,100,1000,10,True,1000,372.0092,2.6881,2.9273,1708.968,3147.526,1880.297,1.13,20.23,64.01,14.63,420.41,7524.14,23814.15,5442.23,224.43,0.0,183661.1,82.28,19095,7502,10,777,177,8555,1798,17,1798,0,0.0,0.0,52.48,1033.31,0.0,0,70,16219,0,0,0,0,22687,,0.37
qsem,batched-aimd,,"{""q_sem"": 0.2}",batched-aimd,2,100,1000,10,True,1000,369.3388,2.7075,2.9898,1689.616,3282.967,1847.977,1.18,19.76,63.63,15.43,434.8,7299.38,23500.23,5699.47,305.5,0.0,180195.3,81.31,18736,7300,10,820,163,8499,1775,16,1775,0,0.0,0.0,52.1,846.91,0.0,0,67,15889,0,0,0,0,22347,,0.37
qsem,batched-aimd,,"{""q_sem"": 0.2}",batched-aimd,0,100,1000,10,True,1000,382.1695,2.6166,2.871,1799.199,3499.086,1957.628,1.09,19.88,65.5,13.53,417.26,7596.0,25031.14,5172.55,244.82,0.0,191143.6,83.36,19871,7648,10,862,189,9250,1880,22,1880,0,0.0,0.0,37.08,488.68,0.0,0,67,16912,0,0,0,0,23635,,0.43
qsem,batched-aimd,,"{""q_sem"": 0.2}",batched-aimd,3,100,1000,10,True,1000,347.0842,2.8811,3.1015,1630.805,3167.59,1810.352,1.13,19.89,67.04,11.94,392.43,6903.56,23268.97,4143.46,133.89,0.0,177335.3,85.15,18491,7111,10,880,188,8438,1728,18,1728,0,0.0,0.0,32.75,618.0,0.0,0,78,15673,0,0,0,0,22117,,0.42
qsem,batched-aimd,,"{""q_sem"": 0.2}",batched-aimd,5,100,1000,10,True,1000,388.151,2.5763,2.9753,1678.991,3293.906,1892.313,1.11,20.06,61.19,17.64,431.22,7786.17,23752.38,6845.33,517.41,0.0,184796.8,79.35,19222,7389,10,885,142,8632,1809,19,1809,0,0.0,0.0,58.8,998.12,0.0,0,76,16326,0,0,0,0,22935,,0.38
qsem,batched-aimd,,"{""q_sem"": 0.2}",batched-aimd,4,100,1000,10,True,1000,400.357,2.4978,2.8336,1766.347,3633.931,1983.29,1.09,20.57,62.0,16.35,436.73,8233.65,24821.18,6544.14,244.07,0.0,192160.8,80.0,19970,7502,10,850,169,9411,1895,24,1895,0,0.0,0.0,44.16,709.11,0.0,0,77,16978,0,0,0,0,23739,,0.39
qsem,batched-aimd,,"{""q_sem"": 0.2}",batched-aimd,7,100,1000,10,True,1000,374.8916,2.6674,3.0194,1661.598,3295.552,1844.08,1.14,19.93,62.05,16.88,425.68,7473.06,23261.61,6328.81,220.01,0.0,179377.0,79.75,18675,7381,10,842,200,8245,1752,31,1752,0,0.0,0.0,71.26,1334.65,0.0,0,67,15830,0,0,0,0,22300,,0.37
fair,beanstalk quarantine,,"{""green_mode"": ""quarantine""}",beanstalk,0,100,1000,10,True,1000,179.3896,5.5745,6.2013,586.818,1951.828,720.849,2.33,8.47,0.04,89.17,417.26,1519.19,6.72,15995.79,49.1,15819.93,11693.7,10.86,1166,0,10,556,79,385,340,3,340,879,1875.4,586.99,65.8,782.69,10332.3,31,0,0,137,152,223,1014,4844,,0.35
qsem,batched-aimd,,"{""q_sem"": 0.2}",batched-aimd,6,100,1000,10,True,1000,364.6332,2.7425,2.8895,1702.366,3708.796,1902.578,1.17,21.06,65.9,11.87,425.13,7680.98,24028.65,4328.56,61.28,0.0,184852.4,84.49,19253,7470,10,923,181,8713,1798,35,1798,0,0.0,0.0,33.13,515.47,0.0,0,80,16349,0,0,0,0,23009,,0.44
qsem,batched-aimd,,"{""q_sem"": 0.2}",batched-aimd,8,100,1000,10,True,1000,385.4266,2.5945,2.9051,1679.91,3186.164,1874.505,1.07,19.95,61.11,17.87,411.47,7689.45,23552.3,6889.44,86.41,0.0,181190.9,78.35,18844,7433,10,930,164,8390,1789,21,1789,0,0.0,0.0,52.29,921.35,0.0,0,75,15976,0,0,0,0,22584,,0.37
qsem,batched-aimd,,"{""q_sem"": 0.2}",batched-aimd,9,100,1000,10,True,1000,381.7456,2.6195,2.965,1672.162,3503.161,1868.869,1.14,20.08,61.52,17.27,433.66,7663.71,23484.1,6593.09,481.53,0.0,181135.5,79.08,18845,7218,10,769,126,8431,1772,19,1772,0,0.0,0.0,56.04,1090.68,0.0,0,85,15978,0,0,0,0,22405,,0.37
fair,beanstalk quarantine,,"{""green_mode"": ""quarantine""}",beanstalk,1,100,1000,10,True,1000,151.4957,6.6008,6.3235,599.542,2146.616,780.07,2.78,9.79,0.04,87.39,420.41,1483.11,6.42,13239.63,16.85,13122.2,11083.5,12.19,1103,0,10,523,78,395,304,6,304,877,1649.86,659.54,42.8,314.41,8697.1,35,0,0,107,147,220,955,4655,,0.33
fair,beanstalk quarantine,,"{""green_mode"": ""quarantine""}",beanstalk,2,100,1000,10,True,1000,171.4803,5.8316,5.1664,417.194,1921.86,599.736,2.54,8.64,0.04,88.79,434.8,1481.32,6.5,15225.41,12.54,15210.94,11810.3,11.48,1177,0,10,510,56,443,327,6,327,888,1576.51,540.0,47.05,402.52,10059.6,32,0,0,125,193,219,984,4732,,0.32
fair,beanstalk quarantine,,"{""green_mode"": ""quarantine""}",beanstalk,4,100,1000,10,True,1000,191.2668,5.2283,5.4862,565.842,1752.242,668.584,2.28,7.91,0.03,89.77,436.73,1512.9,6.53,17170.52,46.43,17033.12,11767.8,10.25,1170,0,10,536,72,401,337,3,337,884,1419.75,570.82,50.23,315.2,10714.3,35,0,0,117,152,233,1018,4818,,0.33
fair,beanstalk quarantine,,"{""green_mode"": ""quarantine""}",beanstalk,3,100,1000,10,True,1000,168.6778,5.9285,6.1384,753.748,2173.913,878.146,2.33,9.24,0.04,88.39,392.43,1558.74,6.98,14909.63,31.25,14831.48,11485.3,11.35,1139,0,10,617,99,375,340,5,340,886,1491.67,655.75,60.15,516.96,9992.0,38,0,0,117,171,235,968,4931,,0.36
fair,beanstalk quarantine,,"{""green_mode"": ""quarantine""}",beanstalk,5,100,1000,10,True,1000,200.1596,4.996,4.7908,550.402,2055.436,717.525,2.15,7.84,0.03,89.97,431.22,1569.32,6.67,18008.75,32.03,17686.19,11730.9,9.77,1168,0,10,523,84,369,358,4,358,884,1539.18,613.9,52.77,354.49,11653.2,43,0,0,109,138,260,1030,4808,,0.35
fair,beanstalk quarantine,,"{""green_mode"": ""quarantine""}",beanstalk,7,100,1000,10,True,1000,176.9789,5.6504,5.606,420.235,1528.812,491.506,2.41,8.07,0.04,89.49,425.68,1428.61,6.62,15836.99,50.92,15614.46,10922.7,10.29,1091,0,10,558,82,378,291,3,291,888,1534.21,484.7,48.31,391.3,9876.1,34,0,0,93,135,213,956,4660,,0.3
fair,beanstalk quarantine,,"{""green_mode"": ""quarantine""}",beanstalk,6,100,1000,10,True,1000,166.1094,6.0201,5.7916,550.19,2324.456,772.003,2.56,10.22,0.04,87.18,425.13,1697.08,6.95,14481.78,19.49,14342.48,12096.6,12.14,1202,0,10,613,89,382,369,2,369,884,1513.26,627.36,47.02,330.73,9566.8,46,0,0,132,188,252,1014,5051,,0.35
fair,beanstalk quarantine,,"{""green_mode"": ""quarantine""}",beanstalk,8,100,1000,10,True,1000,162.6808,6.147,6.1964,823.833,2513.082,886.03,2.53,9.59,0.04,87.84,411.47,1560.16,7.06,14289.38,29.24,14197.25,11185.9,11.46,1109,0,10,659,72,332,336,6,336,880,1843.65,698.84,57.58,439.3,8725.4,42,0,0,122,150,233,959,4993,,0.35
fair,beanstalk quarantine,,"{""green_mode"": ""quarantine""}",beanstalk,9,100,1000,10,True,1000,199.859,5.0035,5.6472,645.768,2931.321,926.652,2.17,8.17,0.03,89.63,433.66,1633.14,6.73,17912.37,52.73,17808.65,11274.3,9.4,1120,0,10,563,60,340,338,1,338,873,2714.14,776.22,118.38,1124.23,11712.2,41,0,0,120,153,239,967,4805,,0.34
fair,beanstalk no-budget,,"{""budget"": false}",beanstalk,1,100,1000,10,True,1000,56.5792,17.6743,,2994.561,3374.859,2939.441,7.43,35.63,0.13,56.8,420.41,2016.09,7.51,3213.92,0.39,0.0,11097.9,32.69,1106,0,10,817,105,958,322,3,322,987,1389.41,275.26,1681.33,3378.63,0.0,65,0,0,92,146,233,960,5290,,0.34
fair,beanstalk no-budget,,"{""budget"": false}",beanstalk,2,100,1000,10,True,1000,59.3535,16.8482,,3115.574,3541.947,3054.982,7.33,33.08,0.14,59.46,434.8,1963.39,8.03,3529.13,104.58,0.0,11165.4,31.35,1109,0,10,954,107,906,310,1,310,988,1342.54,276.27,1763.35,3543.89,0.0,68,0,0,97,192,214,917,5527,,0.34
fair,beanstalk no-budget,,"{""budget"": false}",beanstalk,0,100,1000,10,True,1000,61.0418,16.3822,,3182.273,3644.791,3147.241,6.84,37.72,0.14,55.31,417.26,2302.38,8.49,3376.06,82.67,0.0,12240.1,33.42,1213,0,10,1063,111,1013,362,8,362,990,1257.93,276.69,1831.26,3662.51,0.0,65,0,0,121,199,249,1014,5964,,0.36
fair,beanstalk no-budget,,"{""budget"": false}",beanstalk,3,100,1000,10,True,1000,49.6547,20.1391,,2542.198,2960.528,2517.707,7.9,38.56,0.17,53.37,392.43,1914.7,8.37,2649.96,6.04,0.0,11130.3,37.36,1109,0,10,1022,102,911,327,4,327,986,1556.16,239.5,1475.85,2965.42,0.0,61,0,0,110,196,221,913,5693,,0.35
fair,beanstalk no-budget,,"{""budget"": false}",beanstalk,4,100,1000,10,True,1000,56.511,17.6957,,2916.806,3368.073,2882.538,7.73,39.12,0.14,53.0,436.73,2210.92,8.12,2995.33,77.86,0.0,12058.0,35.56,1194,0,10,948,107,1006,367,3,367,988,1214.84,271.67,1683.09,3378.37,0.0,67,0,0,115,186,255,1008,5739,,0.36
fair,beanstalk no-budget,,"{""budget"": false}",beanstalk,5,100,1000,10,True,1000,63.4051,15.7716,,3360.396,3786.191,3334.383,6.8,32.2,0.13,60.87,431.22,2041.69,8.08,3859.51,122.49,0.0,10913.9,28.69,1088,0,10,973,77,952,304,1,304,984,1514.77,267.6,1890.18,3792.3,0.0,57,0,0,83,134,222,954,5510,,0.34
fair,beanstalk no-budget,,"{""budget"": false}",beanstalk,6,100,1000,10,True,1000,52.7402,18.9609,,2707.205,3144.775,2640.284,8.06,42.36,0.16,49.42,425.13,2234.29,8.38,2606.22,99.87,0.0,11994.7,37.91,1198,0,10,1013,106,1028,365,5,365,984,1242.12,269.56,1566.16,3148.29,0.0,70,0,0,106,166,264,1032,5851,,0.35
fair,beanstalk no-budget,,"{""budget"": false}",beanstalk,7,100,1000,10,True,1000,44.7716,22.3356,,2258.251,2666.525,2207.142,9.51,44.4,0.18,45.92,425.68,1987.72,7.98,2055.78,44.02,0.0,11223.6,41.78,1119,0,10,975,144,984,291,5,291,987,1143.08,285.22,1326.07,2669.12,0.0,62,0,0,85,131,211,988,5564,,0.34
fair,beanstalk no-budget,,"{""budget"": false}",beanstalk,8,100,1000,10,True,1000,56.4216,17.7237,,2929.301,3365.4,2873.364,7.29,39.31,0.16,53.24,411.47,2217.74,8.84,3004.11,33.98,0.0,11873.7,35.07,1178,0,10,1161,87,998,330,1,330,988,1350.79,276.51,1676.73,3369.31,0.0,60,0,0,109,174,222,1004,6059,,0.34
fair,beanstalk no-budget,,"{""budget"": false}",beanstalk,9,100,1000,10,True,1000,74.4646,13.4292,,4014.193,4448.512,3981.042,5.82,29.37,0.11,64.7,433.66,2186.91,8.1,4817.79,4.66,0.0,11725.3,26.24,1161,0,10,953,94,993,338,1,338,984,2008.83,282.49,2233.94,4467.88,0.0,61,0,0,105,167,234,994,5634,,0.35
fair,beanstalk-noplace quarantine,,"{""green_mode"": ""quarantine""}",beanstalk-noplace,0,100,1000,10,True,1000,168.6441,5.9296,6.6517,594.764,1995.174,792.948,2.47,8.6,0.04,88.89,417.26,1450.07,6.65,14990.43,73.32,14757.21,11085.0,10.96,1099,0,10,571,75,295,299,3,299,0,1545.43,660.02,45.95,388.33,9769.8,34,0,0,107,146,206,953,4722,,0.14
fair,beanstalk-noplace quarantine,,"{""green_mode"": ""quarantine""}",beanstalk-noplace,1,100,1000,10,True,1000,132.864,7.5265,6.9282,834.516,2523.749,949.472,3.16,11.9,0.05,84.88,420.41,1581.48,6.92,11277.59,15.0,11246.17,11243.5,14.1,1116,0,10,600,75,362,351,3,351,0,1887.87,749.79,40.13,312.71,7660.6,48,0,0,127,167,248,949,4895,,0.17
fair,beanstalk-noplace quarantine,,"{""green_mode"": ""quarantine""}",beanstalk-noplace,2,100,1000,10,True,1000,118.2931,8.4536,8.023,462.332,1819.843,670.082,3.68,11.37,0.05,84.9,434.8,1344.77,6.49,10043.25,15.7,9919.57,10968.1,15.45,1087,0,10,537,75,299,306,4,306,0,1574.21,571.79,25.85,182.15,6978.0,33,0,0,123,133,203,954,4655,,0.14
fair,beanstalk-noplace quarantine,,"{""green_mode"": ""quarantine""}",beanstalk-noplace,3,100,1000,10,True,1000,175.8767,5.6858,6.434,675.475,2223.927,807.038,2.23,8.52,0.04,89.21,392.43,1497.87,6.96,15690.41,68.07,15388.16,11399.5,10.8,1129,0,10,640,80,394,338,2,338,0,1475.18,635.27,62.15,476.69,9960.4,38,0,0,118,149,233,980,4968,,0.14
fair,beanstalk-noplace quarantine,,"{""green_mode"": ""quarantine""}",beanstalk-noplace,4,100,1000,10,True,1000,191.7548,5.215,5.0313,490.891,1733.636,607.224,2.28,8.09,0.04,89.59,436.73,1551.86,6.75,17180.15,20.75,17106.88,12031.5,10.46,1197,0,10,586,75,434,326,4,326,0,1462.93,514.92,58.89,565.92,11044.9,29,0,0,126,198,221,999,4926,,0.12
fair,beanstalk-noplace quarantine,,"{""green_mode"": ""quarantine""}",beanstalk-noplace,5,100,1000,10,True,1000,161.5016,6.1919,6.0531,749.244,2241.821,903.193,2.67,9.49,0.04,87.8,431.22,1531.88,6.78,14180.27,41.96,14024.97,10979.4,11.33,1096,0,10,598,67,303,326,2,326,0,1948.49,733.83,59.85,606.55,9274.4,38,0,0,104,122,233,974,4816,,0.15
fair,beanstalk-noplace quarantine,,"{""green_mode"": ""quarantine""}",beanstalk-noplace,6,100,1000,10,True,1000,190.4245,5.2514,5.1828,680.159,2317.366,832.925,2.23,9.21,0.04,88.52,425.13,1753.05,7.06,16857.22,15.79,16805.24,12157.3,10.64,1205,0,10,643,90,414,364,1,364,0,1938.86,665.94,45.89,356.95,11024.0,39,0,0,132,188,250,1017,5113,,0.14
fair,beanstalk quarantine no-budget,,"{""budget"": false, ""green_mode"": ""quarantine""}",beanstalk,3,100,1000,10,True,1000,132.3891,7.5535,7.3789,2618.414,6650.149,3017.255,2.96,14.64,0.06,82.33,392.43,1938.47,8.07,10899.94,55.67,0.0,11452.9,14.42,1138,0,10,875,93,384,342,2,342,986,5532.88,2202.94,40.5,364.28,0.0,52,0,0,111,175,241,963,5428,,0.78
fair,beanstalk quarantine no-budget,,"{""budget"": false, ""green_mode"": ""quarantine""}",beanstalk,4,100,1000,10,True,1000,153.452,6.5167,7.0447,2146.518,7100.156,3001.485,2.85,14.31,0.05,82.79,436.73,2195.58,8.11,12704.77,72.02,0.0,12350.8,13.41,1231,0,10,865,90,449,380,2,380,988,5803.7,2234.95,41.75,270.11,0.0,61,0,0,138,199,261,1032,5589,,0.79
fair,beanstalk quarantine no-budget,,"{""budget"": false, ""green_mode"": ""quarantine""}",beanstalk,5,100,1000,10,True,1000,176.762,5.6573,7.2763,2519.213,6695.826,2922.494,2.44,11.33,0.04,86.18,431.22,2002.98,7.77,15234.22,66.3,0.0,11692.1,11.02,1168,0,10,831,87,421,327,2,327,984,5584.24,2098.5,165.1,1240.07,0.0,46,0,0,108,139,237,1029,5330,,0.78
fair,beanstalk quarantine no-budget,,"{""budget"": false, ""green_mode"": ""quarantine""}",beanstalk,0,100,1000,10,True,1000,99.968,10.0032,13.6332,2009.819,3737.989,1982.632,4.17,21.55,0.08,74.2,417.26,2154.1,8.19,7417.25,54.52,0.0,11328.7,18.89,1129,0,10,931,110,310,348,3,348,990,2552.92,1312.77,59.87,573.28,0.0,146,0,0,133,160,238,969,5549,,0.84
fair,beanstalk quarantine no-budget,,"{""budget"": false, ""green_mode"": ""quarantine""}",beanstalk,2,100,1000,10,True,1000,126.154,7.9268,8.2663,2495.096,5836.293,2653.21,3.45,15.49,0.06,81.0,434.8,1954.64,7.71,10218.24,90.8,0.0,11700.9,15.46,1169,0,10,808,66,280,331,6,331,988,4348.82,2028.92,36.62,358.37,0.0,57,0,0,125,177,226,992,5314,,0.83
fair,beanstalk quarantine no-budget,,"{""budget"": false, ""green_mode"": ""quarantine""}",beanstalk,1,100,1000,10,True,1000,151.3957,6.6052,6.5671,2252.237,7309.534,2849.446,2.78,12.79,0.05,84.38,420.41,1936.97,7.62,12774.59,56.13,0.0,11256.3,12.39,1119,0,10,790,104,339,326,5,326,987,5448.8,2229.71,59.16,463.55,0.0,37,0,0,112,146,234,973,5205,,0.86
fair,beanstalk-noplace quarantine,,"{""green_mode"": ""quarantine""}",beanstalk-noplace,7,100,1000,10,True,1000,177.6541,5.6289,5.8298,504.263,1918.674,634.529,2.4,8.18,0.04,89.39,425.68,1452.58,6.61,15880.54,17.15,15820.06,10808.3,10.14,1076,0,10,568,108,376,291,4,291,0,1621.84,575.89,56.57,403.22,10379.9,35,0,0,95,149,214,927,4677,,0.18
fair,beanstalk quarantine no-budget,,"{""budget"": false, ""green_mode"": ""quarantine""}",beanstalk,7,100,1000,10,True,1000,140.1936,7.133,6.842,2069.608,6958.904,2628.58,3.04,13.01,0.05,83.9,425.68,1824.0,7.5,11762.19,143.72,0.0,11446.7,13.61,1144,0,10,767,115,384,308,3,308,987,4714.13,2146.29,35.27,345.87,0.0,29,0,0,101,144,228,1000,5165,,0.81
fair,beanstalk quarantine no-budget,,"{""budget"": false, ""green_mode"": ""quarantine""}",beanstalk,8,100,1000,10,True,1000,133.9031,7.4681,8.3836,2256.317,6099.16,2693.681,3.07,15.93,0.06,80.94,411.47,2132.73,8.42,10837.68,48.21,0.0,12039.4,14.99,1197,0,10,975,88,245,342,3,342,988,4916.44,2025.72,32.31,271.14,0.0,60,0,0,125,160,239,1037,5686,,0.8
fair,beanstalk-noplace quarantine,,"{""green_mode"": ""quarantine""}",beanstalk-noplace,9,100,1000,10,True,1000,175.0888,5.7114,6.7564,634.642,1942.366,762.358,2.48,8.75,0.04,88.73,433.66,1532.36,6.69,15536.16,90.32,15222.87,10859.3,10.34,1078,0,10,582,64,334,319,1,319,0,1544.24,611.14,94.78,808.21,10018.1,38,0,0,107,131,228,947,4767,,0.15
fair,beanstalk quarantine no-budget,,"{""budget"": false, ""green_mode"": ""quarantine""}",beanstalk,6,100,1000,10,True,1000,155.9228,6.4134,5.9582,2407.142,8386.305,3190.954,2.73,14.21,0.05,83.02,425.13,2215.05,8.06,12944.05,99.16,0.0,12551.3,13.42,1250,0,10,838,109,445,393,1,393,984,5181.59,2379.06,32.06,238.72,0.0,37,0,0,130,178,276,1072,5566,,0.88
fair,beanstalk-noplace quarantine,,"{""green_mode"": ""quarantine""}",beanstalk-noplace,8,100,1000,10,True,1000,141.1715,7.0836,7.0364,682.304,2121.069,790.299,2.91,9.83,0.05,87.2,411.47,1387.92,6.97,12310.79,9.24,12298.26,10755.1,12.7,1072,0,10,645,92,338,301,3,301,0,1697.25,660.02,55.39,526.48,8230.9,40,0,0,108,149,203,923,4841,,0.19
fair,beanstalk quarantine no-budget,,"{""budget"": false, ""green_mode"": ""quarantine""}",beanstalk,9,100,1000,10,True,1000,129.1548,7.7426,7.1051,2430.535,6920.466,2935.182,3.36,14.5,0.06,82.08,433.66,1873.24,7.66,10600.92,54.06,0.0,11893.9,15.35,1185,0,10,803,84,326,334,4,334,984,5772.9,2196.48,34.35,262.0,0.0,43,0,0,132,169,223,1015,5328,,0.85
qsem,beanstalk quarantine,,"{""green_mode"": ""quarantine"", ""q_sem"": 0.1}",beanstalk,0,20,200,2,True,200,197.0233,1.0151,1.5896,454.743,3666.807,974.279,2.04,21.54,0.03,76.39,80.43,848.63,1.38,3010.03,0.17,2733.52,3585.8,15.17,356,0,2,53,2,58,185,0,185,117,1495.54,624.38,88.76,594.29,9645.9,26,0,0,61,69,128,287,1232,,0.04
qsem,beanstalk quarantine,,"{""green_mode"": ""quarantine"", ""q_sem"": 0.1}",beanstalk,2,20,200,2,False,39,527.8216,0.0739,1.4713,151.436,1579.527,438.323,0.19,10.66,0.01,89.14,19.87,1125.5,0.58,9410.48,0.0,9410.48,3557.6,5.62,353,0,2,7,8,143,141,1,139,29,932.07,512.56,135.18,418.35,31631.1,11,0,0,56,61,92,292,729,stalled,0.03
qsem,beanstalk quarantine,,"{""green_mode"": ""quarantine"", ""q_sem"": 0.1}",beanstalk,1,20,200,2,True,200,180.8601,1.1058,1.3026,635.864,4275.36,1098.03,2.46,23.46,0.03,74.04,88.97,848.67,1.23,2678.34,0.82,2620.55,3369.4,15.53,335,0,2,27,11,58,164,2,164,122,1703.89,758.47,92.13,815.22,9904.2,19,0,0,61,67,109,268,1117,,0.04
qsem,beanstalk quarantine,,"{""green_mode"": ""quarantine"", ""q_sem"": 0.0}",beanstalk,1,100,1000,10,True,1000,120.4001,8.3056,7.3186,326.76,1385.991,449.981,3.49,7.58,0.05,88.88,420.41,912.51,6.02,10701.07,9.44,10682.11,8991.9,12.45,898,0,10,504,64,402,173,1,173,891,1825.77,472.86,71.82,605.76,6933.1,19,0,0,62,105,123,792,4118,,0.28
qsem,beanstalk quarantine,,"{""green_mode"": ""quarantine"", ""q_sem"": 0.0}",beanstalk,0,100,1000,10,True,1000,118.0537,8.4707,8.0372,432.906,1553.461,547.144,3.53,7.7,0.05,88.71,417.26,909.38,6.1,10472.63,28.89,9954.27,9128.0,12.89,907,0,10,514,66,339,179,1,179,892,1606.65,522.99,104.61,997.65,6925.9,25,0,0,73,88,119,819,4179,,0.28
qsem,beanstalk quarantine,,"{""green_mode"": ""quarantine"", ""q_sem"": 0.1}",beanstalk,3,20,200,2,True,200,157.1792,1.2724,1.3438,450.822,2321.508,728.948,2.79,25.56,0.04,71.61,87.61,803.58,1.34,2251.06,35.93,1996.12,4117.8,21.83,409,0,2,37,9,78,191,1,191,122,962.65,455.87,58.97,332.0,8266.8,19,0,0,59,101,138,308,1266,,0.05
qsem,beanstalk quarantine,,"{""green_mode"": ""quarantine"", ""q_sem"": 0.1}",beanstalk,4,20,200,2,True,200,122.8574,1.6279,1.6996,436.301,2121.937,730.319,3.34,27.48,0.06,69.12,82.1,675.23,1.42,1698.4,0.18,1650.58,3785.4,25.68,375,0,2,49,44,62,199,0,199,113,794.39,452.97,40.59,263.31,6917.2,27,0,0,56,62,149,313,1269,,0.05
qsem,beanstalk quarantine,,"{""green_mode"": ""quarantine"", ""q_sem"": 0.0}",beanstalk,2,100,1000,10,True,1000,85.6708,11.6726,10.9882,397.742,1013.82,414.817,5.08,9.2,0.07,85.65,434.8,788.58,5.86,7337.83,6.75,7324.23,8846.0,17.21,881,0,10,474,66,304,166,1,166,880,1265.47,440.51,46.41,490.12,5013.5,29,0,0,69,81,110,800,4036,,0.28
qsem,beanstalk quarantine,,"{""green_mode"": ""quarantine"", ""q_sem"": 0.1}",beanstalk,6,20,200,2,True,200,211.6861,0.9448,1.2891,579.449,4137.022,1094.551,1.97,18.64,0.03,79.36,83.28,789.23,1.3,3359.91,0.52,3244.92,3522.2,13.87,351,0,2,45,11,66,169,1,169,119,1621.98,706.92,181.23,955.34,12128.3,17,0,0,54,70,121,281,1180,,0.05
qsem,beanstalk quarantine,,"{""green_mode"": ""quarantine"", ""q_sem"": 0.1}",beanstalk,5,20,200,2,True,200,170.6037,1.1723,1.5199,605.082,2982.267,895.547,2.43,23.16,0.04,74.37,82.94,790.32,1.35,2537.47,0.63,2459.22,3909.9,19.1,392,0,2,32,18,84,198,0,198,109,1559.16,528.66,125.12,1035.32,9881.8,22,0,0,59,67,147,325,1249,,0.05
qsem,beanstalk quarantine,,"{""green_mode"": ""quarantine"", ""q_sem"": 0.1}",beanstalk,7,20,200,2,True,200,200.2031,0.999,1.0513,759.077,4017.344,1300.158,2.11,26.02,0.03,71.84,84.57,1041.72,1.37,2876.41,0.33,2811.69,4012.6,16.7,399,0,2,30,6,81,206,2,206,111,1767.86,746.31,76.5,477.87,11736.9,16,0,0,62,68,149,331,1272,,0.05
qsem,beanstalk quarantine,,"{""green_mode"": ""quarantine"", ""q_sem"": 0.0}",beanstalk,4,100,1000,10,True,1000,133.2666,7.5038,9.0035,442.202,1290.011,492.372,3.28,7.79,0.05,88.89,436.73,1038.2,6.2,11845.53,70.01,11110.71,9857.0,12.33,979,0,10,561,67,387,191,1,191,881,1270.57,462.0,69.61,749.16,7075.8,27,0,0,72,111,130,868,4373,,0.28
qsem,beanstalk quarantine,,"{""green_mode"": ""quarantine"", ""q_sem"": 0.1}",beanstalk,8,20,200,2,True,200,178.4096,1.121,1.0943,536.563,4236.421,1058.446,2.8,16.18,0.03,80.99,99.8,577.36,1.09,2889.94,15.97,2867.89,2866.0,13.39,285,0,2,21,4,56,126,0,126,115,3256.78,848.97,340.13,2159.21,10207.9,18,0,0,40,61,90,224,978,,0.04
qsem,beanstalk quarantine,,"{""green_mode"": ""quarantine"", ""q_sem"": 0.1}",beanstalk,9,20,200,2,True,200,171.6141,1.1654,1.4751,527.753,5377.244,1302.179,2.61,24.81,0.04,72.53,89.6,851.66,1.42,2489.6,0.0,2362.15,3878.8,18.83,383,0,2,44,9,53,213,1,213,119,1958.83,740.47,86.49,470.39,9146.1,22,0,0,72,77,148,306,1298,,0.04
qsem,beanstalk quarantine,,"{""green_mode"": ""quarantine"", ""q_sem"": 0.0}",beanstalk,3,100,1000,10,True,1000,119.6747,8.356,10.2604,338.512,1030.584,392.668,3.28,7.93,0.05,88.74,392.43,949.15,6.39,10619.5,82.36,9394.64,9474.6,13.19,943,0,10,563,76,421,192,2,192,881,1038.76,370.98,77.14,771.28,6043.0,20,0,0,65,115,136,828,4306,,0.34
qsem,beanstalk,,"{""q_sem"": 0.2}",beanstalk,2,20,200,2,True,200,379.6647,0.5268,0.6124,5164.09,11545.292,5641.479,1.18,33.35,0.04,65.43,89.73,2532.61,2.97,4967.99,8.57,4933.41,10579.6,23.22,1051,0,2,52,22,716,702,11,702,136,1143.33,230.22,4413.56,11548.12,22250.9,23,0,0,236,327,477,724,2969,,0.07
qsem,beanstalk quarantine,,"{""green_mode"": ""quarantine"", ""q_sem"": 0.0}",beanstalk,5,100,1000,10,True,1000,118.0568,8.4705,7.4703,539.275,1451.136,550.452,3.65,7.63,0.05,88.66,431.22,901.08,6.14,10467.23,19.64,10215.4,9092.2,12.84,909,0,10,533,76,324,174,2,174,882,1372.55,506.34,57.84,512.84,6944.4,23,0,0,60,94,129,815,4196,,0.28
qsem,beanstalk,,"{""q_sem"": 0.2}",beanstalk,1,20,200,2,True,200,639.3516,0.3128,0.3431,10482.413,24598.793,10956.497,0.7,26.08,0.03,73.2,88.97,3334.34,3.2,9360.52,0.0,9347.7,11584.7,15.1,1146,0,2,33,5,822,799,6,799,125,1205.96,265.61,9473.13,24609.96,37721.6,21,0,0,246,317,559,829,3215,,0.08
qsem,beanstalk,,"{""q_sem"": 0.2}",beanstalk,4,20,200,2,True,200,377.0627,0.5304,,17122.923,22560.928,14535.969,1.09,28.48,0.04,70.4,82.1,2147.64,2.77,5308.74,0.78,5307.3,9152.0,20.23,905,0,2,88,19,642,608,4,608,120,2576.37,227.9,11250.66,22562.43,22436.4,18,0,0,178,258,434,647,2699,,0.08
qsem,beanstalk quarantine,,"{""green_mode"": ""quarantine"", ""q_sem"": 0.0}",beanstalk,7,100,1000,10,True,1000,112.0533,8.9243,7.8059,464.207,1181.324,417.606,3.8,8.24,0.06,87.91,425.68,922.94,6.34,9850.37,7.52,9818.18,8906.7,13.25,886,0,10,577,74,388,154,2,154,901,1326.87,459.06,71.85,761.83,6425.2,23,0,0,52,90,111,796,4222,,0.28
qsem,beanstalk quarantine,,"{""green_mode"": ""quarantine"", ""q_sem"": 0.0}",beanstalk,8,100,1000,10,True,1000,123.5175,8.096,9.0958,326.257,1085.269,364.355,3.33,7.87,0.05,88.75,411.47,972.23,6.42,10961.63,16.88,10711.23,9386.0,12.66,933,0,10,579,58,373,184,1,184,890,1263.75,381.73,58.87,545.34,7255.0,23,0,0,67,87,128,846,4333,,0.28
qsem,beanstalk quarantine,,"{""green_mode"": ""quarantine"", ""q_sem"": 0.0}",beanstalk,6,100,1000,10,True,1000,136.5319,7.3243,6.7536,615.47,1674.513,626.176,3.11,8.01,0.05,88.83,425.13,1093.13,6.42,12128.51,15.31,12032.5,9693.8,11.83,968,0,10,568,93,379,207,0,207,884,1621.46,579.78,52.39,458.2,7945.5,23,0,0,78,114,142,854,4391,,0.29
qsem,beanstalk quarantine,,"{""green_mode"": ""quarantine"", ""q_sem"": 0.0}",beanstalk,9,100,1000,10,True,1000,119.707,8.3537,7.9704,236.477,957.831,396.804,3.62,7.93,0.05,88.39,433.66,949.58,6.15,10581.31,24.3,10425.32,9466.9,13.18,940,0,10,513,63,375,182,4,182,906,1727.85,428.63,51.79,399.44,6934.5,19,0,0,61,118,132,822,4207,,0.27
qsem,beanstalk,,"{""q_sem"": 0.2}",beanstalk,3,20,200,2,False,37,524.6339,0.0705,,1477.821,1503.637,1317.695,0.83,27.27,0.03,71.86,87.61,2861.83,3.01,7540.22,29.73,7156.24,10336.9,16.42,1028,0,2,62,23,758,717,1,715,126,1180.56,253.91,14284.15,29950.57,31213.5,19,0,0,212,265,506,763,2984,stalled,0.1
qsem,beanstalk,,"{""q_sem"": 0.2}",beanstalk,5,20,200,2,False,3,497.931,0.006,,9.97,15.178,11.869,0.24,27.81,0.02,71.93,24.0,2769.29,2.31,7163.03,0.0,7163.03,9274.1,15.52,928,0,2,31,4,617,657,5,655,40,640.95,274.4,14914.67,29852.58,29812.2,33,0,0,218,309,445,619,2429,stalled,0.09
qsem,beanstalk,,"{""q_sem"": 0.2}",beanstalk,6,20,200,2,False,2,499.7134,0.004,,10.952,11.424,10.952,0.39,26.65,0.02,72.93,39.43,2663.5,2.22,7289.13,0.0,7289.13,8092.5,13.5,805,0,2,26,50,585,599,7,595,54,752.35,281.48,14974.0,29965.39,29907.2,24,0,0,172,218,434,587,2251,stalled,0.09
qsem,beanstalk-noplace,,"{""q_sem"": 0.2}",beanstalk-noplace,0,20,200,2,True,200,622.4805,0.3213,0.2606,8198.824,21347.326,9666.041,0.65,24.45,0.03,74.87,80.43,3044.44,3.41,9321.33,0.0,9177.9,11715.4,15.68,1166,0,2,96,1,824,801,3,801,0,688.22,243.87,9222.54,21351.12,34992.4,19,0,0,245,335,559,831,3363,,0.04
qsem,beanstalk,,"{""q_sem"": 0.2}",beanstalk,7,20,200,2,False,2,498.602,0.004,,11.193,11.377,11.193,0.57,21.92,0.02,77.49,56.68,2186.13,1.65,7727.58,0.0,7727.58,5691.0,9.51,566,0,2,31,1,419,387,3,384,66,1149.44,350.91,14938.86,29896.91,29821.1,19,0,0,118,145,272,421,1642,stalled,0.06
qsem,beanstalk-noplace,,"{""q_sem"": 0.2}",beanstalk-noplace,3,20,200,2,True,200,474.1146,0.4218,0.4443,6946.572,15136.698,8064.232,0.92,29.6,0.03,69.44,87.61,2806.66,3.19,6584.83,46.42,6484.7,10703.8,18.81,1062,0,2,87,15,745,741,4,741,0,712.92,244.19,5584.04,15143.75,27771.0,24,0,0,222,311,523,751,3122,,0.04
qsem,beanstalk-noplace,,"{""q_sem"": 0.2}",beanstalk-noplace,2,20,200,2,False,2,497.5578,0.004,,8.941,9.687,8.941,0.33,29.31,0.03,70.34,32.75,2916.54,2.53,6999.34,0.0,6999.34,9794.4,16.4,972,0,2,35,135,739,719,1,715,0,1131.13,256.06,14906.62,29833.34,29787.8,17,0,0,224,231,496,741,2618,stalled,0.04
qsem,beanstalk-noplace,,"{""q_sem"": 0.2}",beanstalk-noplace,5,20,200,2,True,200,511.3887,0.3911,0.3926,6334.291,15550.16,6891.964,0.81,29.22,0.04,69.94,82.94,2988.38,3.64,7152.81,0.0,7152.65,12153.5,19.8,1207,0,2,117,68,860,857,6,857,0,1250.42,217.45,5318.59,15559.28,30470.1,22,0,0,267,334,596,873,3560,,0.05
qsem,beanstalk-noplace,,"{""q_sem"": 0.2}",beanstalk-noplace,4,20,200,2,True,200,527.4081,0.3792,0.3367,3303.233,22866.907,7041.674,0.78,30.08,0.03,69.11,82.1,3172.74,3.62,7289.7,10.61,7226.12,13008.0,20.55,1295,0,2,59,18,922,914,8,914,0,722.89,223.83,8911.37,22878.99,31435.7,26,0,0,266,367,656,928,3647,,0.05
qsem,beanstalk-noplace,,"{""q_sem"": 0.2}",beanstalk-noplace,9,20,200,2,False,2,499.4415,0.004,,9.642,10.355,9.642,0.47,20.2,0.02,79.31,47.37,2017.64,1.79,7922.03,0.0,7922.03,6478.2,10.81,644,0,2,30,16,472,458,1,452,0,1312.9,273.83,14966.6,29949.83,29887.2,18,0,0,137,170,322,474,1802,stalled,0.03
qsem,beanstalk,,"{""q_sem"": 0.2}",beanstalk,0,20,200,2,True,200,653.1464,0.3062,1606.9761,20458.607,29178.561,19733.331,0.62,37.34,0.04,62.0,80.43,4877.93,5.36,8099.21,0.57,8088.88,20019.2,25.54,1990,0,2,93,106,1377,1444,21,1444,130,714.41,219.62,12135.9,29180.19,38673.8,29,0,0,462,608,1003,1382,5484,,0.17
qsem,beanstalk-noplace,,"{""q_sem"": 0.2}",beanstalk-noplace,1,20,200,2,False,40,547.3371,0.0731,,2889.116,2915.32,2671.934,0.43,26.96,0.02,72.59,47.34,2951.56,1.98,7945.87,0.0,7945.87,7318.5,11.14,729,0,2,23,3,540,526,3,520,0,1266.81,349.85,13749.75,29909.99,32755.0,20,0,0,156,185,373,544,2019,stalled,0.08
qsem,beanstalk quarantine,,"{""green_mode"": ""quarantine"", ""q_sem"": 0.05}",beanstalk,0,20,200,2,True,200,101.6206,1.9681,1.902,504.011,2531.722,718.299,3.96,19.17,0.05,76.82,80.43,389.51,1.08,1561.39,12.43,1534.77,2488.2,20.4,246,0,2,38,4,54,106,0,106,113,1344.29,607.64,72.95,393.68,5830.5,17,0,0,32,45,79,201,934,,0.04
qsem,beanstalk quarantine,,"{""green_mode"": ""quarantine"", ""q_sem"": 0.05}",beanstalk,1,20,200,2,True,200,96.9671,2.0626,1.948,552.265,2002.216,644.159,4.59,23.5,0.05,71.86,88.97,455.76,1.0,1393.61,0.14,1387.94,2383.7,20.49,236,0,2,23,8,48,97,1,97,122,1099.58,601.66,52.45,300.1,5359.2,20,0,0,33,37,67,199,877,,0.04
qsem,beanstalk-noplace,,"{""q_sem"": 0.2}",beanstalk-noplace,6,20,200,2,True,200,436.9488,0.4577,0.5981,3006.304,10244.059,4688.027,0.95,26.29,0.03,72.72,83.28,2297.55,2.87,6355.27,0.2,6352.09,9450.6,18.02,938,0,2,75,15,699,647,5,647,0,1380.64,225.28,4241.12,10250.8,26054.5,21,0,0,191,229,461,709,2786,,0.08
qsem,beanstalk,,"{""q_sem"": 0.2}",beanstalk,8,20,200,2,False,43,808.3986,0.0532,,18565.801,18592.537,16399.083,0.62,25.76,0.02,73.6,99.8,4164.74,3.46,11899.98,0.0,11899.78,12637.7,13.03,1254,0,2,39,5,919,884,3,881,128,1912.76,296.2,12773.27,29893.3,48329.1,19,0,0,267,331,620,923,3498,stalled,0.11
qsem,beanstalk quarantine,,"{""green_mode"": ""quarantine"", ""q_sem"": 0.05}",beanstalk,2,20,200,2,True,200,92.9556,2.1516,2.0546,167.17,1299.784,352.581,4.83,18.19,0.05,76.93,89.73,338.24,0.93,1430.22,14.73,1407.88,2246.8,20.14,224,0,2,19,5,56,73,1,73,142,974.3,428.91,76.77,431.91,5357.9,13,0,0,29,48,49,176,809,,0.04
qsem,beanstalk-noplace,,"{""q_sem"": 0.2}",beanstalk-noplace,8,20,200,2,True,200,818.9529,0.2442,0.249,10789.194,19160.434,12085.299,0.61,31.82,0.03,67.54,99.8,5212.61,4.69,11061.96,0.22,11027.91,16840.8,17.14,1677,0,2,122,5,1233,1195,5,1195,0,2310.75,267.91,8653.31,19168.68,48921.1,19,0,0,374,438,826,1239,4714,,0.06
qsem,beanstalk quarantine,,"{""green_mode"": ""quarantine"", ""q_sem"": 0.05}",beanstalk,3,20,200,2,True,200,82.0633,2.4371,2.8128,298.079,1270.947,399.501,5.34,20.65,0.06,73.95,87.61,338.89,1.01,1213.76,14.84,1138.39,2535.0,25.74,253,0,2,31,12,53,93,2,93,107,749.16,370.76,47.62,327.89,4385.6,15,0,0,39,46,59,207,903,,0.04
qsem,beanstalk quarantine,,"{""green_mode"": ""quarantine"", ""q_sem"": 0.05}",beanstalk,4,20,200,2,True,200,92.1067,2.1714,3.1413,339.67,1799.783,540.312,4.46,20.58,0.06,74.9,82.1,379.1,1.1,1379.83,23.35,1321.34,2415.7,21.86,240,0,2,38,5,46,112,0,112,129,1238.98,473.6,86.0,716.38,4741.8,16,0,0,30,37,84,203,939,,0.04
qsem,beanstalk-noplace,,"{""q_sem"": 0.2}",beanstalk-noplace,7,20,200,2,False,2,500.2922,0.004,,9.607,9.807,9.607,0.56,39.7,0.04,59.7,56.09,3972.21,4.09,5973.45,0.0,5973.45,14124.1,23.53,1408,0,2,120,39,1072,1088,8,1078,0,947.48,222.18,14991.14,29999.89,29912.7,24,0,0,308,334,788,1074,4072,stalled,0.08
qsem,beanstalk quarantine,,"{""green_mode"": ""quarantine"", ""q_sem"": 0.05}",beanstalk,6,20,200,2,True,200,122.2642,1.6358,1.5213,478.82,2498.32,780.068,3.41,17.06,0.04,79.49,83.28,417.2,1.02,1943.79,7.03,1923.28,2479.0,16.9,245,0,2,33,7,56,93,2,93,120,1877.04,674.2,158.9,985.65,6804.6,13,0,0,34,49,65,196,898,,0.04
qsem,beanstalk quarantine,,"{""green_mode"": ""quarantine"", ""q_sem"": 0.05}",beanstalk,5,20,200,2,True,200,126.468,1.5814,1.6706,389.03,1677.631,567.366,3.28,20.5,0.05,76.18,82.94,518.49,1.16,1926.77,0.68,1898.98,3285.9,21.65,326,0,2,31,9,76,139,1,139,115,847.58,414.89,87.31,804.52,7371.4,14,0,0,51,60,95,266,1065,,0.05
qsem,beanstalk quarantine,,"{""green_mode"": ""quarantine"", ""q_sem"": 0.05}",beanstalk,7,20,200,2,True,200,226.2925,0.8838,0.7607,612.717,2642.074,869.868,1.87,16.65,0.03,81.46,84.57,753.49,1.14,3686.66,0.17,3665.87,2963.3,10.91,297,0,2,29,5,63,136,0,136,122,1452.27,659.78,128.77,573.54,13195.2,15,0,0,43,47,96,250,1026,,0.04
qsem,beanstalk quarantine,,"{""green_mode"": ""quarantine"", ""q_sem"": 0.05}",beanstalk,9,20,200,2,True,200,107.4912,1.8606,1.8419,422.446,3006.387,747.155,4.17,19.05,0.05,76.73,89.6,409.58,1.07,1649.58,0.23,1613.18,2607.9,20.22,259,0,2,30,11,50,111,1,111,127,2431.07,624.82,156.35,1175.51,6266.0,15,0,0,43,45,78,214,941,,0.04
qsem,beanstalk,,"{""q_sem"": 0.2}",beanstalk,9,20,200,2,True,200,768.8334,0.2601,0.3243,16673.22,29404.211,16416.502,0.58,30.96,0.03,68.43,89.6,4760.05,5.06,10521.97,14.93,10484.74,19052.3,20.65,1898,0,2,38,21,1407,1403,18,1403,133,1323.07,216.34,12395.46,29408.93,45075.4,19,0,0,428,486,993,1412,5195,,0.17
qsem,beanstalk quarantine,,"{""green_mode"": ""quarantine"", ""q_sem"": 0.05}",beanstalk,8,20,200,2,True,200,129.3655,1.546,1.5895,133.096,946.288,292.023,3.86,13.28,0.03,82.82,99.8,343.7,0.88,2142.92,0.35,1906.66,2101.3,13.54,209,0,2,15,5,51,65,2,65,135,1913.09,393.08,202.11,1270.79,7163.0,10,0,0,21,46,47,163,771,,0.08
main,serial,,{},serial,1,100,1000,10,True,1000,229.4828,4.3576,4.4256,1279.68,1610.889,1254.541,1.83,5.85,85.27,7.05,420.41,1341.67,19567.34,1618.86,37.28,0.0,13453.7,9.77,1322,0,1,552,111,322,294,28,294,0,0.0,0.0,10.87,264.27,0.0,0,0,0,0,0,0,0,3196,,0.09
main,serial,,{},serial,0,100,1000,10,True,1000,223.8361,4.4676,4.5494,1258.983,1534.65,1232.99,1.86,5.55,86.25,6.33,417.26,1243.09,19306.75,1416.51,57.66,0.0,13237.4,9.86,1296,0,1,571,133,296,276,20,276,0,0.0,0.0,8.94,150.08,0.0,0,0,0,0,0,0,0,3163,,0.09
main,serial,,{},serial,3,100,1000,10,True,1000,232.618,4.2989,4.4618,1267.778,1565.007,1246.32,1.69,5.11,84.18,9.02,392.43,1189.26,19582.74,2097.37,141.8,0.0,13361.2,9.57,1305,0,1,606,127,305,292,13,292,0,0.0,0.0,14.88,405.99,0.0,0,0,0,0,0,0,0,3216,,0.09
main,serial,,{},serial,5,100,1000,10,True,1000,229.3086,4.3609,4.3907,1281.217,1632.107,1266.247,1.88,6.11,85.93,6.09,431.22,1400.71,19703.41,1395.53,57.51,0.0,13574.9,9.87,1327,0,1,604,95,327,303,24,303,0,0.0,0.0,9.23,122.81,0.0,0,0,0,0,0,0,0,3258,,0.09
main,serial,,{},serial,4,100,1000,10,True,1000,238.7096,4.1892,4.3978,1289.413,1619.112,1268.666,1.83,5.88,82.7,9.59,436.73,1404.09,19740.35,2289.79,79.03,0.0,13655.3,9.53,1331,0,1,558,131,331,319,12,319,0,0.0,0.0,14.17,264.83,0.0,0,0,0,0,0,0,0,3220,,0.09
main,serial,,{},serial,6,100,1000,10,True,1000,237.1539,4.2167,4.2992,1303.939,1681.343,1288.351,1.79,6.39,84.16,7.66,425.13,1514.41,19958.11,1817.75,45.47,0.0,13776.4,9.68,1345,0,1,609,126,345,324,21,324,0,0.0,0.0,11.43,259.06,0.0,0,0,0,0,0,0,0,3299,,0.09
main,serial,,{},serial,7,100,1000,10,True,1000,236.0271,4.2368,4.5873,1251.217,1582.449,1215.675,1.8,5.2,80.65,12.35,425.68,1226.37,19034.88,2915.78,79.81,0.0,13118.8,9.26,1281,0,1,539,129,281,254,27,254,0,0.0,0.0,38.52,930.33,0.0,0,0,0,0,0,0,0,3101,,0.09
main,serial,,{},serial,8,100,1000,10,True,1000,233.3583,4.2853,4.4494,1266.13,1635.061,1254.973,1.76,5.98,83.66,8.61,411.47,1394.57,19521.65,2008.14,23.41,0.0,13491.0,9.64,1321,0,1,597,115,321,303,18,303,0,0.0,0.0,14.66,425.73,0.0,0,0,0,0,0,0,0,3239,,0.09
main,serial,,{},serial,9,100,1000,10,True,1000,259.0375,3.8604,4.4197,1278.023,1589.871,1252.387,1.67,5.08,75.5,17.75,433.66,1315.14,19557.98,4596.97,256.82,0.0,13424.1,8.64,1309,0,1,538,91,309,286,23,286,0,0.0,0.0,125.16,1910.52,0.0,0,0,0,0,0,0,0,3156,,0.09
main,serial,,{},serial,2,100,1000,10,True,1000,230.1164,4.3456,4.4979,1255.113,1579.934,1224.586,1.89,5.29,83.41,9.42,434.8,1216.72,19193.05,2167.07,101.28,0.0,13186.7,9.55,1294,0,1,567,116,294,272,22,272,0,0.0,0.0,18.26,526.58,0.0,0,0,0,0,0,0,0,3155,,0.13
main,beanstalk-noplace,,{},beanstalk-noplace,0,100,1000,10,True,1000,136.9136,7.3039,8.5211,873.088,2249.235,1313.013,3.05,11.45,0.05,85.45,417.26,1567.71,7.36,11699.03,18.4,11257.99,10530.3,12.82,1044,0,10,723,72,817,322,3,322,0,1039.28,224.53,831.81,2254.36,7965.8,37,0,0,102,209,223,835,4987,,0.1
main,beanstalk-noplace,,{},beanstalk-noplace,1,100,1000,10,True,1000,123.3838,8.1048,8.0686,911.894,2412.524,1178.88,3.41,12.84,0.06,83.7,420.41,1583.76,7.13,10327.08,29.02,9922.21,10621.2,14.35,1057,0,10,649,97,830,344,1,344,0,1293.39,221.53,778.02,2415.79,7087.2,41,0,0,98,201,249,856,4909,,0.09
main,beanstalk-noplace,,{},beanstalk-noplace,2,100,1000,10,True,1000,123.9745,8.0662,14.846,1209.866,3650.721,1732.883,3.51,12.24,0.06,84.2,434.8,1517.54,7.0,10438.11,27.13,10154.24,10550.1,14.18,1048,0,10,637,84,778,313,6,313,0,1049.54,221.12,1319.93,3652.11,7240.4,36,0,0,102,244,217,804,4814,,0.09
main,beanstalk-noplace,,{},beanstalk-noplace,3,100,1000,10,True,1000,189.612,5.2739,4.7604,1541.556,4091.56,2245.51,2.07,9.04,0.04,88.85,392.43,1714.74,7.51,16846.51,2.71,16677.19,11213.6,9.86,1116,0,10,729,97,878,369,3,369,0,1096.89,223.27,1583.91,4096.74,11170.7,32,0,0,124,224,248,892,5169,,0.1
main,beanstalk,,{},beanstalk,1,100,1000,10,True,1000,218.5804,4.575,5.0466,1694.706,6660.422,2471.359,1.92,8.32,0.03,89.73,420.41,1817.66,6.97,19613.0,14.9,19431.59,11434.4,8.72,1137,0,10,585,86,899,387,5,387,877,1184.45,239.48,2238.89,6662.88,12946.7,38,0,0,117,216,276,921,4954,,0.28
main,beanstalk,,{},beanstalk,0,100,1000,10,True,1000,126.1252,7.9286,8.7827,1616.867,3338.484,1777.493,3.31,12.14,0.06,84.49,417.26,1531.31,7.14,10656.81,30.77,10248.96,10829.2,14.31,1079,0,10,670,98,788,339,8,339,908,1258.35,207.86,1172.77,3339.48,7373.7,39,0,0,118,269,229,810,4988,,0.29
main,beanstalk,,{},beanstalk,2,100,1000,10,True,1000,263.2942,3.798,13.2894,2285.722,11916.57,4561.146,1.65,7.02,0.03,91.3,434.8,1848.89,7.29,24038.44,8.6,24011.42,12144.8,7.69,1214,0,10,637,86,932,430,7,430,890,864.24,212.57,4728.48,11918.51,15483.7,37,0,0,138,260,299,954,5218,,0.29
main,beanstalk,,{},beanstalk,3,100,1000,10,True,1000,146.1716,6.8413,7.6884,978.667,2217.921,1222.96,2.68,10.76,0.05,86.51,392.43,1572.29,7.47,12644.97,64.09,12241.62,10555.9,12.04,1051,0,10,732,97,794,337,6,337,908,945.52,216.88,715.61,2220.39,8533.7,33,0,0,106,221,240,830,5034,,0.28
main,beanstalk,,{},beanstalk,7,100,1000,10,True,1000,153.1659,6.5289,6.1506,1372.921,2639.267,1483.888,2.78,11.37,0.05,85.81,425.68,1740.87,7.2,13142.85,33.95,12761.05,10548.1,11.48,1057,0,10,660,97,851,343,2,343,901,1025.11,243.66,994.92,2644.15,8995.8,39,0,0,98,166,248,891,4918,,0.28
main,beanstalk,,{},beanstalk,5,100,1000,10,True,1000,135.5501,7.3773,7.0787,1672.968,2675.004,1632.18,3.18,12.44,0.05,84.32,431.22,1686.38,7.36,11430.05,1.72,11194.3,10965.0,13.48,1093,0,10,723,87,896,353,4,353,899,851.08,216.89,1056.42,2678.54,7878.5,34,0,0,99,172,258,921,5108,,0.29
main,beanstalk,,{},beanstalk,9,100,1000,10,True,1000,118.4678,8.4411,8.1749,1375.55,2883.08,1573.132,3.66,12.53,0.06,83.75,433.66,1484.66,6.93,9921.53,50.21,9165.5,10394.2,14.62,1033,0,10,625,85,809,321,5,321,887,832.49,215.18,1018.71,2890.2,6647.4,37,0,0,97,207,229,826,4795,,0.27
main,beanstalk,,{},beanstalk,6,100,1000,10,True,1000,176.5531,5.664,5.1681,1362.881,5421.265,2279.412,2.41,10.67,0.04,86.88,425.13,1883.62,7.4,15339.16,1.51,15333.82,11814.7,11.15,1180,0,10,717,108,901,386,7,386,894,1082.97,230.54,1839.29,5429.62,10363.3,40,0,0,131,270,262,910,5277,,0.3
main,beanstalk,,{},beanstalk,8,100,1000,10,True,1000,218.345,4.5799,7.565,1458.961,5938.239,2103.789,1.88,9.01,0.04,89.07,411.47,1967.55,7.83,19447.65,14.16,19113.01,12301.7,9.39,1220,0,10,767,84,927,444,4,444,900,1548.04,211.59,1794.48,5942.15,12895.8,36,0,0,149,251,299,969,5500,,0.29
main,beanstalk-noplace,,{},beanstalk-noplace,4,100,1000,10,True,1000,162.2801,6.1622,5.3648,1354.279,3733.904,1894.151,2.69,11.5,0.05,85.76,436.73,1866.79,7.53,13916.97,2.19,13898.29,11636.3,11.95,1154,0,10,723,100,866,403,4,403,0,1249.31,220.97,1326.29,3735.63,9550.3,38,0,0,136,257,272,897,5271,,0.1
main,beanstalk-noplace,,{},beanstalk-noplace,5,100,1000,10,True,1000,123.9072,8.0706,8.8205,1566.984,1995.117,1398.456,3.48,12.71,0.06,83.76,431.22,1574.36,7.28,10377.85,0.71,10152.17,10503.6,14.13,1045,0,10,712,75,851,312,1,312,0,1247.7,226.54,922.43,1999.54,7237.3,37,0,0,92,167,222,878,4929,,0.1
main,beanstalk,,{},beanstalk,4,100,1000,10,True,1000,145.6311,6.8667,8.0716,1167.221,1374.452,1128.374,3.0,11.53,0.05,85.42,436.73,1679.01,7.2,12440.17,19.31,11402.74,11035.4,12.63,1097,0,10,673,92,837,369,8,369,893,1241.76,215.1,568.05,1379.62,8075.2,45,0,0,113,230,264,867,5054,,0.33
main,beanstalk-noplace,,{},beanstalk-noplace,6,100,1000,10,True,1000,155.5631,6.4283,6.7628,1347.21,2213.967,1461.734,2.73,11.74,0.05,85.48,425.13,1826.0,7.62,13297.56,0.32,13199.03,11550.5,12.37,1147,0,10,777,104,893,376,6,376,0,1080.11,224.83,813.38,2217.11,9158.8,41,0,0,118,229,264,918,5327,,0.1
main,beanstalk-noplace,,{},beanstalk-noplace,7,100,1000,10,True,1000,162.5676,6.1513,5.8868,1553.521,2849.715,1682.487,2.62,10.3,0.04,87.04,425.68,1673.94,7.18,14149.97,37.8,14086.55,10768.1,11.04,1076,0,10,661,113,869,350,3,350,0,1240.74,224.85,1069.57,2853.11,9014.2,35,0,0,103,176,250,900,4964,,0.1
main,beanstalk-noplace,,{},beanstalk-noplace,9,100,1000,10,True,1000,155.6567,6.4244,7.1591,1313.739,3173.936,1779.278,2.79,10.19,0.04,86.98,433.66,1586.34,6.91,13538.76,51.24,12792.63,10256.3,10.98,1019,0,10,594,77,817,323,5,323,0,1655.52,234.86,1081.11,3180.15,9020.0,37,0,0,93,178,236,841,4730,,0.09
main,beanstalk-noplace,,{},beanstalk-noplace,8,100,1000,10,True,1000,193.8769,5.1579,22.868,2102.205,8588.496,3545.957,2.12,8.88,0.04,88.96,411.47,1722.27,7.36,17246.6,3.21,16824.74,11776.5,10.12,1172,0,10,683,73,902,389,4,389,0,1081.46,216.32,3396.98,8593.59,11496.2,36,0,0,134,246,259,926,5192,,0.1
queue,batched k=1,,"{""batch_k"": 1}",batched,1,100,1000,10,True,1000,88.2452,11.3321,13.7243,323.695,799.935,384.237,4.76,20.49,52.08,22.67,420.41,1808.37,4595.58,2000.16,80.5,0.0,38838.5,73.35,4262,1297,10,725,155,870,356,15,356,0,0.0,0.0,36.47,479.48,0.0,0,0,2891,0,0,0,0,6358,,0.16
queue,batched k=1,,"{""batch_k"": 1}",batched,0,100,1000,10,True,1000,87.4695,11.4326,14.5622,301.433,728.458,364.758,4.77,20.23,49.27,25.73,417.26,1769.88,4309.42,2250.39,118.12,0.0,36996.6,70.49,4079,1218,10,803,156,801,332,20,332,0,0.0,0.0,33.71,414.02,0.0,0,0,2727,0,0,0,0,6234,,0.16
queue,batched k=1,,"{""batch_k"": 1}",batched,4,100,1000,10,True,1000,97.2993,10.2776,14.2736,326.318,769.046,377.011,4.49,17.56,47.02,30.93,436.73,1708.1,4575.42,3009.69,238.67,0.0,37770.4,64.7,4119,1244,10,731,144,820,345,19,345,0,0.0,0.0,71.75,764.05,0.0,0,0,2755,0,0,0,0,6214,,0.16
queue,batched k=1,,"{""batch_k"": 1}",batched,5,100,1000,10,True,1000,78.5579,12.7295,14.6241,312.636,759.052,365.351,5.49,21.72,55.79,17.0,431.22,1706.33,4382.86,1335.37,200.37,0.0,36825.0,78.13,4018,1187,10,793,116,797,336,19,336,0,0.0,0.0,11.95,127.93,0.0,0,0,2663,0,0,0,0,6166,,0.16
queue,batched k=1,,"{""batch_k"": 1}",batched,6,100,1000,10,True,1000,82.6618,12.0975,13.3709,344.845,825.934,398.393,5.14,21.52,58.8,14.53,425.13,1779.2,4860.68,1201.17,89.99,0.0,39888.8,80.43,4368,1284,10,797,169,890,361,25,361,0,0.0,0.0,13.58,182.04,0.0,0,0,2982,0,0,0,0,6551,,0.16
queue,batched k=1,,"{""batch_k"": 1}",batched,7,100,1000,10,True,1000,83.711,11.9459,16.2273,274.724,714.05,326.926,5.09,18.64,46.45,29.82,425.68,1560.64,3888.12,2496.66,364.74,0.0,33284.5,66.27,3685,1177,10,753,177,613,300,16,300,0,0.0,0.0,51.95,609.04,0.0,0,0,2369,0,0,0,0,5754,,0.15
queue,batched k=1,,"{""batch_k"": 1}",batched,2,100,1000,10,True,1000,71.7114,13.9448,14.9647,294.465,674.503,345.444,6.06,21.3,58.98,13.65,434.8,1527.72,4229.68,978.94,161.76,0.0,35271.0,81.97,3891,1161,10,762,144,674,311,20,311,0,0.0,0.0,11.52,151.53,0.0,0,0,2560,0,0,0,0,5984,,0.2
queue,batched k=1,,"{""batch_k"": 1}",batched,3,100,1000,10,True,1000,83.5812,11.9644,14.7743,306.636,749.26,364.199,4.7,18.88,53.75,22.68,392.43,1577.78,4492.2,1895.7,121.74,0.0,36560.3,72.9,4007,1076,10,809,160,798,333,20,333,0,0.0,0.0,21.45,268.19,0.0,0,0,2654,0,0,0,0,6169,,0.2
queue,batched k=1,,"{""batch_k"": 1}",batched,8,100,1000,10,True,1000,75.2157,13.2951,15.5663,295.816,769.531,347.619,5.47,21.5,55.53,17.5,411.47,1616.99,4176.66,1316.46,33.51,0.0,35334.3,78.3,3896,1237,10,800,141,694,315,20,315,0,0.0,0.0,19.71,322.03,0.0,0,0,2561,0,0,0,0,6031,,0.15
queue,batched-par k=1,,"{""batch_k"": 1}",batched-par,1,100,1000,10,True,1000,56.5498,17.6835,21.0415,183.667,662.199,249.415,7.43,31.36,42.15,19.06,420.41,1773.19,2383.72,1077.66,35.59,0.0,26509.6,78.13,3162,1110,10,785,169,615,360,19,360,0,0.0,0.0,9.85,164.01,0.0,0,0,1783,0,0,0,0,5326,,0.16
queue,batched-par k=1,,"{""batch_k"": 1}",batched-par,0,100,1000,10,True,1000,80.3514,12.4453,20.4057,197.973,658.574,261.151,5.19,22.79,31.38,40.64,417.26,1831.47,2521.05,3265.36,109.84,0.0,27180.8,56.38,3209,1129,10,876,170,623,335,25,335,0,0.0,0.0,78.82,575.89,0.0,0,0,1849,0,0,0,0,5445,,0.17
queue,batched k=1,,"{""batch_k"": 1}",batched,9,100,1000,10,True,1000,84.8366,11.7874,15.1355,296.885,721.19,350.819,5.11,19.74,49.18,25.97,433.66,1674.62,4172.36,2203.02,228.68,0.0,34854.5,68.47,3828,1099,10,715,103,749,306,23,306,0,0.0,0.0,21.33,239.23,0.0,0,0,2499,0,0,0,0,5872,,0.19
queue,batched-par k=1,,"{""batch_k"": 1}",batched-par,2,100,1000,10,True,1000,62.3912,16.0279,19.261,198.995,650.75,262.187,6.97,27.89,42.15,22.99,434.8,1739.84,2629.94,1434.54,143.64,0.0,27441.3,73.3,3240,1182,10,851,139,625,345,20,345,0,0.0,0.0,14.51,194.08,0.0,0,0,1875,0,0,0,0,5456,,0.16
queue,batched-par k=1,,"{""batch_k"": 1}",batched-par,3,100,1000,10,True,1000,73.1122,13.6776,19.4877,215.916,666.468,276.204,5.37,23.64,39.33,31.67,392.43,1728.08,2875.32,2315.38,122.48,0.0,28469.5,64.9,3348,1179,10,898,163,652,363,22,363,0,0.0,0.0,32.24,388.69,0.0,0,0,1963,0,0,0,0,5631,,0.17
queue,batched-par k=1,,"{""batch_k"": 1}",batched-par,7,100,1000,10,True,1000,68.4629,14.6064,21.8987,168.792,701.619,241.89,6.22,25.81,33.08,34.9,425.68,1766.89,2264.61,2389.11,142.1,0.0,25230.3,61.42,2923,952,10,842,207,521,309,18,309,0,0.0,0.0,37.19,328.28,0.0,0,0,1596,0,0,0,0,5092,,0.16
queue,batched-par k=1,,"{""batch_k"": 1}",batched-par,5,100,1000,10,True,1000,80.8665,12.3661,19.3227,205.341,712.242,273.134,5.33,22.67,33.62,38.37,431.22,1833.39,2718.85,3103.19,396.38,0.0,28563.1,58.87,3396,1212,10,899,121,634,354,20,354,0,0.0,0.0,88.19,832.12,0.0,0,0,2022,0,0,0,0,5669,,0.17
queue,batched-par k=1,,"{""batch_k"": 1}",batched-par,6,100,1000,10,True,1000,70.468,14.1908,18.1185,214.977,735.035,281.361,6.03,28.68,37.86,27.42,425.13,2021.14,2668.21,1932.32,47.2,0.0,28602.3,67.65,3374,1151,10,925,160,658,370,26,370,0,0.0,0.0,31.06,423.5,0.0,0,0,1978,0,0,0,0,5695,,0.17
queue,batched-par k=1,,"{""batch_k"": 1}",batched-par,8,100,1000,10,True,1000,69.1558,14.4601,21.185,170.004,642.989,249.655,5.95,26.24,33.93,33.88,411.47,1814.41,2346.5,2343.19,54.05,0.0,25736.5,62.03,3078,1090,10,921,159,537,331,19,331,0,0.0,0.0,61.73,650.88,0.0,0,0,1728,0,0,0,0,5349,,0.16
queue,batched-par k=1,,"{""batch_k"": 1}",batched-par,9,100,1000,10,True,1000,95.4734,10.4741,20.806,187.32,649.884,259.773,4.54,19.73,25.62,50.11,433.66,1883.55,2446.0,4784.13,152.81,0.0,26573.8,46.39,3133,1086,10,762,130,603,359,17,359,0,0.0,0.0,200.63,1399.44,0.0,0,0,1757,0,0,0,0,5271,,0.16
queue,batched-par k=1,,"{""batch_k"": 1}",batched-par,4,100,1000,10,True,1000,68.8496,14.5244,19.7389,188.779,711.98,265.523,6.34,27.25,37.02,29.38,436.73,1876.49,2548.89,2022.85,214.38,0.0,26878.3,65.07,3219,1125,10,810,149,632,352,11,352,0,0.0,0.0,15.3,163.37,0.0,0,0,1856,0,0,0,0,5392,,0.21
fair,batched k=1 released,,"{""batch_k"": 1, ""queue_agents"": ""released""}",batched,0,100,1000,10,True,1000,94.2597,10.609,13.2991,2016.026,3712.326,1935.201,4.43,20.68,0.0,74.89,417.26,1949.72,0.0,7058.99,0.0,0.0,39467.5,69.79,4333,1214,10,1088,238,896,365,19,365,0,0.0,0.0,34.43,444.02,0.0,0,0,2949,0,0,0,0,6805,,0.21
fair,batched k=1 released,,"{""batch_k"": 1, ""queue_agents"": ""released""}",batched,2,100,1000,10,True,1000,87.5879,11.4171,14.9601,1558.759,3225.996,1612.91,4.96,20.21,0.0,74.82,434.8,1770.52,0.0,6553.47,0.0,0.0,35287.2,67.15,3921,1190,10,1096,241,770,324,20,324,0,0.0,0.0,76.22,838.59,0.0,0,0,2577,0,0,0,0,6361,,0.19
fair,batched k=1 released,,"{""batch_k"": 1, ""queue_agents"": ""released""}",batched,3,100,1000,10,True,1000,83.3327,12.0001,14.831,1893.064,3380.189,1812.192,4.71,22.57,0.0,72.72,392.43,1880.78,0.0,6060.06,0.0,0.0,36740.6,73.48,4037,1196,10,1199,299,787,342,18,342,0,0.0,0.0,19.64,308.67,0.0,0,0,2677,0,0,0,0,6596,,0.2
fair,batched k=1 released,,"{""batch_k"": 1, ""queue_agents"": ""released""}",batched,1,100,1000,10,True,1000,87.1687,11.472,14.3679,1894.392,3437.898,1873.017,4.82,21.47,0.0,73.71,420.41,1871.51,0.0,6424.95,0.0,0.0,36417.2,69.63,3995,1185,10,1054,262,826,329,17,329,0,0.0,0.0,31.21,457.1,0.0,0,0,2649,0,0,0,0,6395,,0.23
fair,batched k=1 released,,"{""batch_k"": 1, ""queue_agents"": ""released""}",batched,4,100,1000,10,True,1000,86.1277,11.6107,14.1254,1758.847,3554.173,1853.673,5.07,23.28,0.0,71.65,436.73,2005.17,0.0,6170.87,0.0,0.0,38314.5,74.14,4202,1335,10,1143,251,810,349,25,349,0,0.0,0.0,17.25,205.7,0.0,0,0,2828,0,0,0,0,6719,,0.2
fair,batched k=1 released,,"{""batch_k"": 1, ""queue_agents"": ""released""}",batched,5,100,1000,10,True,1000,93.3178,10.7161,14.5541,1952.43,3447.315,1879.987,4.62,21.69,0.0,73.68,431.22,2024.53,0.0,6876.03,0.0,0.0,38159.4,68.15,4162,1267,10,1177,220,849,347,16,347,0,0.0,0.0,37.94,526.56,0.0,0,0,2799,0,0,0,0,6702,,0.21
fair,batched k=1 released,,"{""batch_k"": 1, ""queue_agents"": ""released""}",batched,8,100,1000,10,True,1000,81.9678,12.1999,15.1114,1557.086,3286.622,1630.316,5.02,21.52,0.0,73.46,411.47,1763.8,0.0,6021.51,0.0,0.0,35288.6,71.75,3877,1158,10,1107,215,689,315,21,315,0,0.0,0.0,22.44,280.31,0.0,0,0,2541,0,0,0,0,6320,,0.19
fair,batched k=1 released,,"{""batch_k"": 1, ""queue_agents"": ""released""}",batched,7,100,1000,10,True,1000,83.7118,11.9457,15.2066,1658.261,3140.738,1625.58,5.09,21.91,0.0,73.01,425.68,1833.99,0.0,6111.51,0.0,0.0,34382.4,68.45,3800,1162,10,1102,311,708,309,21,309,0,0.0,0.0,51.13,649.56,0.0,0,0,2470,0,0,0,0,6232,,0.2
fair,batched k=1 released,,"{""batch_k"": 1, ""queue_agents"": ""released""}",batched,6,100,1000,10,True,1000,99.638,10.0363,13.3855,1979.285,3698.939,1937.299,4.27,20.2,0.0,75.53,425.13,2013.0,0.0,7525.67,0.0,0.0,39785.5,66.55,4374,1387,10,1157,294,888,361,22,361,0,0.0,0.0,49.78,594.2,0.0,0,0,2991,0,0,0,0,6914,,0.2
fair,batched k=1 released,,"{""batch_k"": 1, ""queue_agents"": ""released""}",batched,9,100,1000,10,True,1000,91.2664,10.9569,14.3309,1786.8,3436.007,1808.665,4.75,20.21,0.0,75.04,433.66,1844.46,0.0,6848.52,0.0,0.0,36219.5,66.14,4014,1249,10,1053,245,821,331,18,331,0,0.0,0.0,41.6,504.62,0.0,0,0,2665,0,0,0,0,6416,,0.2
place,beanstalk soft,predicted-best,"{""flag_clean"": 0.15, ""flag_recall"": 0.6, ""placement_fallback"": ""least-overlap""}",beanstalk,0,100,1000,10,True,1000,135.3818,7.3865,11.6498,1387.695,2584.777,1478.821,3.08,12.07,0.05,84.8,417.26,1633.75,7.21,11479.96,47.34,10544.97,10813.0,13.31,1078,0,10,668,79,827,346,1,346,864,1038.44,228.76,912.46,2604.04,7945.0,39,0,0,110,228,237,850,4974,,0.32
place,beanstalk soft,predicted-best,"{""flag_clean"": 0.15, ""flag_recall"": 0.6, ""placement_fallback"": ""least-overlap""}",beanstalk,1,100,1000,10,True,1000,124.4309,8.0366,9.5563,1100.18,1913.658,1135.954,3.38,12.18,0.06,84.39,420.41,1515.52,6.93,10500.24,5.4,10051.34,10522.3,14.09,1045,0,10,620,67,790,328,2,328,848,987.92,225.84,631.44,1918.74,7028.2,37,0,0,100,223,230,822,4806,,0.3
place,beanstalk soft,predicted-best,"{""flag_clean"": 0.15, ""flag_recall"": 0.6, ""placement_fallback"": ""least-overlap""}",beanstalk,2,100,1000,10,True,1000,220.4416,4.5363,19.9093,2436.201,10799.159,4793.948,1.97,8.78,0.03,89.21,434.8,1936.17,7.45,19665.75,14.23,19337.47,13063.8,9.88,1302,0,10,641,93,996,488,6,488,827,649.26,195.56,4627.65,10799.86,12990.6,35,0,0,161,293,333,1009,5431,,0.33
place,beanstalk soft,predicted-best,"{""flag_clean"": 0.15, ""flag_recall"": 0.6, ""placement_fallback"": ""least-overlap""}",beanstalk,3,100,1000,10,True,1000,122.9099,8.136,9.321,1210.435,1730.561,1155.465,3.19,12.13,0.06,84.62,392.43,1491.09,7.35,10400.11,51.49,9872.17,10916.3,14.8,1087,0,10,667,116,814,368,4,368,855,779.81,196.27,643.27,1733.63,6969.4,39,0,0,113,252,260,835,5002,,0.33
place,beanstalk soft,predicted-best,"{""flag_clean"": 0.15, ""flag_recall"": 0.6, ""placement_fallback"": ""least-overlap""}",beanstalk,4,100,1000,10,True,1000,146.1412,6.8427,6.3954,1384.286,3012.989,1699.077,2.99,12.97,0.05,83.99,436.73,1895.1,7.34,12274.95,7.06,12224.46,11538.7,13.16,1147,0,10,679,106,875,398,5,398,851,1246.82,229.88,955.64,3019.23,8375.9,37,0,0,123,243,280,904,5189,,0.33
place,beanstalk soft,predicted-best,"{""flag_clean"": 0.15, ""flag_recall"": 0.6, ""placement_fallback"": ""least-overlap""}",beanstalk,5,100,1000,10,True,1000,176.6112,5.6622,5.3705,1503.099,4178.134,1905.914,2.44,9.72,0.04,87.8,431.22,1716.56,7.37,15505.96,12.93,14772.13,11121.1,10.49,1108,0,10,707,94,896,367,4,367,835,1513.94,221.38,1377.51,4183.37,10389.9,45,0,0,103,187,268,921,5125,,0.32
place,beanstalk hard,predicted-best,"{""flag_clean"": 0.15, ""flag_recall"": 0.6, ""placement_fallback"": ""wait""}",beanstalk,1,100,1000,10,True,1000,252.5834,3.9591,3.7423,637.815,1450.259,703.402,1.66,3.73,0.02,94.59,420.41,941.11,4.29,23892.54,10781.71,12496.36,13252.1,8.74,1313,0,10,99,29,1090,253,1,253,0,1293.5,219.72,520.81,2034.97,14068.1,12,0,0,82,87,176,1226,4013,,0.23
place,beanstalk hard,predicted-best,"{""flag_clean"": 0.15, ""flag_recall"": 0.6, ""placement_fallback"": ""wait""}",beanstalk,0,100,1000,10,True,1000,228.9793,4.3672,4.7869,488.053,1742.524,651.234,1.82,3.74,0.02,94.42,417.26,855.31,4.34,21621.02,9656.37,11488.38,13094.2,9.53,1303,0,10,111,30,1100,246,4,246,0,1040.23,202.34,480.08,1806.54,12585.7,14,0,0,79,89,172,1214,4013,,0.24
place,beanstalk soft,predicted-best,"{""flag_clean"": 0.15, ""flag_recall"": 0.6, ""placement_fallback"": ""least-overlap""}",beanstalk,6,100,1000,10,True,1000,181.8051,5.5004,4.9716,1600.111,4836.352,2116.964,2.34,9.94,0.04,87.68,425.13,1807.06,7.17,15941.15,2.37,15885.35,11036.7,10.12,1100,0,10,663,92,826,362,7,362,849,939.27,242.41,1487.43,4837.53,10655.7,37,0,0,111,244,259,856,5032,,0.32
place,beanstalk soft,predicted-best,"{""flag_clean"": 0.15, ""flag_recall"": 0.6, ""placement_fallback"": ""least-overlap""}",beanstalk,7,100,1000,10,True,1000,190.3811,5.2526,4.7997,1424.151,5111.753,2045.83,2.24,8.85,0.04,88.88,425.68,1684.59,6.93,16920.91,26.25,16588.79,10697.9,9.37,1064,0,10,607,105,866,344,5,344,861,1023.82,235.91,1629.93,5115.42,10936.2,33,0,0,94,160,255,904,4838,,0.32
place,beanstalk soft,predicted-best,"{""flag_clean"": 0.15, ""flag_recall"": 0.6, ""placement_fallback"": ""least-overlap""}",beanstalk,8,100,1000,10,True,1000,206.3808,4.8454,14.8589,1903.288,8822.498,3200.132,1.99,9.08,0.04,88.89,411.47,1873.26,7.54,18345.81,5.42,18283.9,11923.8,9.63,1184,0,10,705,90,913,415,5,415,857,877.85,218.12,3365.09,8824.56,12013.6,35,0,0,142,253,279,931,5281,,0.33
place,beanstalk soft,predicted-best,"{""flag_clean"": 0.15, ""flag_recall"": 0.6, ""placement_fallback"": ""least-overlap""}",beanstalk,9,100,1000,10,True,1000,192.3303,5.1994,6.4732,1287.823,3046.07,1522.022,2.25,8.43,0.04,89.28,433.66,1621.44,6.9,17171.03,110.22,16134.51,10714.9,9.29,1061,0,10,602,76,841,348,2,348,845,1657.26,221.77,962.22,3058.1,11214.7,36,0,0,99,205,251,856,4834,,0.35
place,beanstalk hard,predicted-best,"{""flag_clean"": 0.15, ""flag_recall"": 0.6, ""placement_fallback"": ""wait""}",beanstalk,2,100,1000,10,True,1000,220.5551,4.534,5.4047,565.519,1670.506,654.211,1.97,3.64,0.02,94.37,434.8,802.71,4.33,20813.66,9235.9,11138.46,13213.6,9.99,1312,0,10,110,44,1110,254,1,254,0,651.39,184.05,572.85,2295.54,12056.5,14,0,0,96,100,163,1212,4037,,0.24
place,beanstalk hard,predicted-best,"{""flag_clean"": 0.15, ""flag_recall"": 0.6, ""placement_fallback"": ""wait""}",beanstalk,3,100,1000,10,True,1000,254.0956,3.9355,4.2442,567.993,1517.95,721.244,1.54,3.44,0.02,95.0,392.43,873.1,4.39,24139.64,10326.73,13162.6,12983.5,8.52,1286,0,10,113,40,1084,256,3,256,0,780.67,200.67,542.3,2035.42,14240.1,15,0,0,80,87,180,1199,4016,,0.24
place,beanstalk hard,predicted-best,"{""flag_clean"": 0.15, ""flag_recall"": 0.6, ""placement_fallback"": ""wait""}",beanstalk,4,100,1000,10,True,1000,262.8432,3.8045,4.2715,933.408,2025.232,999.253,1.66,3.53,0.02,94.79,436.73,929.08,4.34,24914.17,10543.16,13851.51,13406.7,8.5,1330,0,10,105,33,1181,259,6,259,0,935.04,209.56,729.87,2691.79,14711.3,14,0,0,88,103,180,1227,4053,,0.25
place,beanstalk hard,predicted-best,"{""flag_clean"": 0.15, ""flag_recall"": 0.6, ""placement_fallback"": ""wait""}",beanstalk,6,100,1000,10,True,1000,263.0716,3.8012,4.0274,563.653,1636.306,704.848,1.62,3.69,0.02,94.68,425.13,971.18,4.39,24906.45,11044.34,13325.56,13331.0,8.45,1330,0,10,109,36,1096,273,4,273,0,1096.58,210.16,514.26,1688.68,14697.3,14,0,0,92,99,187,1231,4092,,0.25
place,beanstalk hard,predicted-best,"{""flag_clean"": 0.15, ""flag_recall"": 0.6, ""placement_fallback"": ""wait""}",beanstalk,7,100,1000,10,True,1000,228.1602,4.3829,4.4606,592.483,1322.352,608.871,1.87,3.24,0.02,94.87,425.68,740.13,4.2,21646.01,9904.88,11176.56,12641.0,9.23,1254,0,10,100,35,1012,212,2,212,0,922.5,203.49,417.83,1628.07,12579.9,10,0,0,61,69,157,1185,3873,,0.24
place,beanstalk hard,predicted-best,"{""flag_clean"": 0.15, ""flag_recall"": 0.6, ""placement_fallback"": ""wait""}",beanstalk,9,100,1000,10,True,1000,268.2406,3.728,3.5759,628.55,2347.778,931.874,1.62,3.22,0.02,95.14,433.66,864.44,4.31,25521.65,10838.04,14259.41,13095.3,8.14,1302,0,10,106,21,1102,244,3,244,0,1178.21,206.45,794.49,3465.06,14976.6,11,0,0,75,80,175,1222,3997,,0.23
place,beanstalk hard,predicted-best,"{""flag_clean"": 0.15, ""flag_recall"": 0.6, ""placement_fallback"": ""wait""}",beanstalk,8,100,1000,10,True,1000,329.437,3.0355,5.6607,614.626,4280.988,1269.359,1.25,3.06,0.01,95.67,411.47,1009.62,4.59,31518.03,10568.34,18876.25,14016.1,7.09,1393,0,10,126,26,1162,320,1,320,0,774.62,186.52,2464.77,9384.05,18422.7,11,0,0,98,100,226,1293,4282,,0.24
place,beanstalk hard,predicted-best,"{""flag_clean"": 0.15, ""flag_recall"": 0.6, ""placement_fallback"": ""wait""}",beanstalk,5,100,1000,10,True,1000,224.8087,4.4482,4.7829,547.119,1415.03,612.773,1.92,3.51,0.02,94.56,431.22,788.14,4.25,21257.25,9778.56,11181.64,12771.5,9.47,1270,0,10,80,23,1051,243,2,243,0,971.41,193.74,479.01,1510.98,12355.0,12,0,0,68,80,179,1190,3911,,0.29
place,beanstalk soft,predicted-typical,"{""flag_clean"": 0.25, ""flag_recall"": 0.6, ""placement_fallback"": ""least-overlap""}",beanstalk,1,100,1000,10,True,1000,218.5804,4.575,5.0466,1694.706,6660.422,2471.359,1.92,8.32,0.03,89.73,420.41,1817.66,6.97,19613.0,14.9,19431.59,11434.4,8.72,1137,0,10,585,86,899,387,5,387,877,1184.45,239.48,2238.89,6662.88,12946.7,38,0,0,117,216,276,921,4954,,0.3
place,beanstalk soft,predicted-typical,"{""flag_clean"": 0.25, ""flag_recall"": 0.6, ""placement_fallback"": ""least-overlap""}",beanstalk,3,100,1000,10,True,1000,146.1716,6.8413,7.6884,978.667,2217.921,1222.96,2.68,10.76,0.05,86.51,392.43,1572.29,7.47,12644.97,64.09,12241.62,10555.9,12.04,1051,0,10,732,97,794,337,6,337,908,945.52,216.88,715.61,2220.39,8533.7,33,0,0,106,221,240,830,5034,,0.3
place,beanstalk soft,predicted-typical,"{""flag_clean"": 0.25, ""flag_recall"": 0.6, ""placement_fallback"": ""least-overlap""}",beanstalk,0,100,1000,10,True,1000,126.1252,7.9286,8.7827,1616.867,3338.484,1777.493,3.31,12.14,0.06,84.49,417.26,1531.31,7.14,10656.81,30.77,10248.96,10829.2,14.31,1079,0,10,670,98,788,339,8,339,908,1258.35,207.86,1172.77,3339.48,7373.7,39,0,0,118,269,229,810,4988,,0.35
place,beanstalk soft,predicted-typical,"{""flag_clean"": 0.25, ""flag_recall"": 0.6, ""placement_fallback"": ""least-overlap""}",beanstalk,2,100,1000,10,True,1000,263.2942,3.798,13.2894,2285.722,11916.57,4561.146,1.65,7.02,0.03,91.3,434.8,1848.89,7.29,24038.44,8.6,24011.42,12144.8,7.69,1214,0,10,637,86,932,430,7,430,890,864.24,212.57,4728.48,11918.51,15483.7,37,0,0,138,260,299,954,5218,,0.34
place,beanstalk soft,predicted-typical,"{""flag_clean"": 0.25, ""flag_recall"": 0.6, ""placement_fallback"": ""least-overlap""}",beanstalk,4,100,1000,10,True,1000,145.6311,6.8667,8.0716,1167.221,1374.452,1128.374,3.0,11.53,0.05,85.42,436.73,1679.01,7.2,12440.17,19.31,11402.74,11035.4,12.63,1097,0,10,673,92,837,369,8,369,893,1241.76,215.1,568.05,1379.62,8075.2,45,0,0,113,230,264,867,5054,,0.3
place,beanstalk soft,predicted-typical,"{""flag_clean"": 0.25, ""flag_recall"": 0.6, ""placement_fallback"": ""least-overlap""}",beanstalk,5,100,1000,10,True,1000,135.5501,7.3773,7.0787,1672.968,2675.004,1632.18,3.18,12.44,0.05,84.32,431.22,1686.38,7.36,11430.05,1.72,11194.3,10965.0,13.48,1093,0,10,723,87,896,353,4,353,899,851.08,216.89,1056.42,2678.54,7878.5,34,0,0,99,172,258,921,5108,,0.31
place,beanstalk hard,predicted-typical,"{""flag_clean"": 0.25, ""flag_recall"": 0.6, ""placement_fallback"": ""wait""}",beanstalk,0,100,1000,10,True,1000,315.3678,3.1709,3.408,605.181,2306.416,772.442,1.32,2.53,0.01,96.13,417.26,797.59,4.14,30317.79,14917.99,14535.24,13019.5,6.88,1291,0,10,93,26,1078,220,2,220,0,1038.05,216.06,633.09,3037.1,17299.2,11,0,0,76,79,148,1212,3916,,0.21
place,beanstalk hard,predicted-typical,"{""flag_clean"": 0.25, ""flag_recall"": 0.6, ""placement_fallback"": ""wait""}",beanstalk,1,100,1000,10,True,1000,314.0094,3.1846,3.1783,508.483,1540.474,601.654,1.34,2.54,0.01,96.11,420.41,797.16,4.09,30179.28,14313.07,15182.25,12838.3,6.81,1275,0,10,78,31,1071,218,4,218,0,1569.25,215.21,537.36,3060.32,16821.7,11,0,0,69,69,156,1206,3864,,0.21
place,beanstalk soft,predicted-typical,"{""flag_clean"": 0.25, ""flag_recall"": 0.6, ""placement_fallback"": ""least-overlap""}",beanstalk,6,100,1000,10,True,1000,176.5531,5.664,5.1681,1362.881,5421.265,2279.412,2.41,10.67,0.04,86.88,425.13,1883.62,7.4,15339.16,1.51,15333.82,11814.7,11.15,1180,0,10,717,108,901,386,7,386,894,1082.97,230.54,1839.29,5429.62,10363.3,40,0,0,131,270,262,910,5277,,0.31
place,beanstalk soft,predicted-typical,"{""flag_clean"": 0.25, ""flag_recall"": 0.6, ""placement_fallback"": ""least-overlap""}",beanstalk,9,100,1000,10,True,1000,118.4678,8.4411,8.1749,1375.55,2883.08,1573.132,3.66,12.53,0.06,83.75,433.66,1484.66,6.93,9921.53,50.21,9165.5,10394.2,14.62,1033,0,10,625,85,809,321,5,321,887,832.49,215.18,1018.71,2890.2,6647.4,37,0,0,97,207,229,826,4795,,0.28
place,beanstalk soft,predicted-typical,"{""flag_clean"": 0.25, ""flag_recall"": 0.6, ""placement_fallback"": ""least-overlap""}",beanstalk,7,100,1000,10,True,1000,153.1659,6.5289,6.1506,1372.921,2639.267,1483.888,2.78,11.37,0.05,85.81,425.68,1740.87,7.2,13142.85,33.95,12761.05,10548.1,11.48,1057,0,10,660,97,851,343,2,343,901,1025.11,243.66,994.92,2644.15,8995.8,39,0,0,98,166,248,891,4918,,0.29
place,beanstalk soft,predicted-typical,"{""flag_clean"": 0.25, ""flag_recall"": 0.6, ""placement_fallback"": ""least-overlap""}",beanstalk,8,100,1000,10,True,1000,218.345,4.5799,7.565,1458.961,5938.239,2103.789,1.88,9.01,0.04,89.07,411.47,1967.55,7.83,19447.65,14.16,19113.01,12301.7,9.39,1220,0,10,767,84,927,444,4,444,900,1548.04,211.59,1794.48,5942.15,12895.8,36,0,0,149,251,299,969,5500,,0.3
place,beanstalk hard,predicted-typical,"{""flag_clean"": 0.25, ""flag_recall"": 0.6, ""placement_fallback"": ""wait""}",beanstalk,4,100,1000,10,True,1000,282.3555,3.5416,3.9178,366.5,906.848,422.143,1.55,2.72,0.01,95.72,436.73,768.39,4.12,27026.32,13400.12,12587.34,13124.8,7.75,1298,0,10,81,24,1067,229,3,229,0,897.94,199.0,329.69,1253.58,14248.8,10,0,0,72,73,161,1225,3918,,0.21
place,beanstalk hard,predicted-typical,"{""flag_clean"": 0.25, ""flag_recall"": 0.6, ""placement_fallback"": ""wait""}",beanstalk,3,100,1000,10,True,1000,247.8441,4.0348,4.189,412.512,2016.975,581.6,1.58,2.81,0.02,95.59,392.43,697.35,4.13,23690.5,11900.01,10994.75,12825.7,8.62,1278,0,10,93,25,1059,218,0,218,0,781.04,187.25,506.26,2655.36,13351.5,12,0,0,69,69,153,1209,3896,,0.21
place,beanstalk hard,predicted-typical,"{""flag_clean"": 0.25, ""flag_recall"": 0.6, ""placement_fallback"": ""wait""}",beanstalk,2,100,1000,10,True,1000,226.4783,4.4154,4.2852,429.651,1157.891,506.708,1.92,2.91,0.02,95.15,434.8,659.48,4.13,21549.42,10343.47,10755.38,13093.6,9.64,1305,0,10,80,22,1076,230,0,230,0,650.8,174.64,385.04,1404.12,11680.9,11,0,0,84,85,149,1220,3920,,0.25
place,beanstalk hard,predicted-typical,"{""flag_clean"": 0.25, ""flag_recall"": 0.6, ""placement_fallback"": ""wait""}",beanstalk,5,100,1000,10,True,1000,269.4796,3.7109,3.9436,443.174,1381.953,520.606,1.6,2.7,0.02,95.69,431.22,726.98,4.12,25785.63,12863.58,11645.36,12712.8,7.86,1268,0,10,90,24,1033,213,0,213,0,970.93,198.84,418.3,1621.75,14520.0,10,0,0,58,59,159,1209,3870,,0.21
place,beanstalk hard,predicted-typical,"{""flag_clean"": 0.25, ""flag_recall"": 0.6, ""placement_fallback"": ""wait""}",beanstalk,6,100,1000,10,True,1000,303.6288,3.2935,3.2071,652.611,1389.715,710.469,1.4,3.2,0.01,95.39,425.13,970.74,4.31,28962.71,12835.55,15516.14,13658.4,7.5,1359,0,10,93,32,1170,276,3,276,0,881.67,209.21,505.06,1526.12,16587.5,10,0,0,86,87,195,1272,4096,,0.21
place,beanstalk hard,predicted-typical,"{""flag_clean"": 0.25, ""flag_recall"": 0.6, ""placement_fallback"": ""wait""}",beanstalk,7,100,1000,10,True,1000,271.8876,3.678,4.0986,476.945,1059.344,497.468,1.57,2.55,0.01,95.87,425.68,693.58,4.01,26065.49,12764.46,12549.73,12417.7,7.61,1239,0,10,89,32,1043,190,0,190,0,921.61,208.04,359.49,1248.11,14152.8,8,0,0,54,54,139,1185,3796,,0.2
place,beanstalk hard,predicted-typical,"{""flag_clean"": 0.25, ""flag_recall"": 0.6, ""placement_fallback"": ""wait""}",beanstalk,8,100,1000,10,True,1000,291.2492,3.4335,3.6421,514.092,2034.246,712.164,1.41,2.65,0.01,95.92,411.47,771.78,4.15,27937.53,13515.01,13978.77,13172.5,7.54,1308,0,10,92,22,1123,230,0,230,0,947.27,198.68,628.95,2749.62,15633.8,10,0,0,82,83,151,1225,3947,,0.21
place,beanstalk hard,predicted-typical,"{""flag_clean"": 0.25, ""flag_recall"": 0.6, ""placement_fallback"": ""wait""}",beanstalk,9,100,1000,10,True,1000,281.0256,3.5584,3.501,472.652,1227.628,516.019,1.54,2.61,0.01,95.84,433.66,732.13,4.07,26932.69,13459.05,12903.07,12955.3,7.68,1292,0,10,72,17,1050,217,2,217,0,1658.18,201.9,408.82,1928.72,15173.0,10,0,0,81,87,143,1205,3869,,0.2
place,beanstalk soft,module-level,"{""flag_clean"": 0.6, ""flag_recall"": 0.9, ""placement_fallback"": ""least-overlap""}",beanstalk,1,100,1000,10,True,1000,138.7693,7.2062,8.3222,1083.317,2032.706,1178.496,3.03,11.41,0.05,85.51,420.41,1583.98,6.9,11865.65,26.33,11559.91,10370.3,12.46,1033,0,10,595,73,822,330,2,330,958,1569.88,231.31,684.8,2037.34,8132.8,39,0,0,92,171,240,862,4737,,0.27
place,beanstalk soft,module-level,"{""flag_clean"": 0.6, ""flag_recall"": 0.9, ""placement_fallback"": ""least-overlap""}",beanstalk,2,100,1000,10,True,1000,152.4732,6.5585,6.0173,1398.596,4556.754,1943.526,2.85,10.8,0.05,86.3,434.8,1646.27,7.27,13158.98,11.74,12954.72,11521.3,12.59,1145,0,10,658,94,829,379,4,379,966,852.22,211.1,1571.01,4556.02,8970.3,40,0,0,133,293,251,852,5090,,0.28
place,beanstalk soft,module-level,"{""flag_clean"": 0.6, ""flag_recall"": 0.9, ""placement_fallback"": ""least-overlap""}",beanstalk,3,100,1000,10,True,1000,209.5977,4.771,4.7419,1239.126,7621.077,2395.613,1.87,8.94,0.04,89.15,392.43,1874.38,7.58,18685.37,4.97,18388.64,11854.2,9.43,1179,0,10,691,105,906,433,8,433,961,944.54,214.45,2553.69,7620.99,12361.0,36,0,0,140,248,301,931,5283,,0.29
place,beanstalk soft,module-level,"{""flag_clean"": 0.6, ""flag_recall"": 0.9, ""placement_fallback"": ""least-overlap""}",beanstalk,0,100,1000,10,True,1000,283.6343,3.5257,10.8324,1999.64,12552.968,3399.362,1.47,7.41,0.03,91.09,417.26,2101.55,7.55,25837.07,2.04,25820.99,12499.4,7.34,1246,0,10,665,93,958,461,6,461,966,1037.83,234.01,4838.89,12557.12,16841.3,42,0,0,153,266,314,980,5366,,0.34
place,beanstalk hard,module-level,"{""flag_clean"": 0.6, ""flag_recall"": 0.9, ""placement_fallback"": ""wait""}",beanstalk,0,100,1000,10,True,1000,362.6397,2.7576,2.9998,238.872,670.516,267.324,1.15,1.7,0.01,97.14,417.26,615.22,3.77,35227.72,22727.59,10862.67,12794.7,5.88,1269,0,8,26,13,893,195,2,195,0,1038.38,193.99,237.0,1133.97,17281.8,6,0,0,73,74,133,1195,3713,,0.2
place,beanstalk hard,module-level,"{""flag_clean"": 0.6, ""flag_recall"": 0.9, ""placement_fallback"": ""wait""}",beanstalk,1,100,1000,10,True,1000,382.2196,2.6163,2.6182,253.512,744.244,275.507,1.1,1.5,0.01,97.39,420.41,574.8,3.72,37223.03,24193.15,11586.81,12537.9,5.47,1248,0,7,17,15,871,186,1,186,0,975.58,196.65,243.14,1156.13,18311.8,5,0,0,60,61,133,1187,3655,,0.19
place,beanstalk soft,module-level,"{""flag_clean"": 0.6, ""flag_recall"": 0.9, ""placement_fallback"": ""least-overlap""}",beanstalk,5,100,1000,10,True,1000,167.7881,5.9599,6.4227,1393.614,3615.802,1908.219,2.57,10.35,0.04,87.04,431.22,1736.21,7.24,14604.13,0.66,14601.65,11486.4,11.41,1147,0,10,672,78,844,369,9,369,963,836.73,225.09,1216.88,3615.35,9884.0,32,0,0,113,273,265,874,5112,,0.28
place,beanstalk soft,module-level,"{""flag_clean"": 0.6, ""flag_recall"": 0.9, ""placement_fallback"": ""least-overlap""}",beanstalk,4,100,1000,10,True,1000,152.2835,6.5667,5.8745,1663.047,4792.245,2069.799,2.87,11.8,0.05,85.28,436.73,1797.43,7.32,12986.88,3.82,12961.84,11796.4,12.91,1171,0,10,688,67,902,397,5,397,963,1248.06,214.55,1597.07,4795.5,8767.1,37,0,0,125,245,277,926,5236,,0.29
place,beanstalk soft,module-level,"{""flag_clean"": 0.6, ""flag_recall"": 0.9, ""placement_fallback"": ""least-overlap""}",beanstalk,7,100,1000,10,True,1000,144.8138,6.9054,6.7737,1449.185,2647.62,1399.803,2.94,10.77,0.05,86.24,425.68,1560.01,7.03,12488.67,9.83,12382.49,10536.8,12.13,1049,0,10,663,122,854,320,2,320,957,1241.22,225.43,926.68,2652.07,8482.5,30,0,0,92,159,231,890,4894,,0.27
place,beanstalk soft,module-level,"{""flag_clean"": 0.6, ""flag_recall"": 0.9, ""placement_fallback"": ""least-overlap""}",beanstalk,6,100,1000,10,True,1000,195.2007,5.1229,4.6887,1494.319,4268.946,1846.34,2.18,9.77,0.04,88.01,425.13,1907.8,7.69,17179.45,54.06,16347.33,11785.1,10.06,1172,0,10,774,95,914,404,6,404,962,1369.0,220.37,1260.08,4274.77,11453.8,37,0,0,124,235,286,937,5406,,0.29
place,beanstalk soft,module-level,"{""flag_clean"": 0.6, ""flag_recall"": 0.9, ""placement_fallback"": ""least-overlap""}",beanstalk,8,100,1000,10,True,1000,333.7511,2.9962,3.9792,1481.784,8673.129,3922.207,1.23,6.52,0.02,92.22,411.47,2176.57,7.94,30779.13,5.54,30752.26,13317.5,6.65,1326,0,10,738,62,1048,523,6,523,969,833.11,209.16,3571.74,8677.87,19849.2,36,0,0,164,256,365,1070,5717,,0.28
place,beanstalk soft,module-level,"{""flag_clean"": 0.6, ""flag_recall"": 0.9, ""placement_fallback"": ""least-overlap""}",beanstalk,9,100,1000,10,True,1000,149.5128,6.6884,8.4877,1447.752,2912.278,1630.878,2.9,10.6,0.05,86.45,433.66,1585.31,7.06,12925.25,203.6,12005.24,10817.7,12.06,1071,0,10,646,54,829,337,6,337,963,778.68,222.54,1094.43,2919.33,8326.4,38,0,0,105,232,238,839,4907,,0.28
place,beanstalk hard,module-level,"{""flag_clean"": 0.6, ""flag_recall"": 0.9, ""placement_fallback"": ""wait""}",beanstalk,3,100,1000,10,True,1000,382.8312,2.6121,2.7721,258.487,1018.403,300.565,1.03,1.61,0.01,97.36,392.43,615.17,3.81,37271.71,24414.21,11825.28,12939.4,5.63,1277,0,8,23,6,950,209,1,209,0,780.55,186.5,312.06,1623.64,18738.5,7,0,0,66,68,147,1209,3742,,0.19
place,beanstalk hard,module-level,"{""flag_clean"": 0.6, ""flag_recall"": 0.9, ""placement_fallback"": ""wait""}",beanstalk,2,100,1000,10,True,1000,308.8416,3.2379,3.0379,183.488,722.106,229.168,1.41,1.58,0.01,97.0,434.8,488.23,3.72,29957.41,20431.74,8882.14,12565.2,6.78,1249,0,7,25,7,834,179,2,179,0,652.2,170.58,214.3,1112.12,13836.1,5,0,0,70,70,120,1179,3659,,0.23
place,beanstalk hard,module-level,"{""flag_clean"": 0.6, ""flag_recall"": 0.9, ""placement_fallback"": ""wait""}",beanstalk,4,100,1000,10,True,1000,430.6792,2.3219,2.473,230.953,901.009,313.084,1.01,1.54,0.01,97.44,436.73,662.35,3.78,41965.06,27160.39,13623.99,12843.8,4.97,1278,0,7,20,14,908,207,1,207,0,900.68,198.3,309.01,1519.65,20743.5,7,0,0,71,71,143,1207,3733,,0.19
place,beanstalk hard,module-level,"{""flag_clean"": 0.6, ""flag_recall"": 0.9, ""placement_fallback"": ""wait""}",beanstalk,5,100,1000,10,True,1000,402.581,2.484,2.2895,240.782,768.96,314.505,1.07,1.62,0.01,97.3,431.22,650.63,3.8,39172.45,24900.04,13173.2,12709.1,5.26,1262,0,7,28,9,921,200,1,200,0,755.95,200.51,371.46,2510.52,19469.8,5,0,0,61,61,147,1201,3718,,0.19
place,beanstalk hard,module-level,"{""flag_clean"": 0.6, ""flag_recall"": 0.9, ""placement_fallback"": ""wait""}",beanstalk,7,100,1000,10,True,1000,396.4239,2.5226,2.6555,253.257,902.154,300.391,1.07,1.54,0.01,97.37,425.68,612.02,3.71,38600.98,25475.23,11495.96,12505.4,5.26,1247,0,6,22,7,845,184,1,184,0,922.77,207.75,269.95,1057.26,18743.6,6,0,0,61,61,132,1186,3660,,0.19
place,beanstalk hard,module-level,"{""flag_clean"": 0.6, ""flag_recall"": 0.9, ""placement_fallback"": ""wait""}",beanstalk,9,100,1000,10,True,1000,400.639,2.496,2.5567,271.563,992.304,338.143,1.08,1.52,0.01,97.39,433.66,609.41,3.73,39017.1,25402.87,12434.01,12603.1,5.24,1252,0,7,15,8,915,191,1,191,0,1656.19,200.51,322.81,1879.17,19251.4,6,0,0,59,59,137,1193,3665,,0.18
place,beanstalk hard,module-level,"{""flag_clean"": 0.6, ""flag_recall"": 0.9, ""placement_fallback"": ""wait""}",beanstalk,8,100,1000,10,True,1000,334.7614,2.9872,3.2231,209.277,875.078,290.746,1.23,1.79,0.01,96.97,411.47,598.36,3.77,32462.53,20886.06,10439.08,12747.0,6.35,1267,0,7,21,10,884,199,4,199,0,732.26,186.74,305.61,1902.34,15629.3,7,0,0,66,68,140,1199,3711,,0.19
place,beanstalk hard,module-level,"{""flag_clean"": 0.6, ""flag_recall"": 0.9, ""placement_fallback"": ""wait""}",beanstalk,6,100,1000,10,True,1000,447.1247,2.2365,2.2845,257.031,1119.893,345.38,0.95,1.71,0.01,97.33,425.13,762.8,3.85,43520.68,27617.37,14642.6,13218.2,4.93,1320,0,7,17,7,972,235,1,235,0,881.19,203.65,328.92,1458.47,21843.2,7,0,0,83,83,162,1237,3825,,0.23
place,beanstalk soft,file-oracle,"{""flag_clean"": 0.05, ""flag_recall"": 1.0, ""placement_fallback"": ""least-overlap""}",beanstalk,0,100,1000,10,True,1000,130.1924,7.6809,8.199,1343.41,2542.888,1443.325,3.2,11.19,0.05,85.55,417.26,1457.11,6.45,11138.43,29.74,10355.47,10490.5,13.43,1040,0,10,470,112,759,342,1,342,705,1038.24,225.2,883.56,2547.14,7585.1,39,0,0,102,254,241,786,4543,,0.42
place,beanstalk soft,file-oracle,"{""flag_clean"": 0.05, ""flag_recall"": 1.0, ""placement_fallback"": ""least-overlap""}",beanstalk,1,100,1000,10,True,1000,129.3411,7.7315,7.7046,1255.441,2181.885,1298.975,3.25,12.44,0.05,84.26,420.41,1609.45,6.55,10897.71,20.94,10772.13,10972.1,14.14,1087,0,10,465,115,795,388,4,388,758,987.25,218.96,744.61,2187.2,7459.1,45,0,0,120,254,274,833,4682,,0.42
place,beanstalk soft,file-oracle,"{""flag_clean"": 0.05, ""flag_recall"": 1.0, ""placement_fallback"": ""least-overlap""}",beanstalk,2,100,1000,10,True,1000,131.6801,7.5942,14.4907,2177.294,3767.647,2237.061,3.3,11.53,0.05,85.12,434.8,1518.44,6.46,11208.31,16.77,10754.8,11062.8,14.0,1104,0,10,466,83,788,358,5,358,721,862.43,219.01,1625.81,3770.8,7701.6,37,0,0,130,292,233,812,4645,,0.41
place,beanstalk soft,file-oracle,"{""flag_clean"": 0.05, ""flag_recall"": 1.0, ""placement_fallback"": ""least-overlap""}",beanstalk,3,100,1000,10,True,1000,144.9659,6.8982,7.8194,1537.401,3824.68,1849.295,2.71,10.95,0.05,86.3,392.43,1586.87,6.9,12510.4,7.18,12234.69,10893.3,12.52,1086,0,10,551,114,779,364,6,364,734,1148.78,224.91,1222.13,3831.41,8517.3,38,0,0,116,280,254,806,4782,,0.43
place,beanstalk soft,file-oracle,"{""flag_clean"": 0.05, ""flag_recall"": 1.0, ""placement_fallback"": ""least-overlap""}",beanstalk,4,100,1000,10,True,1000,156.4012,6.3938,6.632,1419.708,2931.843,1551.358,2.79,10.47,0.04,86.69,436.73,1638.15,6.76,13558.48,42.19,12882.74,10809.8,11.52,1072,0,10,517,97,825,379,5,379,737,1513.54,221.34,919.67,2934.09,9147.2,44,0,0,117,223,267,849,4747,,0.43
place,beanstalk hard,file-oracle,"{""flag_clean"": 0.05, ""flag_recall"": 1.0, ""placement_fallback"": ""wait""}",beanstalk,1,100,1000,10,True,1000,203.8642,4.9052,5.9819,759.021,2897.831,1003.267,2.06,4.84,0.02,93.08,420.41,986.02,4.32,18975.67,7619.98,11324.02,11428.4,9.34,1134,0,10,25,56,921,277,2,277,0,1292.79,227.0,856.87,2928.17,11683.2,24,0,0,90,131,192,1003,3717,,0.34
place,beanstalk hard,file-oracle,"{""flag_clean"": 0.05, ""flag_recall"": 1.0, ""placement_fallback"": ""wait""}",beanstalk,0,100,1000,10,True,1000,371.8634,2.6892,2.4969,838.845,14955.381,2726.594,1.12,4.11,0.01,94.75,417.26,1529.48,4.64,35234.96,9819.29,25290.38,13025.7,5.84,1294,0,10,31,83,1077,393,5,393,0,1038.6,245.07,5190.96,14981.91,21578.7,22,0,0,125,165,276,1129,4128,,0.36
place,beanstalk soft,file-oracle,"{""flag_clean"": 0.05, ""flag_recall"": 1.0, ""placement_fallback"": ""least-overlap""}",beanstalk,5,100,1000,10,True,1000,167.9111,5.9555,10.737,2404.697,5178.259,2639.736,2.57,9.69,0.04,87.7,431.22,1627.35,6.68,14725.84,19.87,14591.54,11124.5,11.04,1109,0,10,521,100,848,382,5,382,709,1248.98,214.83,1837.91,5183.21,9508.0,43,0,0,118,246,269,863,4792,,0.43
place,beanstalk soft,file-oracle,"{""flag_clean"": 0.05, ""flag_recall"": 1.0, ""placement_fallback"": ""least-overlap""}",beanstalk,6,100,1000,10,True,1000,141.7608,7.0541,7.1572,1396.858,2874.666,1377.539,3.0,12.62,0.05,84.33,425.13,1789.41,6.78,11954.76,27.05,11552.9,11657.8,13.71,1166,0,10,488,159,874,424,7,424,708,1130.26,222.72,879.38,2877.09,8320.6,42,0,0,135,267,296,899,4868,,0.44
place,beanstalk soft,file-oracle,"{""flag_clean"": 0.05, ""flag_recall"": 1.0, ""placement_fallback"": ""least-overlap""}",beanstalk,7,100,1000,10,True,1000,172.0588,5.812,6.2488,1464.688,4355.377,1990.488,2.47,10.11,0.04,87.38,425.68,1739.72,6.54,15033.94,25.66,14853.47,10952.7,10.61,1093,0,10,444,116,846,401,4,401,730,1115.79,237.29,1574.39,4356.37,10111.2,42,0,0,109,214,296,879,4653,,0.42
place,beanstalk soft,file-oracle,"{""flag_clean"": 0.05, ""flag_recall"": 1.0, ""placement_fallback"": ""least-overlap""}",beanstalk,8,100,1000,10,True,1000,184.8536,5.4097,5.4022,2023.966,3908.62,2114.636,2.23,9.37,0.04,88.36,411.47,1732.88,7.1,16333.91,27.41,15859.52,11764.8,10.61,1167,0,10,549,83,867,445,8,445,738,906.15,202.21,1433.2,3907.46,10833.0,44,0,0,140,274,313,893,5027,,0.44
place,beanstalk soft,file-oracle,"{""flag_clean"": 0.05, ""flag_recall"": 1.0, ""placement_fallback"": ""least-overlap""}",beanstalk,9,100,1000,10,True,1000,187.8397,5.3237,4.5727,1260.73,3869.647,1742.07,2.31,9.48,0.04,88.18,433.66,1779.86,6.7,16563.75,3.38,16529.05,11458.2,10.17,1139,0,10,478,79,858,412,7,412,703,1094.07,224.22,1327.3,3873.71,11078.4,46,0,0,124,260,295,879,4798,,0.42
place,beanstalk hard,file-oracle,"{""flag_clean"": 0.05, ""flag_recall"": 1.0, ""placement_fallback"": ""wait""}",beanstalk,2,100,1000,10,True,1000,220.7722,4.5296,4.2223,746.685,4754.329,1165.382,1.97,4.44,0.02,93.57,434.8,981.14,4.42,20656.86,6041.09,14439.13,11736.3,8.86,1168,0,10,32,53,944,305,2,305,0,690.95,205.97,1270.42,4787.59,12382.9,21,0,0,110,135,198,1033,3814,,0.34
place,beanstalk hard,file-oracle,"{""flag_clean"": 0.05, ""flag_recall"": 1.0, ""placement_fallback"": ""wait""}",beanstalk,3,100,1000,10,True,1000,223.4267,4.4757,5.5874,1318.427,3509.647,1504.609,1.76,4.82,0.02,93.4,392.43,1076.74,4.4,20869.09,7408.85,13254.74,11773.7,8.78,1170,0,10,24,73,982,318,3,318,0,950.83,216.95,1200.27,3548.04,12817.8,20,0,0,95,141,226,1029,3831,,0.35
place,beanstalk hard,file-oracle,"{""flag_clean"": 0.05, ""flag_recall"": 1.0, ""placement_fallback"": ""wait""}",beanstalk,5,100,1000,10,True,1000,326.487,3.0629,4.5301,1440.588,8212.935,2868.02,1.32,3.79,0.01,94.88,431.22,1236.23,4.42,30976.83,9134.56,21763.89,11939.0,6.09,1188,0,10,27,75,1025,318,2,318,0,1514.49,246.57,2925.79,8233.78,19084.0,26,0,0,94,127,226,1061,3863,,0.35
place,beanstalk soft,hot-file-rule,"{""flag_clean"": 0.02, ""flag_recall"": 0.3, ""placement_fallback"": ""least-overlap""}",beanstalk,0,100,1000,10,True,1000,131.0181,7.6325,8.6033,1393.215,3593.889,1832.668,3.18,11.61,0.05,85.15,417.26,1520.96,6.91,11156.68,93.3,10175.64,10544.0,13.41,1048,0,10,579,78,797,344,5,344,418,1039.89,220.42,1275.2,3596.64,7688.3,41,0,0,98,223,251,825,4749,,0.26
place,beanstalk hard,file-oracle,"{""flag_clean"": 0.05, ""flag_recall"": 1.0, ""placement_fallback"": ""wait""}",beanstalk,4,100,1000,10,True,1000,236.9038,4.2211,4.5207,974.124,3127.28,1242.786,1.84,4.37,0.02,93.77,436.73,1035.98,4.36,22213.31,7751.18,14377.0,11721.5,8.25,1165,0,10,32,75,996,294,2,294,0,1025.13,223.92,722.14,3151.71,12842.9,17,0,0,92,121,204,1044,3797,,0.39
place,beanstalk soft,hot-file-rule,"{""flag_clean"": 0.02, ""flag_recall"": 0.3, ""placement_fallback"": ""least-overlap""}",beanstalk,1,100,1000,10,True,1000,254.2483,3.9332,3.388,2005.53,10026.513,3022.993,1.65,7.76,0.03,90.56,420.41,1972.11,7.03,23025.27,2.77,23013.92,12142.1,7.96,1210,0,10,546,109,929,443,2,443,402,1568.84,234.89,3549.55,10031.41,14966.8,41,0,0,137,264,309,946,5043,,0.26
place,beanstalk soft,hot-file-rule,"{""flag_clean"": 0.02, ""flag_recall"": 0.3, ""placement_fallback"": ""least-overlap""}",beanstalk,2,100,1000,10,True,1000,145.2057,6.8868,12.004,1317.237,3986.372,1831.083,2.99,9.98,0.05,86.97,434.8,1449.76,6.77,12629.23,64.65,12283.47,10320.9,11.85,1026,0,10,560,80,773,310,2,310,444,1047.38,226.46,1242.56,3990.57,8225.1,39,0,0,106,224,206,802,4619,,0.25
place,beanstalk soft,hot-file-rule,"{""flag_clean"": 0.02, ""flag_recall"": 0.3, ""placement_fallback"": ""least-overlap""}",beanstalk,3,100,1000,10,True,1000,141.4868,7.0678,9.9881,1742.629,3448.243,1794.343,2.77,11.22,0.05,85.96,392.43,1586.89,7.25,12162.11,7.49,12085.73,10942.8,12.89,1088,0,10,653,125,862,376,1,376,425,944.45,206.11,1171.6,3451.17,8114.8,37,0,0,114,210,263,878,5011,,0.26
place,beanstalk hard,file-oracle,"{""flag_clean"": 0.05, ""flag_recall"": 1.0, ""placement_fallback"": ""wait""}",beanstalk,7,100,1000,10,True,1000,231.5469,4.3188,4.8164,879.927,2602.099,963.664,1.84,4.27,0.02,93.87,425.68,989.21,4.28,21735.53,7608.21,13802.25,11443.6,8.24,1146,0,10,31,85,950,281,3,281,0,920.28,224.67,708.88,2627.61,13091.0,21,0,0,81,125,206,1021,3757,,0.34
place,beanstalk hard,file-oracle,"{""flag_clean"": 0.05, ""flag_recall"": 1.0, ""placement_fallback"": ""wait""}",beanstalk,9,100,1000,10,True,1000,213.8868,4.6754,4.3021,1232.511,3157.796,1245.982,2.03,4.83,0.02,93.12,433.66,1032.79,4.37,19917.87,7226.72,12662.24,11991.8,9.34,1188,0,10,24,69,1008,301,4,301,0,1657.88,218.06,940.34,3196.82,12284.2,20,0,0,86,138,220,1050,3819,,0.33
place,beanstalk hard,file-oracle,"{""flag_clean"": 0.05, ""flag_recall"": 1.0, ""placement_fallback"": ""wait""}",beanstalk,8,100,1000,10,True,1000,321.4158,3.1112,7.0132,1424.957,10215.811,2811.769,1.28,3.7,0.01,95.01,411.47,1187.83,4.64,30537.64,6357.33,23784.76,13094.7,6.79,1302,0,10,21,67,1090,390,4,390,0,1341.43,196.19,2996.17,10238.65,18822.1,18,0,0,128,157,266,1145,4099,,0.35
place,beanstalk hard,file-oracle,"{""flag_clean"": 0.05, ""flag_recall"": 1.0, ""placement_fallback"": ""wait""}",beanstalk,6,100,1000,10,True,1000,280.7666,3.5617,3.5166,2895.936,7737.041,3204.007,1.51,4.49,0.02,93.98,425.13,1259.59,4.54,26387.4,7227.44,19119.46,12674.4,7.52,1262,0,10,19,85,1050,361,2,361,0,1083.74,224.17,2636.68,7769.3,16328.7,23,0,0,111,166,252,1096,4003,,0.4
place,beanstalk soft,hot-file-rule,"{""flag_clean"": 0.02, ""flag_recall"": 0.3, ""placement_fallback"": ""least-overlap""}",beanstalk,4,100,1000,10,True,1000,139.4727,7.1699,6.7999,1189.214,2600.484,1316.577,3.13,12.49,0.05,84.32,436.73,1742.57,7.13,11760.84,1.75,11733.56,11430.9,13.66,1132,0,10,617,98,855,396,2,396,400,896.12,216.31,802.42,2610.27,8113.8,43,0,0,127,244,271,888,5029,,0.26
place,beanstalk soft,hot-file-rule,"{""flag_clean"": 0.02, ""flag_recall"": 0.3, ""placement_fallback"": ""least-overlap""}",beanstalk,5,100,1000,10,True,1000,165.0637,6.0583,15.5667,1274.99,6770.486,2588.251,2.61,10.21,0.04,87.13,431.22,1685.69,7.17,14382.29,6.8,14323.7,11230.1,11.34,1118,0,10,635,87,890,387,6,387,405,936.9,207.64,2477.95,6776.01,9718.7,36,0,0,103,201,291,917,5033,,0.26
place,beanstalk soft,hot-file-rule,"{""flag_clean"": 0.02, ""flag_recall"": 0.3, ""placement_fallback"": ""least-overlap""}",beanstalk,7,100,1000,10,True,1000,129.6246,7.7146,7.5898,1310.633,2134.259,1212.105,3.28,11.38,0.05,85.28,425.68,1475.47,6.6,11054.71,34.54,10508.85,10121.9,13.01,1008,0,10,530,116,778,315,4,315,410,923.67,232.26,728.72,2139.26,7586.9,40,0,0,85,187,234,821,4579,,0.25
place,beanstalk hard,hot-file-rule,"{""flag_clean"": 0.02, ""flag_recall"": 0.3, ""placement_fallback"": ""wait""}",beanstalk,0,100,1000,10,True,1000,159.8851,6.2545,6.734,774.556,2051.093,1024.347,2.61,8.47,0.04,88.88,417.26,1353.94,5.96,14211.34,2303.14,11872.9,11701.2,12.2,1160,0,10,388,70,903,344,3,344,0,1038.28,210.11,673.68,2060.51,9044.0,28,0,0,121,216,227,944,4541,,0.24
place,beanstalk soft,hot-file-rule,"{""flag_clean"": 0.02, ""flag_recall"": 0.3, ""placement_fallback"": ""least-overlap""}",beanstalk,9,100,1000,10,True,1000,204.2078,4.897,5.5893,1515.482,4778.0,2209.849,2.12,8.47,0.03,89.38,433.66,1728.73,6.84,18251.56,5.4,18168.97,11543.2,9.42,1150,0,10,518,83,918,421,8,421,388,955.94,208.61,1710.23,4785.05,12070.9,34,0,0,128,199,302,951,4908,,0.25
place,beanstalk soft,hot-file-rule,"{""flag_clean"": 0.02, ""flag_recall"": 0.3, ""placement_fallback"": ""least-overlap""}",beanstalk,8,100,1000,10,True,1000,160.37,6.2356,17.1843,1414.743,5863.26,2427.689,2.57,10.21,0.04,87.18,411.47,1637.82,7.12,13980.59,20.79,13467.49,10803.7,11.23,1069,0,10,634,83,840,358,2,358,436,886.6,220.03,2034.77,5867.49,9357.2,37,0,0,115,211,246,858,4908,,0.26
place,beanstalk hard,hot-file-rule,"{""flag_clean"": 0.02, ""flag_recall"": 0.3, ""placement_fallback"": ""wait""}",beanstalk,2,100,1000,10,True,1000,167.3902,5.9741,5.5252,1035.945,4734.147,1583.723,2.6,7.89,0.04,89.48,434.8,1320.94,5.92,14977.37,1144.18,13827.68,11380.7,11.33,1137,0,10,386,60,898,338,6,338,0,786.52,204.57,1329.23,4737.37,9713.6,29,0,0,104,200,240,937,4524,,0.23
place,beanstalk hard,hot-file-rule,"{""flag_clean"": 0.02, ""flag_recall"": 0.3, ""placement_fallback"": ""wait""}",beanstalk,1,100,1000,10,True,1000,367.3201,2.7224,2.5028,1622.403,12308.675,2934.064,1.14,4.78,0.02,94.05,420.41,1757.44,6.08,34548.08,1645.8,32884.19,12466.6,5.66,1236,0,10,358,96,992,429,4,429,0,1569.55,228.49,3929.99,12316.23,21720.5,28,0,0,133,200,302,1036,4753,,0.24
place,beanstalk soft,hot-file-rule,"{""flag_clean"": 0.02, ""flag_recall"": 0.3, ""placement_fallback"": ""least-overlap""}",beanstalk,6,100,1000,10,True,1000,119.4452,8.372,9.9714,1145.11,1705.125,1195.435,3.56,14.07,0.06,82.32,425.13,1680.07,7.01,9832.31,22.05,9567.46,10792.6,15.06,1074,0,10,619,119,851,361,4,361,415,1070.83,224.86,662.84,1709.65,6954.3,42,0,0,109,210,256,864,4906,,0.31
place,beanstalk hard,hot-file-rule,"{""flag_clean"": 0.02, ""flag_recall"": 0.3, ""placement_fallback"": ""wait""}",beanstalk,3,100,1000,10,True,1000,221.7859,4.5089,5.1151,1195.929,3398.336,1719.487,1.77,6.79,0.03,91.41,392.43,1506.49,6.12,20273.55,2367.24,17862.46,11661.8,8.76,1160,0,10,412,96,954,363,1,363,0,944.94,222.83,1110.27,3403.14,12080.4,29,0,0,115,177,250,983,4635,,0.24
place,beanstalk hard,hot-file-rule,"{""flag_clean"": 0.02, ""flag_recall"": 0.3, ""placement_fallback"": ""wait""}",beanstalk,4,100,1000,10,True,1000,166.6381,6.001,6.8318,975.126,1408.348,956.235,2.62,8.85,0.04,88.49,436.73,1475.16,6.02,14745.91,1406.36,13336.06,11448.4,11.45,1140,0,10,411,82,899,344,5,344,0,1247.09,219.97,557.72,1415.04,9664.5,30,0,0,110,173,239,967,4594,,0.24
place,beanstalk hard,hot-file-rule,"{""flag_clean"": 0.02, ""flag_recall"": 0.3, ""placement_fallback"": ""wait""}",beanstalk,5,100,1000,10,True,1000,315.8363,3.1662,7.8342,1177.277,12119.916,4394.8,1.37,5.68,0.02,92.94,431.22,1793.56,6.15,29352.7,1948.0,27389.97,12675.3,6.69,1260,0,10,382,63,1025,428,4,428,0,1003.12,232.46,4128.0,12127.53,18634.4,27,0,0,122,182,313,1078,4830,,0.24
place,beanstalk module soft,module sets,"{""placement_fallback"": ""least-overlap"", ""placement_model"": ""module""}",beanstalk,1,100,1000,10,True,1000,307.7663,3.2492,2.775,2386.271,12107.926,3827.621,1.37,6.83,0.02,91.78,420.41,2102.84,7.37,28246.01,0.43,28178.56,12061.5,6.53,1197,0,10,629,79,945,439,7,439,891,1193.46,243.25,4726.28,12110.66,18284.3,36,0,0,133,232,313,965,5206,,0.15
place,beanstalk module soft,module sets,"{""placement_fallback"": ""least-overlap"", ""placement_model"": ""module""}",beanstalk,0,100,1000,10,True,1000,158.2592,6.3187,7.2053,1481.554,4090.53,1891.249,2.64,10.98,0.05,86.34,417.26,1737.85,7.28,13663.53,119.87,12856.73,11475.3,12.08,1145,0,10,646,90,838,398,10,398,905,1039.89,216.2,1408.24,4101.74,9233.2,39,0,0,128,288,280,857,5110,,0.16
place,beanstalk module soft,module sets,"{""placement_fallback"": ""least-overlap"", ""placement_model"": ""module""}",beanstalk,2,100,1000,10,True,1000,124.8793,8.0077,12.2049,1069.015,2226.398,1279.43,3.48,11.1,0.06,85.37,434.8,1385.56,6.92,10660.65,76.93,10009.52,10436.6,13.93,1042,0,10,654,52,735,288,4,288,906,788.13,211.64,753.83,2229.25,7237.8,34,0,0,102,275,190,767,4789,,0.14
place,beanstalk module soft,module sets,"{""placement_fallback"": ""least-overlap"", ""placement_model"": ""module""}",beanstalk,3,100,1000,10,True,1000,162.096,6.1692,6.011,1387.065,2668.239,1675.914,2.42,9.88,0.05,87.65,392.43,1602.0,7.63,14207.54,207.09,13669.04,10658.5,10.96,1060,0,10,795,92,839,342,3,342,910,1109.45,212.21,1026.38,2673.36,9080.1,37,0,0,100,205,245,855,5178,,0.15
place,beanstalk hard,hot-file-rule,"{""flag_clean"": 0.02, ""flag_recall"": 0.3, ""placement_fallback"": ""wait""}",beanstalk,6,100,1000,10,True,1000,173.2967,5.7705,6.3991,1901.988,2937.273,1846.456,2.45,8.38,0.03,89.13,425.13,1452.86,6.04,15445.65,1203.25,14234.49,11608.9,11.16,1157,0,10,416,73,929,343,8,343,0,882.01,221.52,1180.96,2954.91,10089.0,29,0,0,114,202,237,955,4602,,0.24
place,beanstalk module soft,module sets,"{""placement_fallback"": ""least-overlap"", ""placement_model"": ""module""}",beanstalk,4,100,1000,10,True,1000,169.626,5.8953,7.5293,1670.189,3752.671,1871.0,2.57,10.88,0.04,86.5,436.73,1845.18,7.51,14673.19,2.04,14659.09,11403.9,11.2,1135,0,10,774,77,868,362,5,362,908,1247.48,233.11,1192.87,3756.94,9973.5,37,0,0,121,234,246,901,5280,,0.15
place,beanstalk hard,hot-file-rule,"{""flag_clean"": 0.02, ""flag_recall"": 0.3, ""placement_fallback"": ""wait""}",beanstalk,7,100,1000,10,True,1000,161.4183,6.1951,7.0438,1248.378,4532.294,1963.473,2.64,7.78,0.04,89.55,425.68,1255.1,5.66,14455.39,2226.67,12215.17,10411.8,10.75,1036,0,10,393,101,891,265,5,265,0,922.26,235.62,1370.33,4543.69,8888.3,22,0,0,72,118,198,918,4306,,0.23
place,beanstalk module soft,module sets,"{""placement_fallback"": ""least-overlap"", ""placement_model"": ""module""}",beanstalk,5,100,1000,10,True,1000,148.5858,6.7301,6.1976,1949.726,3983.436,2358.229,2.9,11.59,0.05,85.46,431.22,1721.57,7.61,12698.18,7.75,12586.39,11284.3,12.66,1121,0,10,779,89,945,377,4,377,911,1514.42,201.53,1718.23,3993.25,8723.8,36,0,0,101,166,280,955,5298,,0.15
place,beanstalk module soft,module sets,"{""placement_fallback"": ""least-overlap"", ""placement_model"": ""module""}",beanstalk,6,100,1000,10,True,1000,206.3144,4.847,6.2563,1626.61,4527.299,2106.732,2.06,10.08,0.04,87.82,425.13,2078.82,7.94,18119.55,8.92,18045.62,12405.8,10.02,1240,0,10,809,110,965,450,7,450,891,1080.94,219.11,1461.26,4546.93,12152.7,44,0,0,139,257,319,983,5632,,0.15
place,beanstalk hard,hot-file-rule,"{""flag_clean"": 0.02, ""flag_recall"": 0.3, ""placement_fallback"": ""wait""}",beanstalk,9,100,1000,10,True,1000,196.3019,5.0942,4.5451,1475.713,3483.217,1606.29,2.21,6.95,0.03,90.82,433.66,1363.5,5.75,17827.28,2192.46,15625.05,11204.1,9.51,1115,0,10,351,63,917,321,3,321,0,1327.58,225.56,1143.89,3488.64,11357.0,28,0,0,99,171,225,944,4394,,0.22
place,beanstalk module soft,module sets,"{""placement_fallback"": ""least-overlap"", ""placement_model"": ""module""}",beanstalk,7,100,1000,10,True,1000,176.1002,5.6786,5.8553,1458.927,4312.611,2080.89,2.42,9.38,0.04,88.16,425.68,1652.59,7.04,15524.71,32.47,15013.99,10570.0,10.0,1054,0,10,650,76,840,321,5,321,891,987.95,244.71,1435.8,4315.07,10332.5,33,0,0,103,177,224,877,4884,,0.14
place,beanstalk module hard,module sets,"{""placement_fallback"": ""wait"", ""placement_model"": ""module""}",beanstalk,0,100,1000,10,True,1000,578.9375,1.7273,1.8349,99.806,582.732,169.147,0.72,0.95,0.01,98.32,417.26,549.73,3.68,56923.08,45311.29,10788.54,12676.1,3.65,1261,0,10,10,2,654,185,1,185,0,1037.15,190.71,172.04,1183.78,18099.8,7,0,0,74,74,125,1187,3651,,0.09
place,beanstalk module hard,module sets,"{""placement_fallback"": ""wait"", ""placement_model"": ""module""}",beanstalk,2,100,1000,10,True,1000,543.0271,1.8415,1.7744,12.162,471.267,136.282,0.8,0.96,0.01,98.23,434.8,523.38,3.68,53340.83,43059.47,9903.0,12564.3,3.86,1249,0,10,15,3,577,180,0,180,0,651.27,184.3,286.27,3247.59,16275.7,5,0,0,70,70,117,1179,3639,,0.09
place,beanstalk module hard,module sets,"{""placement_fallback"": ""wait"", ""placement_model"": ""module""}",beanstalk,3,100,1000,10,True,1000,547.9518,1.825,1.8426,81.797,694.772,176.863,0.72,1.01,0.01,98.27,392.43,552.42,3.71,53846.61,42852.91,10161.79,12735.2,3.87,1269,0,10,9,3,697,200,2,200,0,943.29,175.96,210.35,1188.12,17532.0,6,0,0,67,67,141,1202,3689,,0.1
place,beanstalk module hard,module sets,"{""placement_fallback"": ""wait"", ""placement_model"": ""module""}",beanstalk,4,100,1000,10,True,1000,614.8817,1.6263,1.6366,81.444,685.492,174.253,0.71,0.96,0.01,98.32,436.73,593.07,3.71,60454.66,48181.76,11714.5,12858.7,3.49,1276,0,9,8,3,683,197,1,197,0,900.11,192.83,207.64,1242.42,20448.0,6,0,0,73,73,135,1203,3687,,0.09
place,beanstalk hard,hot-file-rule,"{""flag_clean"": 0.02, ""flag_recall"": 0.3, ""placement_fallback"": ""wait""}",beanstalk,8,100,1000,10,True,1000,285.3592,3.5044,6.8257,1289.465,8359.652,2212.856,1.44,5.46,0.02,93.08,411.47,1557.71,6.22,26560.52,2016.52,24537.21,12325.5,7.2,1222,0,10,421,61,987,408,4,408,0,886.02,201.55,2594.25,8370.68,16798.6,28,0,0,119,197,294,1025,4820,,0.3
place,beanstalk module hard,module sets,"{""placement_fallback"": ""wait"", ""placement_model"": ""module""}",beanstalk,5,100,1000,10,True,1000,555.1713,1.8012,1.7688,41.601,525.608,158.406,0.78,0.94,0.01,98.27,431.22,524.47,3.67,54557.76,44649.67,9222.75,12486.9,3.75,1243,0,10,15,5,616,178,0,178,0,755.93,183.94,186.31,1162.96,17379.7,5,0,0,60,60,130,1183,3629,,0.09
place,beanstalk module soft,module sets,"{""placement_fallback"": ""least-overlap"", ""placement_model"": ""module""}",beanstalk,8,100,1000,10,True,1000,132.5043,7.5469,9.9722,1373.719,2455.241,1626.709,3.11,11.87,0.06,84.97,411.47,1572.3,7.29,11259.37,36.43,10883.83,10440.5,13.13,1037,0,10,729,64,796,313,6,313,908,891.1,225.02,1060.23,2457.19,7549.4,38,0,0,101,209,219,828,4969,,0.14
place,beanstalk module soft,module sets,"{""placement_fallback"": ""least-overlap"", ""placement_model"": ""module""}",beanstalk,9,100,1000,10,True,1000,162.7247,6.1453,8.3948,1341.918,2138.677,1495.933,2.66,10.26,0.04,87.03,433.66,1669.11,7.06,14162.64,74.97,13560.31,10782.6,11.04,1072,0,10,646,66,836,346,7,346,907,1139.87,229.27,873.19,2146.58,8937.1,39,0,0,104,220,249,852,4934,,0.15
place,beanstalk module hard,module sets,"{""placement_fallback"": ""wait"", ""placement_model"": ""module""}",beanstalk,1,100,1000,10,True,1000,525.9307,1.9014,1.9,62.972,696.932,187.003,0.8,1.03,0.01,98.16,420.41,543.23,3.66,51625.78,40041.87,10909.77,12491.8,3.96,1242,0,10,12,3,638,175,0,175,0,974.44,196.08,195.8,1295.62,17248.4,6,0,0,64,64,123,1178,3616,,0.14
place,beanstalk module hard,module sets,"{""placement_fallback"": ""wait"", ""placement_model"": ""module""}",beanstalk,8,100,1000,10,True,1000,539.8212,1.8525,1.9397,80.899,1085.616,222.781,0.76,1.01,0.01,98.22,411.47,545.88,3.67,53021.09,42291.6,9662.67,12656.2,3.91,1256,0,10,10,5,658,188,1,188,0,734.22,183.81,228.83,1901.23,17358.6,5,0,0,68,68,130,1188,3653,,0.09
place,beanstalk module hard,module sets,"{""placement_fallback"": ""wait"", ""placement_model"": ""module""}",beanstalk,9,100,1000,10,True,1000,594.4796,1.6821,1.6689,62.826,565.238,156.676,0.73,0.94,0.01,98.32,433.66,559.03,3.68,58451.59,47561.58,9955.43,12655.6,3.55,1260,0,8,11,5,642,184,1,184,0,1657.73,192.98,203.41,1670.9,18192.3,5,0,0,67,67,131,1193,3651,,0.09
place,beanstalk module hard,module sets,"{""placement_fallback"": ""wait"", ""placement_model"": ""module""}",beanstalk,6,100,1000,10,True,1000,615.911,1.6236,1.5721,65.208,707.931,188.787,0.69,1.06,0.01,98.24,425.13,653.56,3.74,60508.67,47177.52,12801.19,12991.5,3.52,1297,0,10,5,1,678,212,3,212,0,881.87,196.34,220.79,1392.54,20041.2,9,0,0,78,79,146,1218,3734,,0.15
place,beanstalk module hard,module sets,"{""placement_fallback"": ""wait"", ""placement_model"": ""module""}",beanstalk,7,100,1000,10,True,1000,515.6527,1.9393,1.9789,13.447,554.2,158.768,0.83,1.01,0.01,98.16,425.68,520.26,3.61,50615.72,40682.54,9311.51,12297.7,3.97,1221,0,10,10,2,592,160,0,160,0,920.68,205.35,189.32,998.28,17215.3,6,0,0,61,61,115,1160,3559,,0.15
qsem,batched k=1,,"{""batch_k"": 1, ""q_sem"": 0.0}",batched,0,100,1000,10,True,1000,63.8834,15.6535,23.0722,182.178,506.123,227.497,6.53,19.31,40.04,34.12,417.26,1233.85,2557.77,2179.46,278.6,0.0,23505.1,61.32,2640,721,10,841,165,330,179,18,179,0,0.0,0.0,67.34,669.44,0.0,0,0,1443,0,0,0,0,4678,,0.12
qsem,batched k=1,,"{""batch_k"": 1, ""q_sem"": 0.0}",batched,1,100,1000,10,True,1000,48.8754,20.4602,23.3069,183.634,524.866,222.16,8.6,23.49,52.27,15.64,420.41,1148.12,2554.54,764.46,24.61,0.0,23105.1,78.79,2558,639,10,728,160,313,173,14,173,0,0.0,0.0,8.68,95.17,0.0,0,0,1371,0,0,0,0,4473,,0.12
qsem,batched k=1,,"{""batch_k"": 1, ""q_sem"": 0.0}",batched,2,100,1000,10,True,1000,47.2544,21.162,22.5405,191.21,496.183,221.258,9.2,23.31,54.73,12.76,434.8,1101.51,2586.12,603.01,185.89,0.0,23492.0,82.86,2582,648,10,767,136,314,166,24,166,0,0.0,0.0,6.28,35.52,0.0,0,0,1392,0,0,0,0,4539,,0.11
qsem,batched k=1,,"{""batch_k"": 1, ""q_sem"": 0.0}",batched,3,100,1000,10,True,1000,61.7454,16.1955,21.8161,199.566,531.566,238.964,6.36,18.93,45.57,29.14,392.43,1169.12,2813.62,1799.36,55.23,0.0,24577.1,66.34,2736,801,10,846,157,311,192,17,192,0,0.0,0.0,49.91,545.04,0.0,0,0,1527,0,0,0,0,4791,,0.12
qsem,batched k=1,,"{""batch_k"": 1, ""q_sem"": 0.0}",batched,4,100,1000,10,True,1000,64.3865,15.5312,22.3854,192.363,512.258,239.247,6.78,19.27,42.66,31.29,436.73,1240.8,2746.65,2014.47,390.76,0.0,24524.4,63.48,2716,743,10,767,148,347,191,14,191,0,0.0,0.0,36.92,370.08,0.0,0,0,1511,0,0,0,0,4688,,0.12
qsem,batched k=1,,"{""batch_k"": 1, ""q_sem"": 0.0}",batched,5,100,1000,10,True,1000,53.5216,18.684,22.5932,182.977,582.234,228.26,8.06,24.58,46.5,20.86,431.22,1315.47,2488.86,1116.61,151.0,0.0,23707.3,73.82,2648,763,10,845,113,318,174,24,174,0,0.0,0.0,11.61,117.84,0.0,0,0,1450,0,0,0,0,4691,,0.12
qsem,batched k=1,,"{""batch_k"": 1, ""q_sem"": 0.0}",batched,6,100,1000,10,True,1000,61.4053,16.2852,20.2427,215.129,578.901,262.259,6.92,23.49,47.69,21.89,425.13,1442.27,2928.72,1344.42,33.53,0.0,26506.9,71.95,2918,807,10,864,141,391,207,24,207,0,0.0,0.0,11.96,137.43,0.0,0,0,1687,0,0,0,0,5013,,0.12
qsem,batched k=1,,"{""batch_k"": 1, ""q_sem"": 0.0}",batched,7,100,1000,10,True,1000,49.006,20.4057,26.0131,159.341,501.81,202.197,8.69,23.78,44.99,22.55,425.68,1165.22,2204.73,1104.98,96.43,0.0,21334.4,72.56,2382,632,10,799,182,263,154,16,154,0,0.0,0.0,10.8,95.04,0.0,0,0,1212,0,0,0,0,4351,,0.11
qsem,batched k=1,,"{""batch_k"": 1, ""q_sem"": 0.0}",batched,8,100,1000,10,True,1000,57.3258,17.4442,22.4068,192.716,538.831,238.951,7.18,22.39,47.09,23.35,411.47,1283.26,2699.25,1338.6,35.07,0.0,24596.0,71.51,2720,735,10,883,142,335,184,20,184,0,0.0,0.0,23.74,332.33,0.0,0,0,1516,0,0,0,0,4807,,0.11
qsem,batched k=1,,"{""batch_k"": 1, ""q_sem"": 0.0}",batched,9,100,1000,10,True,1000,59.1261,16.913,21.2282,198.9,561.06,238.942,7.33,20.24,47.11,25.31,433.66,1196.95,2785.42,1496.58,52.42,0.0,24671.3,69.54,2745,721,10,696,112,347,182,29,182,0,0.0,0.0,24.35,327.31,0.0,0,0,1534,0,0,0,0,4652,,0.11
qsem,batched-par k=1,,"{""batch_k"": 1, ""q_sem"": 0.0}",batched-par,0,100,1000,10,True,1000,57.1035,17.5121,31.481,109.495,488.148,167.363,7.31,23.6,25.25,43.85,417.26,1347.55,1441.82,2503.71,204.33,0.0,18045.9,52.67,2063,583,10,927,175,247,179,25,179,0,0.0,0.0,103.49,770.19,0.0,0,0,859,0,0,0,0,4194,,0.13
qsem,batched-par k=1,,"{""batch_k"": 1, ""q_sem"": 0.0}",batched-par,1,100,1000,10,True,1000,46.9753,21.2878,34.3485,89.304,465.572,153.223,8.95,28.88,25.48,36.69,420.41,1356.73,1197.0,1723.4,117.3,0.0,16622.6,58.98,1906,499,10,859,169,237,173,31,173,0,0.0,0.0,27.77,317.85,0.0,0,0,702,0,0,0,0,3969,,0.12
qsem,batched-par k=1,,"{""batch_k"": 1, ""q_sem"": 0.0}",batched-par,3,100,1000,10,True,1000,51.5983,19.3805,32.5629,104.008,441.636,160.312,7.61,24.52,27.27,40.61,392.43,1265.03,1406.84,2095.52,67.69,0.0,17397.9,56.2,1990,555,10,934,163,251,192,15,192,0,0.0,0.0,68.35,506.68,0.0,0,0,783,0,0,0,0,4131,,0.12
qsem,batched-par k=1,,"{""batch_k"": 1, ""q_sem"": 0.0}",batched-par,4,100,1000,10,True,1000,51.1556,19.5482,31.6882,104.632,465.071,166.153,8.54,26.24,27.89,37.33,436.73,1342.35,1426.87,1909.61,210.67,0.0,17748.3,57.82,2028,551,10,912,162,256,191,16,191,0,0.0,0.0,28.67,286.6,0.0,0,0,821,0,0,0,0,4147,,0.13
qsem,batched-par k=1,,"{""batch_k"": 1, ""q_sem"": 0.0}",batched-par,5,100,1000,10,True,1000,50.6411,19.7468,32.4825,99.974,482.927,157.66,8.52,25.23,26.66,39.6,431.22,1277.66,1350.0,2005.22,296.04,0.0,17247.2,56.76,1994,578,10,900,116,217,174,11,174,0,0.0,0.0,20.52,182.64,0.0,0,0,809,0,0,0,0,4079,,0.13
qsem,batched-par k=1,,"{""batch_k"": 1, ""q_sem"": 0.0}",batched-par,7,100,1000,10,True,1000,39.252,25.4764,35.7139,90.706,444.528,145.097,10.84,31.44,30.16,27.55,425.68,1234.27,1184.02,1081.23,77.4,0.0,16191.1,68.75,1836,494,10,876,182,194,154,17,154,0,0.0,0.0,7.62,72.78,0.0,0,0,665,0,0,0,0,3883,,0.12
qsem,batched-par k=1,,"{""batch_k"": 1, ""q_sem"": 0.0}",batched-par,8,100,1000,10,True,1000,44.7579,22.3424,32.8108,98.692,483.953,162.398,9.19,31.18,29.29,30.33,411.47,1395.63,1311.01,1357.68,49.23,0.0,17353.2,64.62,1986,519,10,1026,148,256,184,24,184,0,0.0,0.0,14.59,184.31,0.0,0,0,778,0,0,0,0,4220,,0.13
qsem,batched-par k=1,,"{""batch_k"": 1, ""q_sem"": 0.0}",batched-par,9,100,1000,10,True,1000,47.971,20.8459,31.3669,105.386,472.542,161.211,9.04,25.98,30.03,34.95,433.66,1246.34,1440.51,1676.59,150.16,0.0,17705.8,61.52,2023,549,10,807,129,258,182,23,182,0,0.0,0.0,37.41,416.56,0.0,0,0,818,0,0,0,0,4035,,0.12
qsem,batched-par k=1,,"{""batch_k"": 1, ""q_sem"": 0.0}",batched-par,6,100,1000,10,True,1000,54.4853,18.3536,28.1809,118.845,495.513,185.002,7.8,28.25,28.34,35.61,425.13,1539.0,1544.37,1940.03,51.79,0.0,19618.8,60.01,2260,691,10,971,175,301,207,29,207,0,0.0,0.0,29.58,354.84,0.0,0,0,1024,0,0,0,0,4467,,0.13
qsem,batched-par k=1,,"{""batch_k"": 1, ""q_sem"": 0.0}",batched-par,2,100,1000,10,True,1000,43.7092,22.8785,32.0821,104.049,422.662,155.82,9.95,28.47,30.95,30.64,434.8,1244.26,1352.74,1339.12,152.11,0.0,17430.8,66.47,1987,516,10,850,149,236,166,31,166,0,0.0,0.0,16.9,224.37,0.0,0,0,790,0,0,0,0,4034,,0.17
qsem,beanstalk-noplace,,"{""q_sem"": 0.0}",beanstalk-noplace,0,100,1000,10,True,1000,102.4677,9.7592,10.7189,728.915,1620.435,820.391,4.07,9.77,0.06,86.1,417.26,1000.77,6.58,8822.16,42.05,8149.56,8542.0,13.89,853,0,10,640,70,697,179,1,179,0,1039.3,202.61,484.11,1625.71,5905.6,21,0,0,61,120,119,733,4351,,0.07
qsem,beanstalk-noplace,,"{""q_sem"": 0.0}",beanstalk-noplace,1,100,1000,10,True,1000,101.1247,9.8888,10.3245,872.788,1311.092,847.317,4.16,9.33,0.06,86.45,420.41,943.71,6.32,8742.03,29.21,8422.49,8264.6,13.62,824,0,10,563,81,692,173,5,173,0,976.05,209.26,454.92,1315.34,5734.5,25,0,0,52,99,127,725,4162,,0.07
qsem,beanstalk,,"{""q_sem"": 0.0}",beanstalk,0,100,1000,10,True,1000,103.5169,9.6603,9.6232,865.326,1623.381,909.9,4.03,9.43,0.06,86.48,417.26,975.98,6.46,8951.99,13.22,8741.35,8417.7,13.55,839,0,10,596,80,710,179,3,179,904,1037.17,204.03,515.93,1630.28,5953.5,24,0,0,61,108,121,731,4266,,0.25
qsem,beanstalk,,"{""q_sem"": 0.0}",beanstalk,1,100,1000,10,True,1000,92.8656,10.7682,10.6994,760.95,1306.911,791.979,4.53,10.14,0.07,85.27,420.41,941.7,6.21,7918.24,11.24,7713.5,8331.0,14.95,829,0,10,557,89,678,173,3,173,895,1181.28,211.06,439.4,1313.31,5305.1,23,0,0,51,107,125,722,4156,,0.24
qsem,beanstalk-noplace,,"{""q_sem"": 0.0}",beanstalk-noplace,3,100,1000,10,True,1000,108.1899,9.243,15.0126,1026.244,2237.179,1086.504,3.63,9.07,0.06,87.24,392.43,981.01,6.6,9438.96,42.52,8659.72,8497.7,13.09,845,0,10,613,86,720,192,2,192,0,776.97,190.28,711.24,2257.14,6041.4,22,0,0,57,105,137,740,4305,,0.08
qsem,beanstalk,,"{""q_sem"": 0.0}",beanstalk,2,100,1000,10,True,1000,78.3661,12.7606,13.252,627.244,1612.072,769.844,5.55,11.06,0.08,83.32,434.8,866.47,6.2,6529.14,28.06,6096.45,8461.8,18.0,844,0,10,548,60,672,166,1,166,899,651.71,188.22,486.01,1618.69,4465.4,26,0,0,59,143,110,701,4143,,0.24
qsem,beanstalk,,"{""q_sem"": 0.0}",beanstalk,3,100,1000,10,True,1000,98.5317,10.149,13.5696,688.0,1252.243,757.87,3.98,9.88,0.07,86.06,392.43,973.98,6.69,8480.06,93.23,7909.41,8567.5,14.49,848,0,10,611,89,686,192,2,192,904,779.26,193.1,449.8,1257.02,5671.8,23,0,0,58,127,137,721,4287,,0.25
qsem,beanstalk-noplace,,"{""q_sem"": 0.0}",beanstalk-noplace,2,100,1000,10,True,1000,74.666,13.393,13.1218,662.335,1546.909,745.592,5.82,11.93,0.08,82.16,434.8,890.94,6.26,6134.6,18.96,5878.07,8504.4,18.98,845,0,10,569,81,694,166,1,166,0,650.57,185.43,471.22,1549.6,4277.3,23,0,0,58,119,110,726,4179,,0.12
qsem,beanstalk-noplace,,"{""q_sem"": 0.0}",beanstalk-noplace,4,100,1000,10,True,1000,118.0264,8.4727,7.6362,965.242,1240.541,956.301,3.7,9.18,0.06,87.07,436.73,1083.22,6.63,10276.06,0.52,10024.13,9004.1,12.71,891,0,10,642,74,702,191,4,191,0,898.45,205.23,515.32,1244.11,6891.1,22,0,0,64,150,131,741,4422,,0.07
qsem,beanstalk,,"{""q_sem"": 0.0}",beanstalk,4,100,1000,10,True,1000,128.3722,7.7898,8.7606,1001.503,1225.006,980.238,3.4,8.05,0.05,88.5,436.73,1033.05,6.39,11361.05,33.59,10536.4,8738.8,11.35,868,0,10,589,77,690,191,2,191,903,898.77,205.62,504.22,1228.53,7452.3,28,0,0,61,137,132,731,4311,,0.25
qsem,beanstalk,,"{""q_sem"": 0.0}",beanstalk,7,100,1000,10,True,1000,94.5641,10.5748,10.6323,764.954,1429.563,768.034,4.5,10.07,0.07,85.36,425.68,952.6,6.41,8071.72,44.61,7773.41,8341.7,14.7,829,0,10,612,91,691,154,1,154,903,920.83,217.97,440.47,1434.09,5365.7,18,0,0,44,83,112,746,4209,,0.24
qsem,beanstalk,,"{""q_sem"": 0.0}",beanstalk,6,100,1000,10,True,1000,135.0691,7.4036,7.8037,1085.294,1675.353,1138.276,3.15,8.34,0.05,88.47,425.13,1126.09,6.62,11949.07,39.19,11530.46,8882.2,10.96,887,0,10,638,81,735,207,1,207,882,881.55,214.44,617.83,1684.1,7761.6,28,0,0,66,128,142,759,4445,,0.25
qsem,beanstalk-noplace,,"{""q_sem"": 0.0}",beanstalk-noplace,6,100,1000,10,True,1000,119.4505,8.3717,7.5308,1016.264,1899.861,1144.851,3.56,9.84,0.06,86.54,425.13,1175.69,6.79,10337.44,0.31,10260.31,9134.6,12.75,909,0,10,675,79,751,207,6,207,0,881.17,214.4,661.21,1908.58,6993.3,26,0,0,65,133,148,775,4544,,0.07
qsem,beanstalk,,"{""q_sem"": 0.0}",beanstalk,9,100,1000,10,True,1000,98.0232,10.2017,10.3956,664.182,1376.052,794.525,4.42,9.84,0.06,85.67,433.66,964.83,6.29,8397.54,34.63,8050.1,8578.6,14.59,853,0,10,562,66,701,182,3,182,898,695.55,203.54,461.96,1380.5,5497.5,26,0,0,56,120,130,733,4212,,0.24
qsem,beanstalk-noplace,,"{""q_sem"": 0.0}",beanstalk-noplace,7,100,1000,10,True,1000,83.2623,12.0102,14.2608,866.216,1434.861,857.079,5.11,11.26,0.08,83.55,425.68,937.85,6.29,6956.41,3.16,6910.62,7992.6,16.0,797,0,10,577,100,684,154,1,154,0,923.32,216.58,488.74,1436.45,4771.2,23,0,0,43,75,112,722,4119,,0.07
qsem,beanstalk-noplace,,"{""q_sem"": 0.0}",beanstalk-noplace,8,100,1000,10,True,1000,106.9833,9.3473,10.5937,1097.008,2915.558,1400.142,3.85,9.4,0.06,86.69,411.47,1006.09,6.7,9274.07,26.18,8567.01,8536.8,13.3,847,0,10,644,65,721,184,3,184,0,832.95,198.92,915.68,2922.56,6213.7,24,0,0,58,99,130,748,4355,,0.07
qsem,beanstalk-noplace,,"{""q_sem"": 0.0}",beanstalk-noplace,9,100,1000,10,True,1000,92.3647,10.8266,11.5268,658.584,1261.473,729.832,4.7,10.65,0.07,84.58,433.66,984.13,6.37,7812.31,16.73,7366.31,8568.8,15.46,849,0,10,577,62,711,182,4,182,0,783.18,201.18,403.14,1264.89,5049.0,27,0,0,55,105,132,744,4248,,0.07
qsem,beanstalk,,"{""q_sem"": 0.0}",beanstalk,5,100,1000,10,True,1000,103.417,9.6696,10.2527,850.36,1761.622,968.782,4.17,9.61,0.06,86.16,431.22,993.64,6.46,8910.37,0.72,8305.93,8645.0,13.93,859,0,10,618,82,729,174,2,174,899,754.05,199.32,576.13,1766.04,6005.3,25,0,0,46,97,130,762,4293,,0.3
qsem,beanstalk-noplace,,"{""q_sem"": 0.0}",beanstalk-noplace,5,100,1000,10,True,1000,99.0653,10.0944,8.8787,964.662,1569.996,974.472,4.35,9.95,0.07,85.63,431.22,986.13,6.63,8482.54,0.72,8160.04,8699.5,14.64,868,0,10,642,71,742,174,0,174,0,804.28,199.08,566.81,1575.37,5749.6,28,0,0,46,95,128,773,4349,,0.12
qsem,beanstalk,,"{""q_sem"": 0.0}",beanstalk,8,100,1000,10,True,1000,85.144,11.7448,19.6628,991.529,2650.644,1308.351,4.83,12.14,0.08,82.95,411.47,1033.76,6.68,7062.49,6.2,6973.81,8599.2,16.83,856,0,10,658,65,719,184,4,184,882,733.01,200.78,900.46,2654.56,4586.9,20,0,0,57,108,131,748,4393,,0.29
qsem,batched k=1,,"{""batch_k"": 1, ""q_sem"": 0.05}",batched,0,100,1000,10,True,1000,164.3415,6.0849,7.0073,720.514,1436.462,792.792,2.54,18.37,62.03,17.06,417.26,3019.05,10194.15,2803.68,121.7,0.0,78271.0,79.38,8338,2798,10,762,143,2806,773,20,773,0,0.0,0.0,25.06,307.05,0.0,0,0,6545,0,0,0,0,10893,,0.2
qsem,batched k=1,,"{""batch_k"": 1, ""q_sem"": 0.05}",batched,1,100,1000,10,True,1000,197.7333,5.0573,6.9627,702.339,1395.408,776.068,2.13,16.24,49.17,32.46,420.41,3211.56,9722.91,6418.45,204.03,0.0,76550.2,64.52,8114,2610,10,712,146,2694,745,29,745,0,0.0,0.0,232.03,1924.43,0.0,0,0,6340,0,0,0,0,10600,,0.19
qsem,batched k=1,,"{""batch_k"": 1, ""q_sem"": 0.05}",batched,2,100,1000,10,True,1000,155.3951,6.4352,6.9533,703.147,1419.966,775.91,2.8,20.28,62.94,13.98,434.8,3150.85,9780.98,2172.88,215.65,0.0,77225.9,82.83,8236,2824,10,744,150,2620,760,22,760,0,0.0,0.0,18.03,267.16,0.0,0,0,6454,0,0,0,0,10762,,0.2
qsem,batched k=1,,"{""batch_k"": 1, ""q_sem"": 0.05}",batched,3,100,1000,10,True,1000,160.6856,6.2233,7.325,661.609,1417.741,752.953,2.44,18.67,59.43,19.46,392.43,2999.35,9549.86,3126.91,219.06,0.0,74191.9,76.95,7887,2625,10,801,159,2472,734,13,734,0,0.0,0.0,51.33,752.12,0.0,0,0,6140,0,0,0,0,10435,,0.2
qsem,batched k=1,,"{""batch_k"": 1, ""q_sem"": 0.05}",batched,5,100,1000,10,True,1000,174.5944,5.7276,7.0633,675.15,1569.299,770.891,2.47,19.39,54.19,23.94,431.22,3386.17,9462.02,4180.03,415.62,0.0,75803.5,72.36,8079,2742,10,793,126,2560,741,27,741,0,0.0,0.0,79.64,1086.69,0.0,0,0,6311,0,0,0,0,10640,,0.2
qsem,batched k=1,,"{""batch_k"": 1, ""q_sem"": 0.05}",batched,4,100,1000,10,True,1000,166.1466,6.0188,6.8806,720.063,1571.536,805.79,2.63,20.67,60.16,16.54,436.73,3434.5,9995.34,2748.09,199.19,0.0,80400.3,80.65,8581,3134,10,772,156,2845,806,14,806,0,0.0,0.0,27.84,520.97,0.0,0,0,6761,0,0,0,0,11173,,0.21
qsem,batched k=1,,"{""batch_k"": 1, ""q_sem"": 0.05}",batched,6,100,1000,10,True,1000,187.8405,5.3237,6.5193,739.007,1562.829,830.083,2.26,18.76,54.89,24.09,425.13,3524.04,10310.68,4524.2,92.47,0.0,80768.3,71.66,8539,2803,10,797,161,2843,802,18,802,0,0.0,0.0,95.07,1224.32,0.0,0,0,6719,0,0,0,0,11156,,0.2
qsem,batched k=1,,"{""batch_k"": 1, ""q_sem"": 0.05}",batched,7,100,1000,10,True,1000,155.7849,6.4191,7.391,666.796,1505.475,753.128,2.73,20.69,59.89,16.69,425.68,3222.69,9329.44,2600.68,200.06,0.0,74641.1,79.85,7983,2834,10,725,180,2342,735,24,735,0,0.0,0.0,23.5,388.51,0.0,0,0,6224,0,0,0,0,10467,,0.2
qsem,batched k=1,,"{""batch_k"": 1, ""q_sem"": 0.05}",batched,8,100,1000,10,True,1000,159.7802,6.2586,7.0536,697.585,1397.991,760.876,2.58,19.85,59.51,18.06,411.47,3172.06,9509.2,2885.28,32.31,0.0,74458.7,77.67,7918,2677,10,798,143,2430,734,25,734,0,0.0,0.0,30.88,397.55,0.0,0,0,6159,0,0,0,0,10475,,0.2
qsem,batched k=1,,"{""batch_k"": 1, ""q_sem"": 0.05}",batched,9,100,1000,10,True,1000,179.9731,5.5564,6.7772,699.247,1641.526,798.038,2.41,19.79,54.11,23.69,433.66,3562.24,9738.39,4263.02,249.15,0.0,77615.4,71.88,8203,2719,10,693,112,2642,766,26,766,0,0.0,0.0,62.08,955.24,0.0,0,0,6411,0,0,0,0,10688,,0.2
qsem,batched-par k=1,,"{""batch_k"": 1, ""q_sem"": 0.05}",batched-par,0,100,1000,10,True,1000,139.5358,7.1666,8.4047,548.174,1447.193,646.067,2.99,24.98,52.19,19.84,417.26,3485.57,7282.21,2768.54,83.16,0.0,64156.4,76.63,7334,2937,10,834,159,2493,855,20,855,0,0.0,0.0,36.13,641.83,0.0,0,0,5459,0,0,0,0,10043,,0.23
qsem,batched-par k=1,,"{""batch_k"": 1, ""q_sem"": 0.05}",batched-par,1,100,1000,10,True,1000,135.7825,7.3647,9.1673,491.639,1331.139,593.097,3.1,25.85,46.95,24.1,420.41,3509.84,6375.11,3272.89,99.7,0.0,59854.9,73.47,6882,2815,10,829,175,2201,819,18,819,0,0.0,0.0,39.86,566.15,0.0,0,0,5045,0,0,0,0,9548,,0.22
qsem,batched-par k=1,,"{""batch_k"": 1, ""q_sem"": 0.05}",batched-par,2,100,1000,10,True,1000,122.1734,8.1851,8.6924,516.146,1290.595,607.16,3.56,27.01,55.82,13.61,434.8,3299.73,6819.61,1663.19,105.12,0.0,61016.6,83.24,7029,2894,10,813,178,2275,825,29,825,0,0.0,0.0,12.23,112.14,0.0,0,0,5175,0,0,0,0,9696,,0.22
qsem,batched-par k=1,,"{""batch_k"": 1, ""q_sem"": 0.05}",batched-par,3,100,1000,10,True,1000,126.7735,7.8881,9.1215,509.565,1246.287,598.826,3.1,25.33,53.4,18.18,392.43,3210.72,6769.72,2304.47,96.07,0.0,60315.0,79.3,6958,2770,10,880,173,2335,804,22,804,0,0.0,0.0,18.28,262.61,0.0,0,0,5132,0,0,0,0,9664,,0.23
qsem,batched-par k=1,,"{""batch_k"": 1, ""q_sem"": 0.05}",batched-par,4,100,1000,10,True,1000,154.8198,6.4591,8.8499,490.86,1461.514,618.301,2.82,25.25,41.31,30.62,436.73,3909.46,6395.55,4740.24,389.36,0.0,61895.9,66.63,7244,3095,10,838,167,2316,869,21,869,0,0.0,0.0,65.57,868.93,0.0,0,0,5354,0,0,0,0,9972,,0.23
qsem,batched-par k=1,,"{""batch_k"": 1, ""q_sem"": 0.05}",batched-par,6,100,1000,10,True,1000,152.0867,6.5752,8.5942,518.41,1303.621,623.262,2.8,24.35,43.95,28.9,425.13,3703.47,6684.23,4395.83,122.06,0.0,62428.6,68.41,7311,3152,10,908,187,2339,842,23,842,0,0.0,0.0,72.79,790.87,0.0,0,0,5446,0,0,0,0,10084,,0.23
qsem,batched-par k=1,,"{""batch_k"": 1, ""q_sem"": 0.05}",batched-par,5,100,1000,10,True,1000,140.9208,7.0962,8.4082,522.511,1454.751,646.042,3.06,26.95,49.45,20.53,431.22,3798.3,6969.07,2893.49,174.49,0.0,64093.8,75.8,7392,3102,10,876,131,2447,859,23,859,0,0.0,0.0,22.73,302.61,0.0,0,0,5510,0,0,0,0,10150,,0.24
qsem,batched-par k=1,,"{""batch_k"": 1, ""q_sem"": 0.05}",batched-par,7,100,1000,10,True,1000,133.6163,7.4841,8.8603,499.871,1326.772,612.857,3.19,26.56,49.88,20.37,425.68,3549.05,6665.23,2721.67,201.83,0.0,61217.3,76.36,7127,2947,10,777,211,2315,825,13,825,0,0.0,0.0,24.93,376.21,0.0,0,0,5289,0,0,0,0,9742,,0.23
qsem,batched-par k=1,,"{""batch_k"": 1, ""q_sem"": 0.05}",batched-par,8,100,1000,10,True,1000,136.6407,7.3185,8.7992,485.36,1333.341,606.042,3.01,27.16,46.76,23.07,411.47,3710.96,6389.73,3151.91,102.52,0.0,60239.1,73.48,6984,2869,10,963,156,2235,824,24,824,0,0.0,0.0,45.72,754.08,0.0,0,0,5136,0,0,0,0,9795,,0.23
qsem,batched-par k=1,,"{""batch_k"": 1, ""q_sem"": 0.05}",batched-par,9,100,1000,10,True,1000,160.3534,6.2362,8.4732,515.179,1577.735,630.215,2.7,23.59,41.91,31.79,433.66,3783.45,6720.14,5098.09,437.28,0.0,62226.0,64.68,7209,3035,10,790,122,2319,841,21,841,0,0.0,0.0,69.16,866.14,0.0,0,0,5347,0,0,0,0,9861,,0.23
qsem,batched k=1,,"{""batch_k"": 1, ""q_sem"": 0.1}",batched,0,100,1000,10,True,1000,254.906,3.923,4.6251,1109.429,2168.725,1200.809,1.64,18.29,60.23,19.85,417.26,4661.0,15352.49,5059.85,269.04,0.0,117223.5,76.64,12335,4466,10,771,150,4923,1194,12,1194,0,0.0,0.0,49.59,632.16,0.0,0,0,10129,0,0,0,0,15312,,0.25
qsem,batched k=1,,"{""batch_k"": 1, ""q_sem"": 0.1}",batched,1,100,1000,10,True,1000,219.9293,4.5469,4.844,1027.178,1888.111,1123.706,1.91,20.1,65.05,12.93,420.41,4421.24,14307.2,2844.08,116.09,0.0,110939.2,84.07,11656,4160,10,748,167,4431,1112,17,1112,0,0.0,0.0,44.45,898.08,0.0,0,0,9527,0,0,0,0,14533,,0.24
qsem,batched k=1,,"{""batch_k"": 1, ""q_sem"": 0.1}",batched,2,100,1000,10,True,1000,224.5316,4.4537,4.7149,1066.07,2087.851,1154.347,1.94,19.95,65.74,12.38,434.8,4478.43,14760.68,2779.24,220.35,0.0,113348.0,84.14,11941,4420,10,736,153,4601,1132,29,1132,0,0.0,0.0,28.02,542.87,0.0,0,0,9780,0,0,0,0,14838,,0.24
qsem,batched k=1,,"{""batch_k"": 1, ""q_sem"": 0.1}",batched,3,100,1000,10,True,1000,230.37,4.3408,4.848,1053.051,1890.987,1165.107,1.7,20.16,64.13,14.0,392.43,4644.58,14773.87,3226.12,90.97,0.0,113450.6,82.08,11879,4343,10,825,159,4498,1144,20,1144,0,0.0,0.0,30.5,537.25,0.0,0,0,9715,0,0,0,0,14868,,0.25
qsem,batched k=1,,"{""batch_k"": 1, ""q_sem"": 0.1}",batched,5,100,1000,10,True,1000,238.9372,4.1852,4.6411,1049.032,2150.276,1179.142,1.8,20.26,61.99,15.95,431.22,4841.16,14811.22,3810.13,358.79,0.0,115239.9,80.38,12135,4419,10,791,114,4627,1158,25,1158,0,0.0,0.0,40.27,781.72,0.0,0,0,9952,0,0,0,0,15109,,0.25
qsem,batched k=1,,"{""batch_k"": 1, ""q_sem"": 0.1}",batched,7,100,1000,10,True,1000,227.397,4.3976,4.9862,999.785,2074.014,1117.77,1.87,21.08,60.84,16.2,425.68,4793.83,13835.68,3684.51,210.52,0.0,109666.6,80.38,11560,4277,10,760,199,4235,1113,11,1113,0,0.0,0.0,37.16,716.03,0.0,0,0,9436,0,0,0,0,14444,,0.24
qsem,batched k=1,,"{""batch_k"": 1, ""q_sem"": 0.1}",batched,9,100,1000,10,True,1000,252.3943,3.9621,4.7781,1041.126,2121.13,1159.209,1.72,19.35,57.19,21.73,433.66,4884.73,14435.42,5485.62,238.32,0.0,113031.3,74.64,11872,4303,10,718,115,4407,1140,21,1140,0,0.0,0.0,60.81,784.12,0.0,0,0,9711,0,0,0,0,14751,,0.24
qsem,batched k=1,,"{""batch_k"": 1, ""q_sem"": 0.1}",batched,8,100,1000,10,True,1000,214.3463,4.6653,4.8042,1029.478,2124.751,1133.799,1.92,20.9,67.26,9.92,411.47,4480.65,14416.01,2126.5,55.64,0.0,111914.7,87.02,11788,4295,10,838,141,4468,1122,23,1122,0,0.0,0.0,19.24,151.13,0.0,0,0,9643,0,0,0,0,14771,,0.24
qsem,batched k=1,,"{""batch_k"": 1, ""q_sem"": 0.1}",batched,4,100,1000,10,True,1000,251.7961,3.9715,4.6148,1071.408,2160.623,1201.862,1.73,19.81,59.74,18.71,436.73,4988.53,15042.5,4711.85,197.16,0.0,118251.3,78.27,12442,4695,10,763,153,4779,1188,23,1188,0,0.0,0.0,41.1,557.62,0.0,0,0,10231,0,0,0,0,15416,,0.3
qsem,batched k=1,,"{""batch_k"": 1, ""q_sem"": 0.1}",batched,6,100,1000,10,True,1000,246.6203,4.0548,4.7024,1040.51,1973.138,1156.638,1.72,19.46,58.7,20.11,425.13,4800.38,14476.93,4959.59,119.51,0.0,113254.6,76.54,11888,4179,10,825,171,4687,1140,15,1140,0,0.0,0.0,82.28,1342.64,0.0,0,0,9733,0,0,0,0,14868,,0.3
qsem,batched-par k=1,,"{""batch_k"": 1, ""q_sem"": 0.1}",batched-par,1,100,1000,10,True,1000,203.6554,4.9103,5.807,775.827,2002.048,932.812,2.06,26.11,50.23,21.6,420.41,5317.01,10229.86,4398.27,162.21,0.0,92994.1,76.1,10804,4827,10,821,179,4123,1289,15,1289,0,0.0,0.0,87.33,1332.48,0.0,0,0,8500,0,0,0,0,13929,,0.29
qsem,batched-par k=1,,"{""batch_k"": 1, ""q_sem"": 0.1}",batched-par,0,100,1000,10,True,1000,212.9486,4.696,5.615,873.999,2126.078,996.602,1.96,25.06,52.94,20.04,417.26,5336.34,11273.7,4267.56,173.76,0.0,98734.9,77.28,11367,5141,10,884,175,4325,1343,16,1343,0,0.0,0.0,55.6,976.32,0.0,0,0,9008,0,0,0,0,14610,,0.29
qsem,batched-par k=1,,"{""batch_k"": 1, ""q_sem"": 0.1}",batched-par,2,100,1000,10,True,1000,195.5106,5.1148,5.7384,818.93,1924.56,938.064,2.22,25.04,54.93,17.81,434.8,4895.31,10739.08,3481.86,149.94,0.0,92147.2,78.55,10425,4340,10,881,154,4155,1225,23,1225,0,0.0,0.0,25.34,302.94,0.0,0,0,8177,0,0,0,0,13554,,0.28
qsem,batched-par k=1,,"{""batch_k"": 1, ""q_sem"": 0.1}",batched-par,3,100,1000,10,True,1000,198.9177,5.0272,5.8692,828.506,2058.854,963.789,1.97,25.49,55.26,17.27,392.43,5070.8,10992.36,3436.18,148.58,0.0,96068.3,80.49,11048,4982,10,934,186,4103,1305,17,1305,0,0.0,0.0,28.76,537.26,0.0,0,0,8726,0,0,0,0,14304,,0.3
qsem,batched-par k=1,,"{""batch_k"": 1, ""q_sem"": 0.1}",batched-par,4,100,1000,10,True,1000,239.4243,4.1767,5.6505,793.917,2218.483,962.063,1.82,24.48,42.49,31.21,436.73,5862.2,10172.18,7471.32,457.79,0.0,94180.8,65.56,11081,5064,10,875,176,4160,1349,18,1349,0,0.0,0.0,215.14,2357.8,0.0,0,0,8714,0,0,0,0,14323,,0.29
qsem,batched-par k=1,,"{""batch_k"": 1, ""q_sem"": 0.1}",batched-par,5,100,1000,10,True,1000,212.7774,4.6997,5.8164,786.964,1924.108,945.111,2.03,25.15,48.88,23.94,431.22,5352.11,10399.74,5094.67,299.05,0.0,92880.4,72.75,10660,4657,10,864,138,4202,1266,14,1266,0,0.0,0.0,78.61,1235.95,0.0,0,0,8380,0,0,0,0,13804,,0.29
qsem,batched-par k=1,,"{""batch_k"": 1, ""q_sem"": 0.1}",batched-par,7,100,1000,10,True,1000,196.8852,5.0791,6.0235,788.971,2037.097,934.959,2.16,26.97,52.18,18.69,425.68,5309.18,10273.48,3680.19,202.29,0.0,91789.2,77.7,10591,4591,10,856,213,4183,1265,17,1265,0,0.0,0.0,33.2,629.8,0.0,0,0,8309,0,0,0,0,13729,,0.28
qsem,batched-par k=1,,"{""batch_k"": 1, ""q_sem"": 0.1}",batched-par,9,100,1000,10,True,1000,229.0517,4.3658,5.6672,817.421,2279.158,964.935,1.89,23.52,46.69,27.89,433.66,5386.8,10695.46,6389.25,407.22,0.0,94962.8,69.1,10915,4930,10,801,126,4163,1306,20,1306,0,0.0,0.0,98.93,1372.24,0.0,0,0,8589,0,0,0,0,14042,,0.28
qsem,batched-par k=1,,"{""batch_k"": 1, ""q_sem"": 0.1}",batched-par,8,100,1000,10,True,1000,216.9968,4.6084,5.6876,799.384,2052.192,961.358,1.9,25.12,48.72,24.27,411.47,5450.39,10572.24,5265.58,164.99,0.0,94573.7,72.64,10944,4879,10,946,167,4216,1295,20,1295,0,0.0,0.0,63.81,943.88,0.0,0,0,8629,0,0,0,0,14205,,0.29
qsem,batched-par k=1,,"{""batch_k"": 1, ""q_sem"": 0.1}",batched-par,6,100,1000,10,True,1000,213.45,4.6849,5.9524,773.94,2030.067,927.164,1.99,25.26,47.13,25.61,425.13,5392.39,10060.34,5467.14,233.89,0.0,92237.8,72.02,10573,4575,10,887,186,4103,1261,19,1261,0,0.0,0.0,139.3,1792.08,0.0,0,0,8293,0,0,0,0,13740,,0.33
qsem,batched k=1,,"{""batch_k"": 1, ""q_sem"": 0.2}",batched,0,100,1000,10,True,1000,374.0741,2.6733,3.0854,1612.396,3393.538,1801.389,1.12,19.62,60.64,18.62,417.26,7338.27,22684.88,6967.0,424.75,0.0,175042.8,77.99,18242,7069,10,794,171,8100,1806,19,1806,0,0.0,0.0,48.48,692.54,0.0,0,0,15417,0,0,0,0,21861,,0.31
qsem,batched k=1,,"{""batch_k"": 1, ""q_sem"": 0.2}",batched,1,100,1000,10,True,1000,337.0665,2.9668,3.2281,1531.653,2948.148,1722.145,1.25,21.3,63.86,13.6,420.41,7178.48,21523.93,4583.83,141.39,0.0,167863.6,83.0,17506,6740,10,766,178,7704,1708,22,1708,0,0.0,0.0,30.63,389.83,0.0,0,0,14776,0,0,0,0,21002,,0.3
qsem,batched k=1,,"{""batch_k"": 1, ""q_sem"": 0.2}",batched,2,100,1000,10,True,1000,333.2545,3.0007,3.2387,1535.27,3060.522,1699.655,1.3,20.38,64.62,13.69,434.8,6792.77,21534.81,4563.07,256.25,0.0,165714.8,82.88,17271,6579,10,789,166,7610,1680,24,1680,0,0.0,0.0,38.02,689.75,0.0,0,0,14567,0,0,0,0,20764,,0.3
qsem,batched k=1,,"{""batch_k"": 1, ""q_sem"": 0.2}",batched,3,100,1000,10,True,1000,353.8624,2.826,3.1254,1578.26,3341.128,1777.927,1.11,20.78,62.96,15.15,392.43,7352.0,22280.12,5361.7,176.34,0.0,174086.6,81.99,18167,7094,10,860,171,7801,1777,22,1777,0,0.0,0.0,47.31,936.24,0.0,0,0,15368,0,0,0,0,21826,,0.32
qsem,batched k=1,,"{""batch_k"": 1, ""q_sem"": 0.2}",batched,4,100,1000,10,True,1000,395.3179,2.5296,3.0695,1572.194,3394.532,1836.46,1.1,21.14,56.29,21.47,436.73,8356.57,22251.1,8487.39,336.39,0.0,178262.3,75.16,18546,7031,10,803,169,8284,1832,20,1832,0,0.0,0.0,88.44,1570.63,0.0,0,0,15694,0,0,0,0,22201,,0.32
qsem,batched k=1,,"{""batch_k"": 1, ""q_sem"": 0.2}",batched,5,100,1000,10,True,1000,377.3171,2.6503,3.0412,1567.075,3630.662,1808.405,1.14,21.3,58.58,18.98,431.22,8035.61,22104.48,7160.4,335.48,0.0,175094.8,77.34,18275,7080,10,871,131,7909,1785,24,1785,0,0.0,0.0,85.02,1468.33,0.0,0,0,15466,0,0,0,0,21955,,0.32
qsem,batched k=1,,"{""batch_k"": 1, ""q_sem"": 0.2}",batched,6,100,1000,10,True,1000,356.7024,2.8035,3.1702,1519.84,2979.772,1733.495,1.19,21.55,59.45,17.81,425.13,7685.3,21206.27,6353.54,134.2,0.0,167999.8,78.5,17501,6641,10,865,182,7650,1720,20,1720,0,0.0,0.0,74.23,1445.61,0.0,0,0,14761,0,0,0,0,21106,,0.31
qsem,batched k=1,,"{""batch_k"": 1, ""q_sem"": 0.2}",batched,7,100,1000,10,True,1000,369.4848,2.7065,3.1948,1538.31,3173.94,1743.768,1.15,20.02,58.64,20.19,425.68,7397.65,21665.15,7460.01,463.84,0.0,169973.2,76.67,17704,6801,10,781,183,7606,1735,24,1735,0,0.0,0.0,80.68,1187.91,0.0,0,0,14945,0,0,0,0,21244,,0.31
qsem,batched k=1,,"{""batch_k"": 1, ""q_sem"": 0.2}",batched,9,100,1000,10,True,1000,368.2493,2.7156,3.2325,1516.138,3128.063,1718.806,1.18,19.92,57.87,21.03,433.66,7336.52,21310.25,7744.5,791.92,0.0,165818.5,75.05,17280,6576,10,739,125,7629,1714,10,1714,0,0.0,0.0,87.85,1554.59,0.0,0,0,14556,0,0,0,0,20743,,0.3
qsem,batched k=1,,"{""batch_k"": 1, ""q_sem"": 0.2}",batched,8,100,1000,10,True,1000,351.8301,2.8423,3.1145,1612.086,3112.735,1749.01,1.17,19.81,63.05,15.98,411.47,6968.54,22181.63,5621.37,238.45,0.0,169083.5,80.1,17631,6659,10,872,145,7883,1735,25,1735,0,0.0,0.0,46.73,894.14,0.0,0,0,14871,0,0,0,0,21263,,0.32
qsem,batched-par k=1,,"{""batch_k"": 1, ""q_sem"": 0.2}",batched-par,0,100,1000,10,True,1000,358.4494,2.7898,3.4902,1344.676,3573.555,1604.47,1.16,24.37,50.23,24.23,417.26,8736.88,18004.29,8686.51,387.91,0.0,155405.2,72.26,17607,8172,10,946,170,7698,2062,19,2062,0,0.0,0.0,97.3,1615.76,0.0,0,0,14526,0,0,0,0,21634,,0.4
qsem,beanstalk,,"{""q_sem"": 0.1}",beanstalk,0,20,200,2,True,200,215.86,0.9265,,10018.045,12932.217,8560.766,1.86,27.56,0.04,70.54,80.43,1189.64,1.89,3045.24,0.0,3044.7,5678.3,21.92,566,0,2,64,2,375,345,7,345,134,1371.68,220.38,6458.07,12933.84,12779.9,21,0,0,105,188,247,378,1790,,0.1
qsem,batched-par k=1,,"{""batch_k"": 1, ""q_sem"": 0.2}",batched-par,2,100,1000,10,True,1000,301.2103,3.3199,3.6957,1314.037,3139.705,1477.695,1.44,25.01,56.76,16.79,434.8,7532.53,17095.72,5057.97,295.03,0.0,144354.7,79.87,16439,7577,10,892,155,7169,1962,17,1962,0,0.0,0.0,37.29,594.03,0.0,0,0,13460,0,0,0,0,20310,,0.37
qsem,beanstalk,,"{""q_sem"": 0.1}",beanstalk,1,20,200,2,True,200,411.8024,0.4857,,20238.222,24687.506,17053.254,1.08,18.73,0.02,80.17,88.97,1542.66,1.7,6602.72,20.5,6571.71,5154.3,10.43,514,0,2,27,3,361,314,1,314,137,712.7,309.81,12337.52,24691.58,23861.2,16,0,0,101,150,214,364,1596,,0.1
qsem,batched-par k=1,,"{""batch_k"": 1, ""q_sem"": 0.2}",batched-par,1,100,1000,10,True,1000,337.1352,2.9662,3.4404,1323.576,3223.509,1609.85,1.25,27.81,51.78,19.17,420.41,9374.27,17456.56,6462.28,231.53,0.0,158835.5,78.52,18151,8600,10,889,200,7701,2129,23,2129,0,0.0,0.0,59.92,815.41,0.0,0,0,14999,0,0,0,0,22192,,0.41
qsem,batched-par k=1,,"{""batch_k"": 1, ""q_sem"": 0.2}",batched-par,3,100,1000,10,True,1000,288.0212,3.472,3.7816,1269.379,3105.083,1482.793,1.36,26.42,59.38,12.83,392.43,7610.1,17103.12,3696.47,106.71,0.0,147282.6,85.23,16890,7933,10,949,184,7237,1963,21,1963,0,0.0,0.0,21.78,211.04,0.0,0,0,13906,0,0,0,0,20823,,0.38
qsem,beanstalk,,"{""q_sem"": 0.1}",beanstalk,3,20,200,2,True,200,219.714,0.9103,1.6267,3802.688,7294.313,3530.435,1.99,23.41,0.04,74.56,87.61,1028.56,1.65,3276.47,15.46,3237.6,4901.4,18.59,487,0,2,36,6,345,293,3,293,120,741.44,223.85,2733.67,7297.79,12247.1,19,0,0,92,135,204,352,1548,,0.05
qsem,beanstalk,,"{""q_sem"": 0.1}",beanstalk,4,20,200,2,True,200,207.9062,0.962,0.9033,2440.419,8486.596,4413.611,1.97,23.67,0.04,74.31,82.1,984.22,1.7,3090.1,0.0,3054.56,4955.2,19.86,490,0,2,41,12,341,302,3,302,137,1023.45,208.95,3203.91,8492.38,11669.7,16,0,0,94,142,211,348,1579,,0.05
qsem,beanstalk,,"{""q_sem"": 0.1}",beanstalk,5,20,200,2,True,200,192.1555,1.0408,2.5779,1125.839,7804.188,2582.813,2.16,21.46,0.04,76.34,82.94,824.76,1.48,2933.93,0.0,2933.08,3984.6,17.28,399,0,2,44,19,277,223,2,223,122,837.26,236.17,2877.7,7805.42,11347.2,24,0,0,72,111,154,288,1331,,0.05
qsem,beanstalk,,"{""q_sem"": 0.1}",beanstalk,6,20,200,2,True,200,207.5041,0.9638,8.0303,3671.866,10718.699,4195.508,2.01,23.52,0.04,74.44,83.28,975.99,1.5,3089.32,1.38,3044.0,4086.9,16.41,408,0,2,42,8,277,239,4,239,122,1376.97,258.43,4683.27,10722.07,12236.5,20,0,0,75,122,168,286,1373,,0.05
qsem,beanstalk,,"{""q_sem"": 0.1}",beanstalk,2,20,200,2,True,200,318.2104,0.6285,2.0936,3176.304,14418.103,5113.43,1.41,18.71,0.03,79.85,89.73,1190.98,1.67,5081.83,1.75,5078.56,4845.8,12.69,482,0,2,43,16,349,292,4,292,116,1056.62,253.73,5988.62,14422.41,18857.1,18,0,0,86,125,210,357,1554,,0.09
qsem,batched-par k=1,,"{""batch_k"": 1, ""q_sem"": 0.2}",batched-par,4,100,1000,10,True,1000,333.116,3.002,3.6221,1264.756,3220.366,1531.166,1.31,27.36,49.25,22.08,436.73,9114.08,16405.35,7355.44,540.0,0.0,150054.0,75.08,17248,7989,10,889,182,7404,2072,18,2072,0,0.0,0.0,46.11,649.62,0.0,0,0,14158,0,0,0,0,21227,,0.43
qsem,beanstalk,,"{""q_sem"": 0.1}",beanstalk,7,20,200,2,False,2,499.3811,0.004,,11.193,11.377,11.193,0.55,19.3,0.01,80.13,55.32,1927.37,1.44,8003.5,0.0,8003.5,4669.5,7.79,468,0,2,27,2,359,321,3,317,67,948.13,370.26,14962.23,29943.66,29871.9,17,0,0,93,107,231,361,1405,stalled,0.05
qsem,beanstalk,,"{""q_sem"": 0.1}",beanstalk,8,20,200,2,True,200,241.6251,0.8277,1.009,5019.58,9442.698,5416.656,2.07,22.01,0.03,75.89,99.8,1063.79,1.54,3667.37,10.02,3647.49,4311.4,14.87,429,0,2,33,7,317,257,0,257,133,2319.31,258.04,3950.01,9445.97,13711.7,17,0,0,75,107,182,322,1409,,0.05
qsem,batched-par k=1,,"{""batch_k"": 1, ""q_sem"": 0.2}",batched-par,7,100,1000,10,True,1000,306.7433,3.2601,3.9564,1144.612,3200.089,1425.112,1.39,27.3,50.13,21.18,425.68,8374.19,15377.68,6496.78,526.56,0.0,139377.8,75.73,16168,7615,10,890,243,6809,1927,22,1927,0,0.0,0.0,54.16,957.49,0.0,0,0,13219,0,0,0,0,20007,,0.37
qsem,batched-par k=1,,"{""batch_k"": 1, ""q_sem"": 0.2}",batched-par,6,100,1000,10,True,1000,308.1403,3.2453,3.63,1277.92,3290.346,1530.19,1.38,27.23,55.54,15.86,425.13,8389.65,17113.51,4885.74,135.1,0.0,150847.8,81.59,17154,7922,10,957,193,7442,1990,23,1990,0,0.0,0.0,29.13,364.38,0.0,0,0,14141,0,0,0,0,21124,,0.39
qsem,beanstalk,,"{""q_sem"": 0.1}",beanstalk,9,20,200,2,True,200,191.018,1.047,0.8848,2316.344,8424.262,3575.334,2.35,26.51,0.04,71.1,89.6,1012.9,1.51,2716.35,0.0,2715.96,4096.6,17.87,408,0,2,39,5,276,243,5,243,134,1313.32,260.22,3355.6,8426.7,11282.8,19,0,0,75,124,174,284,1377,,0.04
qsem,beanstalk-noplace,,"{""q_sem"": 0.1}",beanstalk-noplace,1,20,200,2,False,2,500.0657,0.004,,9.094,9.361,9.094,0.68,19.7,0.02,79.6,67.99,1970.75,1.64,7960.94,0.0,7960.94,5396.2,8.99,535,0,2,20,3,410,361,1,359,0,977.72,340.08,14986.39,29988.35,29883.3,14,0,0,105,123,257,412,1595,stalled,0.02
qsem,beanstalk-noplace,,"{""q_sem"": 0.1}",beanstalk-noplace,0,20,200,2,True,200,664.0285,0.3012,0.4721,13937.458,19607.164,11545.822,0.61,27.22,0.03,72.15,80.43,3614.99,3.76,9581.39,0.0,9438.97,13157.8,16.51,1312,0,2,85,2,962,931,5,931,0,688.72,245.88,8055.69,19611.35,37457.2,19,0,0,289,342,647,970,3749,,0.05
qsem,beanstalk-noplace,,"{""q_sem"": 0.1}",beanstalk-noplace,2,20,200,2,True,200,171.0118,1.1695,1.0616,2666.114,5357.526,2537.187,2.62,20.79,0.04,76.54,89.73,711.09,1.41,2618.01,24.48,2550.91,3810.4,18.57,380,0,2,41,10,256,211,3,211,0,1132.06,214.54,2108.28,5354.63,9419.3,15,0,0,71,115,143,265,1287,,0.02
qsem,beanstalk-noplace,,"{""q_sem"": 0.1}",beanstalk-noplace,3,20,200,2,True,200,165.1673,1.2109,1.0691,6544.025,8914.94,4976.16,2.65,20.45,0.04,76.86,87.61,675.62,1.33,2538.79,1.36,2536.01,3316.8,16.73,328,0,2,55,3,216,166,3,166,0,725.05,254.51,4058.24,8923.3,9653.9,19,0,0,61,107,108,221,1171,,0.02
qsem,beanstalk-noplace,,"{""q_sem"": 0.1}",beanstalk-noplace,8,20,200,2,True,200,275.409,0.7262,0.6302,10190.86,13881.063,7421.298,1.81,18.95,0.02,79.21,99.8,1043.79,1.29,4363.3,0.0,4330.41,3097.6,9.37,308,0,2,51,9,212,159,0,159,0,1913.7,397.06,5942.78,13891.9,14409.2,16,0,0,46,90,113,218,1126,,0.02
qsem,beanstalk-noplace,,"{""q_sem"": 0.1}",beanstalk-noplace,6,20,200,2,False,2,496.7676,0.004,,8.967,9.533,8.967,0.33,14.63,0.01,85.03,32.8,1453.88,1.12,8447.56,0.0,8447.56,3865.3,6.48,382,0,2,26,52,273,257,3,254,0,522.54,350.81,14887.03,29790.05,29745.1,17,0,0,76,107,184,275,1108,stalled,0.02
qsem,beanstalk-noplace,,"{""q_sem"": 0.1}",beanstalk-noplace,7,20,200,2,True,200,184.2126,1.0857,1.1286,2838.118,4531.229,2943.94,2.3,23.91,0.04,73.76,84.57,880.87,1.44,2717.37,1.16,2552.44,3665.0,16.58,366,0,2,43,8,271,212,2,212,0,948.52,255.99,1922.98,4532.88,10428.4,15,0,0,56,88,158,278,1276,,0.02
qsem,batched-par k=1,,"{""batch_k"": 1, ""q_sem"": 0.2}",batched-par,5,100,1000,10,True,1000,357.503,2.7972,3.6029,1310.623,3200.552,1572.212,1.21,24.28,49.02,25.5,431.22,8680.25,17523.28,9115.54,310.27,0.0,154214.3,71.89,17560,8148,10,931,149,7639,2062,21,2062,0,0.0,0.0,105.72,1516.54,0.0,0,0,14477,0,0,0,0,21574,,0.43
qsem,batched-par k=1,,"{""batch_k"": 1, ""q_sem"": 0.2}",batched-par,8,100,1000,10,True,1000,307.8926,3.2479,3.6543,1268.752,3377.261,1487.873,1.34,26.67,53.87,18.12,411.47,8211.28,16586.61,5579.9,188.96,0.0,144419.9,78.18,16819,8094,10,978,154,7006,2013,23,2013,0,0.0,0.0,37.93,611.24,0.0,0,0,13783,0,0,0,0,20833,,0.37
qsem,beanstalk-noplace,,"{""q_sem"": 0.1}",beanstalk-noplace,9,20,200,2,True,200,259.5385,0.7706,0.7372,10628.215,12933.305,8434.263,1.73,19.03,0.03,79.22,89.6,987.67,1.44,4112.06,0.63,4110.83,4017.9,12.9,402,0,2,38,6,282,222,1,222,0,1316.33,275.89,5590.39,12933.43,15416.4,14,0,0,66,115,158,287,1323,,0.02
qsem,beanstalk-noplace,,"{""q_sem"": 0.1}",beanstalk-noplace,5,20,200,2,True,200,313.7282,0.6375,0.5472,11943.174,17423.14,8844.977,1.32,22.13,0.03,76.51,82.94,1388.82,2.04,4800.76,4.15,4765.75,6336.9,16.83,632,0,2,60,10,453,391,4,391,0,1249.53,225.3,8106.74,17432.05,18601.8,22,0,0,120,168,276,463,1935,,0.03
qsem,batched-par k=1,,"{""batch_k"": 1, ""q_sem"": 0.2}",batched-par,9,100,1000,10,True,1000,326.1048,3.0665,3.5965,1268.579,3358.064,1522.44,1.33,26.59,51.22,20.86,433.66,8671.54,16702.47,6802.82,471.65,0.0,147490.9,75.38,17105,8209,10,834,143,7254,2038,21,2038,0,0.0,0.0,53.13,914.09,0.0,0,0,14046,0,0,0,0,20998,,0.37
qsem,beanstalk-noplace,,"{""q_sem"": 0.1}",beanstalk-noplace,4,20,200,2,True,200,488.7156,0.4092,0.3382,7263.586,27872.6,12123.876,0.84,21.83,0.03,77.3,82.1,2134.03,2.56,7555.61,5.37,7523.47,8549.7,14.58,851,0,2,38,11,643,585,1,585,0,732.07,230.95,13267.81,27879.95,28861.8,17,0,0,162,196,424,655,2496,,0.04
qsem,beanstalk-noplace,,"{""q_sem"": 0.05}",beanstalk-noplace,0,20,200,2,True,200,192.2863,1.0401,0.8692,5876.021,10965.346,5756.666,2.09,17.99,0.04,79.88,80.43,691.91,1.35,3072.03,0.0,2996.81,3447.8,14.94,343,0,2,54,1,233,177,2,177,0,679.95,242.33,5227.89,10970.0,10140.3,13,0,0,53,104,126,239,1207,,0.02
qsem,beanstalk,,"{""q_sem"": 0.05}",beanstalk,1,20,200,2,True,200,92.8153,2.1548,3.8388,1302.137,2268.833,1381.591,4.79,19.22,0.05,75.93,88.97,356.8,0.98,1409.56,13.41,1262.43,2011.0,18.06,202,0,2,23,7,136,83,0,83,142,612.25,267.18,791.22,2272.91,5272.0,14,0,0,27,53,57,149,813,,0.03
qsem,beanstalk,,"{""q_sem"": 0.05}",beanstalk,0,20,200,2,True,200,77.185,2.5912,2.4816,770.314,1419.659,902.316,5.21,24.77,0.07,69.95,80.43,382.43,1.09,1079.75,0.0,1072.77,2356.9,25.45,236,0,2,43,2,133,105,3,105,138,821.55,230.38,505.06,1419.14,4436.5,15,0,0,32,90,77,146,934,,0.04
qsem,beanstalk,,"{""q_sem"": 0.05}",beanstalk,2,20,200,2,True,200,128.5722,1.5555,1.9584,1387.183,2889.169,1571.767,3.49,15.78,0.04,80.69,89.73,405.89,1.01,2074.82,8.05,1789.86,2339.2,15.16,233,0,2,24,5,142,94,1,94,144,956.41,282.07,1059.79,2892.95,6998.7,14,0,0,34,77,63,156,870,,0.03
qsem,beanstalk-noplace,,"{""q_sem"": 0.05}",beanstalk-noplace,1,20,200,2,True,200,196.9996,1.0152,0.8747,1818.606,10891.089,4724.778,2.26,21.31,0.03,76.41,88.97,839.43,1.21,3010.38,0.86,2984.29,3033.2,12.83,300,0,2,24,5,217,159,3,159,0,977.5,325.05,5054.44,10894.98,11612.0,14,0,0,50,76,113,224,1066,,0.02
qsem,beanstalk,,"{""q_sem"": 0.05}",beanstalk,3,20,200,2,True,200,106.9377,1.8702,1.9655,759.184,3374.884,1267.194,4.1,17.19,0.05,78.66,87.61,367.71,1.06,1682.37,19.46,1547.12,2349.7,18.31,235,0,2,37,6,160,100,1,100,127,707.87,229.02,1064.99,3379.63,5840.9,13,0,0,36,64,65,171,909,,0.04
qsem,beanstalk,,"{""q_sem"": 0.05}",beanstalk,4,20,200,2,True,200,85.0194,2.3524,2.2405,920.215,3313.507,1688.702,4.83,20.44,0.07,74.67,82.1,347.49,1.12,1269.68,6.53,1254.11,2420.0,23.72,242,0,2,30,13,172,121,1,121,136,439.52,183.52,1228.8,3319.23,4785.7,13,0,0,33,61,89,181,943,,0.04
qsem,beanstalk,,"{""q_sem"": 0.05}",beanstalk,8,20,200,2,True,200,135.7218,1.4736,2.638,2538.891,4509.727,2980.522,3.68,13.7,0.03,82.59,99.8,371.89,0.91,2241.84,1.39,2122.15,1878.6,11.53,187,0,2,20,6,130,70,0,70,134,2319.31,323.91,2050.61,4514.99,7928.7,13,0,0,19,52,51,135,767,,0.03
qsem,beanstalk-noplace,,"{""q_sem"": 0.05}",beanstalk-noplace,2,20,200,2,True,200,74.8703,2.6713,2.963,1213.057,2698.875,1387.792,5.99,18.51,0.06,75.43,89.73,277.19,0.93,1129.55,4.24,1109.51,1659.1,18.47,168,0,2,34,5,118,61,1,61,0,1131.13,264.11,1011.95,2701.25,4278.4,11,0,0,19,39,43,129,759,,0.01
qsem,beanstalk,,"{""q_sem"": 0.05}",beanstalk,6,20,200,2,True,200,127.9049,1.5637,1.6133,1713.558,3261.753,1615.158,3.26,18.23,0.04,78.47,83.28,466.39,1.12,2007.31,27.97,1840.83,2305.2,15.02,232,0,2,50,7,160,106,1,106,132,1668.66,267.82,1142.34,3261.64,7448.6,17,0,0,33,60,74,172,945,,0.04
qsem,beanstalk-noplace,,"{""q_sem"": 0.05}",beanstalk-noplace,4,20,200,2,True,200,64.2128,3.1146,3.5133,693.121,1460.082,737.184,6.39,21.08,0.08,72.44,82.1,270.79,1.04,930.33,10.72,904.91,2070.6,26.87,205,0,2,43,9,128,86,1,86,0,722.89,192.91,470.95,1465.84,3350.8,15,0,0,29,60,58,145,862,,0.02
qsem,beanstalk-noplace,,"{""q_sem"": 0.05}",beanstalk-noplace,3,20,200,2,True,200,150.7023,1.3271,1.1402,787.13,6254.605,1931.088,2.91,15.93,0.04,81.13,87.61,480.13,1.13,2445.17,16.81,2411.22,2351.3,13.0,233,0,2,46,6,163,110,0,110,0,692.69,269.16,2317.11,6259.68,8411.3,16,0,0,32,58,78,175,944,,0.02
qsem,beanstalk,,"{""q_sem"": 0.05}",beanstalk,9,20,200,2,True,200,150.2501,1.3311,1.204,1368.261,6530.754,2874.401,2.98,22.95,0.04,74.03,89.6,689.51,1.29,2224.61,1.13,2213.09,3116.5,17.29,308,0,2,36,5,230,174,2,174,144,1313.46,244.37,2534.86,6531.69,8807.7,14,0,0,51,70,125,238,1129,,0.04
qsem,beanstalk-noplace,,"{""q_sem"": 0.05}",beanstalk-noplace,5,20,200,2,True,200,75.142,2.6616,3.525,1114.514,1993.84,1205.473,5.52,24.36,0.08,70.05,82.94,366.06,1.15,1052.68,0.41,1051.83,2384.1,26.44,237,0,2,58,12,169,104,2,104,0,1015.82,210.51,841.44,1993.6,4285.2,14,0,0,37,58,69,179,961,,0.02
qsem,beanstalk,,"{""q_sem"": 0.05}",beanstalk,5,20,200,2,True,200,140.5207,1.4233,,4627.248,8406.725,4743.061,2.95,23.89,0.05,73.11,82.94,671.41,1.32,2054.74,0.55,2051.56,3288.1,19.5,327,0,2,44,14,239,181,1,181,127,828.21,232.16,4192.39,8407.96,8249.5,22,0,0,54,85,129,242,1176,,0.04
qsem,beanstalk-noplace,,"{""q_sem"": 0.05}",beanstalk-noplace,6,20,200,2,False,2,499.9778,0.004,,8.967,9.533,8.967,0.2,15.86,0.01,83.94,19.62,1585.81,0.92,8393.21,0.0,8393.21,3353.7,5.59,330,0,2,14,136,251,241,1,238,0,602.2,407.3,14983.33,29982.66,29947.8,17,0,0,72,77,170,253,928,stalled,0.02
qsem,beanstalk-noplace,,"{""q_sem"": 0.05}",beanstalk-noplace,8,20,200,2,True,200,130.5119,1.5324,1.4791,1832.974,4523.067,2069.046,3.82,14.29,0.04,81.85,99.8,373.09,0.99,2136.35,0.29,1940.37,1841.3,11.76,184,0,2,45,7,124,65,2,65,0,2322.97,317.77,1653.08,4524.72,7610.9,10,0,0,21,47,46,137,802,,0.02
qsem,beanstalk-noplace,,"{""q_sem"": 0.05}",beanstalk-noplace,7,20,200,2,True,200,123.2546,1.6227,2.682,1818.464,3812.703,1887.984,3.43,23.27,0.05,73.25,84.57,573.72,1.18,1805.62,0.0,1798.3,2467.5,16.68,247,0,2,40,11,186,132,2,132,0,946.92,254.2,1505.79,3820.65,6788.0,15,0,0,40,54,95,193,992,,0.02
qsem,beanstalk,,"{""q_sem"": 0.05}",beanstalk,7,20,200,2,True,200,470.078,0.4255,5.9084,1077.231,26544.341,7352.359,0.9,15.05,0.02,84.04,84.57,1414.48,1.44,7901.08,0.49,7900.39,3657.8,6.48,366,0,2,39,3,273,219,1,219,136,947.28,396.66,12520.91,26549.56,27986.6,14,0,0,59,82,161,284,1282,,0.05
qsem,beanstalk-noplace,,"{""q_sem"": 0.05}",beanstalk-noplace,9,20,200,2,True,200,112.7243,1.7742,1.5669,1195.188,3070.998,1428.827,3.97,22.01,0.05,73.96,89.6,496.26,1.21,1667.43,1.41,1663.4,2541.1,18.79,254,0,2,55,9,183,128,0,128,0,1313.08,231.94,1063.4,3072.19,6505.9,14,0,0,32,57,96,197,1018,,0.02
main,batched k=4,,{},batched,2,20,200,2,True,200,23.7016,8.4383,9.0573,50.894,320.569,95.67,18.93,26.38,40.9,13.8,89.73,125.04,193.86,65.4,4.92,0.0,2327.9,81.85,245,45,2,31,3,95,28,2,28,0,0.0,0.0,17.97,105.92,0.0,0,57,68,0,0,0,0,506,,0.02
main,batched k=4,,{},batched,0,20,200,2,True,200,39.7615,5.03,6.1317,92.522,525.28,157.714,10.11,25.45,40.66,23.78,80.43,202.36,323.35,189.09,35.83,0.0,3404.7,71.36,367,83,2,55,3,168,55,0,55,0,0.0,0.0,32.27,215.21,0.0,0,97,129,0,0,0,0,677,,0.02
main,batched k=4,,{},batched,1,20,200,2,True,200,60.333,3.3149,7.4579,74.613,535.908,148.164,7.37,21.5,19.43,51.7,88.97,259.4,234.48,623.81,72.29,0.0,3077.6,42.51,330,72,2,19,5,140,48,2,48,0,0.0,0.0,295.05,1405.24,0.0,0,81,102,0,0,0,0,599,,0.02
main,batched k=4,,{},batched,3,20,200,2,True,200,27.7324,7.2118,8.1008,57.668,411.066,112.554,15.8,27.67,39.97,16.56,87.61,153.47,221.71,91.86,4.95,0.0,2647.0,79.54,287,65,2,32,5,113,42,0,42,0,0.0,0.0,19.67,100.42,0.0,0,66,87,0,0,0,0,561,,0.02
main,batched k=4,,{},batched,4,20,200,2,True,200,31.3934,6.3708,6.8509,110.435,426.106,139.971,13.08,22.74,51.57,12.61,82.1,142.79,323.78,79.2,5.05,0.0,3289.4,87.32,351,77,2,30,7,155,48,1,48,0,0.0,0.0,20.75,107.15,0.0,0,96,121,0,0,0,0,630,,0.02
main,batched k=4,,{},batched,5,20,200,2,True,200,32.6742,6.121,7.3916,75.47,443.906,133.88,12.69,24.88,43.41,19.02,82.94,162.58,283.69,124.28,17.05,0.0,3013.7,76.86,321,64,2,58,7,141,43,1,43,0,0.0,0.0,25.36,114.25,0.0,0,82,106,0,0,0,0,623,,0.02
main,batched k=4,,{},batched,7,20,200,2,True,200,30.6084,6.5342,9.5089,58.398,457.307,113.494,13.81,29.74,32.06,24.39,84.57,182.06,196.25,149.29,2.36,0.0,2577.2,70.17,271,50,2,34,3,111,39,1,39,0,0.0,0.0,22.15,118.73,0.0,0,62,81,0,0,0,0,545,,0.02
main,batched k=4,,{},batched,9,20,200,2,True,200,45.0715,4.4374,7.8701,54.505,430.623,124.504,9.94,21.32,24.72,44.02,89.6,192.18,222.83,396.82,23.55,0.0,2687.9,49.7,287,61,2,41,4,119,41,1,41,0,0.0,0.0,108.37,625.9,0.0,0,65,88,0,0,0,0,570,,0.02
main,batched-aimd,,{},batched-aimd,1,20,200,2,True,200,43.1457,4.6355,7.3123,67.819,504.781,140.899,10.31,28.95,25.48,35.26,88.97,249.78,219.88,304.28,18.83,0.0,3087.0,59.62,332,64,2,23,6,115,49,2,49,0,0.0,0.0,48.11,326.09,0.0,0,58,90,0,0,0,0,606,,0.02
main,batched-aimd,,{},batched-aimd,0,20,200,2,True,200,39.0817,5.1175,7.1381,87.426,450.056,138.575,10.29,25.6,33.49,30.61,80.43,200.11,261.81,239.29,44.59,0.0,3108.7,66.29,332,60,2,57,3,118,54,1,54,0,0.0,0.0,45.65,375.97,0.0,0,58,88,0,0,0,0,644,,0.02
main,batched-aimd,,{},batched-aimd,2,20,200,2,True,200,23.17,8.6318,10.2495,41.659,344.928,82.852,19.36,28.11,31.49,21.04,89.73,130.26,145.91,97.5,58.31,0.0,2053.9,73.87,217,30,2,32,5,67,29,0,29,0,0.0,0.0,15.84,102.96,0.0,0,35,49,0,0,0,0,478,,0.02
main,batched-aimd,,{},batched-aimd,4,20,200,2,True,200,28.1478,7.1054,7.8991,85.475,421.046,123.044,14.58,27.96,44.9,12.56,82.1,157.39,252.75,70.71,9.34,0.0,2923.2,86.54,317,57,2,32,7,114,49,2,49,0,0.0,0.0,13.55,82.9,0.0,0,48,87,0,0,0,0,600,,0.02
main,batched-aimd,,{},batched-aimd,5,20,200,2,True,200,29.5786,6.7616,8.388,76.42,397.62,116.746,14.02,27.45,38.33,20.2,82.94,162.39,226.77,119.48,0.0,0.0,2711.9,76.4,287,56,2,56,9,95,44,3,44,0,0.0,0.0,18.31,126.85,0.0,0,44,77,0,0,0,0,590,,0.02
main,batched-aimd,,{},batched-aimd,6,20,200,2,True,200,68.6396,2.9138,7.5069,73.627,481.161,138.176,6.07,17.13,16.42,60.38,83.28,235.18,225.4,828.93,46.12,0.0,2823.0,34.27,296,55,2,39,6,104,44,5,44,0,0.0,0.0,467.69,1921.92,0.0,0,46,72,0,0,0,0,584,,0.02
main,batched-aimd,,{},batched-aimd,7,20,200,2,True,200,33.7047,5.9339,8.6989,53.868,479.014,121.943,12.55,32.39,27.91,27.16,84.57,218.33,188.14,183.05,25.37,0.0,2716.8,67.17,294,53,2,38,7,98,38,2,38,0,0.0,0.0,24.31,143.3,0.0,0,52,75,0,0,0,0,572,,0.02
main,batched-aimd,,{},batched-aimd,8,20,200,2,True,200,93.4414,2.1404,8.5937,72.229,412.174,130.819,5.34,13.04,10.3,71.33,99.8,243.62,192.44,1332.97,145.0,0.0,2566.9,22.89,270,45,2,36,5,88,40,3,40,0,0.0,0.0,885.96,2916.47,0.0,0,40,63,0,0,0,0,549,,0.02
main,batched-aimd,,{},batched-aimd,9,20,200,2,True,200,40.5251,4.9352,7.76,78.939,320.073,126.977,11.05,21.1,31.13,36.72,89.6,170.99,252.27,297.65,90.36,0.0,2811.1,57.81,296,57,2,40,5,98,42,0,42,0,0.0,0.0,58.96,332.94,0.0,0,53,77,0,0,0,0,578,,0.02
main,batched k=4,,{},batched,6,20,200,2,True,200,71.5222,2.7963,6.2361,84.189,587.907,164.906,5.82,17.31,21.11,55.75,83.28,247.68,302.0,797.48,177.47,0.0,3286.5,38.29,346,75,2,40,3,159,47,3,47,0,0.0,0.0,477.35,1984.64,0.0,0,91,116,0,0,0,0,636,,0.06
main,batched+place,,{},batched+place,2,20,200,2,True,200,28.4192,7.0375,12.2757,30.794,261.293,76.24,15.79,19.13,25.58,39.5,89.73,108.72,145.41,224.52,51.06,0.0,1897.5,55.64,199,30,2,30,4,61,23,1,23,178,0.0,0.0,89.9,523.04,0.0,0,34,46,0,0,0,0,453,,0.03
main,batched+place,,{},batched+place,1,20,200,2,True,200,61.1531,3.2705,7.0855,80.515,505.661,159.012,7.27,21.39,21.95,49.39,88.97,261.61,268.43,604.05,71.72,0.0,3246.5,44.24,342,69,2,21,9,155,53,0,53,178,0.0,0.0,279.14,1354.81,0.0,0,90,110,0,0,0,0,616,,0.04
main,batched+place,,{},batched+place,0,20,200,2,True,200,40.3528,4.9563,6.2946,137.933,537.9,173.629,9.97,23.67,48.04,18.32,80.43,191.07,387.7,147.86,10.64,0.0,3832.2,79.14,414,93,2,36,2,197,59,2,59,170,0.0,0.0,26.36,177.71,0.0,0,115,144,0,0,0,0,711,,0.04
main,batched k=4,,{},batched,8,20,200,2,True,200,93.7633,2.133,8.5565,71.292,403.725,129.706,5.32,11.6,11.46,71.62,99.8,217.53,214.82,1343.11,72.44,0.0,2659.6,23.64,289,61,2,37,2,112,37,0,37,0,0.0,0.0,1401.41,3962.9,0.0,0,67,86,0,0,0,0,563,,0.06
main,batched+place,,{},batched+place,3,20,200,2,True,200,32.6117,6.1328,7.1563,91.62,428.381,137.027,13.43,26.26,43.77,16.54,87.61,171.3,285.46,107.87,28.76,0.0,3106.3,79.38,335,68,2,35,3,144,42,2,42,184,0.0,0.0,23.11,133.69,0.0,0,80,106,0,0,0,0,614,,0.04
main,batched+place,,{},batched+place,4,20,200,2,True,200,33.2043,6.0233,7.647,93.254,424.802,140.869,12.36,20.42,50.29,16.93,82.1,135.61,333.95,112.42,24.62,0.0,3363.2,84.41,360,91,2,20,12,165,50,1,50,165,0.0,0.0,25.76,164.1,0.0,0,98,129,0,0,0,0,631,,0.04
main,batched+place,,{},batched+place,5,20,200,2,True,200,50.0382,3.9969,6.671,100.924,425.043,146.613,8.29,17.71,31.13,42.88,82.94,177.21,311.5,429.12,23.82,0.0,3218.5,53.6,340,66,2,34,17,160,52,0,52,172,0.0,0.0,188.37,976.77,0.0,0,90,116,0,0,0,0,626,,0.04
main,batched+place,,{},batched+place,7,20,200,2,True,200,35.0189,5.7112,8.3637,51.255,431.48,115.541,12.07,25.86,29.13,32.94,84.57,181.12,204.01,230.68,29.62,0.0,2579.3,61.38,274,56,2,24,4,106,37,1,37,172,0.0,0.0,61.03,425.84,0.0,0,62,78,0,0,0,0,536,,0.03
main,batched+place,,{},batched+place,6,20,200,2,True,200,72.3093,2.7659,7.7724,99.641,546.72,153.151,5.76,15.35,19.95,58.94,83.28,222.05,288.45,852.41,93.96,0.0,3146.4,36.26,334,67,2,30,6,143,46,1,46,177,0.0,0.0,519.75,2061.02,0.0,0,85,111,0,0,0,0,611,,0.04
main,batched-aimd,,{},batched-aimd,3,20,200,2,True,200,31.744,6.3004,8.5476,66.661,401.735,112.692,13.8,26.0,33.17,27.03,87.61,165.07,210.57,171.63,14.49,0.0,2648.2,69.52,279,52,2,34,7,96,45,0,45,0,0.0,0.0,31.98,268.43,0.0,0,46,73,0,0,0,0,558,,0.06
queue,batched k=16,,"{""batch_k"": 16}",batched,2,20,200,2,True,200,26.0894,7.6659,8.2762,52.188,394.053,102.63,17.2,24.86,40.7,17.24,89.73,129.74,212.36,89.96,22.84,0.0,2336.7,74.64,248,54,2,31,1,104,29,2,29,0,0.0,0.0,24.38,118.56,0.0,0,67,75,0,0,0,0,510,,0.02
queue,batched k=16,,"{""batch_k"": 16}",batched,0,20,200,2,True,200,53.6935,3.7248,4.3854,183.42,649.693,233.322,7.49,19.05,53.37,20.09,80.43,204.62,573.12,215.7,0.0,0.0,4644.0,72.08,500,107,2,51,5,267,55,1,55,0,0.0,0.0,35.19,281.62,0.0,0,180,167,0,0,0,0,807,,0.02
queue,batched k=16,,"{""batch_k"": 16}",batched,3,20,200,2,True,200,41.5518,4.8133,5.4931,117.409,522.053,174.318,10.54,20.51,49.41,19.54,87.61,170.44,410.62,162.37,29.81,0.0,3614.6,72.49,395,94,2,42,7,192,43,0,43,0,0.0,0.0,32.5,229.05,0.0,0,132,133,0,0,0,0,680,,0.02
queue,batched k=16,,"{""batch_k"": 16}",batched,4,20,200,2,True,200,44.5856,4.4858,4.9979,177.598,536.39,199.388,9.21,17.06,57.48,16.26,82.1,152.09,512.54,144.99,11.35,0.0,4082.9,76.31,440,104,2,36,5,226,48,1,48,0,0.0,0.0,37.34,251.42,0.0,0,154,153,0,0,0,0,725,,0.02
queue,batched k=16,,"{""batch_k"": 16}",batched,6,20,200,2,True,200,77.6991,2.574,5.214,138.371,575.072,190.75,5.36,13.83,27.09,53.72,83.28,214.9,420.93,834.87,138.47,0.0,3653.0,39.18,401,102,2,39,4,202,44,1,44,0,0.0,0.0,527.37,2180.2,0.0,0,134,141,0,0,0,0,685,,0.02
queue,batched k=16,,"{""batch_k"": 16}",batched,5,20,200,2,True,200,39.8186,5.0228,5.5919,134.817,540.799,177.073,10.41,19.24,54.87,15.47,82.94,153.25,436.99,123.19,8.13,0.0,3638.2,76.14,389,90,2,54,7,193,41,0,41,0,0.0,0.0,26.31,108.64,0.0,0,133,132,0,0,0,0,684,,0.02
queue,batched k=16,,"{""batch_k"": 16}",batched,8,20,200,2,True,200,101.2431,1.9754,6.3362,116.909,452.387,170.993,4.93,11.14,17.01,66.92,99.8,225.64,344.34,1355.09,363.81,0.0,3264.3,26.87,356,87,2,37,3,167,39,1,39,0,0.0,0.0,1319.34,3988.88,0.0,0,110,120,0,0,0,0,633,,0.02
main,batched+place,,{},batched+place,9,20,200,2,True,200,48.0166,4.1652,6.9183,87.477,430.423,143.973,9.33,20.16,29.82,40.7,89.6,193.59,286.32,390.82,23.58,0.0,3080.9,53.47,326,72,2,38,10,144,45,1,45,171,0.0,0.0,104.09,563.55,0.0,0,87,99,0,0,0,0,610,,0.03
queue,batched k=16,,"{""batch_k"": 16}",batched,9,20,200,2,True,200,47.0453,4.2512,5.0573,150.031,473.414,190.979,9.52,17.82,49.83,22.82,89.6,167.71,468.88,214.71,38.87,0.0,3861.5,68.4,416,92,2,42,3,209,42,1,42,0,0.0,0.0,40.29,251.7,0.0,0,141,140,0,0,0,0,701,,0.02
queue,batched-par k=4,,"{""batch_k"": 4}",batched-par,1,20,200,2,True,200,43.701,4.5766,7.426,58.729,518.62,137.894,10.18,29.98,22.61,37.23,88.97,262.06,197.59,325.4,20.33,0.0,2904.0,55.38,304,54,2,25,6,131,52,2,52,0,0.0,0.0,58.61,289.18,0.0,0,68,80,0,0,0,0,583,,0.02
queue,batched-par k=4,,"{""batch_k"": 4}",batched-par,2,20,200,2,True,200,23.4449,8.5306,10.4934,42.517,278.654,79.383,19.14,25.44,31.0,24.43,89.73,119.27,145.34,114.56,18.37,0.0,2013.4,71.56,213,38,2,26,3,77,27,3,27,0,0.0,0.0,23.36,148.7,0.0,0,45,50,0,0,0,0,469,,0.02
queue,batched-par k=4,,"{""batch_k"": 4}",batched-par,3,20,200,2,True,200,29.7073,6.7323,7.5782,69.897,437.615,124.516,14.75,29.03,40.82,15.4,87.61,172.51,242.54,91.48,5.55,0.0,2821.9,79.16,296,51,2,41,7,129,46,2,46,0,0.0,0.0,20.13,141.62,0.0,0,68,80,0,0,0,0,585,,0.02
queue,batched-par k=4,,"{""batch_k"": 4}",batched-par,8,20,200,2,True,200,91.5104,2.1855,9.5844,43.935,439.206,120.011,5.45,13.24,8.62,72.69,99.8,242.26,157.78,1330.37,144.79,0.0,2352.5,21.42,245,41,2,42,5,86,35,0,35,0,0.0,0.0,1187.62,3590.32,0.0,0,49,59,0,0,0,0,522,,0.01
queue,batched-par k=4,,"{""batch_k"": 4}",batched-par,4,20,200,2,True,200,32.3933,6.1741,6.6338,107.687,441.342,142.161,12.67,22.66,50.49,14.18,82.1,146.78,327.09,91.89,6.75,0.0,3259.2,83.85,346,73,2,31,7,163,48,1,48,0,0.0,0.0,23.54,154.76,0.0,0,94,113,0,0,0,0,626,,0.02
queue,batched-par k=4,,"{""batch_k"": 4}",batched-par,6,20,200,2,True,200,69.9303,2.86,7.4651,77.327,461.795,141.461,5.95,16.16,17.55,60.33,83.28,226.01,245.52,843.79,0.0,0.0,2877.9,34.29,306,59,2,42,4,125,44,1,44,0,0.0,0.0,567.58,2153.81,0.0,0,71,91,0,0,0,0,593,,0.02
queue,batched-par k=4,,"{""batch_k"": 4}",batched-par,5,20,200,2,True,200,31.5679,6.3356,7.7494,84.469,437.499,130.706,13.14,25.44,43.56,17.86,82.94,160.64,275.05,112.73,0.0,0.0,2955.7,78.03,312,59,2,52,2,134,43,1,43,0,0.0,0.0,21.03,101.77,0.0,0,78,100,0,0,0,0,608,,0.02
queue,batched-par k=4,,"{""batch_k"": 4}",batched-par,7,20,200,2,True,200,32.0918,6.2321,8.4736,57.748,571.571,121.309,13.18,30.74,32.26,23.82,84.57,197.33,207.03,152.91,72.73,0.0,2747.3,71.34,288,59,2,43,6,117,40,0,40,0,0.0,0.0,22.76,149.87,0.0,0,69,83,0,0,0,0,571,,0.02
main,batched+place,,{},batched+place,8,20,200,2,True,200,83.1566,2.4051,9.709,54.209,419.062,123.214,6.0,13.64,11.06,69.3,99.8,226.83,183.88,1152.62,254.09,0.0,2446.2,24.51,256,48,2,23,6,89,35,1,35,182,0.0,0.0,864.98,2902.41,0.0,0,49,71,0,0,0,0,515,,0.07
queue,batched-par k=4,,"{""batch_k"": 4}",batched-par,9,20,200,2,True,200,45.5801,4.3879,8.1331,58.408,405.911,117.833,9.83,19.81,23.28,47.09,89.6,180.56,212.22,429.23,74.03,0.0,2585.5,47.27,280,51,2,42,4,113,39,1,39,0,0.0,0.0,117.88,648.65,0.0,0,64,81,0,0,0,0,562,,0.02
fair,batched k=4 suspects,,"{""queue_suspects"": true}",batched,0,20,200,2,True,200,34.3816,5.8171,10.3926,28.624,398.283,97.078,11.7,29.72,17.34,41.24,80.43,204.39,119.2,283.61,0.0,0.0,2091.1,50.68,220,31,2,58,2,73,53,0,53,0,0.0,0.0,74.25,489.58,0.0,0,18,47,0,0,36,0,531,,0.02
queue,batched k=16,,"{""batch_k"": 16}",batched,1,20,200,2,True,200,62.0717,3.2221,5.3739,118.856,603.378,194.699,7.17,22.48,29.8,40.56,88.97,279.05,369.94,503.47,0.0,0.0,3829.8,51.42,417,93,2,26,5,208,50,1,50,0,0.0,0.0,145.77,910.08,0.0,0,133,143,0,0,0,0,694,,0.06
fair,batched k=4 suspects,,"{""queue_suspects"": true}",batched,1,20,200,2,True,200,41.6523,4.8017,10.2166,22.183,464.305,106.217,10.68,30.17,12.34,46.82,88.97,251.29,102.76,390.02,24.21,0.0,2112.9,42.27,222,39,2,20,5,65,51,1,51,0,0.0,0.0,72.51,347.15,0.0,0,14,52,0,0,29,0,494,,0.02
queue,batched k=16,,"{""batch_k"": 16}",batched,7,20,200,2,True,200,36.5218,5.4762,7.4064,81.049,482.191,147.287,11.58,26.5,40.71,21.21,84.57,193.59,297.37,154.91,41.93,0.0,3091.3,70.54,340,82,2,51,4,150,34,1,34,0,0.0,0.0,24.8,147.95,0.0,0,108,104,0,0,0,0,626,,0.05
fair,batched k=4 suspects,,"{""queue_suspects"": true}",batched,2,20,200,2,True,200,22.9313,8.7217,14.2964,18.768,251.041,57.412,19.56,24.13,17.6,38.71,89.73,110.67,80.7,177.52,48.32,0.0,1579.9,57.41,160,21,2,28,4,30,24,0,24,0,0.0,0.0,44.8,316.26,0.0,0,9,24,0,0,13,0,412,,0.02
fair,batched k=4 suspects,,"{""queue_suspects"": true}",batched,3,20,200,2,True,200,26.3153,7.6001,11.013,27.702,352.984,79.512,16.65,32.4,17.96,33.0,87.61,170.54,94.5,173.66,15.06,0.0,1938.4,61.38,204,31,2,37,3,55,45,1,45,0,0.0,0.0,39.65,310.26,0.0,0,13,38,0,0,31,0,487,,0.02
fair,batched k=4 suspects,,"{""queue_suspects"": true}",batched,4,20,200,2,True,200,20.475,9.768,11.5035,27.241,300.763,76.25,20.05,34.0,28.07,17.88,82.1,139.23,114.94,73.23,4.86,0.0,1933.9,78.71,209,42,2,31,7,64,47,2,47,0,0.0,0.0,13.16,82.51,0.0,0,20,50,0,0,33,0,489,,0.02
fair,batched k=4 suspects,,"{""queue_suspects"": true}",batched,6,20,200,2,True,200,61.7863,3.237,11.5441,21.165,326.55,90.564,6.74,17.88,6.55,68.83,83.28,220.95,80.93,850.57,46.87,0.0,1782.3,24.04,195,35,2,39,7,50,47,3,47,0,0.0,0.0,671.67,2214.56,0.0,0,6,38,0,0,31,0,484,,0.02
fair,batched k=4 suspects,,"{""queue_suspects"": true}",batched,5,20,200,2,True,200,22.7868,8.777,11.766,26.546,374.859,74.221,18.2,33.23,21.05,27.51,82.94,151.46,95.94,125.39,0.0,0.0,1823.3,66.68,195,33,2,50,6,52,46,0,46,0,0.0,0.0,20.35,143.85,0.0,0,12,39,0,0,35,0,491,,0.02
fair,batched k=4 suspects,,"{""queue_suspects"": true}",batched,7,20,200,2,True,200,23.8298,8.3929,13.2729,21.211,418.847,78.76,17.74,38.28,16.81,27.17,84.57,182.43,80.1,129.5,0.0,0.0,1778.3,62.19,190,29,2,38,5,41,33,3,33,0,0.0,0.0,25.29,183.99,0.0,0,7,33,0,0,25,0,464,,0.02
queue,batched-par k=4,,"{""batch_k"": 4}",batched-par,0,20,200,2,True,200,41.0769,4.8689,6.4441,109.553,501.166,163.169,9.79,25.44,40.77,24.01,80.43,208.96,334.93,197.21,27.41,0.0,3547.3,71.96,382,82,2,51,3,170,55,0,55,0,0.0,0.0,29.15,183.31,0.0,0,105,129,0,0,0,0,688,,0.05
fair,batched k=4 suspects,,"{""queue_suspects"": true}",batched,9,20,200,2,True,200,44.0329,4.5421,11.2425,31.94,306.869,92.026,10.17,22.35,12.48,54.99,89.6,196.86,109.9,484.31,27.63,0.0,1978.4,37.44,207,34,2,41,7,60,42,1,42,0,0.0,0.0,150.58,729.78,0.0,0,17,44,0,0,24,0,491,,0.02
fair,batched-par k=4 suspects,,"{""batch_k"": 4, ""queue_suspects"": true}",batched-par,2,20,200,2,True,200,34.9034,5.7301,14.0902,17.297,239.306,63.704,12.85,19.91,10.51,56.73,89.73,138.99,73.36,395.99,40.69,0.0,1572.7,37.55,164,16,2,34,2,36,25,2,25,0,0.0,0.0,147.8,724.67,0.0,0,8,19,0,0,13,0,425,,0.02
fair,batched-par k=4 suspects,,"{""batch_k"": 4, ""queue_suspects"": true}",batched-par,0,20,200,2,True,200,33.2522,6.0146,11.2566,29.257,344.796,86.487,12.09,27.89,15.46,44.56,80.43,185.5,102.79,296.32,0.0,0.0,1973.6,49.46,204,30,2,50,2,62,51,0,51,0,0.0,0.0,89.66,522.76,0.0,0,12,36,0,0,33,0,505,,0.02
fair,batched-par k=4 suspects,,"{""batch_k"": 4, ""queue_suspects"": true}",batched-par,1,20,200,2,True,200,41.2559,4.8478,10.9768,18.322,428.303,92.629,10.78,28.81,8.61,51.8,88.97,237.71,71.05,427.39,0.0,0.0,1886.3,38.1,195,21,2,20,6,47,47,2,47,0,0.0,0.0,113.86,624.71,0.0,0,4,21,0,0,28,0,464,,0.02
fair,batched-par k=4 suspects,,"{""batch_k"": 4, ""queue_suspects"": true}",batched-par,3,20,200,2,True,200,26.0171,7.6872,11.2504,24.856,353.808,79.265,16.84,33.98,16.79,32.39,87.61,176.83,87.39,168.52,17.25,0.0,1978.0,63.36,207,26,2,45,7,57,45,2,45,0,0.0,0.0,40.71,323.44,0.0,0,11,33,0,0,30,0,499,,0.02
fair,batched-par k=4 suspects,,"{""batch_k"": 4, ""queue_suspects"": true}",batched-par,5,20,200,2,True,200,22.8781,8.742,11.4003,32.513,372.324,80.492,18.13,34.75,23.89,23.24,82.94,159.01,109.3,106.32,7.28,0.0,1919.4,69.92,202,32,2,52,7,61,47,1,47,0,0.0,0.0,14.75,115.11,0.0,0,16,39,0,0,33,0,502,,0.02
fair,batched-par k=4 suspects,,"{""batch_k"": 4, ""queue_suspects"": true}",batched-par,7,20,200,2,True,200,23.2943,8.5858,13.765,18.193,388.391,72.11,18.15,37.0,14.59,30.25,84.57,172.38,67.98,140.95,0.0,0.0,1684.5,60.26,174,17,2,37,5,36,33,1,33,0,0.0,0.0,23.73,176.04,0.0,0,6,20,0,0,22,0,445,,0.02
fair,batched-par k=4 suspects,,"{""batch_k"": 4, ""queue_suspects"": true}",batched-par,6,20,200,2,True,200,61.4404,3.2552,11.8726,22.945,367.198,92.692,6.78,18.36,6.78,68.08,83.28,225.63,83.35,836.56,46.6,0.0,1818.0,24.66,193,26,2,38,4,45,48,1,48,0,0.0,0.0,531.95,1944.78,0.0,0,5,30,0,0,35,0,480,,0.02
fair,batched-par k=4 suspects,,"{""batch_k"": 4, ""queue_suspects"": true}",batched-par,8,20,200,2,True,200,87.734,2.2796,11.8746,16.864,417.627,99.561,5.69,13.97,4.94,75.4,99.8,245.21,86.66,1323.01,217.45,0.0,1913.1,18.17,198,20,2,43,5,50,34,2,34,0,0.0,0.0,1064.37,3307.79,0.0,0,13,28,0,0,14,0,477,,0.02
fair,batched-par k=4 suspects,,"{""batch_k"": 4, ""queue_suspects"": true}",batched-par,9,20,200,2,True,200,43.995,4.546,12.5915,20.674,282.448,80.84,10.18,21.48,9.14,59.19,89.6,189.03,80.44,520.84,29.24,0.0,1739.1,32.94,183,22,2,41,4,45,40,0,40,0,0.0,0.0,167.28,807.45,0.0,0,7,26,0,0,21,0,464,,0.02
fair,batched k=4 suspects,,"{""queue_suspects"": true}",batched,8,20,200,2,True,200,88.3434,2.2639,11.2073,25.483,423.344,101.872,5.65,13.73,5.49,75.13,99.8,242.66,96.92,1327.49,136.51,0.0,1970.7,18.59,206,29,2,42,5,58,34,3,34,0,0.0,0.0,1320.48,3732.35,0.0,0,16,37,0,0,19,0,485,,0.05
place,batched+place soft,default point,"{""placement_fallback"": ""least-overlap""}",batched+place,2,20,200,2,True,200,28.4192,7.0375,12.2757,30.794,261.293,76.24,15.79,19.13,25.58,39.5,89.73,108.72,145.41,224.52,51.06,0.0,1897.5,55.64,199,30,2,30,4,61,23,1,23,178,0.0,0.0,89.9,523.04,0.0,0,34,46,0,0,0,0,453,,0.03
fair,batched-par k=4 suspects,,"{""batch_k"": 4, ""queue_suspects"": true}",batched-par,4,20,200,2,True,200,22.8482,8.7534,11.3921,34.229,313.395,83.533,17.97,32.79,28.14,21.1,82.1,149.84,128.6,96.42,19.21,0.0,2078.3,75.8,226,38,2,30,9,75,48,1,48,0,0.0,0.0,16.55,130.05,0.0,0,25,49,0,0,38,0,505,,0.05
place,batched+place soft,default point,"{""placement_fallback"": ""least-overlap""}",batched+place,1,20,200,2,True,200,61.1531,3.2705,7.0855,80.515,505.661,159.012,7.27,21.39,21.95,49.39,88.97,261.61,268.43,604.05,71.72,0.0,3246.5,44.24,342,69,2,21,9,155,53,0,53,178,0.0,0.0,279.14,1354.81,0.0,0,90,110,0,0,0,0,616,,0.04
place,batched+place soft,default point,"{""placement_fallback"": ""least-overlap""}",batched+place,3,20,200,2,True,200,32.6117,6.1328,7.1563,91.62,428.381,137.027,13.43,26.26,43.77,16.54,87.61,171.3,285.46,107.87,28.76,0.0,3106.3,79.38,335,68,2,35,3,144,42,2,42,184,0.0,0.0,23.11,133.69,0.0,0,80,106,0,0,0,0,614,,0.04
place,batched+place soft,default point,"{""placement_fallback"": ""least-overlap""}",batched+place,0,20,200,2,True,200,40.3528,4.9563,6.2946,137.933,537.9,173.629,9.97,23.67,48.04,18.32,80.43,191.07,387.7,147.86,10.64,0.0,3832.2,79.14,414,93,2,36,2,197,59,2,59,170,0.0,0.0,26.36,177.71,0.0,0,115,144,0,0,0,0,711,,0.04
place,batched+place soft,default point,"{""placement_fallback"": ""least-overlap""}",batched+place,4,20,200,2,True,200,33.2043,6.0233,7.647,93.254,424.802,140.869,12.36,20.42,50.29,16.93,82.1,135.61,333.95,112.42,24.62,0.0,3363.2,84.41,360,91,2,20,12,165,50,1,50,165,0.0,0.0,25.76,164.1,0.0,0,98,129,0,0,0,0,631,,0.04
place,batched+place soft,default point,"{""placement_fallback"": ""least-overlap""}",batched+place,7,20,200,2,True,200,35.0189,5.7112,8.3637,51.255,431.48,115.541,12.07,25.86,29.13,32.94,84.57,181.12,204.01,230.68,29.62,0.0,2579.3,61.38,274,56,2,24,4,106,37,1,37,172,0.0,0.0,61.03,425.84,0.0,0,62,78,0,0,0,0,536,,0.03
place,batched+place soft,default point,"{""placement_fallback"": ""least-overlap""}",batched+place,8,20,200,2,True,200,83.1566,2.4051,9.709,54.209,419.062,123.214,6.0,13.64,11.06,69.3,99.8,226.83,183.88,1152.62,254.09,0.0,2446.2,24.51,256,48,2,23,6,89,35,1,35,182,0.0,0.0,864.98,2902.41,0.0,0,49,71,0,0,0,0,515,,0.03
place,batched+place soft,default point,"{""placement_fallback"": ""least-overlap""}",batched+place,9,20,200,2,True,200,48.0166,4.1652,6.9183,87.477,430.423,143.973,9.33,20.16,29.82,40.7,89.6,193.59,286.32,390.82,23.58,0.0,3080.9,53.47,326,72,2,38,10,144,45,1,45,171,0.0,0.0,104.09,563.55,0.0,0,87,99,0,0,0,0,610,,0.03
place,batched+place hard,default point,"{""placement_fallback"": ""wait""}",batched+place,0,20,200,2,True,200,41.0591,4.871,5.1698,28.315,366.19,86.11,9.79,18.76,16.19,55.25,80.43,154.06,132.97,453.72,447.04,0.0,3095.1,62.82,327,60,2,13,3,111,47,3,47,0,0.0,0.0,21.13,153.96,0.0,0,55,84,0,0,0,0,590,,0.03
place,batched+place hard,default point,"{""placement_fallback"": ""wait""}",batched+place,1,20,200,2,True,200,53.8371,3.7149,4.3544,15.883,440.718,83.665,8.26,16.51,9.39,65.84,88.97,177.75,101.14,708.89,700.84,0.0,2825.2,43.73,300,42,2,9,3,89,42,2,42,0,0.0,0.0,34.35,212.89,0.0,0,38,62,0,0,0,0,553,,0.03
place,batched+place hard,default point,"{""placement_fallback"": ""wait""}",batched+place,2,20,200,2,True,200,28.8371,6.9355,7.8163,14.814,205.031,44.476,15.56,11.67,14.03,58.74,89.73,67.33,80.93,338.76,330.95,0.0,2125.6,61.42,217,25,2,8,0,49,20,2,20,0,0.0,0.0,15.27,87.43,0.0,0,24,38,0,0,0,0,447,,0.03
place,batched+place hard,default point,"{""placement_fallback"": ""wait""}",batched+place,3,20,200,2,True,200,48.2614,4.1441,4.9566,13.469,304.113,69.234,9.08,15.68,8.23,67.01,87.61,151.33,79.45,646.84,636.21,0.0,2579.5,44.54,273,39,2,14,2,68,39,5,39,0,0.0,0.0,26.0,178.46,0.0,0,22,49,0,0,0,0,531,,0.03
place,batched+place hard,default point,"{""placement_fallback"": ""wait""}",batched+place,4,20,200,2,True,200,42.059,4.7552,6.018,17.246,333.666,80.616,9.76,15.3,16.64,58.29,82.1,128.71,140.01,490.36,484.17,0.0,3166.3,62.74,330,56,2,9,4,117,47,3,47,0,0.0,0.0,23.77,145.82,0.0,0,55,81,0,0,0,0,589,,0.03
place,batched+place soft,default point,"{""placement_fallback"": ""least-overlap""}",batched+place,6,20,200,2,True,200,72.3093,2.7659,7.7724,99.641,546.72,153.151,5.76,15.35,19.95,58.94,83.28,222.05,288.45,852.41,93.96,0.0,3146.4,36.26,334,67,2,30,6,143,46,1,46,177,0.0,0.0,519.75,2061.02,0.0,0,85,111,0,0,0,0,611,,0.06
place,batched+place hard,default point,"{""placement_fallback"": ""wait""}",batched+place,5,20,200,2,True,200,41.4733,4.8224,5.1219,23.373,319.867,82.815,10.0,17.22,16.06,56.72,82.94,142.85,133.2,470.48,469.4,0.0,2897.9,58.23,306,49,2,9,4,97,51,1,51,0,0.0,0.0,17.36,104.22,0.0,0,42,73,0,0,0,0,567,,0.03
place,batched+place soft,default point,"{""placement_fallback"": ""least-overlap""}",batched+place,5,20,200,2,True,200,50.0382,3.9969,6.671,100.924,425.043,146.613,8.29,17.71,31.13,42.88,82.94,177.21,311.5,429.12,23.82,0.0,3218.5,53.6,340,66,2,34,17,160,52,0,52,172,0.0,0.0,188.37,976.77,0.0,0,90,116,0,0,0,0,626,,0.07
place,batched+place hard,default point,"{""placement_fallback"": ""wait""}",batched+place,6,20,200,2,True,200,95.9433,2.0846,5.5437,16.039,440.734,89.987,4.34,10.49,5.14,80.03,83.28,201.34,98.62,1535.64,1534.16,0.0,2801.6,24.33,292,44,2,12,4,89,44,4,44,0,0.0,0.0,768.43,2942.86,0.0,0,36,57,0,0,0,0,552,,0.03
place,batched+place hard,default point,"{""placement_fallback"": ""wait""}",batched+place,8,20,200,2,True,200,96.8211,2.0657,2.1226,13.99,276.038,79.358,5.15,9.62,4.04,81.19,99.8,186.23,78.3,1572.1,1554.97,0.0,2374.9,20.44,260,40,2,5,3,62,34,1,34,0,0.0,0.0,532.11,2313.95,0.0,0,25,46,0,0,0,0,500,,0.03
place,batched+place hard,default point,"{""placement_fallback"": ""wait""}",batched+place,7,20,200,2,True,200,52.0502,3.8424,3.9098,12.94,335.104,78.716,8.12,15.74,9.46,66.67,84.57,163.87,98.52,694.05,689.75,0.0,2685.1,42.99,277,32,2,8,2,83,36,3,36,0,0.0,0.0,35.37,293.15,0.0,0,35,48,0,0,0,0,524,,0.03
place,batched+place hard,default point,"{""placement_fallback"": ""wait""}",batched+place,9,20,200,2,True,200,47.2422,4.2335,4.0558,15.152,265.615,65.117,9.48,15.93,7.04,67.54,89.6,150.54,66.52,638.19,633.27,0.0,2274.9,40.13,239,26,2,14,2,56,37,2,37,0,0.0,0.0,24.73,153.95,0.0,0,16,35,0,0,0,0,492,,0.03
qsem,batched-aimd,,"{""q_sem"": 0.0}",batched-aimd,0,20,200,2,True,200,36.6858,5.4517,8.3034,72.273,447.462,119.476,10.96,23.24,31.04,34.76,80.43,170.5,227.76,255.03,0.0,0.0,2662.0,60.47,285,48,2,51,3,94,43,0,43,0,0.0,0.0,49.8,380.04,0.0,0,48,69,0,0,0,0,579,,0.02
qsem,batched-aimd,,"{""q_sem"": 0.0}",batched-aimd,1,20,200,2,True,200,31.9683,6.2562,8.1973,68.344,409.974,119.227,13.92,27.02,35.14,23.93,88.97,172.76,224.66,152.97,0.0,0.0,2765.5,72.09,292,51,2,22,7,101,39,2,39,0,0.0,0.0,32.26,230.61,0.0,0,52,79,0,0,0,0,555,,0.02
qsem,batched-aimd,,"{""q_sem"": 0.0}",batched-aimd,2,20,200,2,True,200,21.6274,9.2475,14.4169,25.83,192.945,51.814,20.74,17.07,22.86,39.33,89.73,73.82,98.89,170.11,28.72,0.0,1480.2,57.03,154,22,2,30,4,37,16,1,16,0,0.0,0.0,52.33,268.16,0.0,0,19,30,0,0,0,0,401,,0.01
qsem,batched-aimd,,"{""q_sem"": 0.0}",batched-aimd,3,20,200,2,True,200,29.5803,6.7613,8.733,65.355,371.541,107.443,14.81,24.24,36.3,24.65,87.61,143.38,214.76,145.85,3.49,0.0,2571.7,72.45,273,43,2,35,6,95,35,3,35,0,0.0,0.0,20.48,118.42,0.0,0,50,69,0,0,0,0,546,,0.02
qsem,batched-aimd,,"{""q_sem"": 0.0}",batched-aimd,5,20,200,2,True,200,28.2663,7.0756,8.9764,68.627,405.787,106.782,14.67,25.75,37.21,22.37,82.94,145.57,210.37,126.45,0.0,0.0,2470.8,72.84,259,43,2,58,7,86,39,2,39,0,0.0,0.0,22.93,191.29,0.0,0,42,58,0,0,0,0,558,,0.02
qsem,batched-aimd,,"{""q_sem"": 0.0}",batched-aimd,7,20,200,2,True,200,25.6103,7.8093,12.3938,43.648,398.717,84.851,16.51,27.05,28.16,28.27,84.57,138.58,144.26,144.8,10.22,0.0,2091.7,68.06,224,37,2,36,5,71,28,0,28,0,0.0,0.0,30.57,238.01,0.0,0,39,49,0,0,0,0,488,,0.02
qsem,batched-aimd,,"{""q_sem"": 0.0}",batched-aimd,6,20,200,2,True,200,67.7734,2.951,7.9502,77.499,377.031,126.711,6.14,14.18,16.98,62.7,83.28,192.23,230.14,849.82,0.0,0.0,2639.0,32.45,281,46,2,35,5,99,38,2,38,0,0.0,0.0,576.05,2129.77,0.0,0,51,65,0,0,0,0,556,,0.02
qsem,batched-aimd,,"{""q_sem"": 0.0}",batched-aimd,8,20,200,2,True,200,91.3242,2.19,9.8351,53.761,411.858,115.522,5.46,12.77,8.31,73.45,99.8,233.21,151.86,1341.61,218.16,0.0,2301.1,21.0,239,42,2,40,4,68,30,3,30,0,0.0,0.0,1309.92,3776.2,0.0,0,31,56,0,0,0,0,512,,0.02
qsem,batched-aimd,,"{""q_sem"": 0.0}",batched-aimd,9,20,200,2,True,200,44.2219,4.5226,9.3371,53.904,285.613,101.22,10.13,17.42,20.73,51.72,89.6,154.07,183.33,457.44,77.94,0.0,2275.5,42.88,240,40,2,41,6,74,33,0,33,0,0.0,0.0,136.47,608.98,0.0,0,38,59,0,0,0,0,514,,0.02
qsem,batched-aimd,,"{""q_sem"": 0.05}",batched-aimd,1,20,200,2,True,200,59.1512,3.3812,6.0082,70.429,691.324,178.976,7.52,32.11,18.32,42.05,88.97,379.9,216.69,497.47,30.16,0.0,3601.9,50.74,385,69,2,26,7,149,77,3,77,0,0.0,0.0,151.99,970.82,0.0,0,56,103,0,0,0,0,691,,0.02
qsem,batched-aimd,,"{""q_sem"": 0.05}",batched-aimd,0,20,200,2,True,200,61.657,3.2438,4.7517,118.775,841.494,226.335,6.52,34.61,26.57,32.3,80.43,426.8,327.65,398.26,0.0,0.0,4510.2,60.96,477,96,2,46,4,196,110,3,110,0,0.0,0.0,81.03,667.37,0.0,0,66,135,0,0,0,0,836,,0.02
qsem,batched-aimd,,"{""q_sem"": 0.05}",batched-aimd,2,20,200,2,True,200,39.0644,5.1198,6.7102,79.892,518.638,148.212,11.48,31.73,31.51,25.28,89.73,247.89,246.15,197.52,10.61,0.0,3316.1,70.74,354,69,2,34,6,132,68,2,68,0,0.0,0.0,23.92,146.67,0.0,0,54,98,0,0,0,0,658,,0.02
qsem,batched-aimd,,"{""q_sem"": 0.05}",batched-aimd,4,20,200,2,True,200,50.3088,3.9754,6.3734,109.855,426.995,160.191,8.16,23.24,29.83,38.77,82.1,233.84,300.13,390.1,41.78,0.0,3537.0,58.59,375,68,2,36,10,149,76,1,76,0,0.0,0.0,139.26,864.77,0.0,0,56,106,0,0,0,0,688,,0.02
qsem,batched-aimd,,"{""q_sem"": 0.05}",batched-aimd,3,20,200,2,True,200,43.8589,4.5601,5.6657,101.575,649.836,175.891,9.99,32.3,34.54,23.17,87.61,283.31,303.0,203.27,33.41,0.0,3824.6,72.67,407,82,2,41,6,150,75,2,75,0,0.0,0.0,31.1,260.17,0.0,0,61,115,0,0,0,0,725,,0.02
qsem,batched-aimd,,"{""q_sem"": 0.05}",batched-aimd,5,20,200,2,True,200,49.853,4.0118,5.6599,117.298,616.837,190.135,8.32,30.9,32.66,28.12,82.94,308.13,325.65,280.34,18.54,0.0,4107.2,68.66,440,96,2,54,6,169,88,1,88,0,0.0,0.0,54.62,460.01,0.0,0,66,134,0,0,0,0,783,,0.02
qsem,batched-aimd,,"{""q_sem"": 0.05}",batched-aimd,8,20,200,2,True,200,96.9956,2.062,6.7969,82.952,670.751,158.865,5.14,15.71,11.58,67.56,99.8,304.83,224.72,1310.56,71.16,0.0,3102.9,26.66,323,54,2,36,4,115,56,3,56,0,0.0,0.0,1229.3,3772.71,0.0,0,41,84,0,0,0,0,618,,0.02
qsem,batched-aimd,,"{""q_sem"": 0.05}",batched-aimd,9,20,200,2,True,200,61.9565,3.2281,6.3001,88.815,693.727,188.679,7.23,29.31,21.45,42.01,89.6,363.17,265.76,520.6,33.11,0.0,3783.0,50.88,397,66,2,37,6,154,74,6,74,0,0.0,0.0,109.15,630.35,0.0,0,60,109,0,0,0,0,714,,0.02
qsem,batched-aimd,,"{""q_sem"": 0.05}",batched-aimd,6,20,200,2,True,200,76.0132,2.6311,5.8529,104.672,671.827,194.114,5.48,23.42,19.14,51.96,83.28,356.11,290.94,789.94,43.21,0.0,3834.3,42.04,413,87,2,43,7,154,81,4,81,0,0.0,0.0,284.08,1476.91,0.0,0,58,113,0,0,0,0,741,,0.02
qsem,batched-aimd,,"{""q_sem"": 0.05}",batched-aimd,7,20,200,2,True,200,64.345,3.1082,5.7267,97.294,836.707,200.998,6.57,30.01,22.05,41.37,84.57,386.2,283.79,532.34,30.02,0.0,3970.5,51.42,417,67,2,36,6,162,80,2,80,0,0.0,0.0,104.41,655.24,0.0,0,63,116,0,0,0,0,735,,0.02
qsem,batched-aimd,,"{""q_sem"": 0.1}",batched-aimd,0,20,200,2,True,200,82.7,2.4184,3.8621,138.519,953.104,289.653,4.86,34.32,24.06,36.76,80.43,567.6,397.91,608.06,76.35,0.0,5644.1,56.87,590,111,2,51,5,266,156,2,156,0,0.0,0.0,122.41,842.1,0.0,0,71,180,0,0,0,0,999,,0.02
qsem,batched-aimd,,"{""q_sem"": 0.1}",batched-aimd,1,20,200,2,True,200,58.6802,3.4083,4.8096,111.109,855.807,236.97,7.58,40.65,26.65,25.11,88.97,477.09,312.81,294.73,0.0,0.0,4804.2,68.23,504,93,2,25,6,217,119,2,119,0,0.0,0.0,39.44,306.68,0.0,0,64,152,0,0,0,0,850,,0.02
qsem,batched-aimd,,"{""q_sem"": 0.1}",batched-aimd,2,20,200,2,True,200,59.2061,3.378,4.6984,97.813,785.12,223.696,7.58,36.62,26.35,29.45,89.73,433.66,311.99,348.74,14.06,0.0,4700.1,66.15,494,98,2,33,4,203,100,5,100,0,0.0,0.0,65.82,553.38,0.0,0,73,153,0,0,0,0,832,,0.02
qsem,batched-aimd,,"{""q_sem"": 0.1}",batched-aimd,3,20,200,2,True,200,58.5627,3.4151,4.4578,117.668,849.326,232.771,7.48,37.98,28.26,26.27,87.61,444.87,331.04,307.74,69.94,0.0,4755.0,67.66,499,100,2,50,9,207,115,5,115,0,0.0,0.0,48.22,443.15,0.0,0,61,151,0,0,0,0,869,,0.02
qsem,batched-aimd,,"{""q_sem"": 0.1}",batched-aimd,4,20,200,2,True,200,72.5298,2.7575,5.1072,112.065,635.893,213.049,5.66,25.91,23.05,45.38,82.1,375.85,334.31,658.33,32.74,0.0,4415.5,50.73,474,89,2,40,8,196,107,0,107,0,0.0,0.0,242.17,1379.87,0.0,0,69,143,0,0,0,0,821,,0.02
qsem,batched-aimd,,"{""q_sem"": 0.0}",batched-aimd,4,20,200,2,True,200,25.9918,7.6947,8.4611,83.831,375.323,110.104,15.79,26.29,44.31,13.6,82.1,136.68,230.34,70.72,4.0,0.0,2652.8,85.05,281,54,2,35,10,102,42,3,42,0,0.0,0.0,15.46,113.26,0.0,0,42,76,0,0,0,0,561,,0.05
qsem,batched-aimd,,"{""q_sem"": 0.1}",batched-aimd,5,20,200,2,True,200,63.4913,3.15,4.2536,138.618,765.888,242.072,6.53,33.44,30.11,29.92,82.94,424.57,382.33,379.98,22.69,0.0,5092.2,66.84,548,117,2,56,6,223,128,3,128,0,0.0,0.0,127.1,937.36,0.0,0,71,169,0,0,0,0,935,,0.02
qsem,batched-aimd,,"{""q_sem"": 0.1}",batched-aimd,6,20,200,2,True,200,83.1216,2.4061,4.5453,103.6,1271.123,257.053,5.01,35.07,16.47,43.45,83.28,583.0,273.85,722.31,0.0,0.0,4829.5,48.42,508,106,2,46,7,202,134,4,134,0,0.0,0.0,245.54,1466.26,0.0,0,46,147,0,0,0,0,892,,0.02
qsem,batched-aimd,,"{""q_sem"": 0.1}",batched-aimd,8,20,200,2,True,200,107.0399,1.8685,4.9061,109.905,1260.413,261.064,4.66,27.22,13.43,54.69,99.8,582.75,287.47,1170.78,69.89,0.0,4523.8,35.22,473,96,2,35,3,193,102,7,102,0,0.0,0.0,588.3,2671.2,0.0,0,63,132,0,0,0,0,817,,0.02
qsem,batched-aimd,,"{""q_sem"": 0.1}",batched-aimd,7,20,200,2,True,200,91.5546,2.1845,4.8297,91.534,1181.811,262.235,4.62,32.75,14.99,47.64,84.57,599.68,274.44,872.41,0.0,0.0,4732.7,43.08,510,102,2,44,5,207,128,2,128,0,0.0,0.0,240.31,1425.64,0.0,0,58,153,0,0,0,0,884,,0.02
qsem,batched-aimd,,"{""q_sem"": 0.1}",batched-aimd,9,20,200,2,True,200,67.3398,2.97,5.0859,106.694,715.569,222.758,6.65,32.09,23.05,38.21,89.6,432.15,310.38,514.67,0.0,0.0,4572.6,56.59,489,93,2,45,7,192,110,1,110,0,0.0,0.0,141.79,935.39,0.0,0,63,146,0,0,0,0,845,,0.02
qsem,batched-aimd,,"{""q_sem"": 0.2}",batched-aimd,0,20,200,2,True,200,110.8869,1.8036,3.3029,119.967,1544.867,363.776,3.63,41.07,13.61,41.7,80.43,910.85,301.73,924.72,0.0,0.0,6326.4,47.54,675,144,2,64,4,317,227,3,227,0,0.0,0.0,223.91,1540.88,0.0,0,43,216,0,0,0,0,1169,,0.02
qsem,batched-aimd,,"{""q_sem"": 0.2}",batched-aimd,1,20,200,2,True,200,89.2492,2.2409,3.5933,97.448,1651.865,338.482,4.98,48.55,14.66,31.81,88.97,866.55,261.73,567.74,0.0,0.0,5721.3,53.42,608,117,2,36,6,271,186,3,186,0,0.0,0.0,83.56,625.39,0.0,0,46,188,0,0,0,0,1033,,0.02
qsem,batched-aimd,,"{""q_sem"": 0.2}",batched-aimd,2,20,200,2,True,200,80.9706,2.47,3.4463,79.452,1829.462,338.318,5.54,53.47,16.17,24.82,89.73,865.94,261.78,401.96,55.85,0.0,5940.8,61.14,622,127,2,40,4,278,187,5,187,0,0.0,0.0,43.61,315.16,0.0,0,52,192,0,0,0,0,1054,,0.02
qsem,batched-aimd,,"{""q_sem"": 0.2}",batched-aimd,3,20,200,2,True,200,77.0136,2.5969,3.6155,134.313,1160.619,303.843,5.69,41.14,24.62,28.56,87.61,633.6,379.21,439.85,88.73,0.0,6127.9,66.31,641,123,2,47,12,300,195,3,195,0,0.0,0.0,57.28,430.21,0.0,0,53,204,0,0,0,0,1086,,0.02
qsem,batched-aimd,,"{""q_sem"": 0.2}",batched-aimd,4,20,200,2,True,200,70.6367,2.8314,3.8068,158.306,1135.477,295.564,5.81,42.95,26.79,24.45,82.1,606.77,378.44,345.42,44.22,0.0,5816.4,68.62,613,114,2,46,13,290,175,4,175,0,0.0,0.0,40.33,353.96,0.0,0,58,189,0,0,0,0,1038,,0.02
qsem,batched-aimd,,"{""q_sem"": 0.2}",batched-aimd,5,20,200,2,True,200,109.6037,1.8248,3.3783,119.24,1376.828,342.834,3.78,37.11,15.03,44.08,82.94,813.41,329.36,966.36,0.0,0.0,6232.5,47.39,658,129,2,47,7,313,208,3,208,0,0.0,0.0,408.71,2254.23,0.0,0,52,212,0,0,0,0,1116,,0.02
qsem,batched-aimd,,"{""q_sem"": 0.2}",batched-aimd,6,20,200,2,True,200,94.0396,2.1268,3.2733,95.878,1999.065,359.772,4.43,49.67,14.09,31.81,83.28,934.18,265.05,598.28,0.0,0.0,6060.6,53.71,652,146,2,42,9,293,206,4,206,0,0.0,0.0,87.43,583.34,0.0,0,42,211,0,0,0,0,1104,,0.02
qsem,batched-aimd,,"{""q_sem"": 0.2}",batched-aimd,7,20,200,2,True,200,93.4621,2.1399,3.5216,79.551,1952.269,365.981,4.52,50.95,14.31,30.21,84.57,952.42,267.52,564.74,0.35,0.0,6004.7,53.54,640,132,2,47,5,290,203,1,203,0,0.0,0.0,88.9,763.47,0.0,0,49,198,0,0,0,0,1091,,0.02
qsem,batched-aimd,,"{""q_sem"": 0.2}",batched-aimd,8,20,200,2,True,200,114.6178,1.7449,3.6265,84.605,1434.389,351.32,4.35,40.69,10.4,44.56,99.8,932.66,238.41,1021.49,61.34,0.0,5186.6,37.71,553,112,2,47,9,233,168,4,168,0,0.0,0.0,188.76,1181.59,0.0,0,38,155,0,0,0,0,972,,0.02
qsem,batched-aimd,,"{""q_sem"": 0.2}",batched-aimd,9,20,200,2,True,200,82.5304,2.4233,4.0008,72.929,1322.52,294.418,5.43,45.08,14.37,35.12,89.6,744.18,237.22,579.62,0.0,0.0,5146.7,51.97,547,113,2,44,6,229,160,5,160,0,0.0,0.0,180.58,1269.2,0.0,0,39,162,0,0,0,0,956,,0.02
fair,beanstalk quarantine,,"{""green_mode"": ""quarantine""}",beanstalk,2,20,200,2,True,200,31.4859,6.3521,6.2875,62.442,373.788,110.316,14.25,12.68,0.12,72.95,89.73,79.84,0.76,459.38,0.0,423.62,1381.7,36.57,137,0,2,19,4,35,21,2,21,144,538.59,225.14,60.43,371.73,1508.0,6,0,0,16,36,10,101,619,,0.03
fair,beanstalk quarantine,,"{""green_mode"": ""quarantine""}",beanstalk,0,20,200,2,True,200,50.9511,3.9253,4.6346,255.779,671.306,276.006,7.89,15.65,0.09,76.37,80.43,159.51,0.88,778.2,17.02,738.4,1654.3,27.06,165,0,2,23,6,36,47,0,47,150,963.11,351.01,82.37,579.61,2728.9,10,0,0,17,38,33,127,705,,0.04
fair,beanstalk quarantine,,"{""green_mode"": ""quarantine""}",beanstalk,1,20,200,2,True,200,82.558,2.4225,3.0125,119.819,1099.511,254.401,5.39,14.26,0.05,80.3,88.97,235.42,0.87,1325.9,19.04,1260.59,1737.7,17.54,175,0,2,23,8,36,51,0,51,149,1079.38,401.91,109.48,555.9,4179.0,10,0,0,18,28,37,147,723,,0.04
fair,beanstalk quarantine,,"{""green_mode"": ""quarantine""}",beanstalk,3,20,200,2,True,200,49.6544,4.0278,3.8516,281.293,837.838,279.027,8.82,15.16,0.09,75.93,87.61,150.57,0.87,754.04,10.33,682.7,1691.5,28.39,168,0,2,31,7,46,40,2,40,138,760.65,345.74,46.3,214.83,2670.2,7,0,0,15,25,27,143,712,,0.03
fair,beanstalk quarantine,,"{""green_mode"": ""quarantine""}",beanstalk,4,20,200,2,True,200,49.9992,4.0001,4.7339,122.224,555.841,182.146,8.21,14.7,0.09,77.0,82.1,146.98,0.88,770.02,11.13,664.08,1714.9,28.58,171,0,2,25,8,44,50,1,50,140,624.43,255.76,55.19,309.91,2570.2,8,0,0,17,37,36,134,721,,0.03
fair,beanstalk quarantine,,"{""green_mode"": ""quarantine""}",beanstalk,5,20,200,2,True,200,54.6038,3.6627,3.5695,290.167,669.603,286.831,7.59,16.93,0.08,75.39,82.94,184.9,0.9,823.34,1.1,698.59,1840.9,28.09,181,0,2,26,9,44,55,0,55,128,638.98,330.51,42.76,236.08,2958.6,11,0,0,16,23,41,158,742,,0.04
fair,beanstalk quarantine,,"{""green_mode"": ""quarantine""}",beanstalk,8,20,200,2,True,200,108.7931,1.8384,1.86,90.576,856.602,202.986,4.59,12.51,0.04,82.86,99.8,272.24,0.85,1802.97,8.89,1785.07,1894.7,14.51,190,0,2,16,4,52,50,0,50,138,1911.89,377.19,323.88,1822.34,5934.4,11,0,0,22,45,30,145,722,,0.03
fair,beanstalk quarantine,,"{""green_mode"": ""quarantine""}",beanstalk,6,20,200,2,True,200,90.3511,2.2136,3.7291,241.852,1208.458,351.623,4.61,13.76,0.05,81.58,83.28,248.73,0.9,1474.12,46.09,1290.12,1795.4,16.56,178,0,2,29,6,48,56,2,56,125,1381.45,396.38,264.44,1351.98,3838.7,10,0,0,16,25,46,153,750,,0.04
fair,beanstalk quarantine,,"{""green_mode"": ""quarantine""}",beanstalk,9,20,200,2,True,200,58.6195,3.4118,3.1641,172.413,1940.518,335.977,7.64,15.94,0.07,76.35,89.6,186.85,0.85,895.08,1.45,892.17,1550.0,22.03,154,0,2,32,5,33,40,2,40,140,2068.06,505.01,157.04,780.87,3244.7,10,0,0,14,18,30,136,698,,0.03
fair,beanstalk quarantine,,"{""green_mode"": ""quarantine""}",beanstalk,7,20,200,2,True,200,51.5704,3.8782,3.968,36.54,631.406,160.772,8.2,14.49,0.08,77.24,84.57,149.42,0.81,796.61,0.0,639.81,1481.6,23.94,147,0,2,21,4,46,34,0,34,149,946.11,312.88,98.61,628.39,2608.6,10,0,0,11,17,26,130,657,,0.04
fair,beanstalk no-budget,,"{""budget"": false}",beanstalk,0,20,200,2,True,200,24.5596,8.1435,,1212.004,1454.194,1179.058,16.37,44.4,0.2,39.02,80.43,218.11,0.99,191.66,0.0,0.0,1543.3,52.37,153,0,2,53,3,119,56,0,56,183,828.22,226.6,719.25,1455.82,0.0,19,0,0,16,31,40,122,770,,0.04
fair,beanstalk no-budget,,"{""budget"": false}",beanstalk,2,20,200,2,True,200,14.4123,13.877,,668.258,834.451,629.657,31.13,35.88,0.28,32.71,89.73,103.42,0.81,94.29,0.0,0.0,1105.1,63.9,111,0,2,32,6,80,23,0,23,188,700.5,237.19,404.14,835.82,0.0,14,0,0,11,26,12,85,621,,0.03
fair,beanstalk no-budget,,"{""budget"": false}",beanstalk,4,20,200,2,True,200,22.6357,8.8356,,1095.675,1325.222,1030.926,18.14,43.83,0.21,37.82,82.1,198.41,0.96,171.24,3.99,0.0,1432.4,52.73,144,0,2,49,5,113,53,0,53,186,670.05,219.64,648.47,1327.0,0.0,17,0,0,15,26,39,117,745,,0.03
fair,beanstalk no-budget,,"{""budget"": false}",beanstalk,6,20,200,2,True,200,59.2818,3.3737,,3269.642,3536.129,3234.0,7.02,20.19,0.08,72.71,83.28,239.39,0.89,862.08,0.0,0.0,1480.5,20.81,148,0,2,32,4,122,49,2,49,182,1380.7,300.02,1761.12,3539.5,0.0,16,0,0,12,23,39,125,712,,0.04
fair,beanstalk no-budget,,"{""budget"": false}",beanstalk,5,20,200,2,True,200,37.3581,5.3536,,2003.893,2216.971,1938.932,11.1,26.55,0.13,62.22,82.94,198.38,0.97,464.88,0.0,0.0,1502.8,33.52,150,0,2,48,13,99,55,0,55,179,1513.82,228.08,1097.65,2218.21,0.0,17,0,0,19,48,37,102,754,,0.04
fair,beanstalk no-budget,,"{""budget"": false}",beanstalk,1,20,200,2,True,200,31.2144,6.4073,,1659.617,1852.228,1564.909,14.25,42.74,0.15,42.86,88.97,266.83,0.91,267.58,0.0,0.0,1620.6,43.27,160,0,2,31,6,135,56,0,56,183,1272.35,295.45,920.02,1856.3,0.0,18,0,0,14,22,42,138,733,,0.06
fair,beanstalk no-budget,,"{""budget"": false}",beanstalk,8,20,200,2,True,200,82.2566,2.4314,,4624.89,4918.21,4613.504,6.07,15.78,0.05,78.1,99.8,259.58,0.84,1284.91,63.93,0.0,1580.1,16.01,157,0,2,31,2,123,40,1,40,188,1913.94,326.82,2455.81,4923.47,0.0,13,0,0,17,32,24,125,700,,0.03
fair,beanstalk no-budget,,"{""budget"": false}",beanstalk,9,20,200,2,True,200,37.1204,5.3879,,1994.1,2205.768,1955.918,12.07,28.81,0.12,59.0,89.6,213.91,0.91,437.99,1.75,0.0,1360.0,30.53,135,0,2,44,5,109,45,2,45,181,1312.66,246.43,1093.73,2207.18,0.0,14,0,0,13,23,34,112,714,,0.03
fair,beanstalk quarantine no-budget,,"{""budget"": false, ""green_mode"": ""quarantine""}",beanstalk,2,20,200,2,True,200,23.6799,8.446,7.9363,679.038,1088.887,590.961,18.95,20.07,0.17,60.81,89.73,95.05,0.8,288.02,0.0,0.0,1078.7,37.96,107,0,2,27,5,23,21,0,21,188,1107.6,560.42,46.13,220.14,0.0,14,0,0,14,20,10,87,603,,0.04
fair,beanstalk quarantine no-budget,,"{""budget"": false, ""green_mode"": ""quarantine""}",beanstalk,1,20,200,2,True,200,40.2374,4.9705,4.6564,842.475,2037.218,960.969,11.06,30.24,0.11,58.59,88.97,243.34,0.91,471.52,0.0,0.0,1495.0,30.96,148,0,2,39,5,23,48,0,48,183,1806.9,968.53,54.09,253.74,0.0,26,0,0,16,23,35,125,722,,0.04
fair,beanstalk quarantine no-budget,,"{""budget"": false, ""green_mode"": ""quarantine""}",beanstalk,0,20,200,2,True,200,34.8221,5.7435,4.984,574.675,1771.75,727.707,11.55,29.79,0.14,58.52,80.43,207.49,0.95,407.57,0.0,0.0,1539.9,36.85,154,0,2,48,5,27,54,0,54,183,1366.91,669.94,62.56,445.04,0.0,20,0,0,17,23,40,131,758,,0.04
fair,beanstalk no-budget,,"{""budget"": false}",beanstalk,3,20,200,2,True,200,22.9212,8.7255,,1108.752,1338.821,1064.45,19.11,35.8,0.19,44.9,87.61,164.13,0.86,205.82,0.0,0.0,1386.1,50.39,137,0,2,29,7,97,44,0,44,188,718.55,234.61,660.24,1347.48,0.0,16,0,0,16,36,28,101,683,,0.06
fair,beanstalk-noplace quarantine,,"{""green_mode"": ""quarantine""}",beanstalk-noplace,1,20,200,2,True,200,59.951,3.3361,3.1208,358.431,1113.086,388.225,7.42,18.64,0.07,73.87,88.97,223.44,0.86,885.75,0.0,885.59,1648.0,22.91,165,0,2,26,4,32,45,1,45,0,1164.73,488.0,60.19,363.69,3418.0,7,0,0,15,23,33,142,707,,0.02
fair,beanstalk-noplace quarantine,,"{""green_mode"": ""quarantine""}",beanstalk-noplace,2,20,200,2,True,200,40.5848,4.928,4.6719,220.758,671.871,288.824,11.05,14.31,0.1,74.53,89.73,116.17,0.81,604.99,0.73,602.57,1276.2,26.21,127,0,2,30,4,26,25,0,25,0,810.07,373.79,72.45,462.03,2195.5,5,0,0,10,15,16,112,636,,0.02
fair,beanstalk-noplace quarantine,,"{""green_mode"": ""quarantine""}",beanstalk-noplace,0,20,200,2,True,200,55.3347,3.6144,4.2093,354.531,1066.778,389.086,7.27,18.99,0.09,73.65,80.43,210.21,0.96,815.09,0.15,793.92,1720.5,25.91,170,0,2,46,1,30,53,0,53,0,1033.26,429.46,61.52,432.34,3023.6,14,0,0,22,33,34,137,766,,0.02
fair,beanstalk quarantine no-budget,,"{""budget"": false, ""green_mode"": ""quarantine""}",beanstalk,3,20,200,2,True,200,24.6883,8.101,9.7729,724.893,975.248,638.269,17.74,31.73,0.18,50.35,87.61,156.65,0.89,248.62,0.0,0.0,1378.0,46.51,136,0,2,34,11,20,43,0,43,189,860.26,453.47,37.34,257.02,0.0,31,0,0,18,25,28,111,690,,0.04
fair,beanstalk no-budget,,"{""budget"": false}",beanstalk,7,20,200,2,True,200,41.6956,4.7967,,2184.704,2457.492,2062.598,10.14,32.68,0.11,57.07,84.57,272.54,0.89,475.92,2.74,0.0,1504.3,30.07,152,0,2,32,4,124,47,1,47,181,1155.58,338.05,1215.38,2465.92,0.0,16,0,0,11,22,37,130,711,,0.06
fair,beanstalk quarantine no-budget,,"{""budget"": false, ""green_mode"": ""quarantine""}",beanstalk,4,20,200,2,True,200,31.0836,6.4343,6.7126,817.458,1422.075,699.651,13.21,31.35,0.15,55.3,82.1,194.87,0.92,343.77,2.86,0.0,1578.6,42.32,157,0,2,39,8,22,54,0,54,186,996.95,567.12,33.88,205.73,0.0,26,0,0,17,24,39,133,742,,0.04
fair,beanstalk-noplace quarantine,,"{""green_mode"": ""quarantine""}",beanstalk-noplace,3,20,200,2,True,200,59.7798,3.3456,3.5485,291.706,774.457,283.27,7.33,14.49,0.08,78.11,87.61,173.2,0.9,933.88,7.22,919.4,1724.2,24.04,171,0,2,38,4,33,45,0,45,0,753.78,362.07,64.7,351.05,3327.0,7,0,0,17,30,29,141,737,,0.02
fair,beanstalk quarantine no-budget,,"{""budget"": false, ""green_mode"": ""quarantine""}",beanstalk,6,20,200,2,True,200,65.7868,3.0401,8.2424,801.278,1129.886,689.655,6.33,17.65,0.07,75.95,83.28,232.22,0.89,999.35,2.78,0.0,1402.0,17.76,140,0,2,33,7,28,48,0,48,181,1833.31,496.98,440.72,1358.61,0.0,27,0,0,14,27,37,113,701,,0.04
fair,beanstalk quarantine no-budget,,"{""budget"": false, ""green_mode"": ""quarantine""}",beanstalk,5,20,200,2,True,200,37.7085,5.3038,4.6813,786.545,1871.936,847.958,11.0,24.12,0.12,64.76,82.94,181.91,0.92,488.4,5.4,0.0,1628.0,35.98,162,0,2,38,12,37,54,1,54,179,1384.17,715.52,25.46,107.38,0.0,8,0,0,18,24,38,138,746,,0.04
fair,beanstalk quarantine no-budget,,"{""budget"": false, ""green_mode"": ""quarantine""}",beanstalk,9,20,200,2,True,200,79.876,2.5039,6.0798,317.862,2256.362,653.343,5.61,13.26,0.05,81.07,89.6,211.87,0.86,1295.18,14.76,0.0,1303.3,13.6,130,0,2,32,6,17,40,1,40,181,2055.44,689.64,318.35,1047.8,0.0,17,0,0,14,17,29,113,674,,0.04
fair,beanstalk quarantine no-budget,,"{""budget"": false, ""green_mode"": ""quarantine""}",beanstalk,8,20,200,2,True,200,101.9642,1.9615,7.29,608.81,1938.567,685.415,4.89,12.84,0.04,82.22,99.8,261.95,0.85,1676.69,85.17,0.0,1580.7,12.92,157,0,2,37,7,31,35,1,35,188,3084.22,708.95,586.16,1892.8,0.0,9,0,0,15,21,22,136,702,,0.04
fair,beanstalk quarantine no-budget,,"{""budget"": false, ""green_mode"": ""quarantine""}",beanstalk,7,20,200,2,True,200,43.9111,4.5547,5.5038,756.323,1706.907,729.633,9.63,24.42,0.1,65.85,84.57,214.46,0.88,578.32,4.99,0.0,1396.7,26.51,141,0,2,34,4,21,46,0,46,182,1363.36,686.47,57.34,293.01,0.0,23,0,0,11,14,37,127,701,,0.04
fair,beanstalk-noplace quarantine,,"{""green_mode"": ""quarantine""}",beanstalk-noplace,4,20,200,2,True,200,40.1866,4.9768,4.6503,123.901,861.802,208.423,10.22,18.12,0.11,71.56,82.1,145.6,0.88,575.16,4.96,570.01,1675.7,34.75,168,0,2,30,6,38,48,0,48,0,742.76,306.78,41.67,288.95,2176.9,8,0,0,18,33,34,135,721,,0.02
fair,beanstalk-noplace quarantine,,"{""green_mode"": ""quarantine""}",beanstalk-noplace,5,20,200,2,True,200,68.5774,2.9164,2.5901,243.551,1544.238,454.897,6.05,15.22,0.07,78.67,82.94,208.69,0.94,1078.98,0.0,1073.49,1684.1,20.47,169,0,2,44,6,33,49,2,49,0,2185.68,460.4,126.68,707.96,3867.8,11,0,0,16,24,37,145,756,,0.02
fair,beanstalk-noplace quarantine,,"{""green_mode"": ""quarantine""}",beanstalk-noplace,8,20,200,2,True,200,123.543,1.6189,2.9173,112.494,2328.583,441.557,4.04,11.67,0.04,84.26,99.8,288.27,0.88,2081.91,0.33,1900.77,1679.8,11.33,169,0,2,38,5,41,36,2,36,0,2848.43,511.63,452.04,1891.67,7150.8,6,0,0,16,40,24,129,717,,0.02
fair,beanstalk-noplace quarantine,,"{""green_mode"": ""quarantine""}",beanstalk-noplace,7,20,200,2,True,200,64.4894,3.1013,3.0486,303.112,1356.05,426.118,6.56,13.1,0.06,80.28,84.57,168.93,0.81,1035.48,0.0,1035.07,1406.3,18.17,142,0,2,23,9,31,36,0,36,0,1406.82,523.23,91.12,425.08,3702.5,9,0,0,9,12,29,130,659,,0.02
fair,beanstalk-noplace quarantine,,"{""green_mode"": ""quarantine""}",beanstalk-noplace,9,20,200,2,True,200,66.5803,3.0039,3.4646,102.464,1810.571,413.602,6.73,11.74,0.07,81.46,89.6,156.35,0.88,1084.78,5.36,1037.46,1543.5,19.32,156,0,2,37,5,37,37,0,37,0,1821.45,546.48,313.09,1430.03,3689.4,6,0,0,13,18,27,138,702,,0.02
main,serial,,{},serial,0,20,200,2,True,200,65.2462,3.0653,4.5244,182.448,548.408,238.542,6.16,17.43,43.51,32.9,80.43,227.43,567.71,429.35,0.0,0.0,2637.4,33.69,258,0,1,50,3,58,55,3,55,0,0.0,0.0,96.05,774.85,0.0,0,0,0,0,0,0,0,566,,0.02
qsem,beanstalk quarantine,,"{""green_mode"": ""quarantine"", ""q_sem"": 0.0}",beanstalk,2,20,200,2,True,200,22.7957,8.7736,8.7146,53.969,277.235,100.538,19.68,12.07,0.16,68.08,89.73,55.05,0.75,310.39,0.0,241.94,1129.7,41.3,114,0,2,19,4,24,16,0,16,148,375.88,208.55,29.68,158.36,963.8,6,0,0,10,20,8,94,584,,0.03
qsem,beanstalk quarantine,,"{""green_mode"": ""quarantine"", ""q_sem"": 0.0}",beanstalk,0,20,200,2,True,200,54.1353,3.6944,4.9106,158.41,764.605,230.62,7.43,14.33,0.08,78.16,80.43,155.11,0.88,846.29,11.47,823.52,1630.4,25.1,163,0,2,28,7,39,43,0,43,148,985.77,311.99,104.74,657.12,2357.8,8,0,0,17,38,30,125,705,,0.04
qsem,beanstalk quarantine,,"{""green_mode"": ""quarantine"", ""q_sem"": 0.0}",beanstalk,4,20,200,2,True,200,41.7859,4.7863,5.1335,82.517,455.31,145.043,9.82,14.36,0.1,75.71,82.1,120.02,0.87,632.73,5.55,569.34,1598.1,31.87,158,0,2,29,8,44,42,1,42,140,624.43,215.44,51.04,289.13,2250.7,7,0,0,13,24,31,134,699,,0.03
qsem,beanstalk quarantine,,"{""green_mode"": ""quarantine"", ""q_sem"": 0.0}",beanstalk,3,20,200,2,True,200,44.4501,4.4994,3.9934,125.513,697.568,220.109,9.85,15.15,0.09,74.9,87.61,134.71,0.84,665.85,1.33,637.66,1567.3,29.38,156,0,2,28,8,42,35,2,35,148,823.3,361.65,51.63,347.67,2392.7,7,0,0,15,23,24,133,683,,0.03
fair,beanstalk-noplace quarantine,,"{""green_mode"": ""quarantine""}",beanstalk-noplace,6,20,200,2,True,200,82.833,2.4145,2.8714,129.239,1397.986,303.327,5.03,12.31,0.05,82.61,83.28,203.89,0.89,1368.6,25.96,1058.35,1597.1,16.07,159,0,2,43,6,41,41,0,41,0,1540.34,385.71,231.66,1154.56,4546.5,9,0,0,10,17,32,142,727,,0.05
qsem,beanstalk quarantine,,"{""green_mode"": ""quarantine"", ""q_sem"": 0.0}",beanstalk,5,20,200,2,True,200,34.1874,5.8501,5.4568,201.434,559.258,222.17,12.13,17.75,0.12,69.99,82.94,121.36,0.85,478.59,3.64,422.64,1463.9,35.68,145,0,2,26,10,31,39,0,39,133,652.24,287.53,32.63,156.96,1812.1,9,0,0,13,24,28,121,672,,0.03
qsem,beanstalk quarantine,,"{""green_mode"": ""quarantine"", ""q_sem"": 0.0}",beanstalk,8,20,200,2,True,200,105.8269,1.8899,1.7561,136.58,2480.845,632.848,4.72,8.77,0.04,86.48,99.8,185.54,0.78,1830.41,1.76,1819.6,1440.5,11.34,144,0,2,17,4,39,30,0,30,128,2741.87,716.67,532.18,2142.49,6087.5,6,0,0,13,22,18,122,638,,0.03
qsem,beanstalk quarantine,,"{""green_mode"": ""quarantine"", ""q_sem"": 0.0}",beanstalk,6,20,200,2,True,200,84.6783,2.3619,5.1369,67.406,668.27,204.991,4.92,11.44,0.05,83.59,83.28,193.7,0.89,1415.7,28.12,1364.29,1551.5,15.27,154,0,2,38,8,44,38,1,38,135,1671.58,338.64,299.69,1359.47,3499.2,7,0,0,7,11,33,143,705,,0.03
qsem,beanstalk quarantine,,"{""green_mode"": ""quarantine"", ""q_sem"": 0.0}",beanstalk,9,20,200,2,True,200,49.4995,4.0404,3.7212,62.449,599.066,179.643,9.05,12.3,0.08,78.57,89.6,121.72,0.83,777.83,4.76,723.03,1451.0,24.43,144,0,2,29,4,34,33,0,33,141,1425.49,279.89,129.35,618.05,2670.9,6,0,0,12,19,24,125,666,,0.03
main,serial,,{},serial,1,20,200,2,True,200,61.2643,3.2645,4.5383,159.61,632.696,234.052,7.26,22.32,41.35,29.07,88.97,273.5,506.67,356.14,0.0,0.0,2620.5,35.64,255,0,1,22,8,55,48,7,48,0,0.0,0.0,65.18,545.85,0.0,0,0,0,0,0,0,0,532,,0.02
main,serial,,{},serial,3,20,200,2,True,200,42.8262,4.67,4.7454,170.645,505.001,213.749,10.23,20.09,63.09,6.59,87.61,172.08,540.41,56.42,5.73,0.0,2505.8,48.76,248,0,1,37,10,48,45,3,45,0,0.0,0.0,8.44,59.62,0.0,0,0,0,0,0,0,0,533,,0.02
main,serial,,{},serial,4,20,200,2,True,200,45.4686,4.3986,4.5957,183.639,467.696,221.209,9.03,17.91,63.18,9.89,82.1,162.83,574.53,89.91,5.47,0.0,2561.4,46.94,253,0,1,35,10,53,48,5,48,0,0.0,0.0,9.85,91.73,0.0,0,0,0,0,0,0,0,541,,0.02
main,serial,,{},serial,6,20,200,2,True,200,84.6638,2.3623,4.6936,181.973,493.172,231.388,4.92,12.23,33.32,49.53,83.28,207.07,564.23,838.71,91.93,0.0,2508.9,24.69,246,0,1,36,6,46,42,4,42,0,0.0,0.0,503.4,2242.14,0.0,0,0,0,0,0,0,0,528,,0.02
main,serial,,{},serial,5,20,200,2,True,200,45.7294,4.3736,4.6708,186.762,517.326,223.82,9.07,17.75,63.82,9.36,82.94,162.34,583.73,85.58,0.0,0.0,2563.3,46.71,249,0,1,51,10,49,46,3,46,0,0.0,0.0,9.26,60.65,0.0,0,0,0,0,0,0,0,549,,0.02
main,serial,,{},serial,8,20,200,2,True,200,107.8755,1.854,4.8389,169.551,457.554,227.301,4.63,10.47,24.65,60.26,99.8,225.9,531.77,1300.04,69.84,0.0,2472.0,19.1,242,0,1,36,6,42,38,4,38,0,0.0,0.0,1170.04,3884.53,0.0,0,0,0,0,0,0,0,520,,0.02
main,serial,,{},serial,7,20,200,2,True,200,48.6523,4.1108,4.7829,166.82,538.43,216.948,8.69,19.19,55.13,16.99,84.57,186.73,536.43,165.32,0.0,0.0,2493.3,42.71,243,0,1,46,5,43,38,5,38,0,0.0,0.0,25.51,326.03,0.0,0,0,0,0,0,0,0,532,,0.02
qsem,beanstalk quarantine,,"{""green_mode"": ""quarantine"", ""q_sem"": 0.0}",beanstalk,1,20,200,2,True,200,50.8512,3.933,4.0143,32.655,661.862,165.403,8.75,16.16,0.08,75.01,88.97,164.4,0.81,762.84,0.0,605.38,1554.7,25.48,156,0,2,17,8,38,39,1,39,154,870.21,325.33,65.95,282.18,2758.4,9,0,0,13,24,29,132,668,,0.06
qsem,beanstalk quarantine,,"{""green_mode"": ""quarantine"", ""q_sem"": 0.0}",beanstalk,7,20,200,2,True,200,40.9067,4.8892,5.2502,27.67,544.961,127.532,10.34,14.98,0.1,74.58,84.57,122.57,0.81,610.19,0.0,458.81,1267.1,25.81,128,0,2,24,3,34,28,1,28,148,628.21,292.41,48.2,196.27,1931.3,8,0,0,7,9,23,119,633,,0.06
main,beanstalk,,{},beanstalk,0,20,200,2,True,200,42.4585,4.7105,4.9947,428.912,1056.816,540.367,9.47,21.95,0.11,68.47,80.43,186.4,0.96,581.39,1.18,578.96,1476.6,28.98,147,0,2,48,3,93,49,1,49,150,822.67,215.54,350.25,1061.88,2266.4,10,0,0,14,42,36,105,741,,0.04
main,beanstalk,,{},beanstalk,1,20,200,2,True,200,48.9892,4.0825,4.0294,598.501,960.954,628.491,9.08,19.98,0.09,70.86,88.97,195.72,0.84,694.25,6.62,649.32,1516.0,25.79,151,0,2,14,6,105,50,1,50,137,567.81,236.05,373.79,965.49,2708.9,11,0,0,16,34,35,117,679,,0.03
main,serial,,{},serial,2,20,200,2,True,200,41.1408,4.8614,4.9358,176.135,428.856,201.882,10.91,15.86,65.92,7.31,89.73,130.52,542.42,60.15,3.6,0.0,2379.3,48.19,233,0,1,33,7,33,31,2,31,0,0.0,0.0,8.32,91.87,0.0,0,0,0,0,0,0,0,499,,0.05
main,beanstalk,,{},beanstalk,2,20,200,2,True,200,27.1789,7.3586,9.5431,345.359,600.77,328.575,16.51,13.46,0.14,69.9,89.73,73.15,0.76,379.94,0.0,328.02,1197.1,36.71,120,0,2,20,5,66,20,1,20,149,538.59,193.4,209.03,602.13,1377.8,7,0,0,13,38,9,82,601,,0.03
main,serial,,{},serial,9,20,200,2,True,200,50.7613,3.94,4.7466,181.138,431.628,220.798,8.83,17.52,54.97,18.68,89.6,177.89,558.1,189.64,0.0,0.0,2515.2,41.29,246,0,1,41,7,46,39,7,39,0,0.0,0.0,18.95,202.04,0.0,0,0,0,0,0,0,0,533,,0.04
main,beanstalk,,{},beanstalk,3,20,200,2,True,200,49.5795,4.0339,5.3396,594.337,792.981,540.873,8.84,15.62,0.09,75.46,87.61,154.85,0.86,748.27,26.37,657.51,1518.4,25.52,150,0,2,27,8,105,43,0,43,146,706.33,211.49,311.0,801.2,2652.0,9,0,0,18,33,26,117,687,,0.03
main,beanstalk,,{},beanstalk,4,20,200,2,True,200,37.013,5.4035,6.0761,406.767,708.806,433.351,11.09,20.35,0.12,68.44,82.1,150.64,0.91,506.61,0.96,502.0,1462.8,32.94,146,0,2,32,8,96,51,0,51,145,440.22,180.42,264.12,714.89,1955.5,11,0,0,15,35,36,111,709,,0.03
main,beanstalk,,{},beanstalk,7,20,200,2,True,200,53.0452,3.7704,3.9218,700.228,1064.244,650.826,7.97,16.35,0.08,75.6,84.57,173.46,0.86,802.01,0.0,725.22,1264.9,19.87,129,0,2,29,6,97,40,0,40,142,947.22,246.3,411.05,1067.99,2915.7,12,0,0,9,15,31,114,666,,0.03
main,beanstalk,,{},beanstalk,6,20,200,2,True,200,97.9554,2.0417,1.8998,818.702,2932.974,1214.21,4.25,12.04,0.05,83.66,83.28,235.85,0.91,1639.07,0.0,1488.66,1532.2,13.04,152,0,2,30,6,120,55,0,55,129,1380.96,257.9,989.11,2934.26,4287.5,11,0,0,14,23,41,129,722,,0.03
main,beanstalk-noplace,,{},beanstalk-noplace,0,20,200,2,True,200,40.0266,4.9967,5.213,639.354,1148.752,678.644,10.05,27.16,0.12,62.67,80.43,217.45,0.97,501.69,0.0,499.48,1579.6,32.89,156,0,2,47,2,96,55,1,55,0,682.63,227.93,427.21,1146.87,2196.8,16,0,0,18,49,38,107,760,,0.02
main,beanstalk-noplace,,{},beanstalk-noplace,2,20,200,2,True,200,38.0135,5.2613,8.483,374.02,1088.079,464.577,11.8,14.98,0.11,73.11,89.73,113.91,0.81,555.82,0.55,554.69,1211.2,26.55,121,0,2,30,4,78,25,1,25,0,640.76,240.22,351.43,1093.85,2025.7,6,0,0,10,25,16,96,632,,0.01
main,beanstalk,,{},beanstalk,8,20,200,2,True,200,114.6854,1.7439,6.5446,1435.569,4510.125,2052.651,4.35,9.5,0.04,86.11,99.8,217.88,0.81,1975.21,0.33,1839.4,1393.1,10.12,139,0,2,19,4,101,35,0,35,131,2320.8,361.36,1691.04,4515.39,6645.2,8,0,0,12,31,23,108,647,,0.03
main,beanstalk-noplace,,{},beanstalk-noplace,3,20,200,2,True,200,46.6002,4.2918,5.1279,579.936,1042.468,633.58,9.4,17.74,0.1,72.77,87.61,165.29,0.92,678.18,2.04,608.37,1453.3,25.99,144,0,2,44,6,105,43,0,43,0,698.78,217.54,382.87,1050.09,2462.1,10,0,0,15,25,28,119,718,,0.02
main,beanstalk-noplace,,{},beanstalk-noplace,4,20,200,2,True,200,43.0224,4.6487,4.9501,583.916,1277.285,629.929,9.54,20.98,0.11,69.38,82.1,180.49,0.92,596.94,4.02,583.31,1456.8,28.22,146,0,2,37,8,91,52,0,52,0,452.23,189.28,430.02,1282.69,2155.3,13,0,0,15,35,37,111,720,,0.01
main,beanstalk,,{},beanstalk,9,20,200,2,True,200,54.8042,3.6494,3.4835,518.67,1784.982,765.007,8.17,13.89,0.08,77.85,89.6,152.28,0.85,853.35,0.0,777.12,1423.1,21.64,142,0,2,24,3,107,42,1,42,137,1313.34,206.56,661.27,1788.56,3078.3,10,0,0,14,26,30,116,674,,0.03
main,beanstalk-noplace,,{},beanstalk-noplace,5,20,200,2,True,200,36.2641,5.5151,6.2716,411.587,884.02,517.829,11.44,19.9,0.13,68.54,82.94,144.33,0.92,497.09,3.96,452.69,1471.4,33.81,147,0,2,45,9,108,43,2,43,0,535.72,176.51,320.63,891.82,1908.8,8,0,0,12,28,33,119,722,,0.02
main,beanstalk-noplace,,{},beanstalk-noplace,6,20,200,2,True,200,79.784,2.5068,2.2697,564.309,2939.658,1074.46,5.22,12.88,0.06,81.84,83.28,205.57,0.9,1305.93,23.16,1167.81,1385.9,14.48,137,0,2,43,6,105,42,1,42,0,1379.4,275.54,1019.83,2942.54,4536.0,10,0,0,8,18,35,119,708,,0.02
main,beanstalk-noplace,,{},beanstalk-noplace,7,20,200,2,True,200,49.0999,4.0733,6.8049,714.37,1518.481,841.28,8.61,17.6,0.09,73.7,84.57,172.81,0.85,723.77,0.0,701.07,1248.5,21.19,125,0,2,28,8,101,37,0,37,0,945.55,256.42,554.94,1526.43,2717.6,9,0,0,8,12,29,113,654,,0.01
main,beanstalk-noplace,,{},beanstalk-noplace,8,20,200,2,True,200,117.8393,1.6972,3.8893,645.751,1876.84,855.268,4.23,10.79,0.04,84.94,99.8,254.35,0.9,2001.74,0.0,1839.5,1435.6,10.15,144,0,2,41,4,91,37,1,37,0,1911.83,342.26,1405.11,3954.35,2897.1,8,0,0,15,39,23,105,698,,0.01
queue,batched k=1,,"{""batch_k"": 1}",batched,0,20,200,2,True,200,39.5906,5.0517,7.9426,67.921,433.318,125.45,10.16,25.75,27.06,37.03,80.43,203.88,214.29,293.22,17.31,0.0,2856.3,60.12,297,33,2,52,2,59,54,1,54,0,0.0,0.0,70.77,504.9,0.0,0,0,42,0,0,0,0,604,,0.02
queue,batched k=1,,"{""batch_k"": 1}",batched,2,20,200,2,True,200,26.7319,7.4817,8.567,71.478,359.018,109.86,16.78,26.97,41.53,14.72,89.73,144.17,222.03,78.71,5.45,0.0,2673.1,83.33,269,23,2,32,7,38,29,9,29,0,0.0,0.0,10.24,75.8,0.0,0,0,31,0,0,0,0,539,,0.02
queue,batched k=1,,"{""batch_k"": 1}",batched,1,20,200,2,True,200,42.3278,4.725,8.3168,52.9,514.151,125.388,10.51,29.06,20.31,40.12,88.97,246.03,171.93,339.63,0.0,0.0,2816.6,55.45,294,37,2,23,6,54,47,3,47,0,0.0,0.0,62.21,343.09,0.0,0,0,44,0,0,0,0,567,,0.02
queue,batched k=1,,"{""batch_k"": 1}",batched,4,20,200,2,True,200,28.169,7.1,7.8103,83.722,365.417,122.585,14.57,26.15,46.38,12.9,82.1,147.3,261.32,72.66,4.17,0.0,2946.4,87.16,297,29,2,33,8,60,49,2,49,0,0.0,0.0,14.6,152.54,0.0,0,0,46,0,0,0,0,581,,0.02
queue,batched k=1,,"{""batch_k"": 1}",batched,3,20,200,2,True,200,38.7901,5.156,8.0596,67.659,396.824,120.261,11.29,24.32,27.35,37.04,87.61,188.68,212.19,287.32,27.12,0.0,2823.2,60.65,289,30,2,41,9,50,45,4,45,0,0.0,0.0,100.47,662.33,0.0,0,0,40,0,0,0,0,579,,0.02
main,beanstalk,,{},beanstalk,5,20,200,2,True,200,67.6493,2.9564,5.6083,1680.012,2333.387,1524.795,6.13,16.25,0.07,77.55,82.94,219.91,0.94,1049.2,0.0,1042.4,1645.6,20.27,163,0,2,31,9,112,62,0,62,136,1248.99,217.76,1025.84,2334.62,3853.0,11,0,0,19,46,44,117,746,,0.07
queue,batched k=1,,"{""batch_k"": 1}",batched,5,20,200,2,True,200,29.1718,6.8559,8.5114,72.724,378.556,116.721,14.22,27.18,39.51,19.1,82.94,158.57,230.5,111.43,0.0,0.0,2784.4,79.54,283,30,2,55,9,48,44,1,44,0,0.0,0.0,16.43,166.64,0.0,0,0,38,0,0,0,0,583,,0.02
queue,batched k=1,,"{""batch_k"": 1}",batched,6,20,200,2,True,200,68.3087,2.9279,7.9593,66.793,496.747,136.781,6.1,18.51,14.86,60.53,83.28,252.92,203.02,826.96,0.0,0.0,2861.9,34.91,296,29,2,40,5,55,48,6,48,0,0.0,0.0,601.75,2203.81,0.0,0,0,42,0,0,0,0,590,,0.02
queue,batched k=1,,"{""batch_k"": 1}",batched,7,20,200,2,True,200,53.1441,3.7634,9.0266,54.481,429.601,124.952,7.96,22.39,16.8,52.86,84.57,237.95,178.56,561.81,0.0,0.0,2708.8,42.48,280,28,2,37,8,47,42,4,42,0,0.0,0.0,255.0,1240.85,0.0,0,0,34,0,0,0,0,563,,0.02
main,beanstalk-noplace,,{},beanstalk-noplace,1,20,200,2,True,200,84.472,2.3676,2.1459,755.751,2551.508,1106.021,5.27,16.56,0.05,78.12,88.97,279.79,0.89,1319.79,9.74,1226.6,1514.9,14.94,150,0,2,25,4,107,54,1,54,0,977.24,311.74,854.71,2565.77,4299.3,10,0,0,15,28,40,122,708,,0.04
queue,batched k=1,,"{""batch_k"": 1}",batched,8,20,200,2,True,200,92.7255,2.1569,8.4914,57.277,457.838,129.984,5.38,13.82,9.54,71.25,99.8,256.36,176.92,1321.43,133.18,0.0,2712.1,24.37,274,24,2,43,7,42,38,3,38,0,0.0,0.0,1165.76,3585.83,0.0,0,0,33,0,0,0,0,558,,0.02
queue,batched k=1,,"{""batch_k"": 1}",batched,9,20,200,2,True,200,40.1299,4.9838,8.2671,67.836,331.044,125.298,11.16,25.86,26.18,36.8,89.6,207.57,210.09,295.34,18.24,0.0,2768.8,57.5,279,28,2,43,6,44,41,3,41,0,0.0,0.0,58.13,369.69,0.0,0,0,35,0,0,0,0,566,,0.02
queue,batched-par k=1,,"{""batch_k"": 1}",batched-par,0,20,200,2,True,200,35.9117,5.5692,8.598,61.507,423.421,117.812,11.2,27.73,26.95,34.12,80.43,199.14,193.57,245.1,0.0,0.0,2727.8,63.3,280,22,2,51,3,56,53,2,53,0,0.0,0.0,41.71,342.63,0.0,0,0,25,0,0,0,0,586,,0.02
queue,batched-par k=1,,"{""batch_k"": 1}",batched-par,1,20,200,2,True,200,42.1022,4.7503,9.0478,42.74,478.642,119.904,10.57,30.87,16.6,41.97,88.97,259.94,139.74,353.4,0.0,0.0,2644.7,52.35,268,11,2,22,5,55,52,3,52,0,0.0,0.0,57.56,279.83,0.0,0,0,13,0,0,0,0,545,,0.02
queue,batched-par k=1,,"{""batch_k"": 1}",batched-par,2,20,200,2,True,200,25.2453,7.9223,9.5294,57.03,331.766,96.569,17.77,28.06,35.7,18.47,89.73,141.65,180.25,93.28,5.82,0.0,2456.4,81.08,247,12,2,30,6,34,29,5,29,0,0.0,0.0,11.38,109.22,0.0,0,0,13,0,0,0,0,511,,0.02
queue,batched-par k=1,,"{""batch_k"": 1}",batched-par,3,20,200,2,True,200,31.6198,6.3252,8.7416,58.757,392.891,110.982,13.85,29.64,28.85,27.65,87.61,187.47,182.47,174.85,15.85,0.0,2675.9,70.52,270,15,2,37,7,51,47,4,47,0,0.0,0.0,33.8,319.42,0.0,0,0,19,0,0,0,0,558,,0.02
queue,batched-par k=1,,"{""batch_k"": 1}",batched-par,4,20,200,2,True,200,26.967,7.4165,8.6589,65.104,337.175,107.299,15.22,27.24,39.08,18.46,82.1,146.89,210.77,99.58,8.64,0.0,2655.5,82.06,266,13,2,33,10,51,49,1,49,0,0.0,0.0,15.27,169.25,0.0,0,0,16,0,0,0,0,549,,0.02
queue,batched-par k=1,,"{""batch_k"": 1}",batched-par,5,20,200,2,True,200,28.0656,7.1262,8.9275,66.209,372.618,108.764,14.78,27.94,36.65,20.64,82.94,156.8,205.74,115.83,0.0,0.0,2657.0,78.89,269,20,2,56,12,47,43,3,43,0,0.0,0.0,14.48,137.31,0.0,0,0,23,0,0,0,0,571,,0.02
queue,batched-par k=1,,"{""batch_k"": 1}",batched-par,6,20,200,2,True,200,66.9215,2.9886,8.7518,59.779,509.108,124.31,6.22,17.34,13.62,62.82,83.28,232.07,182.29,840.79,0.0,0.0,2661.6,33.14,271,21,2,42,4,49,44,5,44,0,0.0,0.0,604.55,2182.93,0.0,0,0,22,0,0,0,0,562,,0.02
queue,batched-par k=1,,"{""batch_k"": 1}",batched-par,7,20,200,2,True,200,37.5545,5.3256,9.3066,43.837,489.445,111.667,11.26,29.68,19.87,39.18,84.57,222.96,149.27,294.3,0.0,0.0,2587.2,57.41,260,16,2,42,6,43,40,2,40,0,0.0,0.0,67.84,486.88,0.0,0,0,18,0,0,0,0,544,,0.02
main,beanstalk-noplace,,{},beanstalk-noplace,9,20,200,2,True,200,62.3246,3.209,2.812,760.413,1714.034,853.804,7.19,12.0,0.07,80.74,89.6,149.56,0.87,1006.47,4.22,978.38,1384.3,18.51,140,0,2,33,6,104,38,1,38,0,1314.83,210.11,604.19,1713.59,3494.9,8,0,0,11,27,28,113,683,,0.05
queue,batched-par k=1,,"{""batch_k"": 1}",batched-par,8,20,200,2,True,200,91.1054,2.1953,9.0511,46.514,417.535,120.599,5.48,13.61,8.46,72.46,99.8,247.92,154.07,1320.31,134.15,0.0,2584.0,23.64,259,13,2,41,6,45,41,4,41,0,0.0,0.0,1303.7,3768.32,0.0,0,0,14,0,0,0,0,545,,0.02
queue,batched-par k=1,,"{""batch_k"": 1}",batched-par,9,20,200,2,True,200,44.7118,4.4731,9.3868,60.125,293.467,114.268,10.02,22.17,20.43,47.39,89.6,198.22,182.68,423.75,24.78,0.0,2551.1,47.55,257,16,2,42,6,41,39,2,39,0,0.0,0.0,110.17,577.21,0.0,0,0,16,0,0,0,0,540,,0.02
fair,batched k=1 released,,"{""batch_k"": 1, ""queue_agents"": ""released""}",batched,0,20,200,2,True,200,39.4906,5.0645,7.4162,622.386,1276.85,654.439,10.18,35.77,0.0,54.05,80.43,282.5,0.0,426.89,0.0,0.0,3100.0,65.42,321,42,2,115,16,68,62,3,62,0,0.0,0.0,42.94,388.85,0.0,0,0,56,0,0,0,0,701,,0.02
fair,batched k=1 released,,"{""batch_k"": 1, ""queue_agents"": ""released""}",batched,2,20,200,2,True,200,31.4646,6.3564,7.7119,562.272,1107.182,557.517,14.26,36.16,0.0,49.58,89.73,227.54,0.0,312.02,0.0,0.0,2897.3,76.74,297,35,2,96,17,54,42,12,42,0,0.0,0.0,21.14,218.25,0.0,0,0,43,0,0,0,0,647,,0.02
fair,batched k=1 released,,"{""batch_k"": 1, ""queue_agents"": ""released""}",batched,1,20,200,2,True,200,41.8489,4.7791,7.4961,575.464,1205.8,597.285,10.63,38.8,0.0,50.57,88.97,324.75,0.0,423.25,0.0,0.0,3029.1,60.32,312,37,2,89,13,69,61,4,61,0,0.0,0.0,49.47,370.43,0.0,0,0,47,0,0,0,0,666,,0.02
fair,batched k=1 released,,"{""batch_k"": 1, ""queue_agents"": ""released""}",batched,3,20,200,2,True,200,32.1456,6.2217,7.8534,607.341,1104.367,595.082,13.63,36.05,0.0,50.32,87.61,231.8,0.0,323.5,0.0,0.0,2903.2,75.26,295,28,2,97,21,57,54,0,54,0,0.0,0.0,20.49,217.01,0.0,0,0,41,0,0,0,0,646,,0.02
fair,batched k=1 released,,"{""batch_k"": 1, ""queue_agents"": ""released""}",batched,4,20,200,2,True,200,31.9748,6.2549,7.2917,625.462,1228.038,622.983,12.84,35.64,0.0,51.52,82.1,227.93,0.0,329.46,0.0,0.0,3063.5,79.84,316,39,2,88,38,66,60,4,60,0,0.0,0.0,21.29,227.7,0.0,0,0,52,0,0,0,0,668,,0.02
fair,batched k=1 released,,"{""batch_k"": 1, ""queue_agents"": ""released""}",batched,8,20,200,2,True,200,98.7878,2.0245,8.0033,528.469,1095.915,576.826,5.05,17.09,0.0,77.86,99.8,337.72,0.0,1538.24,0.0,0.0,2851.2,24.05,298,34,2,96,20,56,49,5,49,0,0.0,0.0,1331.93,3963.47,0.0,0,0,44,0,0,0,0,648,,0.02
fair,batched k=1 released,,"{""batch_k"": 1, ""queue_agents"": ""released""}",batched,9,20,200,2,True,200,44.6056,4.4837,7.8967,498.01,1116.026,553.648,10.04,28.55,0.0,61.41,89.6,254.7,0.0,547.81,0.0,0.0,2892.6,54.04,291,28,2,88,21,58,51,2,51,0,0.0,0.0,53.16,293.69,0.0,0,0,38,0,0,0,0,632,,0.02
fair,batched k=1 released,,"{""batch_k"": 1, ""queue_agents"": ""released""}",batched,5,20,200,2,True,200,68.8314,2.9056,7.623,616.672,1203.13,634.785,6.02,21.02,0.0,72.96,82.94,289.34,0.0,1004.35,0.0,0.0,3003.3,36.36,315,40,2,124,37,66,61,4,61,0,0.0,0.0,650.26,2303.17,0.0,0,0,50,0,0,0,0,704,,0.02
fair,batched k=1 released,,"{""batch_k"": 1, ""queue_agents"": ""released""}",batched,7,20,200,2,True,200,41.3773,4.8336,8.2388,605.946,1160.726,600.557,10.22,34.14,0.0,55.65,84.57,282.49,0.0,460.49,0.0,0.0,2843.5,57.27,292,25,2,99,18,54,48,4,48,0,0.0,0.0,70.74,523.9,0.0,0,0,40,0,0,0,0,643,,0.02
place,beanstalk soft,predicted-best,"{""flag_clean"": 0.15, ""flag_recall"": 0.6, ""placement_fallback"": ""least-overlap""}",beanstalk,1,20,200,2,True,200,58.244,3.4338,4.42,713.35,1354.685,767.04,7.64,17.27,0.07,75.02,88.97,201.23,0.85,873.83,0.84,750.88,1428.4,20.44,143,0,2,25,4,103,45,0,45,70,621.31,262.64,474.28,1356.13,3238.3,10,0,0,13,27,33,116,683,,0.03
place,beanstalk soft,predicted-best,"{""flag_clean"": 0.15, ""flag_recall"": 0.6, ""placement_fallback"": ""least-overlap""}",beanstalk,0,20,200,2,True,200,52.2586,3.8271,3.8075,572.069,1044.704,638.546,7.7,19.28,0.09,72.93,80.43,201.53,0.94,762.27,0.0,602.45,1483.3,23.65,147,0,2,43,3,103,52,0,52,102,823.31,219.03,412.22,1047.97,2924.2,10,0,0,16,33,36,114,736,,0.04
place,beanstalk soft,predicted-best,"{""flag_clean"": 0.15, ""flag_recall"": 0.6, ""placement_fallback"": ""least-overlap""}",beanstalk,2,20,200,2,True,200,32.9342,6.0727,6.4423,347.414,612.697,363.989,13.62,12.13,0.11,74.13,89.73,79.93,0.76,488.27,10.02,409.65,1149.0,29.07,116,0,2,14,8,70,23,0,23,86,558.04,204.97,217.04,615.78,1610.7,7,0,0,11,30,12,86,589,,0.03
place,beanstalk soft,predicted-best,"{""flag_clean"": 0.15, ""flag_recall"": 0.6, ""placement_fallback"": ""least-overlap""}",beanstalk,4,20,200,2,True,200,32.5576,6.143,7.0588,462.266,576.204,436.091,12.61,21.51,0.13,65.75,82.1,140.03,0.88,428.14,0.0,427.43,1362.3,34.87,135,0,2,25,6,91,49,0,49,75,441.17,181.33,247.05,574.76,1745.4,15,0,0,13,33,36,102,679,,0.03
place,beanstalk soft,predicted-best,"{""flag_clean"": 0.15, ""flag_recall"": 0.6, ""placement_fallback"": ""least-overlap""}",beanstalk,3,20,200,2,True,200,42.0926,4.7514,5.7826,519.778,768.443,498.444,10.41,18.59,0.1,70.9,87.61,156.53,0.85,596.86,1.38,584.89,1433.3,28.37,142,0,2,24,8,103,43,1,43,78,695.62,213.01,296.75,772.57,2273.8,10,0,0,14,25,30,117,677,,0.03
fair,batched k=1 released,,"{""batch_k"": 1, ""queue_agents"": ""released""}",batched,6,20,200,2,True,200,72.702,2.751,8.1625,541.115,1056.174,582.174,5.73,17.46,0.0,76.81,83.28,253.89,0.0,1116.87,0.0,0.0,2780.1,31.87,285,28,2,101,17,49,46,2,46,0,0.0,0.0,696.4,2444.84,0.0,0,0,37,0,0,0,0,634,,0.05
place,beanstalk soft,predicted-best,"{""flag_clean"": 0.15, ""flag_recall"": 0.6, ""placement_fallback"": ""least-overlap""}",beanstalk,6,20,200,2,True,200,80.3326,2.4896,2.3732,694.775,2932.787,1115.913,5.18,13.15,0.06,81.61,83.28,211.22,0.9,1311.26,23.1,1265.02,1335.8,13.86,133,0,2,33,7,112,43,0,43,70,1377.7,278.61,1023.4,2940.8,4542.3,9,0,0,6,9,37,124,682,,0.03
place,beanstalk soft,predicted-best,"{""flag_clean"": 0.15, ""flag_recall"": 0.6, ""placement_fallback"": ""least-overlap""}",beanstalk,5,20,200,2,True,200,91.8688,2.177,2.1863,1084.894,3956.015,1534.338,4.51,12.34,0.05,83.1,82.94,226.72,0.94,1526.77,42.4,988.55,1508.0,13.68,150,0,2,37,12,110,57,0,57,96,1249.21,243.22,1550.31,3959.55,4039.5,14,0,0,16,32,42,118,737,,0.04
place,beanstalk soft,predicted-best,"{""flag_clean"": 0.15, ""flag_recall"": 0.6, ""placement_fallback"": ""least-overlap""}",beanstalk,9,20,200,2,True,200,49.1278,4.071,3.8454,419.232,1765.466,794.673,9.12,17.2,0.09,73.59,89.6,169.03,0.85,723.07,0.21,699.25,1483.7,25.17,148,0,2,21,8,111,48,1,48,81,1313.36,201.37,608.5,1774.45,2735.4,10,0,0,14,27,35,121,687,,0.03
place,beanstalk soft,predicted-best,"{""flag_clean"": 0.15, ""flag_recall"": 0.6, ""placement_fallback"": ""least-overlap""}",beanstalk,7,20,200,2,True,200,52.0655,3.8413,8.976,806.46,2014.291,1024.807,8.12,16.68,0.08,75.12,84.57,173.65,0.85,782.25,10.67,622.12,1400.9,22.42,142,0,2,21,7,110,44,0,44,78,624.44,229.62,738.41,2016.86,2829.9,10,0,0,13,19,31,123,672,,0.03
place,beanstalk soft,predicted-best,"{""flag_clean"": 0.15, ""flag_recall"": 0.6, ""placement_fallback"": ""least-overlap""}",beanstalk,8,20,200,2,True,200,112.1654,1.7831,1.917,1680.187,4507.607,1772.405,4.45,10.91,0.04,84.61,99.8,244.72,0.83,1897.96,32.11,1706.61,1516.9,11.27,152,0,2,20,3,101,43,1,43,77,1916.09,325.92,1748.78,4510.95,6474.2,11,0,0,19,41,25,111,678,,0.03
place,beanstalk hard,predicted-best,"{""flag_clean"": 0.15, ""flag_recall"": 0.6, ""placement_fallback"": ""wait""}",beanstalk,0,20,200,2,True,200,60.5531,3.3029,5.2901,526.729,871.526,538.746,6.64,14.0,0.07,79.28,80.43,169.59,0.87,960.17,306.88,640.67,1608.5,22.14,161,0,2,24,8,113,52,0,52,0,678.85,201.73,318.96,874.33,2553.2,10,0,0,17,35,37,126,713,,0.04
place,beanstalk hard,predicted-best,"{""flag_clean"": 0.15, ""flag_recall"": 0.6, ""placement_fallback"": ""wait""}",beanstalk,1,20,200,2,True,200,50.9244,3.9274,4.7698,619.321,819.004,571.007,8.74,19.72,0.08,71.47,88.97,200.83,0.82,727.88,59.39,665.5,1446.1,23.66,143,0,2,15,8,93,45,0,45,0,610.91,277.02,325.23,829.0,2673.8,10,0,0,12,27,34,116,663,,0.03
place,beanstalk hard,predicted-best,"{""flag_clean"": 0.15, ""flag_recall"": 0.6, ""placement_fallback"": ""wait""}",beanstalk,2,20,200,2,True,200,31.1286,6.425,9.3166,307.671,362.444,271.707,14.41,11.02,0.12,74.45,89.73,68.61,0.74,463.49,176.59,286.57,1253.3,33.55,126,0,2,13,4,84,21,0,21,0,289.04,183.24,144.99,368.84,1348.2,7,0,0,10,20,12,106,594,,0.03
place,beanstalk hard,predicted-best,"{""flag_clean"": 0.15, ""flag_recall"": 0.6, ""placement_fallback"": ""wait""}",beanstalk,3,20,200,2,True,200,58.4879,3.4195,6.153,462.195,1021.993,552.207,7.49,15.0,0.07,77.44,87.61,175.41,0.83,905.9,121.09,756.47,1742.8,24.83,172,0,2,16,6,122,47,2,47,0,697.16,224.27,392.09,1024.59,3156.8,9,0,0,18,35,31,137,698,,0.04
place,beanstalk hard,predicted-best,"{""flag_clean"": 0.15, ""flag_recall"": 0.6, ""placement_fallback"": ""wait""}",beanstalk,4,20,200,2,True,200,36.4734,5.4835,8.5439,343.79,568.158,335.146,11.25,16.38,0.11,72.25,82.1,119.5,0.83,527.04,156.56,349.17,1436.8,32.83,144,0,2,19,4,84,44,1,44,0,438.08,172.71,206.33,567.63,1845.3,10,0,0,12,34,33,110,669,,0.03
place,beanstalk hard,predicted-best,"{""flag_clean"": 0.15, ""flag_recall"": 0.6, ""placement_fallback"": ""wait""}",beanstalk,6,20,200,2,True,200,96.4366,2.0739,1.9694,869.446,2985.064,1042.517,4.32,11.6,0.04,84.04,83.28,223.77,0.85,1620.84,492.06,1126.49,1642.5,14.19,162,0,2,18,5,135,50,0,50,0,1381.55,269.98,976.47,2998.95,5353.7,10,0,0,10,16,40,146,696,,0.03
place,beanstalk hard,predicted-best,"{""flag_clean"": 0.15, ""flag_recall"": 0.6, ""placement_fallback"": ""wait""}",beanstalk,5,20,200,2,True,200,43.028,4.6481,5.269,385.254,623.575,385.882,9.64,16.85,0.1,73.41,82.94,145.01,0.85,631.76,118.3,513.17,1540.6,29.84,154,0,2,22,6,114,46,0,46,0,535.8,181.86,217.85,634.44,2203.3,9,0,0,13,24,34,130,688,,0.04
place,beanstalk hard,predicted-best,"{""flag_clean"": 0.15, ""flag_recall"": 0.6, ""placement_fallback"": ""wait""}",beanstalk,7,20,200,2,True,200,58.7917,3.4018,3.6615,797.593,1743.415,860.187,7.19,13.54,0.07,79.2,84.57,159.17,0.79,931.31,142.61,775.22,1390.1,19.7,142,0,2,9,2,112,38,0,38,0,623.12,249.63,603.12,1743.39,3065.5,10,0,0,8,10,30,132,634,,0.03
place,beanstalk hard,predicted-best,"{""flag_clean"": 0.15, ""flag_recall"": 0.6, ""placement_fallback"": ""wait""}",beanstalk,8,20,200,2,True,200,92.8815,2.1533,2.1383,587.376,3866.571,1223.975,5.37,9.66,0.04,84.93,99.8,179.4,0.77,1577.66,165.26,1374.37,1423.3,12.77,142,0,2,9,6,99,34,0,34,0,1912.8,325.83,1415.5,3878.46,4809.3,7,0,0,13,27,21,115,626,,0.03
place,beanstalk soft,predicted-typical,"{""flag_clean"": 0.25, ""flag_recall"": 0.6, ""placement_fallback"": ""least-overlap""}",beanstalk,2,20,200,2,True,200,27.1789,7.3586,9.5431,345.359,600.77,328.575,16.51,13.46,0.14,69.9,89.73,73.15,0.76,379.94,0.0,328.02,1197.1,36.71,120,0,2,20,5,66,20,1,20,149,538.59,193.4,209.03,602.13,1377.8,7,0,0,13,38,9,82,601,,0.03
place,beanstalk hard,predicted-best,"{""flag_clean"": 0.15, ""flag_recall"": 0.6, ""placement_fallback"": ""wait""}",beanstalk,9,20,200,2,True,200,72.3871,2.7629,2.4643,261.296,2273.664,684.082,6.19,12.66,0.06,81.09,89.6,183.3,0.84,1174.0,114.34,1056.52,1676.3,19.3,167,0,2,11,3,132,53,0,53,0,1315.18,216.18,749.79,2288.95,3923.4,7,0,0,13,19,40,148,693,,0.03
place,beanstalk soft,predicted-typical,"{""flag_clean"": 0.25, ""flag_recall"": 0.6, ""placement_fallback"": ""least-overlap""}",beanstalk,1,20,200,2,True,200,48.9892,4.0825,4.0294,598.501,960.954,628.491,9.08,19.98,0.09,70.86,88.97,195.72,0.84,694.25,6.62,649.32,1516.0,25.79,151,0,2,14,6,105,50,1,50,137,567.81,236.05,373.79,965.49,2708.9,11,0,0,16,34,35,117,679,,0.03
place,beanstalk soft,predicted-typical,"{""flag_clean"": 0.25, ""flag_recall"": 0.6, ""placement_fallback"": ""least-overlap""}",beanstalk,0,20,200,2,True,200,42.4585,4.7105,4.9947,428.912,1056.816,540.367,9.47,21.95,0.11,68.47,80.43,186.4,0.96,581.39,1.18,578.96,1476.6,28.98,147,0,2,48,3,93,49,1,49,150,822.67,215.54,350.25,1061.88,2266.4,10,0,0,14,42,36,105,741,,0.04
place,beanstalk soft,predicted-typical,"{""flag_clean"": 0.25, ""flag_recall"": 0.6, ""placement_fallback"": ""least-overlap""}",beanstalk,3,20,200,2,True,200,49.5795,4.0339,5.3396,594.337,792.981,540.873,8.84,15.62,0.09,75.46,87.61,154.85,0.86,748.27,26.37,657.51,1518.4,25.52,150,0,2,27,8,105,43,0,43,146,706.33,211.49,311.0,801.2,2652.0,9,0,0,18,33,26,117,687,,0.03
place,beanstalk soft,predicted-typical,"{""flag_clean"": 0.25, ""flag_recall"": 0.6, ""placement_fallback"": ""least-overlap""}",beanstalk,4,20,200,2,True,200,37.013,5.4035,6.0761,406.767,708.806,433.351,11.09,20.35,0.12,68.44,82.1,150.64,0.91,506.61,0.96,502.0,1462.8,32.94,146,0,2,32,8,96,51,0,51,145,440.22,180.42,264.12,714.89,1955.5,11,0,0,15,35,36,111,709,,0.03
place,beanstalk soft,predicted-typical,"{""flag_clean"": 0.25, ""flag_recall"": 0.6, ""placement_fallback"": ""least-overlap""}",beanstalk,5,20,200,2,True,200,67.6493,2.9564,5.6083,1680.012,2333.387,1524.795,6.13,16.25,0.07,77.55,82.94,219.91,0.94,1049.2,0.0,1042.4,1645.6,20.27,163,0,2,31,9,112,62,0,62,136,1248.99,217.76,1025.84,2334.62,3853.0,11,0,0,19,46,44,117,746,,0.04
place,beanstalk soft,predicted-typical,"{""flag_clean"": 0.25, ""flag_recall"": 0.6, ""placement_fallback"": ""least-overlap""}",beanstalk,8,20,200,2,True,200,114.6854,1.7439,6.5446,1435.569,4510.125,2052.651,4.35,9.5,0.04,86.11,99.8,217.88,0.81,1975.21,0.33,1839.4,1393.1,10.12,139,0,2,19,4,101,35,0,35,131,2320.8,361.36,1691.04,4515.39,6645.2,8,0,0,12,31,23,108,647,,0.03
place,beanstalk soft,predicted-typical,"{""flag_clean"": 0.25, ""flag_recall"": 0.6, ""placement_fallback"": ""least-overlap""}",beanstalk,7,20,200,2,True,200,53.0452,3.7704,3.9218,700.228,1064.244,650.826,7.97,16.35,0.08,75.6,84.57,173.46,0.86,802.01,0.0,725.22,1264.9,19.87,129,0,2,29,6,97,40,0,40,142,947.22,246.3,411.05,1067.99,2915.7,12,0,0,9,15,31,114,666,,0.03
place,beanstalk soft,predicted-typical,"{""flag_clean"": 0.25, ""flag_recall"": 0.6, ""placement_fallback"": ""least-overlap""}",beanstalk,9,20,200,2,True,200,54.8042,3.6494,3.4835,518.67,1784.982,765.007,8.17,13.89,0.08,77.85,89.6,152.28,0.85,853.35,0.0,777.12,1423.1,21.64,142,0,2,24,3,107,42,1,42,137,1313.34,206.56,661.27,1788.56,3078.3,10,0,0,14,26,30,116,674,,0.03
place,beanstalk hard,predicted-typical,"{""flag_clean"": 0.25, ""flag_recall"": 0.6, ""placement_fallback"": ""wait""}",beanstalk,0,20,200,2,True,200,60.6937,3.2952,3.7542,472.668,773.684,439.983,6.63,12.48,0.07,80.83,80.43,151.49,0.83,981.13,348.9,629.83,1685.5,23.14,169,0,2,18,5,122,47,0,47,0,681.63,190.38,262.51,787.83,3189.1,9,0,0,13,22,34,147,699,,0.03
place,beanstalk hard,predicted-typical,"{""flag_clean"": 0.25, ""flag_recall"": 0.6, ""placement_fallback"": ""wait""}",beanstalk,1,20,200,2,True,200,59.6814,3.3511,3.5258,573.173,793.256,471.103,7.45,14.95,0.07,77.53,88.97,178.48,0.79,925.38,246.18,676.22,1703.0,23.78,171,0,2,11,4,125,44,1,44,0,562.72,236.67,287.65,802.42,3081.7,11,0,0,12,17,33,154,682,,0.03
place,beanstalk hard,predicted-typical,"{""flag_clean"": 0.25, ""flag_recall"": 0.6, ""placement_fallback"": ""wait""}",beanstalk,2,20,200,2,True,200,42.4015,4.7168,4.8361,267.809,1751.335,632.139,10.58,11.9,0.09,77.43,89.73,100.94,0.76,656.61,289.93,364.02,1640.7,32.25,164,0,2,9,5,115,30,0,30,0,344.21,209.24,630.67,1756.99,2012.0,7,0,0,13,20,18,144,640,,0.03
place,beanstalk hard,predicted-typical,"{""flag_clean"": 0.25, ""flag_recall"": 0.6, ""placement_fallback"": ""wait""}",beanstalk,3,20,200,2,True,200,54.1166,3.6957,4.8129,439.732,880.413,438.332,8.09,11.67,0.07,80.16,87.61,126.3,0.79,867.63,279.03,574.25,1721.5,26.51,172,0,2,12,3,119,39,0,39,0,691.9,204.18,289.93,894.12,2409.4,7,0,0,15,19,25,152,673,,0.03
place,beanstalk hard,predicted-typical,"{""flag_clean"": 0.25, ""flag_recall"": 0.6, ""placement_fallback"": ""wait""}",beanstalk,6,20,200,2,True,200,117.2727,1.7054,2.6843,520.421,903.332,565.912,3.55,9.2,0.03,87.21,83.28,215.82,0.82,2045.55,856.34,1022.11,1758.7,12.5,175,0,2,11,4,139,50,0,50,0,1376.1,263.79,790.77,2878.15,3668.3,9,0,0,9,11,42,164,696,,0.04
place,beanstalk soft,predicted-typical,"{""flag_clean"": 0.25, ""flag_recall"": 0.6, ""placement_fallback"": ""least-overlap""}",beanstalk,6,20,200,2,True,200,97.9554,2.0417,1.8998,818.702,2932.974,1214.21,4.25,12.04,0.05,83.66,83.28,235.85,0.91,1639.07,0.0,1488.66,1532.2,13.04,152,0,2,30,6,120,55,0,55,129,1380.96,257.9,989.11,2934.26,4287.5,11,0,0,14,23,41,129,722,,0.06
place,beanstalk hard,predicted-typical,"{""flag_clean"": 0.25, ""flag_recall"": 0.6, ""placement_fallback"": ""wait""}",beanstalk,8,20,200,2,True,200,116.0647,1.7232,1.6615,1850.839,4759.677,2297.232,4.3,7.84,0.03,87.83,99.8,182.01,0.76,2038.72,594.69,1442.46,1682.4,12.08,169,0,2,11,4,134,34,0,34,0,1913.31,313.22,1735.05,4769.79,6425.6,6,0,0,13,18,21,151,659,,0.03
place,beanstalk hard,predicted-typical,"{""flag_clean"": 0.25, ""flag_recall"": 0.6, ""placement_fallback"": ""wait""}",beanstalk,9,20,200,2,True,200,71.754,2.7873,2.506,426.079,1449.031,574.742,6.24,9.24,0.05,84.47,89.6,132.53,0.77,1212.18,269.02,941.84,1658.4,19.26,165,0,2,8,3,126,36,1,36,0,1313.77,223.47,530.2,1470.32,3809.7,6,0,0,11,15,27,150,654,,0.03
place,beanstalk hard,predicted-typical,"{""flag_clean"": 0.25, ""flag_recall"": 0.6, ""placement_fallback"": ""wait""}",beanstalk,7,20,200,2,True,200,68.9817,2.8993,3.9485,797.181,1571.427,764.937,6.13,12.39,0.06,81.42,84.57,170.92,0.78,1123.37,364.08,755.98,1659.5,20.05,168,0,2,9,6,125,41,0,41,0,945.44,251.63,548.73,1582.83,3662.6,8,0,0,7,11,34,157,668,,0.03
place,beanstalk soft,module-level,"{""flag_clean"": 0.6, ""flag_recall"": 0.9, ""placement_fallback"": ""least-overlap""}",beanstalk,0,20,200,2,True,200,49.985,4.0012,4.1772,518.809,1220.389,625.168,8.05,20.82,0.09,71.04,80.43,208.12,0.95,710.2,3.28,700.87,1562.4,26.05,156,0,2,41,6,93,57,0,57,181,824.08,213.82,390.09,1223.13,2726.8,14,0,0,20,51,39,105,752,,0.04
place,beanstalk soft,module-level,"{""flag_clean"": 0.6, ""flag_recall"": 0.9, ""placement_fallback"": ""least-overlap""}",beanstalk,1,20,200,2,True,200,59.2029,3.3782,3.4654,706.56,1352.756,727.112,7.51,20.07,0.07,72.34,88.97,237.69,0.89,856.51,1.0,805.08,1567.6,22.07,154,0,2,24,4,108,55,0,55,176,582.83,255.96,468.86,1353.77,3328.9,11,0,0,13,29,43,125,711,,0.03
place,beanstalk soft,module-level,"{""flag_clean"": 0.6, ""flag_recall"": 0.9, ""placement_fallback"": ""least-overlap""}",beanstalk,2,20,200,2,True,200,41.3486,4.8369,5.7685,711.227,1349.502,769.342,10.85,15.81,0.1,73.24,89.73,130.73,0.85,605.66,1.34,597.81,1278.5,25.77,128,0,2,39,2,98,27,0,27,180,666.88,240.48,494.42,1354.66,2193.8,6,0,0,12,20,15,108,657,,0.03
place,beanstalk hard,predicted-typical,"{""flag_clean"": 0.25, ""flag_recall"": 0.6, ""placement_fallback"": ""wait""}",beanstalk,4,20,200,2,True,200,48.9853,4.0829,4.6565,339.936,692.281,402.873,8.38,13.47,0.08,78.07,82.1,131.95,0.83,764.82,237.9,524.5,1773.7,30.17,176,0,2,14,5,124,49,0,49,0,460.17,172.97,251.02,700.38,2501.7,8,0,0,14,34,35,142,702,,0.06
place,beanstalk soft,module-level,"{""flag_clean"": 0.6, ""flag_recall"": 0.9, ""placement_fallback"": ""least-overlap""}",beanstalk,3,20,200,2,True,200,51.8846,3.8547,3.9821,587.55,981.718,616.217,8.44,17.32,0.09,74.15,87.61,179.69,0.91,769.48,6.09,744.23,1517.1,24.37,150,0,2,38,3,108,46,0,46,179,690.95,227.93,367.61,981.26,2819.7,9,0,0,14,30,32,120,714,,0.03
place,beanstalk soft,module-level,"{""flag_clean"": 0.6, ""flag_recall"": 0.9, ""placement_fallback"": ""least-overlap""}",beanstalk,4,20,200,2,True,200,43.9278,4.5529,4.3968,695.698,1438.601,828.547,9.35,18.15,0.1,72.4,82.1,159.43,0.92,636.1,4.94,622.71,1503.8,28.53,150,0,2,37,13,109,51,0,51,174,463.54,177.78,528.11,1445.75,2317.6,10,0,0,16,33,36,117,725,,0.03
place,beanstalk hard,predicted-typical,"{""flag_clean"": 0.25, ""flag_recall"": 0.6, ""placement_fallback"": ""wait""}",beanstalk,5,20,200,2,True,200,61.2232,3.2667,3.8041,613.508,1134.409,572.512,6.77,12.81,0.07,80.35,82.94,156.85,0.82,983.86,312.72,660.78,1732.4,23.58,174,0,2,16,6,128,49,0,49,0,535.83,200.25,384.15,1147.98,2907.1,7,0,0,14,23,36,151,704,,0.06
place,beanstalk soft,module-level,"{""flag_clean"": 0.6, ""flag_recall"": 0.9, ""placement_fallback"": ""least-overlap""}",beanstalk,5,20,200,2,True,200,57.1406,3.5001,3.3441,526.382,1763.427,774.616,7.26,19.41,0.09,73.25,82.94,221.81,0.97,837.09,0.85,834.8,1755.5,25.6,174,0,2,35,24,126,68,0,68,177,581.79,195.13,591.35,1773.15,3189.0,9,0,0,21,37,48,137,776,,0.04
place,beanstalk soft,module-level,"{""flag_clean"": 0.6, ""flag_recall"": 0.9, ""placement_fallback"": ""least-overlap""}",beanstalk,6,20,200,2,True,200,86.8642,2.3024,2.1707,803.12,3593.36,1896.025,4.79,13.94,0.05,81.21,83.28,242.21,0.88,1410.92,23.15,1296.21,1452.6,13.94,145,0,2,22,14,122,54,0,54,178,1376.83,262.01,1355.07,3588.84,4967.2,10,0,0,8,13,46,132,697,,0.04
place,beanstalk soft,module-level,"{""flag_clean"": 0.6, ""flag_recall"": 0.9, ""placement_fallback"": ""least-overlap""}",beanstalk,8,20,200,2,True,200,102.8365,1.9448,7.6696,2280.538,4900.264,2356.277,4.85,11.72,0.04,83.38,99.8,241.1,0.87,1714.97,0.0,1660.61,1523.2,12.34,152,0,2,34,8,106,41,1,41,176,2318.58,327.32,2022.17,4901.22,5926.8,8,0,0,16,35,26,117,702,,0.03
place,beanstalk soft,module-level,"{""flag_clean"": 0.6, ""flag_recall"": 0.9, ""placement_fallback"": ""least-overlap""}",beanstalk,7,20,200,2,True,200,54.0561,3.6999,18.7613,628.788,1966.309,906.759,7.82,16.43,0.08,75.67,84.57,177.64,0.84,818.08,25.36,647.13,1373.6,21.18,139,0,2,25,6,111,42,1,42,177,623.47,230.49,708.3,1967.24,2952.6,10,0,0,9,13,34,126,673,,0.03
place,beanstalk soft,module-level,"{""flag_clean"": 0.6, ""flag_recall"": 0.9, ""placement_fallback"": ""least-overlap""}",beanstalk,9,20,200,2,True,200,68.1204,2.936,4.9492,1777.208,2137.108,1614.711,6.58,12.57,0.06,80.78,89.6,171.32,0.89,1100.61,0.0,1031.2,1428.9,17.48,142,0,2,33,11,109,43,0,43,178,1313.72,224.38,1012.05,2144.29,3275.6,8,0,0,14,27,30,115,694,,0.03
place,beanstalk hard,module-level,"{""flag_clean"": 0.6, ""flag_recall"": 0.9, ""placement_fallback"": ""wait""}",beanstalk,1,20,200,2,True,200,95.3421,2.0977,2.5807,274.436,784.897,275.038,4.67,7.64,0.04,87.65,88.97,145.74,0.74,1671.4,1131.02,524.33,2263.7,19.79,225,0,2,1,2,137,39,0,39,0,557.82,236.46,231.44,819.46,3850.4,5,0,0,13,13,28,212,705,,0.03
place,beanstalk hard,module-level,"{""flag_clean"": 0.6, ""flag_recall"": 0.9, ""placement_fallback"": ""wait""}",beanstalk,0,20,200,2,True,200,83.1234,2.4061,2.3899,185.4,600.365,248.518,4.84,8.02,0.05,87.09,80.43,133.39,0.77,1447.88,1005.7,434.96,2272.4,22.78,226,0,2,7,1,150,43,0,43,0,822.92,196.71,249.6,1032.89,3802.3,6,0,0,15,16,30,210,726,,0.03
place,beanstalk hard,module-level,"{""flag_clean"": 0.6, ""flag_recall"": 0.9, ""placement_fallback"": ""wait""}",beanstalk,4,20,200,2,True,200,87.1668,2.2945,2.5768,327.477,625.251,322.335,4.71,7.42,0.04,87.82,82.1,129.39,0.77,1531.07,979.56,531.94,2387.1,22.82,238,0,2,2,2,173,49,0,49,0,545.86,172.42,233.64,742.88,3961.6,6,0,0,15,17,34,221,740,,0.03
place,beanstalk hard,module-level,"{""flag_clean"": 0.6, ""flag_recall"": 0.9, ""placement_fallback"": ""wait""}",beanstalk,3,20,200,2,True,200,83.3087,2.4007,2.4335,267.166,759.793,278.449,5.26,6.72,0.04,87.98,87.61,111.92,0.74,1465.9,904.28,534.69,2154.1,21.55,214,0,2,3,3,145,36,1,36,0,690.16,198.27,211.72,786.1,3910.9,5,0,0,13,16,25,198,693,,0.03
place,beanstalk hard,module-level,"{""flag_clean"": 0.6, ""flag_recall"": 0.9, ""placement_fallback"": ""wait""}",beanstalk,5,20,200,2,True,200,76.0488,2.6299,2.7189,273.785,620.824,258.322,5.45,7.2,0.05,87.29,82.94,109.57,0.75,1327.71,889.75,421.42,2224.9,24.38,222,0,2,1,2,150,42,0,42,0,535.3,172.69,185.8,648.41,3188.6,4,0,0,14,18,30,204,708,,0.03
place,beanstalk hard,module-level,"{""flag_clean"": 0.6, ""flag_recall"": 0.9, ""placement_fallback"": ""wait""}",beanstalk,6,20,200,2,True,200,129.893,1.5397,1.4002,305.756,2885.045,610.206,3.21,7.25,0.03,89.52,83.28,188.22,0.76,2325.6,1390.52,925.01,2307.4,14.8,228,0,2,2,1,171,45,0,45,0,1378.41,261.21,730.07,2942.93,6664.6,5,0,0,9,10,38,218,722,,0.03
place,beanstalk hard,module-level,"{""flag_clean"": 0.6, ""flag_recall"": 0.9, ""placement_fallback"": ""wait""}",beanstalk,7,20,200,2,True,200,91.179,2.1935,2.5754,233.681,991.056,256.567,4.64,7.03,0.04,88.29,84.57,128.24,0.73,1610.04,1181.43,415.94,2116.6,19.34,213,0,2,4,1,120,32,0,32,0,946.71,248.88,275.03,1081.97,4305.6,6,0,0,7,7,26,206,685,,0.03
place,beanstalk soft,file-oracle,"{""flag_clean"": 0.05, ""flag_recall"": 1.0, ""placement_fallback"": ""least-overlap""}",beanstalk,1,20,200,2,True,200,43.2689,4.6223,5.484,586.767,832.704,535.939,10.28,20.55,0.1,69.08,88.97,177.82,0.83,597.77,0.0,594.86,1240.9,23.9,125,0,2,10,7,82,44,0,44,12,572.85,261.17,318.25,836.9,2376.8,10,0,0,12,27,33,98,632,,0.03
place,beanstalk hard,module-level,"{""flag_clean"": 0.6, ""flag_recall"": 0.9, ""placement_fallback"": ""wait""}",beanstalk,8,20,200,2,True,200,151.5608,1.3196,1.1809,240.216,1890.949,467.871,3.29,5.51,0.02,91.17,99.8,167.04,0.71,2763.67,1875.45,879.82,2238.1,12.31,221,0,2,0,3,128,31,0,31,0,1913.4,339.17,1063.6,4083.45,7778.4,4,0,0,14,16,19,205,683,,0.03
place,beanstalk soft,file-oracle,"{""flag_clean"": 0.05, ""flag_recall"": 1.0, ""placement_fallback"": ""least-overlap""}",beanstalk,0,20,200,2,True,200,48.6192,4.1136,4.2964,667.076,980.409,633.568,8.27,19.92,0.09,71.72,80.43,193.7,0.87,697.39,0.0,661.38,1567.3,26.86,155,0,2,14,5,87,56,0,56,21,677.39,228.54,387.87,991.39,2719.3,14,0,0,18,58,38,97,693,,0.03
place,beanstalk hard,module-level,"{""flag_clean"": 0.6, ""flag_recall"": 0.9, ""placement_fallback"": ""wait""}",beanstalk,2,20,200,2,True,200,46.7261,4.2803,4.3596,14.711,490.495,105.325,9.6,5.37,0.07,84.96,89.73,50.17,0.68,793.94,601.18,182.62,2020.5,36.03,202,0,2,4,0,88,18,0,18,0,264.27,165.69,112.47,532.61,1360.5,4,0,0,13,13,9,189,646,,0.06
place,beanstalk soft,file-oracle,"{""flag_clean"": 0.05, ""flag_recall"": 1.0, ""placement_fallback"": ""least-overlap""}",beanstalk,2,20,200,2,True,200,35.5686,5.6229,4.7157,410.471,1073.134,469.97,12.61,13.46,0.11,73.82,89.73,95.75,0.75,525.14,1.25,508.6,1196.5,28.03,120,0,2,4,1,54,30,1,30,8,646.52,221.88,386.28,1074.95,1872.4,10,0,0,14,44,17,76,587,,0.03
place,beanstalk soft,file-oracle,"{""flag_clean"": 0.05, ""flag_recall"": 1.0, ""placement_fallback"": ""least-overlap""}",beanstalk,4,20,200,2,True,200,36.4076,5.4934,6.8764,387.031,625.139,390.244,11.28,16.71,0.11,71.9,82.1,121.69,0.79,523.57,4.81,451.79,1368.3,31.32,136,0,2,3,15,83,47,0,47,9,495.56,183.68,224.9,622.33,1902.3,13,0,0,12,39,35,97,634,,0.03
place,beanstalk soft,file-oracle,"{""flag_clean"": 0.05, ""flag_recall"": 1.0, ""placement_fallback"": ""least-overlap""}",beanstalk,5,20,200,2,True,200,53.4948,3.7387,4.1771,612.712,1654.372,760.901,7.75,15.1,0.08,77.07,82.94,161.54,0.86,824.56,3.97,805.53,1577.4,24.57,157,0,2,11,7,108,55,0,55,17,579.06,195.29,562.34,1652.43,2791.2,13,0,0,17,37,39,120,689,,0.03
place,beanstalk hard,module-level,"{""flag_clean"": 0.6, ""flag_recall"": 0.9, ""placement_fallback"": ""wait""}",beanstalk,9,20,200,2,True,200,96.5628,2.0712,1.8178,213.885,988.099,276.552,4.64,6.05,0.04,89.27,89.6,116.93,0.74,1723.99,1207.2,508.72,2175.9,18.78,215,0,2,2,3,139,35,0,35,0,1314.61,206.34,341.46,1313.74,4494.1,4,0,0,10,11,25,204,688,,0.03
place,beanstalk soft,file-oracle,"{""flag_clean"": 0.05, ""flag_recall"": 1.0, ""placement_fallback"": ""least-overlap""}",beanstalk,3,20,200,2,True,200,37.5036,5.3328,6.6423,465.881,785.111,508.992,11.68,18.9,0.11,69.31,87.61,141.78,0.82,519.86,0.0,519.69,1335.9,29.68,132,0,2,14,8,87,45,0,45,16,708.48,206.12,285.95,783.19,2034.3,10,0,0,15,34,30,98,649,,0.03
place,beanstalk soft,file-oracle,"{""flag_clean"": 0.05, ""flag_recall"": 1.0, ""placement_fallback"": ""least-overlap""}",beanstalk,6,20,200,2,True,200,79.7346,2.5083,2.2672,537.917,2971.605,1028.713,5.22,11.93,0.05,82.8,83.28,190.21,0.78,1320.43,23.13,1251.31,1212.7,12.67,120,0,2,7,7,93,42,0,42,24,1378.32,281.06,1036.81,2974.1,3199.5,11,0,0,9,13,33,107,618,,0.03
place,beanstalk soft,file-oracle,"{""flag_clean"": 0.05, ""flag_recall"": 1.0, ""placement_fallback"": ""least-overlap""}",beanstalk,7,20,200,2,True,200,45.919,4.3555,8.1227,522.734,1554.461,666.985,9.21,17.0,0.09,73.71,84.57,156.13,0.78,676.9,0.0,600.36,1167.9,21.2,117,0,2,7,6,91,37,0,37,20,621.8,264.77,564.32,1562.96,2512.5,10,0,0,7,13,30,104,604,,0.03
place,beanstalk soft,file-oracle,"{""flag_clean"": 0.05, ""flag_recall"": 1.0, ""placement_fallback"": ""least-overlap""}",beanstalk,8,20,200,2,True,200,103.3064,1.936,1.7424,626.788,4957.023,2213.063,4.83,9.58,0.04,85.55,99.8,197.91,0.77,1767.65,41.74,1246.58,1437.2,11.59,144,0,2,6,6,97,39,0,39,7,2318.14,328.44,2046.96,4973.09,5886.9,8,0,0,16,40,23,104,633,,0.03
place,beanstalk soft,file-oracle,"{""flag_clean"": 0.05, ""flag_recall"": 1.0, ""placement_fallback"": ""least-overlap""}",beanstalk,9,20,200,2,True,200,80.9158,2.4717,3.5593,1033.366,1523.281,1002.313,5.54,10.2,0.05,84.21,89.6,165.07,0.83,1362.82,0.84,1236.44,1365.8,14.07,136,0,2,11,8,100,45,0,45,6,1313.03,237.16,564.13,1524.9,4374.4,8,0,0,11,24,34,112,647,,0.02
place,beanstalk hard,file-oracle,"{""flag_clean"": 0.05, ""flag_recall"": 1.0, ""placement_fallback"": ""wait""}",beanstalk,2,20,200,2,True,200,35.5004,5.6337,4.7157,290.728,1073.134,464.087,12.64,13.34,0.11,73.92,89.73,94.72,0.75,524.82,14.83,508.59,1228.3,28.83,123,0,2,2,1,55,30,1,30,0,646.52,222.16,386.91,1074.95,1873.5,10,0,0,15,45,17,78,586,,0.03
place,beanstalk hard,file-oracle,"{""flag_clean"": 0.05, ""flag_recall"": 1.0, ""placement_fallback"": ""wait""}",beanstalk,4,20,200,2,True,200,36.5493,5.4721,6.8744,387.031,625.139,389.877,11.23,16.65,0.11,72.01,82.1,121.69,0.79,526.41,57.72,452.38,1372.4,31.29,136,0,2,3,14,85,47,0,47,0,495.56,183.05,225.14,622.33,1936.2,13,0,0,12,37,35,99,634,,0.03
place,beanstalk hard,file-oracle,"{""flag_clean"": 0.05, ""flag_recall"": 1.0, ""placement_fallback"": ""wait""}",beanstalk,6,20,200,2,True,200,89.8442,2.2261,5.0907,536.289,2762.457,632.167,4.63,10.82,0.04,84.5,83.28,194.38,0.77,1518.46,491.75,1003.6,1306.1,12.11,129,0,2,2,7,98,44,0,44,0,1378.69,281.36,934.33,2930.57,3751.6,11,0,0,10,14,34,115,621,,0.03
place,beanstalk hard,file-oracle,"{""flag_clean"": 0.05, ""flag_recall"": 1.0, ""placement_fallback"": ""wait""}",beanstalk,0,20,200,2,True,200,56.6368,3.5313,4.2892,657.285,980.409,612.511,7.1,15.99,0.07,76.83,80.43,181.17,0.83,870.31,138.04,718.17,1594.5,23.46,159,0,2,6,5,84,53,1,53,0,679.73,232.2,361.47,991.39,2722.8,14,0,0,20,60,36,98,675,,0.03
place,beanstalk hard,file-oracle,"{""flag_clean"": 0.05, ""flag_recall"": 1.0, ""placement_fallback"": ""wait""}",beanstalk,5,20,200,2,True,200,54.0633,3.6994,4.1765,613.056,1654.372,750.36,7.67,14.66,0.08,77.59,82.94,158.52,0.83,838.97,61.51,769.91,1623.8,25.03,161,0,2,6,7,109,55,0,55,0,579.06,195.05,557.42,1652.43,2792.8,13,0,0,17,36,39,125,683,,0.03
place,beanstalk hard,file-oracle,"{""flag_clean"": 0.05, ""flag_recall"": 1.0, ""placement_fallback"": ""wait""}",beanstalk,8,20,200,2,True,200,102.097,1.9589,1.7424,626.127,4957.023,2189.983,4.89,9.71,0.04,85.37,99.8,198.21,0.76,1743.17,502.97,1239.76,1445.3,11.8,145,0,2,4,6,97,39,0,39,0,2318.14,330.74,2070.67,4973.09,5886.9,8,0,0,16,40,23,105,630,,0.03
place,beanstalk hard,file-oracle,"{""flag_clean"": 0.05, ""flag_recall"": 1.0, ""placement_fallback"": ""wait""}",beanstalk,9,20,200,2,True,200,80.1315,2.4959,3.5593,1033.366,1523.281,995.807,5.59,9.99,0.05,84.37,89.6,160.09,0.81,1352.14,121.01,1226.85,1350.6,14.05,135,0,2,6,8,99,44,0,44,0,1313.03,238.12,563.8,1524.9,4323.1,8,0,0,11,24,33,111,634,,0.02
place,beanstalk soft,hot-file-rule,"{""flag_clean"": 0.02, ""flag_recall"": 0.3, ""placement_fallback"": ""least-overlap""}",beanstalk,0,20,200,2,True,200,51.0026,3.9214,3.6366,593.632,1366.348,697.801,7.88,20.87,0.09,71.16,80.43,212.84,0.94,725.84,13.05,674.16,1552.1,25.36,156,0,2,42,2,107,58,1,58,4,677.99,211.3,461.87,1376.84,2817.9,12,0,0,19,39,40,117,757,,0.02
place,beanstalk soft,hot-file-rule,"{""flag_clean"": 0.02, ""flag_recall"": 0.3, ""placement_fallback"": ""least-overlap""}",beanstalk,4,20,200,2,True,200,38.9981,5.1285,5.3072,365.727,861.062,489.062,10.53,19.11,0.12,70.24,82.1,149.08,0.9,547.88,7.93,470.21,1458.9,31.17,145,0,2,29,14,105,49,0,49,5,443.87,167.72,292.49,866.09,1946.2,8,0,0,14,28,36,117,700,,0.02
place,beanstalk soft,hot-file-rule,"{""flag_clean"": 0.02, ""flag_recall"": 0.3, ""placement_fallback"": ""least-overlap""}",beanstalk,3,20,200,2,True,200,44.5606,4.4883,6.7199,452.178,946.974,594.782,9.83,18.35,0.1,71.71,87.61,163.56,0.92,639.12,1.81,566.8,1534.9,28.7,153,0,2,43,8,105,43,1,43,4,694.26,211.25,350.14,950.34,2351.9,11,0,0,19,36,26,117,725,,0.02
place,beanstalk soft,hot-file-rule,"{""flag_clean"": 0.02, ""flag_recall"": 0.3, ""placement_fallback"": ""least-overlap""}",beanstalk,5,20,200,2,True,200,52.3573,3.8199,3.9311,596.747,1418.434,730.8,7.92,19.16,0.09,72.83,82.94,200.65,0.97,762.59,0.0,696.68,1615.2,25.71,162,0,2,47,6,115,54,0,54,4,580.15,185.81,478.94,1430.91,2908.5,9,0,0,16,37,39,125,761,,0.02
place,beanstalk soft,hot-file-rule,"{""flag_clean"": 0.02, ""flag_recall"": 0.3, ""placement_fallback"": ""least-overlap""}",beanstalk,2,20,200,2,True,200,36.352,5.5018,10.1334,572.55,1200.27,622.01,12.34,17.59,0.11,69.96,89.73,127.9,0.81,508.6,5.65,452.52,1249.0,28.63,125,0,2,25,5,80,29,1,29,5,636.05,232.47,436.2,1201.18,1945.9,9,0,0,14,35,17,90,633,,0.02
place,beanstalk soft,hot-file-rule,"{""flag_clean"": 0.02, ""flag_recall"": 0.3, ""placement_fallback"": ""least-overlap""}",beanstalk,6,20,200,2,True,200,87.7018,2.2805,2.5909,687.474,2955.774,1114.986,4.75,12.27,0.05,82.93,83.28,215.26,0.88,1454.62,2.42,1255.34,1462.7,13.9,146,0,2,29,5,112,48,0,48,4,1377.55,267.58,997.75,2962.29,4590.0,10,0,0,11,22,37,124,700,,0.02
place,beanstalk soft,hot-file-rule,"{""flag_clean"": 0.02, ""flag_recall"": 0.3, ""placement_fallback"": ""least-overlap""}",beanstalk,7,20,200,2,True,200,53.8541,3.7137,4.0,884.765,1741.628,1039.745,7.85,17.99,0.08,74.07,84.57,193.8,0.9,797.81,1.14,788.41,1389.1,21.49,141,0,2,37,5,120,44,0,44,2,620.74,240.63,641.99,1750.1,3018.7,9,0,0,11,15,33,126,703,,0.02
place,beanstalk soft,hot-file-rule,"{""flag_clean"": 0.02, ""flag_recall"": 0.3, ""placement_fallback"": ""least-overlap""}",beanstalk,8,20,200,2,True,200,113.1927,1.7669,4.8985,467.66,1119.731,561.921,4.41,10.35,0.04,85.21,99.8,234.2,0.84,1929.01,69.92,1349.08,1377.2,10.14,139,0,2,29,3,88,39,0,39,8,1912.79,336.55,1385.02,4101.11,2361.2,10,0,0,14,32,25,107,675,,0.02
place,beanstalk hard,file-oracle,"{""flag_clean"": 0.05, ""flag_recall"": 1.0, ""placement_fallback"": ""wait""}",beanstalk,1,20,200,2,True,200,46.1211,4.3364,5.4664,586.767,832.704,531.601,9.65,18.09,0.09,72.18,88.97,166.86,0.82,665.77,27.39,632.74,1238.6,22.38,124,0,2,7,7,80,43,0,43,0,572.85,255.21,304.41,836.9,2375.2,10,0,0,12,26,32,98,623,,0.06
place,beanstalk hard,file-oracle,"{""flag_clean"": 0.05, ""flag_recall"": 1.0, ""placement_fallback"": ""wait""}",beanstalk,7,20,200,2,True,200,46.5556,4.2959,8.0899,521.988,1554.461,663.309,9.08,16.4,0.08,74.43,84.57,152.74,0.77,693.04,70.28,621.73,1194.7,21.38,120,0,2,4,6,91,37,0,37,0,626.56,264.92,557.83,1562.96,2518.5,10,0,0,7,13,30,107,601,,0.05
place,beanstalk soft,hot-file-rule,"{""flag_clean"": 0.02, ""flag_recall"": 0.3, ""placement_fallback"": ""least-overlap""}",beanstalk,9,20,200,2,True,200,56.0417,3.5688,3.1578,1145.157,1499.113,779.15,7.99,11.93,0.08,80.0,89.6,133.69,0.84,896.7,2.99,878.08,1361.8,20.25,136,0,2,27,6,95,36,1,36,1,1313.28,209.4,675.0,1500.88,3121.8,9,0,0,11,27,27,109,662,,0.02
place,beanstalk hard,file-oracle,"{""flag_clean"": 0.05, ""flag_recall"": 1.0, ""placement_fallback"": ""wait""}",beanstalk,3,20,200,2,True,200,44.0947,4.5357,6.6368,466.78,785.111,485.753,9.93,15.34,0.09,74.63,87.61,135.27,0.81,658.2,60.38,574.08,1410.2,26.65,139,0,2,9,8,86,46,0,46,0,708.48,198.74,266.14,783.19,2045.1,10,0,0,16,34,31,105,647,,0.06
place,beanstalk hard,hot-file-rule,"{""flag_clean"": 0.02, ""flag_recall"": 0.3, ""placement_fallback"": ""wait""}",beanstalk,2,20,200,2,True,200,36.7545,5.4415,10.1412,572.55,1200.27,618.545,12.21,17.28,0.11,70.4,89.73,127.05,0.8,517.5,59.75,457.22,1260.3,28.57,126,0,2,24,5,79,29,1,29,0,636.05,232.47,431.38,1201.18,1945.9,9,0,0,14,35,17,91,632,,0.02
place,beanstalk hard,hot-file-rule,"{""flag_clean"": 0.02, ""flag_recall"": 0.3, ""placement_fallback"": ""wait""}",beanstalk,4,20,200,2,True,200,37.0071,5.4044,5.312,365.727,861.062,485.28,11.09,19.35,0.12,69.44,82.1,143.19,0.89,513.96,49.66,462.94,1462.5,32.93,145,0,2,26,13,106,49,0,49,0,443.87,167.28,302.53,866.09,1945.7,8,0,0,14,26,36,119,694,,0.02
place,beanstalk hard,hot-file-rule,"{""flag_clean"": 0.02, ""flag_recall"": 0.3, ""placement_fallback"": ""wait""}",beanstalk,0,20,200,2,True,200,48.036,4.1635,4.0416,592.918,1103.482,619.315,8.37,22.12,0.1,69.41,80.43,212.5,0.94,666.85,58.97,605.02,1593.9,27.65,160,0,2,41,1,107,58,1,58,0,679.41,209.83,377.46,1113.97,2532.1,12,0,0,20,40,40,120,759,,0.02
place,beanstalk hard,hot-file-rule,"{""flag_clean"": 0.02, ""flag_recall"": 0.3, ""placement_fallback"": ""wait""}",beanstalk,3,20,200,2,True,200,44.0095,4.5445,6.7199,452.178,946.974,594.12,9.95,18.21,0.1,71.74,87.61,160.24,0.91,631.43,72.56,558.72,1514.0,28.67,151,0,2,38,8,103,43,1,43,0,694.26,209.98,354.0,950.34,2351.9,11,0,0,19,36,26,115,713,,0.02
place,beanstalk hard,hot-file-rule,"{""flag_clean"": 0.02, ""flag_recall"": 0.3, ""placement_fallback"": ""wait""}",beanstalk,5,20,200,2,True,200,52.7051,3.7947,3.927,596.747,1418.434,728.858,7.87,18.78,0.09,73.26,82.94,198.0,0.96,772.2,84.31,687.73,1610.4,25.46,161,0,2,46,6,113,53,0,53,0,580.15,186.49,476.2,1430.91,2902.0,9,0,0,16,37,38,124,756,,0.02
place,beanstalk soft,hot-file-rule,"{""flag_clean"": 0.02, ""flag_recall"": 0.3, ""placement_fallback"": ""least-overlap""}",beanstalk,1,20,200,2,True,200,46.5033,4.3008,4.8664,593.455,910.332,556.103,9.57,21.95,0.09,68.39,88.97,204.12,0.88,636.1,0.43,635.5,1361.4,24.4,135,0,2,29,4,97,45,0,45,6,769.89,268.4,354.52,918.02,2559.3,10,0,0,12,22,33,113,681,,0.05
place,beanstalk hard,hot-file-rule,"{""flag_clean"": 0.02, ""flag_recall"": 0.3, ""placement_fallback"": ""wait""}",beanstalk,6,20,200,2,True,200,87.6852,2.2809,2.5909,690.498,2955.774,1123.46,4.75,12.02,0.05,83.18,83.28,210.88,0.87,1458.68,188.69,1247.96,1452.8,13.81,145,0,2,27,5,113,47,0,47,0,1377.55,268.32,997.77,2962.29,4592.0,10,0,0,10,20,37,125,693,,0.02
place,beanstalk hard,hot-file-rule,"{""flag_clean"": 0.02, ""flag_recall"": 0.3, ""placement_fallback"": ""wait""}",beanstalk,8,20,200,2,True,200,113.1781,1.7671,1.5559,642.563,4480.202,1454.951,4.41,10.0,0.04,85.55,99.8,226.43,0.83,1936.51,140.9,1482.98,1393.0,10.26,141,0,2,25,3,94,39,0,39,0,2309.75,347.01,1618.6,4481.24,4592.6,10,0,0,14,32,25,109,669,,0.02
place,beanstalk hard,hot-file-rule,"{""flag_clean"": 0.02, ""flag_recall"": 0.3, ""placement_fallback"": ""wait""}",beanstalk,7,20,200,2,True,200,54.8652,3.6453,4.0009,884.765,1741.628,1034.354,7.71,16.98,0.08,75.23,84.57,186.34,0.89,825.5,30.82,793.75,1380.9,20.97,140,0,2,36,5,117,43,0,43,0,620.74,236.5,630.35,1750.1,3018.8,9,0,0,11,15,32,125,698,,0.02
place,beanstalk module soft,module sets,"{""placement_fallback"": ""least-overlap"", ""placement_model"": ""module""}",beanstalk,0,20,200,2,True,200,48.3778,4.1341,6.2632,579.887,802.062,501.4,8.31,20.4,0.1,71.19,80.43,197.34,0.96,688.83,14.23,624.81,1539.3,26.52,153,0,2,54,3,115,49,0,49,139,821.8,209.42,313.82,823.03,2684.4,10,0,0,14,27,35,126,758,,0.02
place,beanstalk module soft,module sets,"{""placement_fallback"": ""least-overlap"", ""placement_model"": ""module""}",beanstalk,2,20,200,2,True,200,31.766,6.296,9.291,535.377,622.936,454.549,14.12,15.07,0.13,70.68,89.73,95.77,0.8,449.02,11.72,418.97,1269.3,33.3,127,0,2,30,8,96,25,0,25,147,544.51,190.15,255.91,617.54,1645.7,8,0,0,11,21,14,106,637,,0.02
place,beanstalk module soft,module sets,"{""placement_fallback"": ""least-overlap"", ""placement_model"": ""module""}",beanstalk,1,20,200,2,True,200,67.9448,2.9436,3.3547,768.465,2041.121,1065.317,6.55,18.09,0.07,75.3,88.97,245.79,0.89,1023.24,0.69,1021.95,1534.4,18.82,154,0,2,34,4,107,52,0,52,145,1045.45,280.76,755.64,2043.68,3817.9,10,0,0,13,32,39,122,725,,0.02
place,beanstalk module soft,module sets,"{""placement_fallback"": ""least-overlap"", ""placement_model"": ""module""}",beanstalk,4,20,200,2,True,200,39.6721,5.0413,5.5445,473.913,631.267,450.34,10.35,21.09,0.12,68.44,82.1,167.36,0.93,543.05,14.44,472.52,1499.9,31.51,150,0,2,39,11,96,53,0,53,148,553.28,194.17,244.72,647.44,1934.8,13,0,0,17,41,37,109,734,,0.02
place,beanstalk module soft,module sets,"{""placement_fallback"": ""least-overlap"", ""placement_model"": ""module""}",beanstalk,3,20,200,2,True,200,47.3753,4.2216,5.1413,566.514,800.136,526.431,9.25,16.67,0.1,73.98,87.61,157.99,0.92,700.99,4.01,639.59,1496.6,26.32,148,0,2,43,4,107,42,0,42,150,715.58,208.74,304.82,821.89,2407.6,8,0,0,16,25,27,123,716,,0.02
place,beanstalk module soft,module sets,"{""placement_fallback"": ""least-overlap"", ""placement_model"": ""module""}",beanstalk,6,20,200,2,True,200,84.1787,2.3759,2.2714,784.555,2952.252,1096.138,4.95,14.11,0.05,80.89,83.28,237.53,0.88,1361.89,69.02,1041.86,1477.7,14.63,147,0,2,30,9,112,51,0,51,148,1378.61,273.05,1016.29,2958.54,4823.2,12,0,0,14,25,38,122,709,,0.02
place,beanstalk module soft,module sets,"{""placement_fallback"": ""least-overlap"", ""placement_model"": ""module""}",beanstalk,7,20,200,2,True,200,48.0293,4.1641,4.4185,681.044,1747.639,900.084,8.8,17.5,0.09,73.6,84.57,168.15,0.86,707.01,24.45,522.57,1242.8,21.56,125,0,2,36,3,101,35,0,35,137,625.41,255.47,640.62,1748.23,2191.4,11,0,0,8,15,28,110,666,,0.02
place,beanstalk module soft,module sets,"{""placement_fallback"": ""least-overlap"", ""placement_model"": ""module""}",beanstalk,8,20,200,2,True,200,111.7123,1.7903,4.6023,616.623,1069.253,593.723,4.47,10.24,0.04,85.26,99.8,228.74,0.88,1904.83,69.92,1669.44,1474.9,11.0,148,0,2,39,4,106,38,0,38,141,1910.93,314.94,1260.62,3844.69,2544.6,8,0,0,13,27,25,121,701,,0.02
place,beanstalk hard,hot-file-rule,"{""flag_clean"": 0.02, ""flag_recall"": 0.3, ""placement_fallback"": ""wait""}",beanstalk,1,20,200,2,True,200,46.9642,4.2586,4.8747,590.117,910.332,544.354,9.47,21.62,0.09,68.81,88.97,203.12,0.87,646.33,1.47,642.13,1386.6,24.6,138,0,2,27,3,96,45,0,45,0,769.89,267.14,350.4,918.02,2555.8,10,0,0,12,22,33,116,680,,0.05
place,beanstalk module soft,module sets,"{""placement_fallback"": ""least-overlap"", ""placement_model"": ""module""}",beanstalk,9,20,200,2,True,200,85.9383,2.3273,2.6215,366.925,3220.32,1197.407,5.21,12.44,0.05,82.3,89.6,213.76,0.89,1414.51,59.38,1074.1,1464.1,14.2,146,0,2,39,1,108,44,0,44,154,1311.48,268.43,1129.22,3226.6,3810.8,10,0,0,13,21,31,125,712,,0.02
place,beanstalk module hard,module sets,"{""placement_fallback"": ""wait"", ""placement_model"": ""module""}",beanstalk,0,20,200,2,True,200,115.7925,1.7272,1.7565,121.935,698.539,228.021,3.47,6.32,0.03,90.17,80.43,146.42,0.77,2088.23,1554.87,533.22,2259.9,16.26,224,0,2,4,0,108,46,0,46,0,679.5,203.02,201.61,859.53,3372.8,9,0,0,15,18,33,206,724,,0.02
place,beanstalk hard,hot-file-rule,"{""flag_clean"": 0.02, ""flag_recall"": 0.3, ""placement_fallback"": ""wait""}",beanstalk,9,20,200,2,True,200,56.0363,3.5691,3.1578,1145.157,1499.113,779.027,7.99,11.93,0.08,80.0,89.6,133.69,0.84,896.59,13.22,878.39,1373.7,20.43,137,0,2,27,6,96,36,1,36,0,1313.28,209.4,675.05,1500.88,3121.8,9,0,0,11,27,27,110,663,,0.05
place,beanstalk module hard,module sets,"{""placement_fallback"": ""wait"", ""placement_model"": ""module""}",beanstalk,1,20,200,2,True,200,120.6696,1.6574,1.5654,280.181,623.217,248.571,3.69,6.04,0.03,90.25,88.97,145.65,0.74,2178.03,1651.34,526.52,2197.5,15.18,219,0,2,2,0,111,39,0,39,0,556.7,238.63,219.62,761.03,4535.9,7,0,0,12,16,28,203,701,,0.02
place,beanstalk module hard,module sets,"{""placement_fallback"": ""wait"", ""placement_model"": ""module""}",beanstalk,2,20,200,2,True,200,67.6278,2.9574,2.7905,11.573,292.974,88.514,6.63,2.98,0.05,90.34,89.73,40.24,0.69,1221.89,1089.75,131.96,1873.8,23.09,188,0,2,4,4,50,16,0,16,0,305.84,159.74,73.2,340.9,1109.4,4,0,0,10,12,8,176,628,,0.02
place,beanstalk module hard,module sets,"{""placement_fallback"": ""wait"", ""placement_model"": ""module""}",beanstalk,4,20,200,2,True,200,95.0725,2.1037,2.0758,147.622,564.579,203.104,4.32,5.48,0.04,90.16,82.1,104.16,0.76,1714.43,1265.02,449.25,2213.3,19.4,220,0,2,4,2,116,42,0,42,0,439.61,160.48,137.1,579.47,2976.3,6,0,0,14,19,30,201,712,,0.02
place,beanstalk module hard,module sets,"{""placement_fallback"": ""wait"", ""placement_model"": ""module""}",beanstalk,3,20,200,2,True,200,100.7399,1.9853,2.0769,104.222,776.504,248.33,4.35,5.31,0.04,90.3,87.61,107.08,0.73,1819.38,1349.73,469.46,2249.6,18.61,224,0,2,1,0,110,35,1,35,0,691.56,195.44,168.83,798.25,3204.6,5,0,0,14,14,25,210,697,,0.02
place,beanstalk module hard,module sets,"{""placement_fallback"": ""wait"", ""placement_model"": ""module""}",beanstalk,5,20,200,2,True,200,110.667,1.8072,1.8095,12.054,458.038,169.919,3.75,4.57,0.03,91.65,82.94,101.17,0.74,2028.49,1597.98,430.34,2244.8,16.9,223,0,2,2,1,90,39,0,39,0,534.63,169.31,139.84,625.54,2929.9,4,0,0,12,16,28,207,705,,0.02
place,beanstalk module hard,module sets,"{""placement_fallback"": ""wait"", ""placement_model"": ""module""}",beanstalk,6,20,200,2,True,200,156.8647,1.275,1.2786,155.13,818.098,330.094,2.65,5.68,0.02,91.64,83.28,178.31,0.75,2874.96,2262.28,612.52,2211.0,11.75,219,0,2,1,5,112,41,1,41,0,1376.65,270.37,588.29,2924.48,5741.1,7,0,0,10,14,34,205,704,,0.02
qsem,batched k=1,,"{""batch_k"": 1, ""q_sem"": 0.0}",batched,0,20,200,2,True,200,36.1572,5.5314,8.6641,66.345,428.037,117.124,11.12,24.9,29.09,34.89,80.43,180.08,210.33,252.3,0.0,0.0,2718.4,62.65,280,32,2,52,3,45,43,2,43,0,0.0,0.0,55.84,433.07,0.0,0,0,35,0,0,0,0,577,,0.02
place,beanstalk module hard,module sets,"{""placement_fallback"": ""wait"", ""placement_model"": ""module""}",beanstalk,7,20,200,2,True,200,101.1306,1.9776,2.1285,17.98,687.334,228.218,4.18,5.16,0.04,90.62,84.57,104.4,0.71,1832.93,1453.76,379.0,1989.0,16.39,200,0,2,3,0,86,28,0,28,0,625.41,234.04,164.16,684.62,3062.9,5,0,0,8,11,22,189,662,,0.02
place,beanstalk module hard,module sets,"{""placement_fallback"": ""wait"", ""placement_model"": ""module""}",beanstalk,8,20,200,2,True,200,166.4199,1.2018,2.1806,118.489,943.495,369.454,3.0,5.0,0.02,91.98,99.8,166.51,0.72,3061.37,2379.78,681.42,2145.3,10.74,212,0,2,1,0,94,31,0,31,0,1912.48,333.2,946.86,4087.9,4709.1,6,0,0,14,18,19,194,676,,0.02
place,beanstalk module hard,module sets,"{""placement_fallback"": ""wait"", ""placement_model"": ""module""}",beanstalk,9,20,200,2,True,200,130.204,1.5361,1.4648,65.525,455.036,132.557,3.44,4.23,0.03,92.3,89.6,110.24,0.74,2403.5,2080.83,322.2,2248.7,14.39,223,0,2,8,0,108,33,0,33,0,1592.2,208.54,340.92,1778.03,2651.3,3,0,0,10,10,24,213,705,,0.02
qsem,batched k=1,,"{""batch_k"": 1, ""q_sem"": 0.0}",batched,2,20,200,2,True,200,23.8108,8.3995,9.6844,66.864,268.166,91.509,18.84,17.79,46.26,17.1,89.73,84.74,220.29,81.46,4.73,0.0,2361.0,82.63,238,14,2,33,7,22,16,6,16,0,0.0,0.0,12.2,119.93,0.0,0,0,16,0,0,0,0,493,,0.02
place,beanstalk module soft,module sets,"{""placement_fallback"": ""least-overlap"", ""placement_model"": ""module""}",beanstalk,5,20,200,2,True,200,43.0356,4.6473,6.8435,434.117,622.18,403.039,9.64,18.45,0.11,71.8,82.94,158.83,0.96,617.98,11.96,507.81,1435.3,27.79,143,0,2,56,7,95,45,0,45,155,536.77,183.34,223.47,633.01,2033.4,12,0,0,13,32,33,111,744,,0.05
qsem,batched k=1,,"{""batch_k"": 1, ""q_sem"": 0.0}",batched,1,20,200,2,True,200,30.8287,6.4875,8.4204,60.879,458.635,111.789,14.43,29.01,31.43,25.13,88.97,178.86,193.78,154.97,9.73,0.0,2685.2,72.58,278,29,2,23,6,45,39,4,39,0,0.0,0.0,27.6,211.0,0.0,0,0,35,0,0,0,0,544,,0.02
qsem,batched k=1,,"{""batch_k"": 1, ""q_sem"": 0.0}",batched,3,20,200,2,True,200,30.5152,6.5541,8.6471,65.464,369.653,107.75,14.35,24.23,34.62,26.79,87.61,147.89,211.27,163.53,14.19,0.0,2615.8,71.43,265,21,2,38,10,40,35,3,35,0,0.0,0.0,30.5,284.88,0.0,0,0,27,0,0,0,0,541,,0.02
qsem,batched k=1,,"{""batch_k"": 1, ""q_sem"": 0.0}",batched,5,20,200,2,True,200,29.284,6.8297,8.5273,73.41,388.361,114.11,14.16,24.27,40.67,20.89,82.94,142.17,238.19,122.37,0.0,0.0,2697.1,76.75,274,22,2,52,9,42,39,2,39,0,0.0,0.0,16.69,146.93,0.0,0,0,33,0,0,0,0,567,,0.02
qsem,batched k=1,,"{""batch_k"": 1, ""q_sem"": 0.0}",batched,6,20,200,2,True,200,67.2186,2.9754,8.5184,69.486,341.978,124.736,6.19,14.86,16.07,62.88,83.28,199.77,216.02,845.31,46.27,0.0,2666.2,33.05,276,29,2,39,4,42,38,3,38,0,0.0,0.0,608.75,2196.72,0.0,0,0,35,0,0,0,0,556,,0.02
qsem,batched k=1,,"{""batch_k"": 1, ""q_sem"": 0.0}",batched,7,20,200,2,True,200,29.377,6.808,9.4718,64.973,375.485,104.681,14.39,25.31,34.07,26.22,84.57,148.74,200.2,154.04,9.96,0.0,2524.7,71.62,261,22,2,41,4,33,28,5,28,0,0.0,0.0,18.69,133.6,0.0,0,0,28,0,0,0,0,535,,0.02
qsem,batched k=1,,"{""batch_k"": 1, ""q_sem"": 0.0}",batched,8,20,200,2,True,200,91.2282,2.1923,9.0773,52.942,354.542,121.899,5.47,12.67,9.6,72.26,99.8,231.13,175.2,1318.43,133.23,0.0,2585.4,23.62,260,20,2,41,5,35,30,5,30,0,0.0,0.0,1282.96,3738.75,0.0,0,0,25,0,0,0,0,536,,0.02
qsem,batched k=1,,"{""batch_k"": 1, ""q_sem"": 0.0}",batched,9,20,200,2,True,200,44.8647,4.4578,8.8674,64.962,278.741,114.009,9.99,19.02,23.34,47.66,89.6,170.64,209.39,427.67,24.12,0.0,2591.9,48.14,264,20,2,42,6,38,33,3,33,0,0.0,0.0,107.85,537.74,0.0,0,0,28,0,0,0,0,542,,0.02
qsem,batched-par k=1,,"{""batch_k"": 1, ""q_sem"": 0.0}",batched-par,0,20,200,2,True,200,35.1976,5.6822,9.1081,59.427,433.905,111.909,11.43,25.7,27.29,35.58,80.43,180.94,192.09,250.49,0.0,0.0,2632.6,62.33,267,19,2,52,3,46,43,2,43,0,0.0,0.0,55.9,430.28,0.0,0,0,22,0,0,0,0,564,,0.02
qsem,batched-par k=1,,"{""batch_k"": 1, ""q_sem"": 0.0}",batched-par,1,20,200,2,True,200,29.2656,6.834,9.1335,51.074,432.642,103.167,15.2,32.12,26.63,26.05,88.97,188.01,155.87,152.45,0.0,0.0,2546.4,72.51,256,11,2,21,6,44,39,5,39,0,0.0,0.0,27.1,207.31,0.0,0,0,12,0,0,0,0,521,,0.02
qsem,batched-par k=1,,"{""batch_k"": 1, ""q_sem"": 0.0}",batched-par,2,20,200,2,True,200,22.7584,8.788,10.2414,60.272,275.698,87.611,19.71,21.79,42.37,16.13,89.73,99.19,192.85,73.4,4.74,0.0,2321.6,85.01,231,8,2,36,4,23,16,7,16,0,0.0,0.0,9.76,106.68,0.0,0,0,8,0,0,0,0,490,,0.02
qsem,batched-par k=1,,"{""batch_k"": 1, ""q_sem"": 0.0}",batched-par,4,20,200,2,True,200,25.352,7.8889,8.9588,67.689,314.713,102.393,16.19,25.42,41.89,16.49,82.1,128.91,212.4,83.63,4.47,0.0,2593.0,85.23,259,14,2,34,11,44,42,1,42,0,0.0,0.0,9.19,90.85,0.0,0,0,16,0,0,0,0,536,,0.02
qsem,batched-par k=1,,"{""batch_k"": 1, ""q_sem"": 0.0}",batched-par,3,20,200,2,True,200,25.0548,7.9825,9.4478,64.403,354.656,98.848,17.48,27.61,38.15,16.76,87.61,138.34,191.15,83.99,5.2,0.0,2480.2,82.49,250,11,2,37,9,37,35,2,35,0,0.0,0.0,7.37,52.18,0.0,0,0,13,0,0,0,0,524,,0.02
qsem,batched-par k=1,,"{""batch_k"": 1, ""q_sem"": 0.0}",batched-par,5,20,200,2,True,200,28.3958,7.0433,9.014,67.943,361.409,109.495,14.6,26.58,37.68,21.13,82.94,150.97,214.02,119.99,0.0,0.0,2636.1,77.36,264,13,2,54,8,45,39,5,39,0,0.0,0.0,15.56,147.86,0.0,0,0,20,0,0,0,0,562,,0.02
qsem,batched-par k=1,,"{""batch_k"": 1, ""q_sem"": 0.0}",batched-par,6,20,200,2,True,200,66.4035,3.0119,9.0405,59.898,343.415,118.836,6.27,16.12,13.71,63.9,83.28,214.07,182.05,848.68,46.51,0.0,2571.1,32.27,261,15,2,44,4,45,38,6,38,0,0.0,0.0,622.4,2209.63,0.0,0,0,17,0,0,0,0,549,,0.02
qsem,batched-par k=1,,"{""batch_k"": 1, ""q_sem"": 0.0}",batched-par,7,20,200,2,True,200,28.6028,6.9923,9.7041,55.063,401.292,100.525,14.78,27.19,31.39,26.64,84.57,155.52,179.56,152.4,0.0,0.0,2460.2,71.68,247,9,2,38,7,35,28,7,28,0,0.0,0.0,18.72,145.08,0.0,0,0,12,0,0,0,0,520,,0.02
qsem,batched-par k=1,,"{""batch_k"": 1, ""q_sem"": 0.0}",batched-par,8,20,200,2,True,200,97.3928,2.0535,9.5194,49.798,331.459,118.54,5.12,12.19,8.09,74.59,99.8,237.51,157.62,1452.92,147.61,0.0,2485.2,21.26,246,9,2,43,6,36,30,6,30,0,0.0,0.0,1471.78,4138.16,0.0,0,0,10,0,0,0,0,525,,0.01
qsem,batched-par k=1,,"{""batch_k"": 1, ""q_sem"": 0.0}",batched-par,9,20,200,2,True,200,44.6091,4.4834,9.5185,59.599,275.867,108.226,10.04,19.43,21.0,49.52,89.6,173.39,187.36,441.83,25.03,0.0,2462.7,46.0,247,10,2,42,5,37,33,4,33,0,0.0,0.0,122.89,584.72,0.0,0,0,10,0,0,0,0,526,,0.02
qsem,batched k=1,,"{""batch_k"": 1, ""q_sem"": 0.0}",batched,4,20,200,2,True,200,27.8876,7.1716,7.9835,83.815,352.976,116.787,14.72,22.8,47.0,15.48,82.1,127.15,262.14,86.36,6.42,0.0,2845.6,85.03,285,26,2,34,9,52,42,1,42,0,0.0,0.0,17.32,176.89,0.0,0,0,42,0,0,0,0,562,,0.05
qsem,beanstalk-noplace,,"{""q_sem"": 0.0}",beanstalk-noplace,0,20,200,2,True,200,49.1962,4.0654,5.9372,576.913,975.942,571.419,8.17,16.92,0.09,74.81,80.43,166.48,0.93,736.08,13.07,672.96,1421.2,24.07,142,0,2,50,2,90,43,0,43,0,678.9,212.97,366.62,975.06,1977.4,12,0,0,13,37,30,105,727,,0.01
qsem,beanstalk,,"{""q_sem"": 0.0}",beanstalk,2,20,200,2,True,200,19.9152,10.0426,12.9829,233.918,348.739,225.733,22.53,13.87,0.19,63.42,89.73,55.23,0.75,252.6,0.0,212.12,1057.8,44.26,106,0,2,19,5,66,16,0,16,148,270.51,167.31,137.56,351.79,955.7,5,0,0,9,23,8,83,576,,0.03
qsem,beanstalk,,"{""q_sem"": 0.0}",beanstalk,0,20,200,2,True,200,40.8584,4.895,5.6678,530.458,1274.218,672.263,9.84,20.1,0.11,69.95,80.43,164.23,0.89,571.61,3.31,532.75,1422.5,29.01,142,0,2,38,4,86,43,2,43,139,822.72,211.43,430.0,1277.95,2188.2,10,0,0,13,40,32,102,705,,0.03
qsem,beanstalk,,"{""q_sem"": 0.0}",beanstalk,1,20,200,2,True,200,49.2339,4.0622,4.1346,587.315,923.213,622.213,9.04,16.91,0.08,73.97,88.97,166.5,0.83,728.37,1.37,721.07,1294.6,21.91,129,0,2,21,5,88,39,0,39,140,769.23,254.25,352.96,923.43,2677.9,8,0,0,12,22,28,107,648,,0.03
qsem,beanstalk-noplace,,"{""q_sem"": 0.0}",beanstalk-noplace,1,20,200,2,True,200,46.2998,4.3197,4.4322,600.918,780.97,512.014,9.61,18.27,0.09,72.03,88.97,169.17,0.83,667.03,9.78,545.72,1358.4,24.45,135,0,2,23,3,99,39,1,39,0,558.19,250.34,325.86,787.01,2016.8,10,0,0,11,20,29,115,658,,0.01
qsem,beanstalk,,"{""q_sem"": 0.0}",beanstalk,3,20,200,2,True,200,47.1875,4.2384,5.8234,580.439,777.646,495.696,9.28,13.27,0.09,77.36,87.61,125.26,0.82,730.07,26.96,628.7,1347.6,23.8,132,0,2,22,8,100,35,0,35,145,708.34,203.91,285.65,786.3,2492.6,8,0,0,12,18,24,114,644,,0.03
qsem,beanstalk,,"{""q_sem"": 0.0}",beanstalk,4,20,200,2,True,200,32.88,6.0827,6.9583,470.318,568.849,413.182,12.49,18.52,0.13,68.86,82.1,121.78,0.87,452.84,0.0,452.65,1254.9,31.81,126,0,2,31,8,84,42,0,42,144,440.22,168.69,238.22,570.63,1760.6,9,0,0,12,28,30,98,671,,0.03
qsem,beanstalk,,"{""q_sem"": 0.0}",beanstalk,7,20,200,2,True,200,39.4341,5.0718,5.9037,514.772,705.86,472.62,10.72,15.67,0.1,73.5,84.57,123.58,0.83,579.71,9.59,463.17,1136.3,24.01,114,0,2,27,6,86,28,0,28,140,627.37,243.08,285.96,714.28,2103.4,9,0,0,7,13,22,101,621,,0.03
qsem,beanstalk,,"{""q_sem"": 0.0}",beanstalk,5,20,200,2,True,200,32.5314,6.1479,6.1186,411.297,625.336,405.654,12.75,19.72,0.13,67.39,82.94,128.33,0.87,438.49,0.2,436.69,1298.2,33.26,128,0,2,33,13,90,39,0,39,136,539.22,181.07,235.69,631.77,1702.2,8,0,0,12,26,28,102,669,,0.03
qsem,beanstalk-noplace,,"{""q_sem"": 0.0}",beanstalk-noplace,2,20,200,2,True,200,19.6153,10.1961,8.7318,266.77,462.596,246.565,22.87,17.4,0.2,59.53,89.73,68.25,0.78,233.55,3.32,185.28,1078.7,45.83,108,0,2,30,5,66,16,1,16,0,287.48,176.34,170.72,472.36,890.8,5,0,0,10,27,8,81,601,,0.01
qsem,beanstalk,,"{""q_sem"": 0.0}",beanstalk,8,20,200,2,True,200,99.0963,2.0182,7.1912,869.923,4508.466,1670.011,5.04,9.59,0.04,85.34,99.8,190.06,0.78,1691.29,1.71,1686.19,1284.6,10.8,130,0,2,16,6,81,30,1,30,137,2317.26,357.19,1794.45,4513.73,5626.3,7,0,0,12,34,19,96,623,,0.03
qsem,beanstalk,,"{""q_sem"": 0.0}",beanstalk,9,20,200,2,True,200,45.0187,4.4426,3.9043,309.91,1486.404,550.865,9.95,13.61,0.09,76.35,89.6,122.52,0.82,687.43,0.0,686.06,1258.5,23.3,125,0,2,26,4,89,33,0,33,149,1313.36,206.65,507.82,1493.73,2482.2,8,0,0,9,22,24,103,642,,0.03
qsem,beanstalk,,"{""q_sem"": 0.0}",beanstalk,6,20,200,2,True,200,75.6271,2.6446,12.7431,2918.977,3763.959,2242.378,5.51,12.19,0.06,82.25,83.28,184.31,0.85,1244.11,11.77,1205.37,1320.0,14.54,131,0,2,30,6,114,38,0,38,135,1377.8,275.27,1621.08,3763.85,4357.5,9,0,0,7,10,32,121,666,,0.04
qsem,beanstalk-noplace,,"{""q_sem"": 0.0}",beanstalk-noplace,5,20,200,2,True,200,33.1966,6.0247,6.1677,441.807,607.888,438.226,12.49,20.04,0.14,67.33,82.94,133.08,0.92,447.0,0.51,445.63,1390.0,34.89,140,0,2,44,9,101,39,0,39,0,537.76,179.51,243.43,618.16,1749.4,9,0,0,11,26,28,114,703,,0.01
qsem,beanstalk-noplace,,"{""q_sem"": 0.0}",beanstalk-noplace,4,20,200,2,True,200,35.1662,5.6873,7.0927,389.32,591.59,361.842,11.67,19.11,0.13,69.09,82.1,134.4,0.89,485.94,10.6,455.63,1364.8,32.34,136,0,2,37,5,82,42,0,42,0,442.07,170.16,202.31,595.51,1573.3,9,0,0,13,31,30,105,689,,0.01
qsem,beanstalk-noplace,,"{""q_sem"": 0.0}",beanstalk-noplace,8,20,200,2,True,200,115.5127,1.7314,4.6668,647.786,1731.575,784.054,4.32,9.19,0.04,86.46,99.8,212.24,0.86,1997.35,0.0,897.62,1326.0,9.57,132,0,2,37,4,87,30,0,30,0,1915.65,344.46,1475.81,4117.59,2467.7,7,0,0,12,27,18,105,663,,0.01
qsem,beanstalk-noplace,,"{""q_sem"": 0.0}",beanstalk-noplace,3,20,200,2,True,200,41.9064,4.7725,7.2463,568.202,1094.361,587.883,10.45,15.81,0.1,73.63,87.61,132.54,0.87,617.1,1.37,567.84,1371.2,27.27,136,0,2,36,5,106,35,0,35,0,689.72,210.09,362.69,1096.98,2194.3,8,0,0,11,17,24,119,677,,0.02
qsem,beanstalk-noplace,,"{""q_sem"": 0.0}",beanstalk-noplace,6,20,200,2,True,200,79.9403,2.5019,2.2657,563.491,2938.588,1070.143,5.21,11.71,0.06,83.03,83.28,187.14,0.88,1327.5,23.17,1235.17,1282.8,13.37,127,0,2,40,6,101,38,0,38,0,1378.82,276.26,1017.68,2940.4,4526.4,9,0,0,6,12,32,115,683,,0.02
qsem,beanstalk-noplace,,"{""q_sem"": 0.0}",beanstalk-noplace,9,20,200,2,True,200,61.7523,3.2387,2.8399,984.167,1711.009,873.11,7.25,11.1,0.07,81.58,89.6,137.09,0.85,1007.51,0.0,1002.89,1314.8,17.74,133,0,2,35,6,100,33,1,33,0,1312.25,209.13,602.96,1710.22,3248.8,7,0,0,10,24,24,109,670,,0.01
qsem,batched k=1,,"{""batch_k"": 1, ""q_sem"": 0.05}",batched,1,20,200,2,True,200,59.9815,3.3344,6.8052,44.24,714.847,164.067,7.42,32.84,12.74,47.0,88.97,394.01,152.88,563.77,0.0,0.0,3304.6,45.91,345,49,2,27,7,85,79,4,79,0,0.0,0.0,241.42,1276.02,0.0,0,0,62,0,0,0,0,655,,0.02
qsem,batched k=1,,"{""batch_k"": 1, ""q_sem"": 0.05}",batched,2,20,200,2,True,200,42.6754,4.6865,6.8117,72.302,483.942,145.154,10.51,30.68,26.01,32.8,89.73,261.83,222.02,279.93,18.17,0.0,3280.3,64.06,337,43,2,33,6,80,66,9,66,0,0.0,0.0,42.28,346.58,0.0,0,0,62,0,0,0,0,645,,0.02
qsem,batched k=1,,"{""batch_k"": 1, ""q_sem"": 0.05}",batched,6,20,200,2,True,200,71.2868,2.8056,6.5995,76.303,604.432,170.456,5.84,24.66,15.19,54.31,83.28,351.66,216.53,774.27,43.23,0.0,3349.6,39.16,341,39,2,42,9,88,78,3,78,0,0.0,0.0,314.25,1479.42,0.0,0,0,60,0,0,0,0,664,,0.02
qsem,batched k=1,,"{""batch_k"": 1, ""q_sem"": 0.05}",batched,5,20,200,2,True,200,49.0383,4.0784,6.4972,80.056,545.41,163.583,8.46,31.83,23.76,35.95,82.94,312.22,233.05,352.55,0.0,0.0,3544.7,60.24,364,47,2,53,6,97,90,1,90,0,0.0,0.0,90.76,653.46,0.0,0,0,73,0,0,0,0,708,,0.02
qsem,batched k=1,,"{""batch_k"": 1, ""q_sem"": 0.05}",batched,0,20,200,2,True,200,67.367,2.9688,6.1023,85.784,739.331,182.876,5.97,27.54,17.71,48.79,80.43,371.01,238.58,657.32,0.0,0.0,3614.3,44.71,379,52,2,56,4,109,99,1,99,0,0.0,0.0,288.89,1465.42,0.0,0,0,79,0,0,0,0,735,,0.03
qsem,batched k=1,,"{""batch_k"": 1, ""q_sem"": 0.05}",batched,7,20,200,2,True,200,60.1218,3.3266,7.3295,49.187,740.204,166.184,7.03,32.67,13.39,46.9,84.57,392.89,161.05,563.92,0.0,0.0,3286.3,45.55,346,43,2,54,6,86,77,6,77,0,0.0,0.0,157.35,818.59,0.0,0,0,63,0,0,0,0,683,,0.02
qsem,batched k=1,,"{""batch_k"": 1, ""q_sem"": 0.05}",batched,9,20,200,2,True,200,41.0407,4.8732,7.1671,66.7,659.111,149.397,10.92,35.52,25.15,28.41,89.6,291.53,206.46,233.23,16.0,0.0,3237.2,65.73,337,45,2,45,8,80,72,2,72,0,0.0,0.0,41.16,377.05,0.0,0,0,63,0,0,0,0,656,,0.02
qsem,batched-par k=1,,"{""batch_k"": 1, ""q_sem"": 0.05}",batched-par,1,20,200,2,True,200,59.4747,3.3628,6.8742,30.642,1002.11,170.737,7.48,38.36,9.49,44.67,88.97,456.27,112.85,531.4,0.0,0.0,3063.7,42.93,309,21,2,33,6,88,84,3,84,0,0.0,0.0,160.96,994.26,0.0,0,0,22,0,0,0,0,629,,0.02
qsem,batched-par k=1,,"{""batch_k"": 1, ""q_sem"": 0.05}",batched-par,2,20,200,2,True,200,37.5074,5.3323,7.6599,44.315,553.18,140.051,11.96,43.04,19.2,25.81,89.73,322.84,144.0,193.58,19.22,0.0,3002.2,66.7,304,22,2,40,6,80,66,10,66,0,0.0,0.0,30.27,298.67,0.0,0,0,28,0,0,0,0,620,,0.02
qsem,batched k=1,,"{""batch_k"": 1, ""q_sem"": 0.05}",batched,8,20,200,2,True,200,103.5081,1.9322,6.5599,62.218,654.916,174.372,4.82,18.75,9.33,67.1,99.8,388.17,193.07,1389.12,59.83,0.0,3341.5,26.9,340,47,2,38,6,80,68,8,68,0,0.0,0.0,1001.67,3485.87,0.0,0,0,64,0,0,0,0,654,,0.03
qsem,batched-par k=1,,"{""batch_k"": 1, ""q_sem"": 0.05}",batched-par,0,20,200,2,True,200,65.4927,3.0538,6.7501,70.204,625.229,171.601,6.14,28.12,15.55,50.19,80.43,368.34,203.67,657.42,0.0,0.0,3392.5,43.17,350,39,2,57,4,105,98,0,98,0,0.0,0.0,297.0,1475.15,0.0,0,0,52,0,0,0,0,705,,0.03
qsem,batched-par k=1,,"{""batch_k"": 1, ""q_sem"": 0.05}",batched-par,4,20,200,2,True,200,45.5914,4.3868,7.649,54.022,446.952,133.516,9.0,28.71,20.1,42.19,82.1,261.82,183.24,384.67,21.4,0.0,3061.8,55.96,313,28,2,41,10,82,78,3,78,0,0.0,0.0,103.71,585.42,0.0,0,0,32,0,0,0,0,635,,0.02
qsem,batched-par k=1,,"{""batch_k"": 1, ""q_sem"": 0.05}",batched-par,3,20,200,2,True,200,33.3451,5.9979,7.5938,48.269,560.851,132.654,13.14,43.48,22.83,20.56,87.61,289.95,152.23,137.11,14.24,0.0,2998.8,74.94,306,23,2,47,8,80,74,5,74,0,0.0,0.0,12.86,97.05,0.0,0,0,27,0,0,0,0,632,,0.02
qsem,beanstalk-noplace,,"{""q_sem"": 0.0}",beanstalk-noplace,7,20,200,2,True,200,42.3754,4.7197,4.5867,619.036,721.513,531.175,9.98,15.31,0.1,74.62,84.57,129.72,0.82,632.41,0.0,586.2,1159.6,22.8,116,0,2,27,2,91,28,0,28,0,621.77,238.71,311.49,723.24,2290.2,7,0,0,6,10,22,106,626,,0.05
qsem,batched-par k=1,,"{""batch_k"": 1, ""q_sem"": 0.05}",batched-par,5,20,200,2,True,200,32.6201,6.1312,7.2305,67.188,497.145,143.681,12.71,42.52,30.89,13.88,82.94,277.42,201.52,90.53,7.03,0.0,3202.2,81.81,326,34,2,54,7,87,81,4,81,0,0.0,0.0,11.31,73.8,0.0,0,0,41,0,0,0,0,665,,0.02
qsem,batched-par k=1,,"{""batch_k"": 1, ""q_sem"": 0.05}",batched-par,9,20,200,2,True,200,40.0932,4.9884,7.6925,50.118,632.966,135.453,11.17,37.59,18.71,32.52,89.6,301.44,150.07,260.76,31.97,0.0,2984.7,62.04,307,27,2,42,8,77,69,6,69,0,0.0,0.0,32.99,208.84,0.0,0,0,32,0,0,0,0,624,,0.02
qsem,batched-par k=1,,"{""batch_k"": 1, ""q_sem"": 0.05}",batched-par,8,20,200,2,True,200,99.6792,2.0064,7.7111,40.714,649.558,150.742,5.01,18.67,6.53,69.79,99.8,372.2,130.27,1391.31,76.77,0.0,2770.3,23.16,280,15,2,38,3,63,58,5,58,0,0.0,0.0,1325.6,3973.75,0.0,0,0,17,0,0,0,0,581,,0.02
qsem,batched-par k=1,,"{""batch_k"": 1, ""q_sem"": 0.05}",batched-par,6,20,200,2,True,200,69.3995,2.8819,7.7469,56.385,618.307,148.281,6.0,24.1,11.52,58.39,83.28,334.44,159.83,810.44,43.87,0.0,3041.9,36.53,312,25,2,45,8,80,75,4,75,0,0.0,0.0,340.4,1520.41,0.0,0,0,33,0,0,0,0,636,,0.03
qsem,batched-par k=1,,"{""batch_k"": 1, ""q_sem"": 0.05}",batched-par,7,20,200,2,True,200,58.4676,3.4207,7.7063,36.564,912.794,164.671,7.23,35.63,11.31,45.83,84.57,416.69,132.22,535.88,0.0,0.0,3044.0,43.39,312,29,2,49,9,79,74,3,74,0,0.0,0.0,173.76,1028.36,0.0,0,0,35,0,0,0,0,638,,0.02
qsem,batched k=1,,"{""batch_k"": 1, ""q_sem"": 0.1}",batched,2,20,200,2,True,200,67.8349,2.9483,5.9427,49.369,1069.817,198.516,6.61,36.89,11.88,44.61,89.73,500.53,161.19,605.25,35.39,0.0,3634.9,44.65,375,55,2,40,7,103,90,7,90,0,0.0,0.0,89.92,520.4,0.0,0,0,78,0,0,0,0,712,,0.02
qsem,batched k=1,,"{""batch_k"": 1, ""q_sem"": 0.1}",batched,0,20,200,2,True,200,68.066,2.9383,4.8694,92.096,1038.127,252.957,5.91,43.74,18.19,32.15,80.43,595.5,247.69,437.7,0.0,0.0,4525.7,55.41,476,81,2,49,7,174,153,7,153,0,0.0,0.0,61.34,441.47,0.0,0,0,116,0,0,0,0,885,,0.02
qsem,batched k=1,,"{""batch_k"": 1, ""q_sem"": 0.1}",batched,3,20,200,2,True,200,45.0854,4.436,5.3825,76.296,831.919,188.702,9.72,45.65,24.11,20.53,87.61,411.61,217.39,185.09,20.28,0.0,3988.1,73.71,413,63,2,44,9,129,116,1,116,0,0.0,0.0,22.85,226.36,0.0,0,0,96,0,0,0,0,774,,0.02
qsem,batched k=1,,"{""batch_k"": 1, ""q_sem"": 0.1}",batched,4,20,200,2,True,200,54.9263,3.6412,5.8953,78.322,602.451,179.858,7.47,34.08,20.49,37.95,82.1,374.4,225.13,416.9,20.08,0.0,3782.2,57.38,395,58,2,42,13,118,107,5,107,0,0.0,0.0,92.91,654.92,0.0,0,0,83,0,0,0,0,749,,0.02
qsem,batched k=1,,"{""batch_k"": 1, ""q_sem"": 0.05}",batched,3,20,200,2,True,200,41.5004,4.8192,6.8589,64.118,624.428,150.245,10.56,36.16,24.18,29.11,87.61,300.09,200.73,241.58,29.53,0.0,3328.0,66.83,346,47,2,41,8,85,75,5,75,0,0.0,0.0,38.58,319.98,0.0,0,0,66,0,0,0,0,667,,0.06
qsem,batched k=1,,"{""batch_k"": 1, ""q_sem"": 0.05}",batched,4,20,200,2,True,200,52.4082,3.8162,6.704,86.51,442.44,152.489,7.83,24.26,24.24,43.67,82.1,254.25,254.05,457.77,25.17,0.0,3400.5,54.07,351,43,2,44,14,94,76,5,76,0,0.0,0.0,173.96,996.53,0.0,0,0,70,0,0,0,0,676,,0.06
qsem,batched k=1,,"{""batch_k"": 1, ""q_sem"": 0.1}",batched,6,20,200,2,True,200,77.3523,2.5856,5.1603,71.483,1052.025,234.495,5.38,35.85,14.67,44.09,83.28,554.62,227.03,682.12,42.07,0.0,4318.9,46.53,455,84,2,41,7,155,134,6,134,0,0.0,0.0,162.74,1023.09,0.0,0,0,115,0,0,0,0,836,,0.02
qsem,batched k=1,,"{""batch_k"": 1, ""q_sem"": 0.1}",batched,5,20,200,2,True,200,54.1738,3.6918,5.4346,82.662,866.728,195.603,7.66,37.84,22.34,32.17,82.94,409.95,242.06,348.53,0.0,0.0,4116.0,63.31,433,77,2,54,6,140,121,4,121,0,0.0,0.0,92.93,720.03,0.0,0,0,108,0,0,0,0,812,,0.02
qsem,batched k=1,,"{""batch_k"": 1, ""q_sem"": 0.1}",batched,8,20,200,2,True,200,101.4057,1.9723,5.4588,44.554,1150.168,221.108,4.92,28.73,7.61,58.74,99.8,582.59,154.43,1191.29,119.03,0.0,3763.1,30.92,392,63,2,41,5,112,101,7,101,0,0.0,0.0,757.68,3008.71,0.0,0,0,84,0,0,0,0,741,,0.02
qsem,batched k=1,,"{""batch_k"": 1, ""q_sem"": 0.1}",batched,9,20,200,2,True,200,48.7433,4.1031,6.2079,47.475,743.486,184.133,9.19,45.57,17.39,27.85,89.6,444.28,169.49,271.49,0.0,0.0,3699.8,63.25,386,62,2,46,8,111,101,1,101,0,0.0,0.0,41.53,367.66,0.0,0,0,84,0,0,0,0,734,,0.02
qsem,batched-par k=1,,"{""batch_k"": 1, ""q_sem"": 0.1}",batched-par,0,20,200,2,True,200,73.0672,2.7372,4.9411,70.964,908.654,237.938,5.5,41.05,13.22,40.22,80.43,599.93,193.2,587.79,0.0,0.0,4400.5,50.19,462,80,2,52,6,173,165,2,165,0,0.0,0.0,144.43,1007.77,0.0,0,0,95,0,0,0,0,881,,0.02
qsem,batched-par k=1,,"{""batch_k"": 1, ""q_sem"": 0.1}",batched-par,1,20,200,2,True,200,48.4991,4.1238,6.3449,37.396,819.117,182.773,9.17,49.44,13.37,28.02,88.97,479.58,129.66,271.77,0.0,0.0,3433.9,59.0,353,35,2,32,8,115,110,3,110,0,0.0,0.0,52.32,456.58,0.0,0,0,40,0,0,0,0,698,,0.02
qsem,batched-par k=1,,"{""batch_k"": 1, ""q_sem"": 0.1}",batched-par,2,20,200,2,True,200,40.4327,4.9465,6.1731,38.995,643.93,165.255,11.1,51.06,17.06,20.78,89.73,412.93,137.92,168.07,17.42,0.0,3429.2,70.68,345,28,2,31,6,109,93,8,93,0,0.0,0.0,17.27,128.59,0.0,0,0,44,0,0,0,0,677,,0.02
qsem,batched-par k=1,,"{""batch_k"": 1, ""q_sem"": 0.1}",batched-par,3,20,200,2,True,200,52.6513,3.7986,5.7506,50.494,1042.69,197.931,8.32,47.55,15.1,29.03,87.61,500.73,159.04,305.65,22.22,0.0,3761.3,59.53,394,44,2,42,11,142,132,4,132,0,0.0,0.0,40.15,287.03,0.0,0,0,58,0,0,0,0,772,,0.02
qsem,batched-par k=1,,"{""batch_k"": 1, ""q_sem"": 0.1}",batched-par,4,20,200,2,True,200,49.7935,4.0166,6.6011,55.058,719.61,162.792,8.24,36.84,17.64,37.27,82.1,366.92,175.72,371.13,21.59,0.0,3537.7,59.21,367,41,2,44,11,121,116,0,116,0,0.0,0.0,75.51,579.83,0.0,0,0,51,0,0,0,0,727,,0.02
qsem,batched-par k=1,,"{""batch_k"": 1, ""q_sem"": 0.1}",batched-par,5,20,200,2,True,200,52.0206,3.8446,5.5886,57.727,840.661,192.596,7.97,45.69,16.01,30.32,82.94,475.38,166.6,315.49,0.0,0.0,3815.7,61.13,401,54,2,52,6,137,126,4,126,0,0.0,0.0,46.07,395.94,0.0,0,0,71,0,0,0,0,783,,0.02
qsem,batched-par k=1,,"{""batch_k"": 1, ""q_sem"": 0.1}",batched-par,9,20,200,2,True,200,61.6469,3.2443,5.9405,41.629,919.229,191.636,7.27,41.17,10.64,40.92,89.6,507.63,131.16,504.55,0.0,0.0,3582.2,48.42,367,38,2,44,9,124,111,5,111,0,0.0,0.0,90.35,516.83,0.0,0,0,51,0,0,0,0,727,,0.02
qsem,batched-par k=1,,"{""batch_k"": 1, ""q_sem"": 0.1}",batched-par,7,20,200,2,True,200,88.4971,2.26,5.5179,41.326,1359.026,256.3,4.78,39.86,8.41,46.95,84.57,705.57,148.77,831.04,0.0,0.0,4054.8,38.18,419,55,2,35,8,155,139,6,139,0,0.0,0.0,154.92,875.88,0.0,0,0,74,0,0,0,0,799,,0.02
qsem,batched-par k=1,,"{""batch_k"": 1, ""q_sem"": 0.1}",batched-par,6,20,200,2,True,200,75.7611,2.6399,5.4892,56.425,932.333,212.563,5.5,34.86,11.91,47.74,83.28,528.15,180.39,723.4,0.0,0.0,4046.7,44.51,428,60,2,43,7,158,140,7,140,0,0.0,0.0,256.95,1456.29,0.0,0,0,81,0,0,0,0,818,,0.02
qsem,batched-par k=1,,"{""batch_k"": 1, ""q_sem"": 0.1}",batched-par,8,20,200,2,True,200,136.4826,1.4654,6.3684,38.734,1001.805,218.766,3.66,21.58,5.13,69.63,99.8,589.15,140.07,1900.63,197.5,0.0,3504.0,21.39,365,42,2,40,4,118,114,3,114,0,0.0,0.0,924.53,3214.79,0.0,0,0,48,0,0,0,0,722,,0.02
qsem,batched k=1,,"{""batch_k"": 1, ""q_sem"": 0.2}",batched,0,20,200,2,True,200,98.9594,2.021,3.5293,107.982,1657.746,340.3,4.06,44.05,13.26,38.62,80.43,871.86,262.47,764.42,0.0,0.0,5988.5,50.43,626,116,2,55,7,277,238,5,238,0,0.0,0.0,124.33,783.08,0.0,0,0,183,0,0,0,0,1124,,0.02
qsem,batched k=1,,"{""batch_k"": 1, ""q_sem"": 0.1}",batched,1,20,200,2,True,200,54.3531,3.6796,5.5849,50.209,1287.148,207.209,8.18,48.7,14.84,28.28,88.97,529.42,161.28,307.4,0.0,0.0,3935.3,60.34,412,67,2,30,6,132,118,4,118,0,0.0,0.0,40.55,354.46,0.0,0,0,90,0,0,0,0,764,,0.06
qsem,batched k=1,,"{""batch_k"": 1, ""q_sem"": 0.1}",batched,7,20,200,2,True,200,74.3474,2.6901,4.8278,49.527,1424.614,259.088,5.69,47.29,10.79,36.23,84.57,703.15,160.48,538.75,22.54,0.0,4355.5,48.82,463,87,2,46,8,157,141,5,141,0,0.0,0.0,69.81,471.33,0.0,0,0,117,0,0,0,0,855,,0.04
qsem,batched k=1,,"{""batch_k"": 1, ""q_sem"": 0.2}",batched,1,20,200,2,True,200,98.6761,2.0268,4.1026,35.396,1630.172,313.267,4.51,45.76,7.15,42.58,88.97,903.16,141.06,840.33,0.0,0.0,4706.7,39.75,509,108,2,34,6,185,172,3,172,0,0.0,0.0,199.59,1352.05,0.0,0,0,134,0,0,0,0,918,,0.02
qsem,batched k=1,,"{""batch_k"": 1, ""q_sem"": 0.2}",batched,4,20,200,2,True,200,83.2734,2.4017,4.198,78.267,1294.696,274.316,4.93,41.56,13.35,40.17,82.1,692.12,222.26,668.98,61.19,0.0,5039.5,50.43,531,96,2,45,19,218,185,4,185,0,0.0,0.0,151.7,1092.78,0.0,0,0,142,0,0,0,0,965,,0.02
qsem,batched k=1,,"{""batch_k"": 1, ""q_sem"": 0.2}",batched,3,20,200,2,True,200,78.4728,2.5487,3.8553,78.077,1483.902,300.799,5.58,49.77,14.12,30.53,87.61,781.09,221.57,479.18,1.68,0.0,5308.0,56.37,561,104,2,45,7,233,199,6,199,0,0.0,0.0,66.3,495.29,0.0,0,0,156,0,0,0,0,1011,,0.02
qsem,batched k=1,,"{""batch_k"": 1, ""q_sem"": 0.2}",batched,5,20,200,2,True,200,73.6244,2.7165,3.5091,99.418,1480.066,310.466,5.63,51.4,18.88,24.09,82.94,756.86,278.02,354.66,20.41,0.0,6008.0,68.0,631,125,2,47,10,272,231,3,231,0,0.0,0.0,52.46,475.79,0.0,0,0,197,0,0,0,0,1112,,0.02
qsem,batched k=1,,"{""batch_k"": 1, ""q_sem"": 0.2}",batched,7,20,200,2,True,200,90.4854,2.2103,3.8648,65.593,1717.255,313.954,4.67,46.38,11.45,37.5,84.57,839.3,207.22,678.62,43.07,0.0,5201.7,47.91,549,108,2,43,9,213,193,3,193,0,0.0,0.0,113.03,853.78,0.0,0,0,153,0,0,0,0,988,,0.02
qsem,batched k=1,,"{""batch_k"": 1, ""q_sem"": 0.2}",batched,6,20,200,2,True,200,86.0102,2.3253,4.0911,80.098,1378.79,287.886,4.84,43.93,11.86,39.37,83.28,755.67,203.95,677.31,40.62,0.0,5232.7,50.7,561,124,2,46,8,213,190,4,190,0,0.0,0.0,152.59,1108.34,0.0,0,0,167,0,0,0,0,1001,,0.02
qsem,batched k=1,,"{""batch_k"": 1, ""q_sem"": 0.2}",batched,9,20,200,2,True,200,82.9004,2.4125,4.5664,58.299,1367.343,271.746,5.4,43.89,10.74,39.96,89.6,727.73,178.09,662.59,0.0,0.0,4592.3,46.16,484,87,2,47,8,173,159,3,159,0,0.0,0.0,106.25,655.61,0.0,0,0,122,0,0,0,0,893,,0.02
qsem,batched-par k=1,,"{""batch_k"": 1, ""q_sem"": 0.2}",batched-par,0,20,200,2,True,200,77.1633,2.5919,3.997,82.123,1497.219,306.994,5.21,52.26,14.04,28.48,80.43,806.57,216.74,439.52,0.0,0.0,5255.8,56.76,550,86,2,66,5,249,223,2,223,0,0.0,0.0,54.27,435.7,0.0,0,0,125,0,0,0,0,1041,,0.02
qsem,batched-par k=1,,"{""batch_k"": 1, ""q_sem"": 0.2}",batched-par,1,20,200,2,True,200,97.8546,2.0438,4.6296,36.32,1445.13,290.294,4.55,42.9,6.55,46.01,88.97,839.5,128.15,900.47,0.0,0.0,4373.4,37.24,456,60,2,38,9,190,178,6,178,0,0.0,0.0,166.87,966.91,0.0,0,0,72,0,0,0,0,878,,0.02
qsem,batched-par k=1,,"{""batch_k"": 1, ""q_sem"": 0.2}",batched-par,2,20,200,2,True,200,103.3578,1.935,4.6185,31.022,1452.947,273.953,4.34,37.71,6.46,51.48,89.73,779.55,133.63,1064.25,137.23,0.0,4233.6,34.13,446,64,2,42,5,171,158,6,158,0,0.0,0.0,280.07,1652.08,0.0,0,0,82,0,0,0,0,852,,0.02
qsem,batched-par k=1,,"{""batch_k"": 1, ""q_sem"": 0.2}",batched-par,4,20,200,2,True,200,71.0591,2.8146,4.3945,72.157,1145.999,259.528,5.78,47.3,13.57,33.35,82.1,672.26,192.83,473.99,90.04,0.0,4649.7,54.53,482,69,2,45,14,201,189,4,189,0,0.0,0.0,69.88,524.09,0.0,0,0,89,0,0,0,0,920,,0.02
main,batched k=4,,{},batched,1,5,50,2,True,50,19.9845,2.5019,4.6786,11.02,218.299,43.469,24.48,25.14,11.11,39.27,24.46,25.12,11.1,39.24,0.0,0.0,630.7,26.3,64,5,2,0,0,9,9,0,9,0,0.0,0.0,136.67,559.95,0.0,0,0,5,0,0,0,0,123,,0.01
main,batched k=4,,{},batched,2,5,50,2,True,50,12.4773,4.0073,5.8565,10.503,173.558,26.193,37.35,19.45,15.54,27.66,23.3,12.13,9.69,17.26,0.0,0.0,530.3,35.42,52,1,2,1,0,3,3,0,3,0,0.0,0.0,43.18,238.47,0.0,0,0,1,0,0,0,0,106,,0.01
qsem,batched k=1,,"{""batch_k"": 1, ""q_sem"": 0.2}",batched,2,20,200,2,True,200,91.7084,2.1808,4.3266,55.544,1666.056,292.281,4.89,43.2,9.92,41.99,89.73,792.39,181.88,770.17,90.61,0.0,5093.6,46.28,537,107,2,39,9,199,179,6,179,0,0.0,0.0,114.3,653.77,0.0,0,0,152,0,0,0,0,961,,0.05
qsem,batched-par k=1,,"{""batch_k"": 1, ""q_sem"": 0.2}",batched-par,5,20,200,2,True,200,69.2237,2.8892,3.9173,58.973,1631.171,307.062,5.99,60.1,13.83,20.08,82.94,832.09,191.45,277.99,11.48,0.0,5279.5,63.56,556,88,2,56,7,259,221,5,221,0,0.0,0.0,31.85,183.09,0.0,0,0,130,0,0,0,0,1038,,0.03
qsem,batched-par k=1,,"{""batch_k"": 1, ""q_sem"": 0.2}",batched-par,6,20,200,2,True,200,82.1901,2.4334,4.1517,52.201,1467.457,285.93,5.07,48.37,9.62,36.95,83.28,795.05,158.05,607.42,0.0,0.0,4690.6,47.56,494,74,2,43,8,215,190,8,190,0,0.0,0.0,108.74,860.63,0.0,0,0,96,0,0,0,0,935,,0.02
qsem,batched-par k=1,,"{""batch_k"": 1, ""q_sem"": 0.2}",batched-par,7,20,200,2,True,200,80.8716,2.4731,4.1909,38.391,1610.296,283.956,5.23,49.22,9.3,36.25,84.57,796.12,150.4,586.35,0.0,0.0,4721.8,48.66,500,84,2,47,7,208,188,4,188,0,0.0,0.0,119.18,709.6,0.0,0,0,108,0,0,0,0,939,,0.02
main,batched k=4,,{},batched,4,5,50,2,True,50,13.5791,3.6821,4.4131,11.703,198.585,45.248,31.23,35.93,19.61,13.24,21.2,24.39,13.32,8.99,0.0,0.0,642.2,39.41,64,4,2,3,1,13,10,1,10,0,0.0,0.0,23.8,124.32,0.0,0,1,7,0,0,0,0,128,,0.01
main,batched k=4,,{},batched,3,5,50,2,True,50,14.8427,3.3687,4.2763,11.726,168.117,50.865,26.06,41.01,16.11,16.83,19.34,30.44,11.95,12.49,0.0,0.0,683.0,38.34,72,8,2,5,0,14,14,0,14,0,0.0,0.0,21.43,133.83,0.0,0,0,8,0,0,0,0,141,,0.01
qsem,batched-par k=1,,"{""batch_k"": 1, ""q_sem"": 0.2}",batched-par,8,20,200,2,True,200,102.8988,1.9437,4.7912,32.767,1352.823,280.702,4.85,39.33,6.14,49.68,99.8,809.39,126.28,1022.5,165.95,0.0,3879.6,31.42,404,47,2,39,4,151,148,2,148,0,0.0,0.0,199.62,1104.82,0.0,0,0,54,0,0,0,0,793,,0.02
qsem,batched-par k=1,,"{""batch_k"": 1, ""q_sem"": 0.2}",batched-par,9,20,200,2,True,200,68.4603,2.9214,5.0049,46.643,1154.606,240.021,6.54,47.58,10.85,35.02,89.6,651.46,148.61,479.54,0.0,0.0,4297.7,52.31,444,55,2,39,9,181,162,5,162,0,0.0,0.0,70.0,511.09,0.0,0,0,77,0,0,0,0,850,,0.02
main,batched k=4,,{},batched,5,5,50,2,True,50,22.8716,2.1861,4.5117,11.32,213.455,60.944,17.93,30.81,13.6,37.66,20.51,35.24,15.55,43.07,0.0,0.0,695.9,25.36,71,6,2,4,0,15,9,0,9,0,0.0,0.0,104.55,497.9,0.0,0,6,8,0,0,0,0,134,,0.01
main,batched k=4,,{},batched,6,5,50,2,True,50,20.0054,2.4993,2.7861,11.078,415.026,72.179,22.1,48.62,11.51,17.77,22.11,48.63,11.52,17.77,0.0,0.0,657.3,27.38,66,4,2,1,3,12,10,1,10,0,0.0,0.0,47.69,243.18,0.0,0,1,4,0,0,0,0,128,,0.01
main,batched k=4,,{},batched,7,5,50,2,True,50,12.0201,4.1597,4.7394,11.033,206.628,41.092,29.88,36.82,20.16,13.15,17.96,22.13,12.11,7.9,2.42,0.0,638.0,44.23,65,5,2,1,0,11,8,1,8,0,0.0,0.0,16.05,102.54,0.0,0,2,5,0,0,0,0,125,,0.01
main,batched k=4,,{},batched,8,5,50,2,True,50,12.6609,3.9492,4.4469,11.359,163.793,36.329,37.16,30.51,17.31,15.02,23.52,19.31,10.96,9.51,2.87,0.0,598.8,39.41,62,6,2,2,0,9,9,0,9,0,0.0,0.0,18.44,115.86,0.0,0,0,6,0,0,0,0,123,,0.01
main,batched k=4,,{},batched,9,5,50,2,True,50,12.1091,4.1291,4.5019,10.7,193.524,36.026,42.83,32.04,17.55,7.58,25.93,19.4,10.63,4.59,0.0,0.0,557.9,38.4,57,4,2,3,0,6,5,1,5,0,0.0,0.0,12.97,56.16,0.0,0,0,4,0,0,0,0,116,,0.01
main,batched-aimd,,{},batched-aimd,0,5,50,2,True,50,24.6377,2.0294,3.4285,10.511,347.034,70.21,18.15,38.47,9.03,34.35,22.36,47.39,11.12,42.32,0.0,0.0,662.6,22.41,67,4,2,1,2,12,12,0,12,0,0.0,0.0,115.52,557.19,0.0,0,0,5,0,0,0,0,130,,0.01
main,batched-aimd,,{},batched-aimd,2,5,50,2,True,50,16.9928,2.9424,5.578,10.609,204.212,35.341,27.43,22.73,11.93,37.91,23.3,19.31,10.14,32.21,0.0,0.0,565.1,27.71,56,2,2,1,0,5,3,2,3,0,0.0,0.0,79.66,358.68,0.0,0,0,2,0,0,0,0,112,,0.01
main,batched-aimd,,{},batched-aimd,4,5,50,2,True,50,14.802,3.3779,3.6809,11.407,266.845,54.083,28.65,45.04,15.85,10.46,21.2,33.34,11.73,7.74,0.0,0.0,652.6,36.74,66,5,2,2,0,12,10,2,10,0,0.0,0.0,18.16,98.02,0.0,0,0,5,0,0,0,0,130,,0.01
main,batched-aimd,,{},batched-aimd,1,5,50,2,True,50,20.5231,2.4363,4.3538,10.729,213.899,46.844,23.84,27.16,10.88,38.12,24.46,27.87,11.16,39.12,0.0,0.0,597.3,24.25,63,6,2,1,0,10,9,1,9,0,0.0,0.0,131.26,554.11,0.0,0,0,6,0,0,0,0,124,,0.01
qsem,batched k=1,,"{""batch_k"": 1, ""q_sem"": 0.2}",batched,8,20,200,2,True,200,109.2098,1.8313,4.0659,55.608,1320.754,305.908,4.57,38.74,7.95,48.75,99.8,846.1,173.59,1064.7,153.74,0.0,4474.5,34.14,473,80,2,37,4,175,150,8,150,0,0.0,0.0,377.04,2122.59,0.0,0,0,115,0,0,0,0,868,,0.05
main,batched-aimd,,{},batched-aimd,5,5,50,2,True,50,22.2305,2.2492,4.125,11.387,225.429,59.954,18.45,34.06,10.89,36.6,20.51,37.86,12.1,40.69,0.0,0.0,659.5,24.72,66,6,2,3,0,10,9,1,9,0,0.0,0.0,98.96,481.72,0.0,0,0,8,0,0,0,0,129,,0.01
main,batched-aimd,,{},batched-aimd,7,5,50,2,True,50,11.637,4.2966,4.7414,11.354,207.973,38.045,30.86,35.08,19.41,14.65,17.96,20.41,11.29,8.53,2.43,0.0,615.3,44.06,67,8,2,1,0,10,8,1,8,0,0.0,0.0,15.38,102.57,0.0,0,1,8,0,0,0,0,127,,0.01
main,batched-aimd,,{},batched-aimd,8,5,50,2,True,50,13.5839,3.6808,4.0102,10.822,173.202,43.184,34.64,36.74,16.25,12.38,23.52,24.95,11.04,8.41,0.0,0.0,610.4,37.45,64,5,2,2,0,11,9,2,9,0,0.0,0.0,14.36,84.1,0.0,0,0,5,0,0,0,0,127,,0.01
main,batched-aimd,,{},batched-aimd,6,5,50,2,True,50,20.0917,2.4886,2.649,11.355,456.586,74.962,22.01,50.37,11.81,15.81,22.11,50.61,11.86,15.88,0.0,0.0,675.0,28.0,68,7,2,3,3,12,10,2,10,0,0.0,0.0,51.85,234.76,0.0,0,0,7,0,0,0,0,133,,0.01
main,batched-aimd,,{},batched-aimd,9,5,50,2,True,50,11.8792,4.209,4.9874,10.956,121.628,31.779,43.66,26.3,18.29,11.75,25.93,15.62,10.86,6.98,0.0,0.0,566.5,39.74,58,4,2,3,1,5,5,0,5,0,0.0,0.0,14.2,83.4,0.0,0,0,5,0,0,0,0,116,,0.01
main,batched+place,,{},batched+place,0,5,50,2,True,50,20.5051,2.4384,3.0608,11.365,353.694,79.342,21.81,52.12,12.37,13.7,22.36,53.43,12.69,14.05,0.0,0.0,700.9,28.49,73,7,2,4,1,16,12,2,12,10,0.0,0.0,25.19,134.79,0.0,0,2,8,0,0,0,0,141,,0.01
main,batched+place,,{},batched+place,1,5,50,2,True,50,17.2904,2.8918,3.7026,10.876,237.415,51.46,28.29,35.89,13.71,22.1,24.46,31.03,11.86,19.11,0.0,0.0,653.0,31.47,67,7,2,4,1,11,9,1,9,8,0.0,0.0,41.29,250.72,0.0,0,1,7,0,0,0,0,131,,0.01
main,batched+place,,{},batched+place,2,5,50,2,True,50,13.5337,3.6945,4.4104,10.824,183.049,43.887,34.44,35.52,18.53,11.52,23.3,24.04,12.54,7.79,0.0,0.0,618.0,38.06,62,5,2,0,1,10,5,3,5,9,0.0,0.0,14.22,70.62,0.0,0,2,5,0,0,0,0,120,,0.01
main,batched+place,,{},batched+place,3,5,50,2,True,50,17.8875,2.7952,4.0904,11.495,179.994,59.537,21.62,39.61,15.87,22.91,19.34,35.42,14.19,20.49,0.0,0.0,708.9,33.03,73,9,2,2,0,18,14,1,14,8,0.0,0.0,48.37,282.69,0.0,0,3,9,0,0,0,0,140,,0.01
qsem,batched-par k=1,,"{""batch_k"": 1, ""q_sem"": 0.2}",batched-par,3,20,200,2,True,200,64.7718,3.0878,4.1512,47.636,1475.072,271.209,6.76,57.52,12.26,23.45,87.61,745.15,158.88,303.8,61.06,0.0,4675.8,60.16,491,69,2,37,13,213,196,2,196,0,0.0,0.0,29.27,207.0,0.0,0,0,93,0,0,0,0,926,,0.05
main,batched k=4,,{},batched,0,5,50,2,True,50,24.745,2.0206,3.427,10.839,345.912,70.054,18.07,38.3,8.88,34.74,22.36,47.39,10.99,42.98,0.0,0.0,654.5,22.04,65,3,2,1,2,12,12,0,12,0,0.0,0.0,117.59,563.88,0.0,0,0,3,0,0,0,0,128,,0.04
main,batched+place,,{},batched+place,4,5,50,2,True,50,14.7244,3.3957,4.141,11.613,212.4,48.236,28.8,38.36,16.24,16.61,21.2,28.24,11.96,12.22,0.0,0.0,647.8,36.66,68,9,2,1,1,12,10,2,10,3,0.0,0.0,27.79,175.71,0.0,0,0,10,0,0,0,0,131,,0.01
main,batched+place,,{},batched+place,7,5,50,2,True,50,13.094,3.8185,4.6187,11.054,226.804,42.645,27.43,36.05,18.23,18.29,17.96,23.6,11.93,11.98,0.0,0.0,611.2,38.9,63,6,2,2,0,10,9,0,9,10,0.0,0.0,21.29,121.75,0.0,0,1,6,0,0,0,0,124,,0.01
main,batched+place,,{},batched+place,6,5,50,2,True,50,21.3803,2.3386,2.9096,11.062,433.272,70.517,20.68,44.23,10.74,24.35,22.11,47.29,11.48,26.03,6.82,0.0,621.5,24.22,64,6,2,4,1,11,10,1,10,10,0.0,0.0,63.79,350.27,0.0,0,0,6,0,0,0,0,129,,0.01
main,batched+place,,{},batched+place,5,5,50,2,True,50,18.6624,2.6792,4.6778,11.239,221.673,57.978,21.98,40.07,11.71,26.25,20.51,37.39,10.93,24.49,0.0,0.0,600.4,26.81,64,6,2,2,1,10,9,1,9,10,0.0,0.0,43.64,194.78,0.0,0,0,6,0,0,0,0,126,,0.01
main,batched+place,,{},batched+place,8,5,50,2,True,50,11.3078,4.4217,4.5269,10.899,164.617,33.323,41.61,29.43,19.69,9.28,23.52,16.64,11.13,5.25,0.0,0.0,613.3,45.2,61,3,2,0,0,10,9,1,9,4,0.0,0.0,12.44,48.88,0.0,0,0,3,0,0,0,0,121,,0.01
queue,batched k=16,,"{""batch_k"": 16}",batched,0,5,50,2,True,50,24.745,2.0206,3.427,10.839,345.912,70.054,18.07,38.3,8.88,34.74,22.36,47.39,10.99,42.98,0.0,0.0,654.5,22.04,65,3,2,1,2,12,12,0,12,0,0.0,0.0,117.59,563.88,0.0,0,0,3,0,0,0,0,128,,0.01
main,batched+place,,{},batched+place,9,5,50,2,True,50,12.4166,4.0269,4.9859,10.384,122.207,30.045,41.77,24.19,16.14,17.9,25.93,15.02,10.02,11.11,0.0,0.0,565.8,37.97,57,2,2,2,0,5,5,0,5,11,0.0,0.0,18.99,122.57,0.0,0,0,3,0,0,0,0,114,,0.01
queue,batched k=16,,"{""batch_k"": 16}",batched,1,5,50,2,True,50,19.9845,2.5019,4.6786,11.02,218.299,43.469,24.48,25.14,11.11,39.27,24.46,25.12,11.1,39.24,0.0,0.0,630.7,26.3,64,5,2,0,0,9,9,0,9,0,0.0,0.0,136.67,559.95,0.0,0,0,5,0,0,0,0,123,,0.01
queue,batched k=16,,"{""batch_k"": 16}",batched,2,5,50,2,True,50,12.4773,4.0073,5.8565,10.503,173.558,26.193,37.35,19.45,15.54,27.66,23.3,12.13,9.69,17.26,0.0,0.0,530.3,35.42,52,1,2,1,0,3,3,0,3,0,0.0,0.0,43.18,238.47,0.0,0,0,1,0,0,0,0,106,,0.01
queue,batched k=16,,"{""batch_k"": 16}",batched,4,5,50,2,True,50,13.5791,3.6821,4.4131,11.703,198.585,45.248,31.23,35.93,19.61,13.24,21.2,24.39,13.32,8.99,0.0,0.0,642.2,39.41,64,4,2,3,1,13,10,1,10,0,0.0,0.0,23.8,124.32,0.0,0,1,7,0,0,0,0,128,,0.01
queue,batched k=16,,"{""batch_k"": 16}",batched,3,5,50,2,True,50,14.8427,3.3687,4.2763,11.726,168.117,50.865,26.06,41.01,16.11,16.83,19.34,30.44,11.95,12.49,0.0,0.0,683.0,38.34,72,8,2,5,0,14,14,0,14,0,0.0,0.0,21.43,133.83,0.0,0,0,8,0,0,0,0,141,,0.01
queue,batched k=16,,"{""batch_k"": 16}",batched,5,5,50,2,True,50,22.8716,2.1861,4.5117,11.32,213.455,60.944,17.93,30.81,13.6,37.66,20.51,35.24,15.55,43.07,0.0,0.0,695.9,25.36,71,6,2,4,0,15,9,0,9,0,0.0,0.0,104.55,497.9,0.0,0,6,8,0,0,0,0,134,,0.01
queue,batched k=16,,"{""batch_k"": 16}",batched,8,5,50,2,True,50,12.6609,3.9492,4.4469,11.359,163.793,36.329,37.16,30.51,17.31,15.02,23.52,19.31,10.96,9.51,2.87,0.0,598.8,39.41,62,6,2,2,0,9,9,0,9,0,0.0,0.0,18.44,115.86,0.0,0,0,6,0,0,0,0,123,,0.01
queue,batched k=16,,"{""batch_k"": 16}",batched,6,5,50,2,True,50,20.0054,2.4993,2.7861,11.078,415.026,72.179,22.1,48.62,11.51,17.77,22.11,48.63,11.52,17.77,0.0,0.0,657.3,27.38,66,4,2,1,3,12,10,1,10,0,0.0,0.0,47.69,243.18,0.0,0,1,4,0,0,0,0,128,,0.01
queue,batched k=16,,"{""batch_k"": 16}",batched,9,5,50,2,True,50,12.1091,4.1291,4.5019,10.7,193.524,36.026,42.83,32.04,17.55,7.58,25.93,19.4,10.63,4.59,0.0,0.0,557.9,38.4,57,4,2,3,0,6,5,1,5,0,0.0,0.0,12.97,56.16,0.0,0,0,4,0,0,0,0,116,,0.01
queue,batched-par k=4,,"{""batch_k"": 4}",batched-par,0,5,50,2,True,50,24.7248,2.0223,3.4226,11.008,346.782,69.948,18.09,38.33,8.82,34.76,22.36,47.39,10.9,42.97,0.0,0.0,647.0,21.81,63,1,2,1,2,12,12,0,12,0,0.0,0.0,116.47,560.03,0.0,0,0,1,0,0,0,0,126,,0.01
queue,batched-par k=4,,"{""batch_k"": 4}",batched-par,2,5,50,2,True,50,13.9805,3.5764,4.7596,10.532,197.619,35.029,33.33,27.38,14.38,24.91,23.3,19.14,10.05,17.41,0.0,0.0,584.6,34.85,57,1,2,1,0,6,3,3,3,0,0.0,0.0,39.47,236.44,0.0,0,0,1,0,0,0,0,114,,0.01
queue,batched-par k=4,,"{""batch_k"": 4}",batched-par,3,5,50,2,True,50,14.9636,3.3414,4.4045,10.685,166.955,51.882,25.85,42.67,15.12,16.37,19.34,31.92,11.31,12.25,0.0,0.0,654.3,36.44,65,1,2,4,0,15,14,1,14,0,0.0,0.0,20.72,129.85,0.0,0,0,1,0,0,0,0,134,,0.01
queue,batched-par k=4,,"{""batch_k"": 4}",batched-par,4,5,50,2,True,50,13.1813,3.7933,4.3694,10.956,197.517,42.632,32.17,36.04,17.86,13.93,21.2,23.75,11.77,9.18,0.0,0.0,594.2,37.56,58,2,2,3,1,11,10,0,10,0,0.0,0.0,24.9,126.85,0.0,0,1,2,0,0,0,0,121,,0.01
queue,batched-par k=4,,"{""batch_k"": 4}",batched-par,5,5,50,2,True,50,22.5427,2.218,3.9809,11.121,213.977,61.863,18.19,35.17,10.57,36.07,20.51,39.64,11.91,40.66,11.76,0.0,631.3,23.34,64,5,2,3,0,11,9,2,9,0,0.0,0.0,91.99,454.91,0.0,0,0,5,0,0,0,0,128,,0.01
queue,batched-par k=4,,"{""batch_k"": 4}",batched-par,6,5,50,2,True,50,20.3201,2.4606,3.2752,10.533,404.513,69.509,21.76,46.5,10.52,21.23,22.11,47.24,10.68,21.57,0.0,0.0,618.4,25.36,63,2,2,1,3,11,10,1,10,0,0.0,0.0,52.14,281.11,0.0,0,0,2,0,0,0,0,125,,0.01
queue,batched-par k=4,,"{""batch_k"": 4}",batched-par,7,5,50,2,True,50,11.766,4.2495,4.7102,10.988,204.257,37.872,30.52,34.42,19.23,15.83,17.96,20.25,11.31,9.31,0.0,0.0,609.0,43.13,62,3,2,0,0,11,8,2,8,0,0.0,0.0,18.39,120.84,0.0,0,1,3,0,0,0,0,122,,0.01
main,batched-aimd,,{},batched-aimd,3,5,50,2,True,50,15.9322,3.1383,3.699,11.312,180.884,61.324,24.27,48.75,15.4,11.57,19.34,38.83,12.27,9.22,0.0,0.0,714.5,37.37,74,9,2,4,0,16,15,1,15,0,0.0,0.0,16.96,98.34,0.0,0,0,9,0,0,0,0,144,,0.04
queue,batched-par k=4,,"{""batch_k"": 4}",batched-par,8,5,50,2,True,50,12.5969,3.9692,4.4477,11.138,164.189,35.712,37.35,30.67,16.58,15.4,23.52,19.31,10.45,9.7,2.87,0.0,584.5,38.66,59,2,2,2,0,9,9,0,9,0,0.0,0.0,18.62,120.44,0.0,0,0,2,0,0,0,0,120,,0.01
queue,batched-par k=4,,"{""batch_k"": 4}",batched-par,9,5,50,2,True,50,13.8944,3.5986,4.4248,10.848,192.512,38.663,37.33,31.82,14.56,16.3,25.93,22.11,10.11,11.32,0.0,0.0,554.3,33.25,55,0,2,3,1,6,5,1,5,0,0.0,0.0,19.29,132.59,0.0,0,0,0,0,0,0,0,114,,0.01
main,serial,,{},serial,0,5,50,2,True,50,25.4297,1.9662,3.2218,13.132,368.345,75.204,17.59,37.27,12.02,33.12,22.36,47.39,15.28,42.12,0.0,0.0,636.5,20.86,62,0,1,1,2,12,12,0,12,0,0.0,0.0,106.2,540.87,0.0,0,0,0,0,0,0,0,125,,0.01
main,serial,,{},serial,1,5,50,2,True,50,23.9466,2.088,3.2327,15.602,404.164,71.122,20.43,36.52,12.98,30.07,24.46,43.73,15.54,36.01,0.0,0.0,644.0,22.41,63,0,1,1,0,13,9,4,9,0,0.0,0.0,74.93,395.93,0.0,0,0,0,0,0,0,0,127,,0.01
main,serial,,{},serial,2,5,50,2,True,50,13.935,3.5881,5.0925,18.158,178.499,33.528,33.44,17.42,22.69,26.46,23.3,12.13,15.81,18.43,0.0,0.0,533.1,31.88,53,0,1,1,0,3,3,0,3,0,0.0,0.0,44.91,259.6,0.0,0,0,0,0,0,0,0,107,,0.01
main,serial,,{},serial,4,5,50,2,True,50,15.1373,3.3031,3.7333,22.187,224.544,54.902,28.01,34.43,26.02,11.54,21.2,26.06,19.69,8.73,0.0,0.0,610.7,33.62,61,0,1,2,1,11,10,1,10,0,0.0,0.0,21.29,116.39,0.0,0,0,0,0,0,0,0,124,,0.01
main,serial,,{},serial,3,5,50,2,True,50,16.7386,2.9871,3.6825,18.105,187.988,61.415,23.11,40.33,20.82,15.74,19.34,33.75,17.43,13.18,0.0,0.0,667.6,33.24,65,0,1,5,0,15,14,1,14,0,0.0,0.0,21.01,146.08,0.0,0,0,0,0,0,0,0,135,,0.01
main,serial,,{},serial,5,5,50,2,True,50,23.1892,2.1562,4.1252,18.855,200.087,64.35,17.69,31.86,14.39,36.06,20.51,36.94,16.69,41.82,0.0,0.0,606.3,21.79,60,0,1,3,1,10,9,1,9,0,0.0,0.0,96.81,482.35,0.0,0,0,0,0,0,0,0,123,,0.01
main,serial,,{},serial,7,5,50,2,True,50,13.3714,3.7393,4.3215,23.077,232.173,47.622,26.86,28.73,30.63,13.79,17.96,19.21,20.48,9.22,0.0,0.0,591.9,36.89,58,0,1,1,0,8,8,0,8,0,0.0,0.0,15.59,115.59,0.0,0,0,0,0,0,0,0,117,,0.01
main,serial,,{},serial,6,5,50,2,True,50,20.6101,2.426,3.1634,17.898,417.447,74.032,21.45,43.95,15.92,18.68,22.11,45.29,16.41,19.25,0.0,0.0,636.3,25.73,62,0,1,1,2,12,10,2,10,0,0.0,0.0,37.63,233.57,0.0,0,0,0,0,0,0,0,125,,0.01
main,serial,,{},serial,8,5,50,2,True,50,14.1978,3.5217,4.0164,20.629,174.846,44.526,33.14,27.21,25.06,14.59,23.52,19.31,17.79,10.36,0.0,0.0,610.2,35.82,59,0,1,2,0,9,9,0,9,0,0.0,0.0,19.26,135.42,0.0,0,0,0,0,0,0,0,120,,0.01
main,serial,,{},serial,9,5,50,2,True,50,12.627,3.9598,4.0382,19.556,141.553,40.617,41.07,27.57,26.04,5.31,25.93,17.41,16.44,3.36,0.0,0.0,569.9,37.61,56,0,1,3,1,6,5,1,5,0,0.0,0.0,10.22,56.07,0.0,0,0,0,0,0,0,0,115,,0.01
main,beanstalk,,{},beanstalk,1,5,50,2,True,50,21.1895,2.3597,2.2629,150.363,611.319,170.229,23.09,26.04,0.18,50.7,24.46,27.59,0.19,53.71,0.0,48.1,585.4,23.02,58,0,2,3,1,31,9,0,9,2,291.16,185.51,201.38,630.51,654.6,3,0,0,2,2,7,56,182,,0.01
main,beanstalk,,{},beanstalk,0,5,50,2,True,50,28.0957,1.7796,1.5005,282.324,754.102,264.933,15.92,35.58,0.14,48.36,22.36,49.98,0.2,67.94,0.0,62.11,583.6,17.31,59,0,2,3,2,35,12,0,12,5,424.91,252.73,262.63,777.06,1356.4,4,0,0,5,5,7,54,189,,0.01
main,beanstalk,,{},beanstalk,4,5,50,2,True,50,16.749,2.9853,3.7112,228.895,391.505,227.257,25.32,30.02,0.23,44.43,21.2,25.14,0.2,37.21,0.73,35.52,587.8,29.24,60,0,2,3,1,41,10,1,10,3,380.27,163.01,152.28,398.99,741.3,3,0,0,6,8,6,51,186,,0.01
main,beanstalk,,{},beanstalk,2,5,50,2,True,50,13.2275,3.78,5.0698,18.46,210.015,79.965,35.23,16.88,0.26,47.63,23.3,11.16,0.17,31.5,4.94,13.08,507.7,31.99,51,0,2,2,0,23,3,0,3,3,250.03,194.89,83.82,263.42,248.0,1,0,0,3,3,1,48,161,,0.01
main,beanstalk,,{},beanstalk,3,5,50,2,True,50,16.2243,3.0818,9.2283,384.011,689.645,385.678,23.84,39.1,0.26,36.8,19.34,31.72,0.21,29.86,0.0,29.44,606.9,31.17,60,0,2,2,0,51,15,0,15,5,217.58,138.34,297.11,719.89,738.5,4,0,0,5,5,10,55,194,,0.01
main,beanstalk,,{},beanstalk,7,5,50,2,True,50,15.9565,3.1335,2.5563,207.513,359.291,190.693,22.51,29.93,0.23,47.34,17.96,23.88,0.18,37.77,0.0,37.07,520.5,27.18,52,0,2,1,1,34,9,1,9,2,303.52,169.36,137.04,359.75,720.1,4,0,0,2,3,8,49,173,,0.01
main,beanstalk,,{},beanstalk,6,5,50,2,True,50,25.067,1.9947,2.0528,302.582,510.724,261.971,17.64,33.93,0.15,48.28,22.11,42.53,0.19,60.51,0.0,59.59,558.5,18.57,55,0,2,2,3,40,10,0,10,8,471.69,265.56,212.01,512.92,1203.6,3,0,0,2,2,9,53,179,,0.01
main,beanstalk,,{},beanstalk,5,5,50,2,True,50,26.6747,1.8744,1.7766,155.077,1074.398,319.332,15.37,23.3,0.14,61.19,20.51,31.07,0.18,81.61,0.0,72.0,514.6,16.08,51,0,2,1,0,33,9,0,9,2,922.79,218.16,391.14,1075.94,1241.6,3,0,0,2,2,8,49,171,,0.01
main,beanstalk,,{},beanstalk,8,5,50,2,True,50,13.3847,3.7356,3.0585,153.331,303.062,137.747,35.15,24.0,0.28,40.57,23.52,16.06,0.19,27.15,0.0,17.49,573.4,35.7,56,0,2,1,0,33,9,0,9,8,169.73,133.23,100.98,307.62,408.2,3,0,0,4,4,5,52,176,,0.01
main,beanstalk,,{},beanstalk,9,5,50,2,True,50,16.8185,2.9729,10.8609,50.647,625.184,200.076,30.84,16.77,0.2,52.19,25.93,14.1,0.17,43.88,0.0,35.64,495.7,24.56,49,0,2,1,1,28,5,0,5,8,425.84,181.15,220.05,642.16,655.5,2,0,0,0,0,5,49,161,,0.01
main,beanstalk-noplace,,{},beanstalk-noplace,1,5,50,2,True,50,24.208,2.0654,3.9445,182.57,277.252,149.206,20.21,22.85,0.15,56.79,24.46,27.66,0.19,68.74,0.0,27.92,565.5,19.47,57,0,2,2,1,35,9,0,9,0,291.04,186.38,178.85,584.36,550.4,3,0,0,2,2,7,55,179,,0.01
main,beanstalk-noplace,,{},beanstalk-noplace,0,5,50,2,True,50,29.8885,1.6729,1.747,424.3,746.177,354.467,14.96,36.21,0.13,48.7,22.36,54.11,0.2,72.78,0.0,66.17,611.3,17.04,60,0,2,2,2,35,12,1,12,0,427.31,251.47,283.05,760.26,1191.2,4,0,0,6,7,7,53,189,,0.01
main,beanstalk-noplace,,{},beanstalk-noplace,2,5,50,2,True,50,12.2102,4.0949,5.7773,11.973,215.788,56.879,38.17,19.88,0.27,41.68,23.3,12.13,0.17,25.45,0.0,6.22,547.7,37.38,55,0,2,1,0,12,3,0,3,0,251.24,196.39,79.27,260.67,161.8,2,0,0,4,4,1,51,163,,0.01
main,beanstalk-noplace,,{},beanstalk-noplace,3,5,50,2,True,50,18.0683,2.7673,2.8096,218.943,612.476,298.787,21.4,39.12,0.24,39.24,19.34,35.34,0.22,35.45,0.0,35.08,640.8,29.55,63,0,2,6,1,53,15,0,15,0,221.48,142.28,222.66,614.88,814.9,4,0,0,5,5,10,58,205,,0.01
main,beanstalk-noplace,,{},beanstalk-noplace,4,5,50,2,True,50,15.6621,3.1924,3.1866,177.758,309.272,167.96,27.07,29.2,0.25,43.48,21.2,22.86,0.19,34.05,0.0,26.57,559.7,29.78,57,0,2,2,2,43,10,0,10,0,269.04,154.94,110.42,317.65,663.5,3,0,0,4,4,6,53,181,,0.01
queue,batched k=16,,"{""batch_k"": 16}",batched,7,5,50,2,True,50,12.0201,4.1597,4.7394,11.033,206.628,41.092,29.88,36.82,20.16,13.15,17.96,22.13,12.11,7.9,2.42,0.0,638.0,44.23,65,5,2,1,0,11,8,1,8,0,0.0,0.0,16.05,102.54,0.0,0,2,5,0,0,0,0,125,,0.04
queue,batched-par k=4,,"{""batch_k"": 4}",batched-par,1,5,50,2,True,50,19.861,2.5175,4.6424,10.555,216.151,42.933,24.63,25.3,10.73,39.34,24.46,25.12,10.65,39.07,0.0,0.0,600.7,25.21,60,1,2,0,0,9,9,0,9,0,0.0,0.0,138.74,563.45,0.0,0,0,1,0,0,0,0,119,,0.04
main,beanstalk-noplace,,{},beanstalk-noplace,7,5,50,2,True,50,15.9095,3.1428,3.9766,234.884,302.315,206.642,22.57,24.03,0.23,53.17,17.96,19.12,0.18,42.29,0.97,39.86,491.6,25.75,50,0,2,1,0,38,8,0,8,0,311.29,160.01,125.56,319.84,685.4,3,0,0,1,1,7,49,168,,0.01
main,beanstalk-noplace,,{},beanstalk-noplace,5,5,50,2,True,50,30.7854,1.6241,7.2955,130.709,1064.312,379.8,13.32,26.9,0.13,59.65,20.51,41.4,0.2,91.82,0.33,73.43,569.2,15.41,57,0,2,5,0,37,9,0,9,0,923.22,220.75,339.46,1057.42,1218.1,4,0,0,2,2,8,55,185,,0.01
main,beanstalk-noplace,,{},beanstalk-noplace,6,5,50,2,True,50,28.5979,1.7484,2.6867,231.378,517.086,237.768,15.46,32.09,0.13,52.32,22.11,45.88,0.18,74.82,0.0,50.36,587.3,17.11,59,0,2,0,1,45,10,1,10,0,462.28,265.23,203.58,531.55,1244.7,3,0,0,1,1,10,58,180,,0.01
main,beanstalk-noplace,,{},beanstalk-noplace,9,5,50,2,True,50,16.4033,3.0482,8.1268,76.199,636.343,212.533,31.62,17.94,0.22,50.23,25.93,14.71,0.18,41.2,0.89,40.13,484.6,24.62,50,0,2,2,1,27,5,0,5,0,424.28,181.77,219.43,637.22,637.3,2,0,0,0,0,5,50,164,,0.01
queue,batched k=1,,"{""batch_k"": 1}",batched,0,5,50,2,True,50,24.745,2.0206,3.427,10.839,345.912,70.054,18.07,38.3,8.88,34.74,22.36,47.39,10.99,42.98,0.0,0.0,654.5,22.04,65,3,2,1,2,12,12,0,12,0,0.0,0.0,117.59,563.88,0.0,0,0,3,0,0,0,0,128,,0.01
queue,batched k=1,,"{""batch_k"": 1}",batched,2,5,50,2,True,50,13.4793,3.7094,5.0837,10.746,206.285,30.685,34.57,22.95,14.99,27.48,23.3,15.47,10.1,18.52,0.0,0.0,566.5,35.02,56,2,2,1,0,4,3,1,3,0,0.0,0.0,48.99,259.84,0.0,0,0,2,0,0,0,0,111,,0.01
queue,batched k=1,,"{""batch_k"": 1}",batched,3,5,50,2,True,50,14.8427,3.3687,4.2763,11.726,168.117,50.865,26.06,41.01,16.11,16.83,19.34,30.44,11.95,12.49,0.0,0.0,683.0,38.34,72,8,2,5,0,14,14,0,14,0,0.0,0.0,21.43,133.83,0.0,0,0,8,0,0,0,0,141,,0.01
queue,batched k=1,,"{""batch_k"": 1}",batched,4,5,50,2,True,50,16.0445,3.1163,4.5178,11.232,232.22,50.847,26.43,37.27,15.55,20.75,21.2,29.9,12.47,16.65,0.0,0.0,706.4,36.69,71,6,2,2,1,13,10,3,10,0,0.0,0.0,33.2,148.22,0.0,0,0,8,0,0,0,0,136,,0.01
queue,batched k=1,,"{""batch_k"": 1}",batched,7,5,50,2,True,50,12.2085,4.0955,4.8096,11.08,205.312,41.943,29.41,37.84,19.42,13.33,17.96,23.1,11.86,8.13,2.48,0.0,642.5,43.85,66,6,2,1,0,10,8,2,8,0,0.0,0.0,15.86,106.56,0.0,0,0,6,0,0,0,0,127,,0.01
queue,batched k=1,,"{""batch_k"": 1}",batched,5,5,50,2,True,50,22.2493,2.2473,4.4836,10.868,184.301,56.08,18.43,31.67,10.33,39.56,20.51,35.24,11.5,44.01,0.0,0.0,622.6,23.32,64,5,2,4,1,9,9,0,9,0,0.0,0.0,114.01,516.8,0.0,0,0,5,0,0,0,0,127,,0.01
queue,batched k=1,,"{""batch_k"": 1}",batched,6,5,50,2,True,50,23.4351,2.1336,3.6838,11.078,405.21,74.067,18.87,43.04,9.63,28.46,22.11,50.43,11.29,33.35,0.0,0.0,643.6,22.89,65,3,2,1,3,11,10,1,10,0,0.0,0.0,61.22,258.03,0.0,0,0,4,0,0,0,0,127,,0.01
queue,batched k=1,,"{""batch_k"": 1}",batched,9,5,50,2,True,50,13.1033,3.8158,4.8666,11.521,184.851,37.101,39.58,29.75,17.44,13.23,25.93,19.49,11.42,8.67,0.0,0.0,624.5,39.72,62,4,2,3,0,7,5,2,5,0,0.0,0.0,16.05,99.23,0.0,0,0,5,0,0,0,0,122,,0.01
queue,batched-par k=1,,"{""batch_k"": 1}",batched-par,2,5,50,2,True,50,13.9805,3.5764,4.7596,10.532,197.619,35.029,33.33,27.38,14.38,24.91,23.3,19.14,10.05,17.41,0.0,0.0,584.6,34.85,57,1,2,1,0,6,3,3,3,0,0.0,0.0,39.47,236.44,0.0,0,0,1,0,0,0,0,114,,0.01
queue,batched-par k=1,,"{""batch_k"": 1}",batched-par,3,5,50,2,True,50,14.9147,3.3524,4.4124,10.597,167.437,51.915,25.93,42.81,15.2,16.06,19.34,31.92,11.34,11.97,0.0,0.0,660.7,36.91,66,1,2,4,0,15,14,1,14,0,0.0,0.0,20.04,126.76,0.0,0,0,1,0,0,0,0,135,,0.01
queue,batched-par k=1,,"{""batch_k"": 1}",batched-par,4,5,50,2,True,50,14.106,3.5446,4.0418,11.187,232.66,48.679,30.06,40.71,16.81,12.42,21.2,28.71,11.86,8.76,0.0,0.0,635.5,37.54,62,1,2,3,1,11,10,1,10,0,0.0,0.0,17.94,118.1,0.0,0,0,1,0,0,0,0,126,,0.01
queue,batched-par k=1,,"{""batch_k"": 1}",batched-par,7,5,50,2,True,50,11.2355,4.4502,4.985,10.681,206.434,35.722,31.96,34.03,18.96,15.05,17.96,19.12,10.65,8.45,0.0,0.0,585.0,43.39,59,1,2,1,0,8,8,0,8,0,0.0,0.0,17.21,112.32,0.0,0,0,1,0,0,0,0,118,,0.01
queue,batched-par k=1,,"{""batch_k"": 1}",batched-par,6,5,50,2,True,50,20.3201,2.4606,3.2752,10.533,404.513,69.509,21.76,46.5,10.52,21.23,22.11,47.24,10.68,21.57,0.0,0.0,618.4,25.36,63,2,2,1,3,11,10,1,10,0,0.0,0.0,52.14,281.11,0.0,0,0,2,0,0,0,0,125,,0.01
queue,batched-par k=1,,"{""batch_k"": 1}",batched-par,5,5,50,2,True,50,22.5442,2.2179,4.0854,11.17,222.858,62.946,18.19,35.99,10.55,35.27,20.51,40.57,11.89,39.76,0.0,0.0,652.9,24.13,67,5,2,3,0,12,9,3,9,0,0.0,0.0,103.99,502.49,0.0,0,0,5,0,0,0,0,132,,0.01
queue,batched-par k=1,,"{""batch_k"": 1}",batched-par,8,5,50,2,True,50,13.3011,3.7591,4.1547,10.478,204.568,39.761,35.37,33.47,16.35,14.81,23.52,22.26,10.87,9.85,0.0,0.0,619.2,38.79,63,2,2,2,0,11,9,2,9,0,0.0,0.0,19.04,124.11,0.0,0,0,2,0,0,0,0,126,,0.01
queue,batched-par k=1,,"{""batch_k"": 1}",batched-par,9,5,50,2,True,50,12.1016,4.1317,4.1711,10.415,194.059,39.129,42.86,36.65,17.24,3.25,25.93,22.17,10.43,1.97,0.0,0.0,578.8,39.86,57,1,2,3,1,6,5,1,5,0,0.0,0.0,11.37,44.89,0.0,0,0,1,0,0,0,0,116,,0.01
main,beanstalk-noplace,,{},beanstalk-noplace,8,5,50,2,True,50,14.7525,3.3892,7.8755,160.98,399.298,175.347,31.89,27.81,0.26,40.04,23.52,20.51,0.19,29.54,0.0,18.96,600.4,33.91,59,0,2,3,0,40,9,1,9,0,193.29,130.79,133.39,405.13,563.2,3,0,0,4,4,6,55,184,,0.04
queue,batched k=1,,"{""batch_k"": 1}",batched,1,5,50,2,True,50,19.9845,2.5019,4.6786,11.02,218.299,43.469,24.48,25.14,11.11,39.27,24.46,25.12,11.1,39.24,0.0,0.0,630.7,26.3,64,5,2,0,0,9,9,0,9,0,0.0,0.0,136.67,559.95,0.0,0,0,5,0,0,0,0,123,,0.04
queue,batched-par k=1,,"{""batch_k"": 1}",batched-par,1,5,50,2,True,50,19.861,2.5175,4.6424,10.555,216.151,42.933,24.63,25.3,10.73,39.34,24.46,25.12,10.65,39.07,0.0,0.0,600.7,25.21,60,1,2,0,0,9,9,0,9,0,0.0,0.0,138.74,563.45,0.0,0,0,1,0,0,0,0,119,,0.03
queue,batched-par k=1,,"{""batch_k"": 1}",batched-par,0,5,50,2,True,50,24.7248,2.0223,3.4226,11.008,346.782,69.948,18.09,38.33,8.82,34.76,22.36,47.39,10.9,42.97,0.0,0.0,647.0,21.81,63,1,2,1,2,12,12,0,12,0,0.0,0.0,116.47,560.03,0.0,0,0,1,0,0,0,0,126,,0.04
queue,batched k=1,,"{""batch_k"": 1}",batched,8,5,50,2,True,50,20.0411,2.4949,4.4215,11.292,176.788,47.663,23.48,28.4,11.24,36.89,23.52,28.45,11.27,36.96,0.0,0.0,648.1,26.95,66,6,2,2,0,10,9,1,9,0,0.0,0.0,92.99,435.01,0.0,0,0,6,0,0,0,0,128,,0.04
