group,label,policy,note,N,overrides,seeds,complete,green_per_h_mean,green_per_h_ci95,steady_green_per_h_mean,steady_green_per_h_ci95,makespan_h_mean,makespan_h_ci95,lat_p50_min_mean,lat_p50_min_ci95,lat_p95_min_mean,lat_p95_min_ci95,busy_pct_mean,busy_pct_ci95,rework_pct_mean,rework_pct_ci95,blocked_pct_mean,blocked_pct_ci95,idle_pct_mean,idle_pct_ci95,busy_agent_h_mean,busy_agent_h_ci95,rework_agent_h_mean,rework_agent_h_ci95,blocked_agent_h_mean,blocked_agent_h_ci95,idle_agent_h_mean,idle_agent_h_ci95,idle_placement_agent_h_mean,idle_placement_agent_h_ci95,idle_paused_agent_h_mean,idle_paused_agent_h_ci95,ci_min_mean,ci_min_ci95,ci_util_pct_mean,ci_util_pct_ci95,ci_runs_mean,ci_runs_ci95,ci_aborted_mean,ci_aborted_ci95,conflicts_mean,conflicts_ci95,dissolved_mean,dissolved_ci95,reds_mean,reds_ci95,culprits_mean,culprits_ci95,false_blames_mean,false_blames_ci95,fixes_mean,fixes_ci95,overlap_starts_mean,overlap_starts_ci95,max_red_age_min_mean,max_red_age_min_ci95,mean_red_age_min_mean,mean_red_age_min_ci95,green_staleness_min_mean,green_staleness_min_ci95,green_gap_max_min_mean,green_gap_max_min_ci95,paused_min_mean,paused_min_ci95,max_open_reds_mean,max_open_reds_ci95,bisect_rounds_mean,bisect_rounds_ci95,cancelled_units_mean,cancelled_units_ci95,searches_mean,searches_ci95,search_runs_mean,search_runs_ci95,suspect_hits_mean,suspect_hits_ci95,val_runs_mean,val_runs_ci95,R_mean,R_ci95,M_mean,M_ci95,wall_s_mean,wall_s_ci95
fair,batched k=1 released,batched,,20,"{""batch_k"": 1, ""queue_agents"": ""released""}",10,10,7.862,0.3834,8.0611,0.2885,25.5497,1.2977,569.1948,29.5532,1090.9719,45.8076,17.057,0.9245,4.567,0.2457,0.0,0.0,78.376,0.9331,86.903,4.0296,23.393,2.1647,0.0,0.0,400.7,22.844,0.0,0.0,0.0,0.0,2869.65,74.5903,93.909,3.9969,297.2,8.6286,33.2,3.9295,89.6,8.1292,19.3,5.0585,56.5,4.7117,50.0,5.3952,3.5,1.4405,50.0,5.3952,0.0,0.0,0.0,0.0,0.0,0.0,11.121,6.7475,82.851,70.6436,0.0,0.0,0.0,0.0,0.0,0.0,43.7,4.158,0.0,0.0,0.0,0.0,0.0,0.0,0.0,0.0,2.0,0.0,200.0,0.0,0.031,0.0173
fair,batched k=4 suspects,batched,,20,"{""queue_suspects"": true}",10,10,13.5479,1.5264,14.837,1.2868,15.2009,2.2622,45.524,3.9276,111.0695,15.1191,29.305,3.1423,5.093,0.4787,53.166,5.828,12.434,7.3932,86.903,4.0296,15.415,2.5009,159.059,18.1779,42.639,35.1989,3.366,2.8408,0.0,0.0,1576.45,119.3594,88.097,7.9173,167.0,13.2798,27.7,4.8871,38.9,6.4285,4.9,1.7342,58.3,8.1212,42.9,5.315,0.7,0.3455,42.9,5.315,0.0,0.0,0.0,0.0,0.0,0.0,19.023,15.889,110.121,91.6329,0.0,0.0,0.0,0.0,16.2,3.9869,38.3,5.4586,0.0,0.0,0.0,0.0,37.6,5.553,0.0,0.0,2.0,0.0,200.0,0.0,0.024,0.009
fair,batched-par k=4 suspects,batched-par,,20,"{""batch_k"": 4, ""queue_suspects"": true}",10,10,13.4571,1.4474,14.7418,1.1374,15.2233,1.9401,45.6426,6.2673,114.1859,12.9569,29.159,3.1293,5.059,0.5498,52.747,5.1164,13.038,6.4066,86.903,4.0296,15.245,1.9633,159.007,18.8111,43.313,29.0326,5.573,5.0055,0.0,0.0,1588.43,110.8199,88.291,7.2229,169.4,11.5891,27.7,2.8622,39.3,5.9947,5.2,1.5744,60.3,7.4341,42.7,5.1587,0.4,0.3694,42.7,5.1587,0.0,0.0,0.0,0.0,0.0,0.0,16.131,11.246,89.472,74.6409,0.0,0.0,0.0,0.0,17.5,4.3215,37.9,4.0667,0.0,0.0,0.0,0.0,36.1,4.845,0.0,0.0,2.0,0.0,200.0,0.0,0.035,0.0227
fair,beanstalk module placement,beanstalk,,20,"{""placement_model"": ""module""}",10,10,20.0701,2.6665,59.5975,47.0017,10.3602,1.7384,244.7157,69.6401,355.7334,83.8554,43.376,5.3968,8.507,0.9994,0.461,0.0626,47.656,6.1342,86.903,4.0296,17.277,2.3485,0.918,0.028,102.106,31.0059,3.968,3.5261,60.454,13.1958,938.27,85.0206,77.557,9.0211,93.5,8.3708,0.0,0.0,39.2,4.368,6.7,2.7611,42.3,4.6363,43.5,6.3556,0.6,0.3694,43.5,6.3556,149.2,5.1889,130.401,18.5716,46.997,4.6381,153.876,41.6741,366.242,83.0007,246.05,46.2302,8.2,2.1004,0.0,0.0,0.0,0.0,12.6,2.0841,44.8,10.2433,31.6,5.4601,48.7,5.2135,2.0,0.0,200.0,0.0,0.154,0.1539
fair,beanstalk no-budget,beanstalk,,20,"{""budget"": false}",10,10,22.6732,2.6464,,,9.0584,1.1715,367.2837,81.899,494.2319,82.5763,49.181,5.849,9.631,1.0237,0.519,0.0584,40.668,6.2199,86.903,4.0296,17.295,2.1253,0.919,0.0404,76.051,21.6976,2.293,1.6556,0.0,0.0,907.07,75.2781,84.912,8.6066,90.5,7.3665,0.0,0.0,34.9,4.311,7.5,1.6259,25.8,7.6135,44.6,6.5403,1.0,0.6744,44.6,6.5403,181.6,3.3073,196.643,40.5361,72.882,16.1478,234.534,45.6429,497.952,82.2109,0.0,0.0,11.8,3.5494,0.0,0.0,0.0,0.0,13.1,1.8607,60.9,13.5697,32.6,5.7837,29.6,7.5791,2.0,0.0,200.0,0.0,0.067,0.0329
fair,beanstalk quarantine,beanstalk,,20,"{""green_mode"": ""quarantine""}",10,10,19.564,2.2778,24.1647,4.4766,10.4434,1.0886,114.5299,24.8445,235.6657,46.0887,42.472,5.2118,7.704,0.9131,0.432,0.0435,49.392,5.6024,86.903,4.0296,15.978,2.0868,0.887,0.036,105.101,20.6543,2.985,2.4129,76.01,22.8946,1058.13,113.9308,85.258,8.4666,106.0,11.1989,0.0,0.0,29.4,3.7275,7.2,1.7456,24.4,2.805,45.0,7.2791,0.6,0.5001,45.0,7.2791,157.2,8.4286,168.517,24.2267,68.402,7.4499,25.247,4.7986,98.746,12.8337,313.91,65.8316,9.1,1.8607,0.0,0.0,0.0,0.0,13.9,2.1446,51.9,12.5057,32.6,6.3012,53.8,5.5796,2.0,0.0,200.0,0.0,0.071,0.0326
fair,beanstalk quarantine no-budget,beanstalk,,20,"{""budget"": false, ""green_mode"": ""quarantine""}",10,10,20.6968,2.256,23.7832,2.5235,9.8612,1.0419,216.6879,61.4726,346.8732,60.2788,44.883,4.8337,8.705,0.9968,0.472,0.0465,45.939,4.8846,86.903,4.0296,17.2,2.7049,0.915,0.0415,92.206,18.4317,1.528,1.2738,0.0,0.0,1018.02,94.4196,86.75,7.1312,101.5,9.3402,0.0,0.0,34.4,5.3124,6.2,2.0176,17.5,3.5566,45.3,7.8289,0.9,0.6263,45.3,7.8289,182.2,2.3068,234.554,40.2158,99.235,14.7536,40.035,11.5896,142.387,41.2266,0.0,0.0,14.4,4.105,0.0,0.0,0.0,0.0,13.5,2.1125,63.4,14.3506,32.9,7.0041,37.9,7.5056,2.0,0.0,200.0,0.0,0.104,0.0621
fair,beanstalk snapshot=green,beanstalk,,20,"{""snapshot"": ""green""}",10,10,18.2611,2.0215,35.8458,24.5014,11.163,1.0947,275.6873,79.3701,454.7722,92.2123,39.625,4.4367,10.587,1.0167,0.503,0.0489,49.285,4.9907,86.903,4.0296,23.454,2.2871,1.108,0.0577,111.797,20.2284,0.709,0.6241,75.751,27.7037,1114.51,112.3233,83.591,5.8017,111.5,10.839,0.0,0.0,86.1,8.6985,16.0,2.9589,42.6,7.8517,51.8,8.1822,0.9,0.7872,51.8,8.1822,183.3,1.5834,152.278,29.8077,53.94,7.5828,182.967,49.6722,457.254,92.0889,312.42,85.3825,10.7,2.134,0.0,0.0,0.0,0.0,15.6,2.9627,59.4,15.8311,37.6,7.1308,52.1,7.596,2.0,0.0,200.0,0.0,0.154,0.1289
fair,beanstalk-noplace quarantine,beanstalk-noplace,,20,"{""green_mode"": ""quarantine""}",10,10,19.3127,2.4498,23.166,3.7275,10.692,1.5576,109.0396,18.0495,232.51,33.3782,41.818,5.3504,8.069,1.2289,0.441,0.0547,49.672,6.0842,86.903,4.0296,16.863,2.1595,0.913,0.0395,109.159,28.7256,0.463,0.4943,75.512,18.766,1074.31,94.9853,85.559,9.2178,107.2,8.7853,0.0,0.0,36.9,6.139,5.6,1.5888,25.5,3.6977,42.1,5.5042,1.2,0.9417,42.1,5.5042,0.0,0.0,174.849,36.4745,68.745,8.2787,25.849,5.0918,97.435,24.1355,320.42,58.8098,8.5,1.1802,0.0,0.0,0.0,0.0,12.9,1.9792,52.3,12.5583,31.0,4.9328,54.8,7.199,2.0,0.0,200.0,0.0,0.023,0.0068
fair,batched k=1 released,batched,,100,"{""batch_k"": 1, ""queue_agents"": ""released""}",10,10,15.9826,0.3916,15.9573,0.4174,62.6335,1.5234,1655.3971,68.8408,3122.3724,83.4116,6.758,0.2096,2.845,0.0632,0.0,0.0,90.397,0.2616,422.879,9.6195,178.094,4.098,0.0,0.0,5662.372,149.2276,0.0,0.0,0.0,0.0,34189.03,853.8468,90.977,0.4917,3782.4,84.3248,1094.9,32.8807,932.5,26.9047,223.2,23.1928,717.9,36.2445,299.7,10.3989,21.2,1.9015,299.7,10.3989,0.0,0.0,0.0,0.0,0.0,0.0,7.229,0.2152,43.463,4.9423,0.0,0.0,0.0,0.0,0.0,0.0,2461.5,75.2387,0.0,0.0,0.0,0.0,0.0,0.0,0.0,0.0,10.0,0.0,1000.0,0.0,0.511,0.1772
fair,batched k=4 suspects,batched,,100,"{""queue_suspects"": true}",10,10,13.5366,0.6528,13.3339,0.7569,74.1743,3.5449,404.9887,25.4808,560.4297,30.1763,5.727,0.3293,2.377,0.0998,86.077,0.9792,5.817,0.7253,422.879,9.6195,175.99,7.6906,6390.034,370.7246,428.524,44.2081,49.037,18.8136,0.0,0.0,40472.14,2142.3618,90.9,0.5707,4229.9,225.3692,1430.9,107.7526,908.8,46.2083,160.1,15.0477,1909.8,100.4767,333.8,14.0931,1.8,1.0003,333.8,14.0931,0.0,0.0,0.0,0.0,0.0,0.0,10.238,0.3935,66.442,11.6692,0.0,0.0,0.0,0.0,146.2,12.9758,3430.1,197.8167,0.0,0.0,0.0,0.0,299.5,12.386,0.0,0.0,10.0,0.0,1000.0,0.0,0.889,0.1346
fair,batched-par k=4 suspects,batched-par,,100,"{""batch_k"": 4, ""queue_suspects"": true}",10,10,14.1667,0.7348,13.9115,0.7306,70.9104,3.5461,394.5228,18.7189,565.7513,38.7922,5.996,0.3824,2.577,0.1303,85.9,0.8184,5.526,0.6025,422.879,9.6195,182.233,7.0646,6094.701,347.3151,391.224,44.3772,37.441,13.0414,0.0,0.0,38424.67,2097.2225,90.277,0.6923,4055.6,227.2204,1417.5,101.8566,950.1,50.4002,164.8,16.7204,1802.9,123.9024,336.7,11.9506,2.6,1.1285,336.7,11.9506,0.0,0.0,0.0,0.0,0.0,0.0,9.69,0.5203,61.47,7.1668,0.0,0.0,0.0,0.0,144.3,11.8742,3243.3,210.5508,0.0,0.0,0.0,0.0,297.3,11.3504,0.0,0.0,10.0,0.0,1000.0,0.0,1.089,0.1871
fair,beanstalk module placement,beanstalk,,100,"{""placement_model"": ""module""}",10,10,53.0647,3.0793,150.9763,109.8274,18.9618,1.1478,493.2185,86.1854,864.1991,126.0558,22.42,1.226,8.191,0.3812,0.399,0.0295,68.99,1.5414,422.879,9.6195,154.745,6.1637,7.511,0.2041,1311.047,107.973,11.055,7.3377,1236.522,105.5809,7731.5,300.3871,68.173,2.6513,769.0,29.6639,0.0,0.0,589.4,34.6482,75.0,8.4838,469.2,43.1401,303.8,10.8628,5.7,1.069,303.8,10.8628,908.4,5.3444,146.621,19.2986,35.342,1.5988,367.705,62.0398,868.705,126.6971,892.5,72.5173,20.7,1.4717,0.0,0.0,0.0,0.0,94.2,7.6656,290.9,40.1528,215.5,9.7278,478.1,40.1684,10.0,0.0,1000.0,0.0,0.311,0.1549
fair,beanstalk no-budget,beanstalk,,100,"{""budget"": false}",10,10,60.4215,4.2404,,,16.6816,1.0658,828.5279,65.5174,981.423,64.1112,25.563,1.954,14.101,0.9056,0.586,0.0347,59.75,2.8216,422.879,9.6195,233.659,6.4841,9.694,0.2019,1001.927,107.2326,9.658,3.9573,0.0,0.0,9162.88,589.3742,91.595,2.1623,911.7,58.7221,0.0,0.0,889.4,35.8244,100.9,10.5907,72.4,8.0095,342.3,10.9424,16.7,1.9676,342.3,10.9424,986.5,1.4405,657.662,77.4906,158.894,18.3263,488.535,33.2497,988.809,65.1118,0.0,0.0,126.2,13.3558,0.0,0.0,0.0,0.0,111.6,6.1088,835.8,61.994,247.5,8.7558,75.9,7.6779,10.0,0.0,1000.0,0.0,0.786,0.2334
fair,beanstalk quarantine,beanstalk,,100,"{""green_mode"": ""quarantine""}",10,10,50.1472,2.0653,54.7491,2.5046,20.0017,0.8359,147.4412,11.3302,267.9029,25.9863,21.2,0.9181,7.524,0.4012,0.374,0.0159,70.904,1.2395,422.879,9.6195,150.199,7.6429,7.453,0.1298,1419.647,80.7009,6.412,2.6093,1363.855,68.1802,8931.92,255.1096,74.538,2.0625,888.7,25.0642,0.0,0.0,564.5,20.724,75.2,8.0632,369.0,22.6275,309.9,12.3087,6.4,1.7586,309.9,12.3087,920.7,6.5477,206.328,19.1979,63.542,7.1283,21.839,3.2128,110.103,23.5782,1001.89,47.7847,33.4,3.9784,0.0,0.0,0.0,0.0,99.4,4.3991,412.5,44.0045,219.8,12.171,476.1,29.5784,10.0,0.0,1000.0,0.0,0.924,0.1653
fair,beanstalk quarantine no-budget,beanstalk,,100,"{""budget"": false, ""green_mode"": ""quarantine""}",10,10,54.2486,4.7673,73.0928,16.5662,18.6591,1.4708,724.9843,114.4952,890.8321,107.3096,22.963,2.1855,12.279,0.8832,0.512,0.0381,64.247,3.0375,422.879,9.6195,227.064,8.2616,9.464,0.2083,1206.503,146.1331,11.471,6.3142,0.0,0.0,9589.71,970.624,85.442,3.3897,954.2,95.9092,0.0,0.0,847.1,32.7108,103.5,11.8368,122.3,25.8745,346.7,16.7145,15.3,2.3374,346.7,16.7145,986.3,1.5471,695.655,108.8313,213.255,27.8967,108.136,19.78,397.975,69.702,0.0,0.0,131.6,16.6058,0.0,0.0,0.0,0.0,110.2,7.8633,797.8,108.7287,253.3,11.2801,156.3,26.4181,10.0,0.0,1000.0,0.0,1.064,0.1565
fair,beanstalk snapshot=green,beanstalk,,100,"{""snapshot"": ""green""}",10,10,50.5649,3.0814,126.1494,86.856,19.9143,1.2893,361.1224,128.8896,713.6554,175.0338,21.381,1.3755,9.408,0.7954,0.463,0.0316,68.748,2.1537,422.879,9.6195,185.829,8.2115,9.162,0.1887,1373.56,131.4111,2.329,1.2955,1225.24,87.9197,7977.86,233.0488,67.109,3.3442,793.5,21.96,0.0,0.0,900.6,39.6696,109.3,14.7755,452.7,28.5527,320.4,12.0366,6.7,2.2633,320.4,12.0366,981.3,2.998,163.088,17.513,34.833,0.9096,273.685,85.7029,719.459,174.6425,867.71,44.974,22.3,1.6537,0.0,0.0,0.0,0.0,100.9,7.2513,323.7,29.2588,226.5,11.271,469.6,26.4227,10.0,0.0,1000.0,0.0,0.872,0.234
fair,beanstalk-noplace quarantine,beanstalk-noplace,,100,"{""green_mode"": ""quarantine""}",10,10,50.6542,3.2349,54.0237,3.1703,19.8854,1.2859,141.2345,11.7486,264.24,38.4943,21.406,1.338,7.696,0.7282,0.382,0.0301,70.517,2.0513,422.879,9.6195,151.695,7.7857,7.516,0.1902,1406.452,128.3409,6.069,3.8998,1348.823,104.5612,8832.27,507.213,74.159,2.7422,879.0,51.1854,0.0,0.0,579.4,30.337,76.0,9.9058,371.9,17.8475,302.9,13.8434,7.5,1.8237,302.9,13.8434,0.0,0.0,194.721,29.8602,64.705,8.5165,19.588,2.6073,100.842,21.8291,990.39,51.9266,35.3,7.2325,0.0,0.0,0.0,0.0,100.0,4.574,387.8,60.6413,214.2,11.429,491.1,17.2646,10.0,0.0,1000.0,0.0,0.274,0.0847
fair,batched k=1 released,batched,,1000,"{""batch_k"": 1, ""queue_agents"": ""released""}",10,10,16.2293,0.1858,16.3008,0.214,616.311,6.966,17497.0337,374.2312,33037.1112,472.5123,0.692,0.0066,0.419,0.0071,0.0,0.0,98.888,0.0125,4265.32,19.8639,2582.464,31.0433,0.0,0.0,609463.192,6950.3293,0.0,0.0,0.0,0.0,673318.87,7577.0375,18.209,0.017,71601.9,785.501,20535.2,343.7097,15297.6,181.5118,4605.9,194.3503,14311.0,273.7001,3120.8,38.2759,209.4,7.7056,3120.8,38.2759,0.0,0.0,0.0,0.0,0.0,0.0,7.257,0.0881,52.479,2.6939,0.0,0.0,0.0,0.0,0.0,0.0,58271.7,745.7416,0.0,0.0,0.0,0.0,0.0,0.0,0.0,0.0,100.0,0.0,10000.0,0.0,9.739,0.9543
fair,beanstalk module placement,beanstalk,,1000,"{""placement_model"": ""module""}",10,10,145.1146,4.3742,182.7719,19.6202,69.0181,2.0204,1170.7426,385.2345,2441.6764,603.0939,6.19,0.1802,10.146,0.3121,1.688,0.1073,81.975,0.5691,4265.32,19.8639,6992.601,87.7483,1162.76,59.5285,56597.426,2016.977,29.96,10.3116,56402.937,2016.7592,133120.31,4453.4167,32.206,1.592,13247.7,445.3835,0.0,0.0,38481.5,476.8363,2885.0,107.5401,4884.2,51.4124,6500.1,147.3897,163.7,14.6829,6500.1,147.3897,9540.8,9.3313,457.289,32.8849,45.385,0.6472,1005.01,352.4628,2447.314,603.1002,3893.13,110.7447,220.0,9.0165,0.0,0.0,0.0,0.0,2002.2,56.9046,8347.8,476.8004,4662.0,114.0172,4899.9,51.5302,100.0,0.0,10000.0,0.0,20.49,1.8934
fair,beanstalk no-budget,beanstalk,,1000,"{""budget"": false}",10,10,178.2682,4.5919,,,56.1603,1.4363,2683.4028,53.0831,3292.3943,56.1373,7.603,0.192,36.71,1.557,19.125,0.6651,36.561,2.1362,4265.32,19.8639,20595.923,737.2394,10733.905,352.9541,20565.142,1563.5914,410.738,41.8463,0.0,0.0,277192.99,8351.7092,82.36,3.278,27578.5,836.4795,0.0,0.0,106252.4,2948.2841,4441.8,188.3696,540.3,51.1288,8271.9,185.6039,485.1,19.9388,8271.9,185.6039,9986.2,1.5744,2043.106,110.3959,310.944,29.4336,1619.234,38.8863,3301.089,57.496,0.0,0.0,1495.7,129.5705,0.0,0.0,0.0,0.0,2616.8,52.1426,27033.0,869.8511,6140.3,150.1377,545.5,50.209,100.0,0.0,10000.0,0.0,57.797,3.3375
fair,beanstalk quarantine,beanstalk,,1000,"{""green_mode"": ""quarantine""}",10,10,123.4796,3.395,129.1397,8.8482,81.0917,2.2082,460.8256,33.7689,1041.1403,114.5037,5.267,0.1586,7.711,0.6979,1.861,0.4255,85.162,1.2509,4265.32,19.8639,6228.089,422.1884,1496.757,307.5665,69101.564,2795.0079,21.018,6.7216,68976.637,2801.0623,136314.1,10086.5927,27.975,1.5814,13563.0,1002.0254,0.0,0.0,34256.9,2648.114,2795.5,205.4282,3660.8,442.9479,6404.0,361.0073,128.4,13.5225,6404.0,361.0073,9856.1,11.9239,606.375,49.9437,221.613,19.6841,39.444,8.1314,295.388,48.1094,4674.18,137.6343,622.7,97.587,0.0,0.0,0.0,0.0,1995.0,101.5311,8316.0,906.5801,4600.0,259.7278,5247.0,187.9137,100.0,0.0,10000.0,0.0,42.429,3.9943
fair,beanstalk quarantine no-budget,beanstalk,,1000,"{""budget"": false, ""green_mode"": ""quarantine""}",10,10,148.1176,6.9597,354.231,85.608,67.777,3.1869,1753.8946,259.6245,2979.7947,156.1113,6.317,0.276,26.285,1.6716,12.635,0.8828,54.764,2.6492,4265.32,19.8639,17735.432,638.8908,8531.107,466.8858,37245.131,3436.0607,721.213,80.608,0.0,0.0,134059.13,26311.6556,33.169,6.5259,13336.4,2615.5058,0.0,0.0,91466.6,3138.7677,4280.8,180.0601,982.7,163.5958,8364.0,229.534,198.6,46.0597,8364.0,229.534,9986.1,1.5617,1827.043,240.9135,655.629,69.5674,136.36,122.6758,777.889,423.3591,0.0,0.0,3048.6,297.6255,0.0,0.0,0.0,0.0,2612.8,67.5315,10893.5,2783.7379,5992.0,160.9637,2442.9,197.8805,100.0,0.0,10000.0,0.0,113.945,11.6694
fair,beanstalk snapshot=green,beanstalk,,1000,"{""snapshot"": ""green""}",10,10,138.0777,2.5235,166.6522,20.4103,72.4656,1.3262,1015.8699,291.4735,2148.9496,524.4572,5.89,0.1203,9.728,0.193,2.109,0.0934,82.275,0.3493,4265.32,19.8639,7046.407,140.4642,1527.704,63.8604,59626.19,1271.5964,3.312,3.0983,59023.021,1371.8399,128979.14,3365.2013,29.678,0.8412,12843.2,333.6115,0.0,0.0,40843.7,895.6223,3278.7,133.2201,4783.4,65.2236,6169.9,178.6549,153.3,11.6324,6169.9,178.6549,9970.8,2.7765,465.87,46.3723,45.498,0.4836,817.816,244.096,2156.775,523.0644,3952.51,106.2502,207.2,7.0635,0.0,0.0,0.0,0.0,1908.2,57.3534,8041.2,367.1058,4415.3,139.4236,4802.0,64.936,100.0,0.0,10000.0,0.0,92.198,12.0424
fair,beanstalk-noplace quarantine,beanstalk-noplace,,1000,"{""green_mode"": ""quarantine""}",10,10,121.2851,6.5453,128.0482,8.8481,82.8898,4.6376,483.3109,37.3122,1130.4325,155.2677,5.174,0.2743,7.723,0.7138,1.901,0.2897,85.203,1.2159,4265.32,19.8639,6349.546,327.4344,1561.197,206.7031,70713.702,4922.8121,31.371,18.2427,70500.578,4892.5924,136570.46,10345.6463,27.443,1.216,13588.6,1034.4027,0.0,0.0,35061.6,1855.9447,2877.2,184.2134,3494.0,315.0037,6457.5,276.7152,130.4,16.0699,6457.5,276.7152,0.0,0.0,652.415,133.9126,228.963,21.6324,37.705,5.5559,324.685,47.0781,4726.12,257.7932,666.6,102.246,0.0,0.0,0.0,0.0,2039.7,94.7056,8391.2,976.7083,4614.4,192.3756,5197.3,111.0051,100.0,0.0,10000.0,0.0,25.94,3.7352
fixedR,batched k=1,batched,,5,"{""batch_k"": 1, ""ci_slots"": 10}",10,10,6.5389,0.3337,6.9001,0.3752,7.6799,0.3729,11.1388,0.4952,37.3507,5.7333,57.418,3.0379,5.385,1.35,30.021,2.5783,7.175,1.6013,22.069,1.7169,2.075,0.5459,11.485,0.839,2.771,0.6917,0.081,0.1832,0.0,0.0,676.27,48.5747,14.732,1.2567,71.8,6.6489,11.1,3.8807,1.9,1.1898,0.7,0.5889,9.9,2.4652,8.9,2.2481,0.9,0.6263,8.9,2.2481,0.0,0.0,0.0,0.0,0.0,0.0,8.527,0.7716,37.152,6.0183,0.0,0.0,0.0,0.0,0.0,0.0,12.0,4.2786,0.0,0.0,0.0,0.0,0.0,0.0,0.0,0.0,10.0,0.0,50.0,0.0,0.041,0.0227
fixedR,batched-par k=1,batched-par,,5,"{""batch_k"": 1, ""ci_slots"": 10}",10,10,6.6858,0.4078,7.0378,0.4038,7.5244,0.4291,10.7794,0.2186,36.4927,2.7121,58.604,2.4751,5.966,1.4635,28.667,2.1916,6.762,1.8919,22.069,1.7169,2.265,0.5942,10.72,0.5166,2.572,0.8007,0.0,0.0,0.0,0.0,638.01,29.6044,14.219,1.0612,65.3,4.2258,4.9,2.2982,2.3,1.3081,0.5,0.5058,10.3,2.1866,9.0,2.262,1.3,0.8294,9.0,2.262,0.0,0.0,0.0,0.0,0.0,0.0,7.788,0.7847,33.665,7.8544,0.0,0.0,0.0,0.0,0.0,0.0,5.0,2.2367,0.0,0.0,0.0,0.0,0.0,0.0,0.0,0.0,10.0,0.0,50.0,0.0,0.041,0.0468
fixedR,beanstalk,beanstalk,,5,"{""ci_slots"": 10}",10,10,9.0652,0.7419,9.8472,0.9855,5.5806,0.4531,19.8642,7.2124,70.6367,16.7359,79.445,5.2203,6.634,2.1768,0.68,0.069,13.241,4.4041,22.069,1.7169,1.862,0.658,0.187,0.009,3.784,1.5423,0.0,0.0,0.082,0.1536,625.35,29.8585,18.936,2.0289,62.0,2.9589,0.0,0.0,2.0,0.8921,0.9,0.7113,33.4,8.6115,8.9,2.2481,0.0,0.0,8.9,2.2481,6.0,1.5816,40.359,6.7281,26.432,1.6967,20.541,5.8753,78.996,17.0821,3.26,5.3503,2.3,0.5889,0.0,0.0,0.0,0.0,2.9,1.0366,2.9,1.0366,6.5,1.7922,59.0,2.262,10.0,0.0,50.0,0.0,0.011,0.0023
fixedR,beanstalk quarantine,beanstalk,,5,"{""ci_slots"": 10, ""green_mode"": ""quarantine""}",10,10,9.0064,1.0214,9.8765,0.854,5.6868,0.69,14.8295,3.0955,50.9983,12.8633,78.891,7.5268,6.856,2.2576,0.679,0.0866,13.576,6.6222,22.069,1.7169,1.98,0.7494,0.19,0.0101,4.195,2.8031,0.0,0.0,0.419,0.9229,763.87,62.5749,23.013,3.6238,75.8,5.8677,0.0,0.0,2.3,1.0144,0.9,0.7113,23.9,5.707,8.9,2.2481,0.0,0.0,8.9,2.2481,5.9,1.5249,47.059,16.2481,28.908,3.8252,9.048,5.128,40.372,25.6607,7.71,15.1508,2.2,0.4524,0.0,0.0,0.0,0.0,3.7,1.4717,3.7,1.4717,6.5,1.7922,72.0,4.8865,10.0,0.0,50.0,0.0,0.026,0.0276
fixedR,serial,serial,,5,"{""ci_slots"": 10}",10,10,4.6723,0.2228,4.9082,0.2039,10.7435,0.5028,30.7584,3.9679,64.2237,6.2976,41.302,4.1438,4.088,1.1944,48.699,4.3349,5.91,2.3524,22.069,1.7169,2.23,0.7251,26.182,2.679,3.236,1.4265,0.0,0.0,0.0,0.0,609.9,26.9645,9.471,0.2883,59.9,2.4652,0.0,0.0,2.1,1.5249,0.6,0.5001,9.9,2.4652,8.9,2.2481,1.0,0.6744,8.9,2.2481,0.0,0.0,0.0,0.0,0.0,0.0,8.1,1.1046,42.098,13.9715,0.0,0.0,0.0,0.0,0.0,0.0,0.0,0.0,0.0,0.0,0.0,0.0,0.0,0.0,0.0,0.0,10.0,0.0,50.0,0.0,0.021,0.0145
fixedR,batched k=1,batched,,20,"{""batch_k"": 1, ""ci_slots"": 10}",10,10,15.9694,1.7177,18.2873,1.3977,12.82,1.5917,32.2982,4.1636,81.7941,10.8017,34.591,3.6512,6.546,0.6683,42.56,5.644,16.304,7.2354,86.903,4.0296,16.7,2.3459,107.427,13.4252,45.37,28.0432,6.193,6.6445,0.0,0.0,4912.64,429.1007,64.963,6.9525,561.5,47.5872,186.7,17.9384,40.5,6.0813,5.4,1.2251,73.3,13.1984,42.5,5.6248,4.7,1.069,42.5,5.6248,0.0,0.0,0.0,0.0,0.0,0.0,15.244,12.5808,91.057,75.5707,0.0,0.0,0.0,0.0,0.0,0.0,314.3,42.7725,0.0,0.0,0.0,0.0,0.0,0.0,0.0,0.0,10.0,0.0,200.0,0.0,0.047,0.0329
fixedR,batched-par k=1,batched-par,,20,"{""batch_k"": 1, ""ci_slots"": 10}",10,10,18.8698,2.3027,22.6401,1.0344,10.9463,1.6464,17.5047,3.0352,63.3841,9.4449,40.877,5.0199,7.854,0.7061,32.41,5.1976,18.856,8.5863,86.903,4.0296,17.056,2.3807,69.02,10.4019,45.945,30.3351,3.655,3.6199,0.0,0.0,3580.22,391.8596,56.092,7.6274,412.4,47.7898,121.9,24.2536,40.9,6.6459,6.7,1.3081,57.7,10.3661,44.2,5.7601,4.2,1.0556,44.2,5.7601,0.0,0.0,0.0,0.0,0.0,0.0,14.942,15.9232,90.488,81.94,0.0,0.0,0.0,0.0,0.0,0.0,164.0,43.0652,0.0,0.0,0.0,0.0,0.0,0.0,0.0,0.0,10.0,0.0,200.0,0.0,0.09,0.0616
fixedR,beanstalk,beanstalk,,20,"{""ci_slots"": 10}",10,10,25.0447,2.8292,55.122,72.3233,8.2012,1.0939,198.1595,33.1025,332.3751,31.9694,54.194,5.6419,10.693,1.4605,0.579,0.0777,34.535,6.5195,86.903,4.0296,17.187,1.8671,0.922,0.05,59.014,19.8774,2.358,2.3284,12.61,4.7636,2465.99,73.339,51.556,6.4622,246.0,7.1372,0.0,0.0,34.8,6.5801,6.7,1.6877,219.5,8.5522,46.5,7.3122,0.5,0.6079,46.5,7.3122,174.9,4.938,82.486,14.8637,28.41,1.9369,139.108,21.312,336.465,32.3751,105.56,18.0881,6.3,0.8294,0.0,0.0,0.0,0.0,13.8,2.8573,15.5,3.7888,33.3,6.2727,230.5,4.6142,10.0,0.0,200.0,0.0,0.089,0.0314
fixedR,beanstalk quarantine,beanstalk,,20,"{""ci_slots"": 10, ""green_mode"": ""quarantine""}",10,10,24.4289,2.8368,33.7494,2.3265,8.4244,1.1882,38.181,6.1654,111.0459,15.9817,52.804,5.5821,9.77,1.0441,0.552,0.0645,36.872,6.0691,86.903,4.0296,16.266,2.0216,0.904,0.0427,64.414,20.0576,2.139,1.4534,20.606,12.1245,2726.53,124.6139,55.374,6.2496,271.5,11.9848,0.0,0.0,30.8,5.067,7.6,1.8221,164.5,15.9992,46.3,8.1072,0.1,0.2262,46.3,8.1072,170.6,7.6908,98.907,9.8026,35.481,2.8325,12.281,4.0145,59.284,21.3365,123.6,39.4059,6.7,1.069,0.0,0.0,0.0,0.0,15.0,3.0905,23.1,6.6885,33.3,6.7696,248.4,8.0872,10.0,0.0,200.0,0.0,0.217,0.0792
fixedR,serial,serial,,20,"{""ci_slots"": 10}",10,10,4.7193,0.114,4.7581,0.1099,42.423,1.0268,219.497,5.2195,276.2465,10.8585,10.255,0.5457,1.68,0.1791,82.314,1.5253,5.751,1.2039,86.903,4.0296,14.283,1.7566,698.202,17.1593,49.072,11.3194,1.772,1.5093,0.0,0.0,2514.39,48.112,9.883,0.14,245.6,4.9581,0.0,0.0,38.4,5.1604,6.7,1.909,45.6,4.9581,41.8,4.2358,3.8,1.2064,41.8,4.2358,0.0,0.0,0.0,0.0,0.0,0.0,8.068,0.9355,57.858,27.5022,0.0,0.0,0.0,0.0,0.0,0.0,0.0,0.0,0.0,0.0,0.0,0.0,0.0,0.0,0.0,0.0,10.0,0.0,200.0,0.0,0.039,0.0299
fixedR,batched k=1,batched,,500,"{""batch_k"": 1, ""ci_slots"": 10}",10,10,16.4053,0.2514,16.398,0.2635,304.9088,4.7857,1786.5068,33.7673,1976.6303,31.7772,1.397,0.0208,0.611,0.0128,92.579,0.432,5.413,0.4269,2128.652,19.1432,931.504,12.8209,141139.196,2219.2999,8255.039,687.6415,744.136,144.969,0.0,0.0,168486.69,2650.3058,92.098,0.1734,18707.9,252.9749,5481.5,87.1053,4990.2,68.3166,1181.2,45.731,3443.4,120.3414,1476.8,25.5267,100.3,6.2546,1476.8,25.5267,0.0,0.0,0.0,0.0,0.0,0.0,7.314,0.1068,60.64,16.1067,0.0,0.0,0.0,0.0,0.0,0.0,12130.8,226.8953,0.0,0.0,0.0,0.0,0.0,0.0,0.0,0.0,10.0,0.0,5000.0,0.0,2.386,0.2093
fixedR,batched-par k=1,batched-par,,500,"{""batch_k"": 1, ""ci_slots"": 10}",10,10,24.1474,0.4032,24.355,0.5041,207.1665,3.5798,1198.9718,24.1554,1347.4695,29.8825,2.057,0.033,0.961,0.0227,91.214,0.4288,5.769,0.4206,2128.652,19.1432,994.411,13.0264,94482.083,1699.438,5978.107,462.0609,522.711,112.1645,0.0,0.0,117170.63,1927.1793,94.268,0.2822,13990.5,240.3655,4617.9,127.7412,5326.5,76.772,1218.5,42.9704,2462.8,84.6785,1529.6,32.1423,107.6,8.4784,1529.6,32.1423,0.0,0.0,0.0,0.0,0.0,0.0,4.771,0.132,49.899,19.4819,0.0,0.0,0.0,0.0,0.0,0.0,7353.3,207.8129,0.0,0.0,0.0,0.0,0.0,0.0,0.0,0.0,10.0,0.0,5000.0,0.0,2.978,0.4902
fixedR,beanstalk,beanstalk,,500,"{""ci_slots"": 10}",10,10,46.6742,1.2228,68.9677,44.4751,107.2615,2.9521,1318.5355,441.0058,2938.1808,810.268,3.976,0.1162,3.13,0.1213,0.2,0.0075,92.696,0.2406,2128.652,19.1432,1675.977,35.2993,107.152,2.4314,49718.98,1492.3281,26.206,16.7203,49329.623,1468.0788,59212.98,1647.5824,92.008,0.6306,5892.7,164.5677,0.0,0.0,8621.2,192.1161,859.3,33.4729,363.1,10.1353,2243.3,52.5804,102.3,4.6608,2243.3,52.5804,4834.0,8.1975,884.88,44.6548,203.949,7.618,1105.54,354.7577,2943.711,810.0071,6220.41,176.0737,190.1,9.0383,0.0,0.0,0.0,0.0,701.6,20.311,5502.7,167.6605,1644.4,41.8225,389.9,9.3109,10.0,0.0,5000.0,0.0,8.615,0.7695
fixedR,beanstalk quarantine,beanstalk,,500,"{""ci_slots"": 10, ""green_mode"": ""quarantine""}",10,10,50.4808,3.697,50.7505,4.983,99.9652,7.1634,726.2021,30.1382,1129.5328,138.2343,4.298,0.3128,3.317,0.3004,0.207,0.0182,92.178,0.629,2128.652,19.1432,1639.324,36.3969,102.159,3.144,46112.448,3606.8587,34.464,20.5139,45718.815,3644.241,53461.34,4096.612,89.1,1.6859,5321.1,408.9538,0.0,0.0,8283.8,257.0085,848.0,35.2965,608.9,28.2452,2210.2,49.6024,82.6,8.2885,2210.2,49.6024,4848.9,19.0404,965.345,118.6298,246.778,15.1477,127.408,14.7042,599.482,95.773,5786.49,437.9804,200.5,22.2762,0.0,0.0,0.0,0.0,693.6,21.5444,4478.3,418.3593,1607.9,42.0208,842.8,55.6213,10.0,0.0,5000.0,0.0,9.363,0.5687
fixedR,serial,serial,,500,"{""ci_slots"": 10}",10,10,4.5772,0.0225,4.5777,0.0246,1092.4205,5.4056,6516.875,34.5506,6717.4879,39.7284,0.389,0.0041,0.141,0.0023,94.235,0.1322,5.234,0.1298,2128.652,19.1432,778.847,7.11,514713.09,2939.0504,28589.636,661.03,1398.532,255.1884,0.0,0.0,65540.62,324.5295,10.0,0.0,6402.7,31.227,0.0,0.0,4157.0,32.9904,1077.6,36.7952,1402.7,31.227,1295.7,24.8043,107.0,8.2459,1295.7,24.8043,0.0,0.0,0.0,0.0,0.0,0.0,8.009,0.081,59.51,3.2901,0.0,0.0,0.0,0.0,0.0,0.0,0.0,0.0,0.0,0.0,0.0,0.0,0.0,0.0,0.0,0.0,10.0,0.0,5000.0,0.0,2.289,0.3751
fixedR,batched k=1,batched,,1000,"{""batch_k"": 1, ""ci_slots"": 10}",10,10,16.7041,0.1341,16.7901,0.1255,598.721,4.7432,3534.8262,30.2794,3790.1464,35.4968,0.711,0.0071,0.336,0.006,93.645,0.1676,5.31,0.1685,4265.32,19.8639,2003.518,21.7704,560660.386,4304.9402,31791.753,1110.1945,2982.598,228.272,0.0,0.0,330877.71,2516.5003,92.108,0.1185,36662.8,274.8503,10561.7,109.6566,11329.8,98.7768,3030.2,91.8561,6676.6,91.0151,2870.9,25.8995,203.9,6.0457,2870.9,25.8995,0.0,0.0,0.0,0.0,0.0,0.0,7.209,0.0888,60.597,10.9768,0.0,0.0,0.0,0.0,0.0,0.0,23588.0,247.0245,0.0,0.0,0.0,0.0,0.0,0.0,0.0,0.0,10.0,0.0,10000.0,0.0,9.102,1.6932
fixedR,batched-par k=1,batched-par,,1000,"{""batch_k"": 1, ""ci_slots"": 10}",10,10,24.6581,0.1879,24.8228,0.2017,405.5874,3.0939,2377.2576,15.8736,2568.643,24.9981,1.051,0.0092,0.526,0.0084,92.956,0.225,5.464,0.2307,4265.32,19.8639,2135.868,25.6069,377012.587,2531.9431,22173.672,1047.7501,1870.551,244.6862,0.0,0.0,230220.45,1600.3314,94.604,0.1494,27366.1,208.0246,8989.0,127.6097,11980.5,93.8167,3073.8,93.0906,4700.9,68.243,3000.6,24.3536,205.6,8.2817,3000.6,24.3536,0.0,0.0,0.0,0.0,0.0,0.0,4.616,0.0868,51.065,17.5267,0.0,0.0,0.0,0.0,0.0,0.0,14159.9,187.7413,0.0,0.0,0.0,0.0,0.0,0.0,0.0,0.0,10.0,0.0,10000.0,0.0,8.322,1.1552
fixedR,beanstalk,beanstalk,,1000,"{""ci_slots"": 10}",10,10,35.355,0.8467,38.6386,3.5797,283.1349,6.877,3181.3754,783.1903,6013.9074,1427.1736,1.508,0.039,1.914,0.0537,0.405,0.0127,96.174,0.1025,4265.32,19.8639,5412.686,48.0648,1145.28,20.3595,272311.631,6906.8241,57.376,43.5592,272013.93,6835.9987,164387.93,4283.5418,96.761,0.3531,16359.7,425.8393,0.0,0.0,30253.2,326.4457,2413.9,91.8534,392.9,17.5391,5537.2,103.5733,288.3,9.0168,5537.2,103.5733,9832.1,12.7265,2149.312,76.0209,509.851,15.4654,2238.124,560.9391,6019.712,1427.5934,16718.17,405.6051,439.1,16.1344,0.0,0.0,0.0,0.0,1748.8,44.1265,15941.5,425.9673,4076.8,83.3426,418.2,9.6193,10.0,0.0,10000.0,0.0,31.947,1.3808
main,batched k=4,batched,,5,{},10,10,6.237,0.2305,6.6773,0.4263,8.036,0.2986,12.1932,0.9286,44.3102,8.7826,54.991,4.3008,4.969,1.3314,33.686,4.3855,6.354,2.0035,22.069,1.7169,2.013,0.5885,13.531,1.8192,2.565,0.8391,0.399,0.4798,0.0,0.0,617.44,37.7628,64.058,3.5119,65.1,5.3257,7.7,2.5912,2.1,1.5249,0.5,0.6079,11.9,3.6231,8.9,2.2481,0.5,0.5058,8.9,2.2481,0.0,0.0,0.0,0.0,0.0,0.0,9.05,0.9861,43.364,8.0111,0.0,0.0,0.0,0.0,2.3,1.5834,8.4,3.1488,0.0,0.0,0.0,0.0,0.0,0.0,0.0,0.0,2.0,0.0,50.0,0.0,0.014,0.005
main,batched+place,batched+place,,5,{},10,10,6.1859,0.384,6.6511,0.3551,8.1392,0.5174,12.4208,0.9889,43.6537,6.8769,54.546,5.1394,4.925,1.5954,32.631,3.4948,7.899,4.6113,22.069,1.7169,2.052,0.781,13.209,1.2859,3.365,2.1829,0.197,0.3016,0.0,0.0,610.26,28.632,62.891,4.6199,63.9,3.6544,7.8,2.756,1.9,0.9204,0.6,0.6032,11.6,2.6807,9.1,2.2733,0.8,0.7388,9.1,2.2733,5.9,1.7986,0.0,0.0,0.0,0.0,10.447,3.5437,49.44,23.6267,0.0,0.0,0.0,0.0,1.7,0.9567,8.5,2.8262,0.0,0.0,0.0,0.0,0.0,0.0,0.0,0.0,2.0,0.0,50.0,0.0,0.018,0.0134
main,batched-aimd,batched-aimd,,5,{},10,10,6.1865,0.3544,6.5074,0.3734,8.1257,0.4338,12.9402,1.8425,49.2435,7.7558,54.379,3.6201,5.479,1.3343,33.858,4.3116,6.284,2.635,22.069,1.7169,2.252,0.6019,13.691,1.5874,2.617,1.16,0.326,0.4922,0.0,0.0,622.8,46.0127,64.045,4.7889,65.2,5.456,7.0,2.2112,2.1,1.5249,0.7,0.5889,12.2,3.6129,9.0,2.3844,1.0,0.754,9.0,2.3844,0.0,0.0,0.0,0.0,0.0,0.0,8.915,0.8651,42.349,8.0988,0.0,0.0,0.0,0.0,2.1,1.2367,8.1,2.3951,0.0,0.0,0.0,0.0,0.0,0.0,0.0,0.0,2.0,0.0,50.0,0.0,0.038,0.0348
main,beanstalk,beanstalk,,5,{},10,10,8.8536,0.9631,9.6945,1.0369,5.7713,0.658,26.6949,9.5605,85.1731,24.5134,77.521,6.7802,6.856,2.047,0.677,0.0854,14.945,6.3183,22.069,1.7169,1.99,0.6746,0.189,0.0086,4.606,2.6834,0.0,0.0,0.387,0.8287,489.43,29.8169,72.011,7.5653,48.7,3.0357,0.0,0.0,2.6,0.6911,0.9,0.7113,26.4,5.5633,8.9,2.2481,0.0,0.0,8.9,2.2481,4.7,1.2181,47.665,15.3008,29.771,2.2845,26.581,9.371,91.981,25.23,8.17,13.9392,2.5,0.5058,0.0,0.0,0.0,0.0,2.7,1.1209,2.9,1.3254,6.5,1.7922,45.8,2.4502,2.0,0.0,50.0,0.0,0.018,0.0121
main,beanstalk-noplace,beanstalk-noplace,,5,{},10,10,8.9015,0.9003,10.6358,1.1873,5.7104,0.5295,30.0895,9.9151,81.597,19.3,77.763,4.8034,7.785,2.1197,0.682,0.0729,13.771,3.1369,22.069,1.7169,2.249,0.7031,0.193,0.0107,4.041,1.226,0.085,0.1923,0.136,0.1411,500.0,30.004,73.667,5.3804,50.2,2.5413,0.0,0.0,2.9,1.3676,0.9,0.7872,28.0,5.5305,9.1,2.3951,0.1,0.2262,9.1,2.3951,0.0,0.0,46.761,5.8843,30.19,2.9222,25.053,7.5707,86.889,18.4718,2.93,4.6233,2.0,0.4769,0.0,0.0,0.0,0.0,2.9,1.3676,3.1,1.4484,6.7,1.909,47.1,2.0077,2.0,0.0,50.0,0.0,0.085,0.1023
main,serial,serial,,5,{},10,10,4.6723,0.2228,4.9082,0.2039,10.7435,0.5028,30.7584,3.9679,64.2237,6.2976,41.302,4.1438,4.088,1.1944,48.699,4.3349,5.91,2.3524,22.069,1.7169,2.23,0.7251,26.182,2.679,3.236,1.4265,0.0,0.0,0.0,0.0,609.9,26.9645,47.356,1.4385,59.9,2.4652,0.0,0.0,2.1,1.5249,0.6,0.5001,9.9,2.4652,8.9,2.2481,1.0,0.6744,8.9,2.2481,0.0,0.0,0.0,0.0,0.0,0.0,8.1,1.1046,42.098,13.9715,0.0,0.0,0.0,0.0,0.0,0.0,0.0,0.0,0.0,0.0,0.0,0.0,0.0,0.0,0.0,0.0,2.0,0.0,50.0,0.0,0.024,0.0131
main,batched k=4,batched,,20,{},10,10,7.8607,0.8343,7.8694,0.7661,25.9183,2.5576,109.9561,14.3035,241.1084,32.2152,17.084,1.9903,2.855,0.2565,72.654,3.6042,7.407,3.4083,86.903,4.0296,14.783,1.9293,376.654,42.2683,40.025,21.5933,6.678,4.7018,0.0,0.0,2881.66,263.0644,92.962,4.1081,308.2,28.2036,63.4,7.9596,38.8,5.9638,4.4,1.726,140.2,16.2164,42.5,4.3608,0.3,0.4828,42.5,4.3608,0.0,0.0,0.0,0.0,0.0,0.0,19.304,5.1267,102.281,47.8395,0.0,0.0,0.0,0.0,83.1,9.4863,103.1,12.5239,0.0,0.0,0.0,0.0,0.0,0.0,0.0,0.0,2.0,0.0,200.0,0.0,0.108,0.1033
main,batched+place,batched+place,,20,{},10,10,7.8413,1.0537,8.1061,1.0752,26.1878,2.9358,116.2036,21.8045,235.015,36.5319,17.119,2.7419,2.567,0.3901,74.188,4.1433,6.127,1.89,86.903,4.0296,13.351,2.1751,392.367,62.5785,31.137,9.3681,5.435,3.9004,0.0,0.0,2983.76,353.8239,94.852,1.5275,320.0,37.0198,68.2,8.8562,28.1,3.2422,7.5,1.7602,147.2,24.1346,44.1,6.24,0.3,0.3455,44.1,6.24,155.4,6.2195,0.0,0.0,0.0,0.0,17.757,2.0247,87.86,15.3965,0.0,0.0,0.0,0.0,88.0,12.818,107.6,16.0345,0.0,0.0,0.0,0.0,0.0,0.0,0.0,0.0,2.0,0.0,200.0,0.0,0.089,0.1037
main,batched-aimd,batched-aimd,,20,{},10,10,8.3304,0.8864,8.5453,0.7976,24.4274,2.2638,108.0781,13.2635,200.1132,19.7225,18.122,2.2223,3.083,0.3177,70.393,4.3158,8.403,3.9006,86.903,4.0296,15.032,2.0597,344.077,39.5722,42.54,22.1099,2.686,1.8497,0.0,0.0,2705.36,247.5107,92.557,4.5545,286.4,26.8665,51.0,6.4686,39.8,5.8966,6.0,1.7843,105.1,12.5375,41.7,4.6608,1.3,0.8294,41.7,4.6608,0.0,0.0,0.0,0.0,0.0,0.0,14.947,5.3133,91.92,54.1601,0.0,0.0,0.0,0.0,54.2,5.5387,74.8,11.0805,0.0,0.0,0.0,0.0,0.0,0.0,0.0,0.0,2.0,0.0,200.0,0.0,0.039,0.031
main,beanstalk,beanstalk,,20,{},10,10,20.4691,3.3799,54.3882,376.7805,10.3195,1.9831,294.3186,76.7822,445.2888,75.271,44.155,6.7038,8.052,1.4024,0.458,0.0733,47.334,7.6794,86.903,4.0296,16.05,2.4473,0.895,0.037,102.541,36.1274,1.964,1.605,61.002,24.561,981.74,115.1206,82.22,11.3197,98.0,11.2293,0.0,0.0,30.4,5.6344,7.0,1.8469,39.0,7.3491,45.4,7.1626,0.9,0.5278,45.4,7.1626,158.8,6.5368,145.173,25.2307,50.428,6.6542,198.218,44.5252,449.423,75.5283,276.07,67.9808,7.8,1.8096,0.0,0.0,0.0,0.0,14.2,3.2308,53.6,15.0619,32.3,6.4161,44.4,7.5866,2.0,0.0,200.0,0.0,0.145,0.1089
main,beanstalk-noplace,beanstalk-noplace,,20,{},10,10,21.1125,3.1108,36.7819,16.3978,9.9646,1.968,246.6659,53.7763,407.0651,67.6089,45.694,6.7834,9.255,1.5112,0.493,0.0691,44.561,7.9756,86.903,4.0296,17.785,2.2633,0.937,0.0352,93.669,36.3301,1.247,1.2677,69.328,25.7909,984.1,90.3605,85.422,10.7028,98.2,8.8305,0.0,0.0,40.0,5.602,6.1,1.2818,40.0,5.2456,44.3,6.0419,1.3,1.0144,44.3,6.0419,0.0,0.0,148.59,32.9029,50.517,6.5102,174.529,34.5737,410.082,66.7629,282.66,55.8764,8.5,1.4405,0.0,0.0,0.0,0.0,13.1,2.1179,51.7,13.4375,32.5,5.1609,46.5,5.3022,2.0,0.0,200.0,0.0,0.037,0.0182
main,serial,serial,,20,{},10,10,4.7193,0.114,4.7581,0.1099,42.423,1.0268,219.497,5.2195,276.2465,10.8585,10.255,0.5457,1.68,0.1791,82.314,1.5253,5.751,1.2039,86.903,4.0296,14.283,1.7566,698.202,17.1593,49.072,11.3194,1.772,1.5093,0.0,0.0,2514.39,48.112,49.408,0.6985,245.6,4.9581,0.0,0.0,38.4,5.1604,6.7,1.909,45.6,4.9581,41.8,4.2358,3.8,1.2064,41.8,4.2358,0.0,0.0,0.0,0.0,0.0,0.0,8.068,0.9355,57.858,27.5022,0.0,0.0,0.0,0.0,0.0,0.0,0.0,0.0,0.0,0.0,0.0,0.0,0.0,0.0,0.0,0.0,2.0,0.0,200.0,0.0,0.051,0.0404
main,batched k=4,batched,,100,{},10,10,5.7928,0.2731,5.6677,0.3102,173.2924,8.0232,1008.1582,44.0005,1304.5664,78.6188,2.45,0.138,0.998,0.038,91.251,0.8251,5.297,0.7535,422.879,9.6195,172.705,6.8653,15819.92,816.2274,913.733,118.1593,83.498,41.4127,0.0,0.0,96088.52,4572.755,92.405,0.2383,9932.9,468.8435,3893.8,198.8113,909.1,47.8424,167.6,15.1146,4364.3,272.1758,325.5,14.4809,2.3,1.3081,325.5,14.4809,0.0,0.0,0.0,0.0,0.0,0.0,19.278,0.6814,114.591,11.5675,0.0,0.0,0.0,0.0,659.5,31.3237,8504.3,414.4716,0.0,0.0,0.0,0.0,0.0,0.0,0.0,0.0,10.0,0.0,1000.0,0.0,1.613,0.174
main,batched+place,batched+place,,100,{},10,10,5.5402,0.2121,5.4654,0.2147,180.9713,7.0491,1024.8427,40.873,1423.8476,99.9958,2.342,0.1035,0.949,0.0306,91.329,0.7415,5.378,0.7226,422.879,9.6195,171.913,5.8814,16530.606,693.3936,971.734,131.8248,103.156,56.0445,0.0,0.0,100336.9,3972.5923,92.405,0.3889,10359.8,412.8204,4056.7,199.144,877.2,38.2283,163.5,18.8115,4622.4,252.4917,338.5,13.6065,3.8,1.3403,338.5,13.6065,986.3,1.5471,0.0,0.0,0.0,0.0,19.799,0.612,124.631,13.2482,0.0,0.0,0.0,0.0,689.4,28.3652,8878.5,364.0537,0.0,0.0,0.0,0.0,0.0,0.0,0.0,0.0,10.0,0.0,1000.0,0.0,2.543,0.5219
main,batched-aimd,batched-aimd,,100,{},10,10,10.0857,0.2904,9.9608,0.3513,99.2969,2.8893,563.9637,18.7966,670.7176,25.1337,4.264,0.1615,1.695,0.0519,88.585,0.5065,5.452,0.4298,422.879,9.6195,168.332,7.6442,8798.331,296.606,540.141,36.028,38.742,20.1728,0.0,0.0,54827.56,1704.6251,92.018,0.3464,5832.4,180.5499,1988.9,82.3245,850.5,38.5577,154.0,15.3786,1637.4,78.9199,321.2,12.2964,13.7,4.1305,321.2,12.2964,0.0,0.0,0.0,0.0,0.0,0.0,11.254,0.3606,64.379,7.9298,0.0,0.0,0.0,0.0,209.2,3.8269,4502.3,155.4038,0.0,0.0,0.0,0.0,0.0,0.0,0.0,0.0,10.0,0.0,1000.0,0.0,0.892,0.2302
main,beanstalk,beanstalk,,100,{},10,10,56.1423,3.1081,78.6865,26.5239,17.9175,1.0882,335.3896,93.9093,688.4265,145.0035,23.752,1.5419,8.682,0.5152,0.422,0.0218,67.145,1.947,422.879,9.6195,154.855,7.0657,7.513,0.2224,1206.502,108.8731,4.2,2.4108,1141.531,95.2921,7645.01,281.524,71.392,3.3552,761.2,28.1875,0.0,0.0,585.8,34.3361,75.4,8.3364,447.4,32.4241,304.8,16.601,5.7,1.6877,304.8,16.601,922.3,9.4419,140.248,16.8632,35.507,1.6449,280.297,80.231,693.921,143.8884,846.02,46.6373,22.5,2.7857,0.0,0.0,0.0,0.0,94.6,8.7555,301.1,51.5026,216.5,10.933,460.1,31.1347,10.0,0.0,1000.0,0.0,0.75,0.1893
main,beanstalk-noplace,beanstalk-noplace,,100,{},10,10,56.3363,1.7031,91.9207,28.9833,17.7791,0.5383,289.4752,79.2789,581.9574,142.3192,23.831,1.0017,8.623,0.3822,0.426,0.0148,67.12,1.3135,422.879,9.6195,153.015,4.6424,7.574,0.1299,1194.445,58.1769,5.374,2.8572,1134.345,47.2056,7576.25,173.7553,71.093,1.9294,753.5,16.7695,0.0,0.0,595.3,23.0508,75.0,8.7801,433.7,23.9745,303.3,14.4132,5.7,1.1209,303.3,14.4132,0.0,0.0,147.964,15.1332,35.322,0.8552,233.193,76.3725,590.213,140.6012,840.67,31.4802,22.1,1.5617,0.0,0.0,0.0,0.0,96.6,6.7372,305.8,29.077,212.5,12.7791,447.7,23.3498,10.0,0.0,1000.0,0.0,0.176,0.0711
main,serial,serial,,100,{},10,10,4.5222,0.0529,4.4981,0.0687,221.1819,2.5818,1294.6382,15.0912,1412.2007,24.3845,1.911,0.0448,0.53,0.0178,92.407,0.1878,5.15,0.1966,422.879,9.6195,117.31,5.1842,20439.149,260.5761,1138.851,39.2305,41.703,20.5095,0.0,0.0,13262.01,156.9272,9.994,0.0069,1293.7,14.8293,0.0,0.0,528.3,16.4436,108.5,10.1061,293.7,14.8293,273.7,13.6266,20.0,3.4055,273.7,13.6266,0.0,0.0,0.0,0.0,0.0,0.0,8.163,0.1381,52.576,5.9343,0.0,0.0,0.0,0.0,0.0,0.0,0.0,0.0,0.0,0.0,0.0,0.0,0.0,0.0,0.0,0.0,10.0,0.0,1000.0,0.0,0.286,0.1435
main,batched k=4,batched,,500,{},10,10,4.8636,0.0742,4.8228,0.0858,1028.4683,15.7191,6134.2243,128.8291,6836.5607,130.7165,0.413,0.0076,0.321,0.0098,93.996,0.3418,5.266,0.3379,2128.652,19.1432,1651.637,35.8369,483366.717,7414.0583,27087.142,1841.8636,2665.876,585.3995,0.0,0.0,1140019.83,16926.5033,36.95,0.08,117117.3,1755.1689,49239.9,894.2722,10155.3,212.0939,2073.2,60.8818,54563.4,904.4952,1930.0,29.6409,19.2,2.1539,1930.0,29.6409,0.0,0.0,0.0,0.0,0.0,0.0,20.127,0.3438,152.559,10.2471,0.0,0.0,0.0,0.0,3937.8,61.2681,108859.6,1650.0085,0.0,0.0,0.0,0.0,0.0,0.0,0.0,0.0,50.0,0.0,5000.0,0.0,37.275,2.8174
main,batched+place,batched+place,,500,{},10,10,4.7901,0.058,4.7368,0.0476,1044.0983,12.5783,6247.1132,60.9558,6839.4475,89.6104,0.407,0.0048,0.312,0.0088,94.087,0.3664,5.191,0.3688,2128.652,19.1432,1635.433,38.5217,491159.256,5100.327,27125.822,2147.204,2446.872,579.1462,0.0,0.0,1156494.99,13951.9439,36.922,0.0811,118762.8,1411.22,49683.5,614.1547,9991.2,249.6799,2054.8,67.9486,55681.3,827.0365,1957.5,24.2391,19.5,1.5906,1957.5,24.2391,4986.3,0.9567,0.0,0.0,0.0,0.0,20.045,0.2752,149.848,10.2708,0.0,0.0,0.0,0.0,3994.9,48.5865,110391.4,1324.6908,0.0,0.0,0.0,0.0,0.0,0.0,0.0,0.0,50.0,0.0,5000.0,0.0,46.373,2.0349
main,batched-aimd,batched-aimd,,500,{},10,10,9.3718,0.097,9.3213,0.1249,533.6121,5.4601,3165.4425,35.295,3427.2241,63.164,0.799,0.0114,0.638,0.0154,93.268,0.264,5.294,0.2583,2128.652,19.1432,1704.232,33.2876,248848.183,2726.2575,14124.989,696.9935,1410.083,274.0405,0.0,0.0,590987.68,6282.7741,36.918,0.0381,61488.2,657.2705,21558.8,314.6692,10446.8,264.2205,2150.6,47.0223,18239.7,238.4698,1943.2,29.3553,73.2,8.8882,1943.2,29.3553,0.0,0.0,0.0,0.0,0.0,0.0,10.719,0.1108,78.009,7.7,0.0,0.0,0.0,0.0,960.7,10.7854,54310.4,596.2949,0.0,0.0,0.0,0.0,0.0,0.0,0.0,0.0,50.0,0.0,5000.0,0.0,11.17,1.289
main,beanstalk,beanstalk,,500,{},10,10,118.0055,3.1879,138.2137,28.1867,42.4256,1.1513,871.0472,276.394,1733.6576,402.8671,10.045,0.2389,9.346,0.3479,0.54,0.0261,80.069,0.5573,2128.652,19.1432,1980.477,62.1736,114.408,4.2144,16989.247,561.4778,14.549,9.3833,16840.385,586.0358,54624.91,965.4032,42.979,1.4324,5439.0,99.2294,0.0,0.0,9981.3,311.1101,965.4,55.8522,3207.0,97.0431,2420.4,92.5458,45.8,5.7006,2420.4,92.5458,4874.4,19.1736,285.478,26.2637,36.424,0.5082,754.517,219.733,1741.371,405.3005,2334.17,80.1655,94.4,5.2802,0.0,0.0,0.0,0.0,736.1,31.1548,2215.0,138.7671,1730.4,73.2578,3224.0,95.4118,50.0,0.0,5000.0,0.0,11.742,1.4901
main,beanstalk-noplace,beanstalk-noplace,,500,{},10,10,115.2258,4.6591,184.5809,109.7324,43.5128,1.6875,805.8323,304.7762,1580.3396,542.4372,9.811,0.4066,9.136,0.407,0.524,0.0298,80.527,0.811,2128.652,19.1432,1982.903,52.3637,113.722,4.3073,17531.115,841.6709,21.491,13.1488,17326.521,848.8451,55395.93,882.8315,42.543,1.6884,5514.9,89.3625,0.0,0.0,9964.3,296.4152,951.7,26.9992,3223.0,105.9014,2432.0,83.1707,42.7,5.9183,2432.0,83.1707,0.0,0.0,308.109,33.0031,36.553,0.44,673.324,288.7347,1585.846,544.0048,2407.61,94.5859,92.4,4.0772,0.0,0.0,0.0,0.0,757.1,27.606,2274.8,130.4885,1717.7,62.0566,3240.1,101.9872,50.0,0.0,5000.0,0.0,3.716,0.734
main,serial,serial,,500,{},10,10,4.5772,0.0225,4.5777,0.0246,1092.4205,5.4056,6516.875,34.5506,6717.4879,39.7284,0.389,0.0041,0.141,0.0023,94.235,0.1322,5.234,0.1298,2128.652,19.1432,778.847,7.11,514713.09,2939.0504,28589.636,661.03,1398.532,255.1884,0.0,0.0,65540.62,324.5295,2.0,0.0,6402.7,31.227,0.0,0.0,4157.0,32.9904,1077.6,36.7952,1402.7,31.227,1295.7,24.8043,107.0,8.2459,1295.7,24.8043,0.0,0.0,0.0,0.0,0.0,0.0,8.009,0.081,59.51,3.2901,0.0,0.0,0.0,0.0,0.0,0.0,0.0,0.0,0.0,0.0,0.0,0.0,0.0,0.0,0.0,0.0,50.0,0.0,5000.0,0.0,2.902,0.7467
main,batched k=4,batched,,1000,{},10,10,4.8754,0.0336,4.8758,0.0422,2051.3045,14.1528,12178.1328,117.0599,13262.9537,161.8815,0.208,0.003,0.167,0.0035,94.347,0.2518,5.277,0.2505,4265.32,19.8639,3441.171,38.2229,1935363.997,14472.9139,108234.027,5176.1205,10095.948,708.5312,0.0,0.0,2282192.02,15923.1675,18.542,0.0274,234436.0,1588.9903,98587.7,719.6023,21513.5,198.2051,4854.8,145.7569,108705.8,1270.5615,3847.5,26.3948,40.5,3.4758,3847.5,26.3948,0.0,0.0,0.0,0.0,0.0,0.0,19.906,0.0836,156.346,9.6993,0.0,0.0,0.0,0.0,7855.8,51.4378,217941.9,1501.6426,0.0,0.0,0.0,0.0,0.0,0.0,0.0,0.0,100.0,0.0,10000.0,0.0,60.597,2.8717
main,batched+place,batched+place,,1000,{},10,10,4.8517,0.0541,4.8515,0.0678,2061.5779,22.8939,12273.1767,156.7167,13298.6088,224.2337,0.207,0.0035,0.166,0.0037,94.261,0.2088,5.366,0.2066,4265.32,19.8639,3409.743,33.6389,1943311.681,23654.454,110591.195,3946.1492,10552.258,1313.9076,0.0,0.0,2292457.01,24983.883,18.532,0.0252,235519.4,2501.8311,99059.9,928.589,21290.1,195.3993,4847.7,141.6862,109509.8,1798.9199,3867.1,43.7261,39.5,5.0383,3867.1,43.7261,9986.1,1.4484,0.0,0.0,0.0,0.0,19.968,0.2371,155.692,13.5012,0.0,0.0,0.0,0.0,7897.1,85.2297,218968.3,2360.4602,0.0,0.0,0.0,0.0,0.0,0.0,0.0,0.0,100.0,0.0,10000.0,0.0,113.553,2.9335
main,batched-aimd,batched-aimd,,1000,{},10,10,9.3142,0.0623,9.3213,0.0617,1073.7207,7.1485,6388.3372,41.9718,6735.7806,57.3323,0.398,0.003,0.343,0.0048,93.919,0.1675,5.341,0.1671,4265.32,19.8639,3662.837,49.8871,1008430.037,6749.061,57362.45,1880.621,5354.48,545.0521,0.0,0.0,1190902.65,7813.6006,18.484,0.0152,123862.9,779.2508,43075.8,332.7755,22971.6,273.0332,5187.0,195.4972,37186.8,501.6699,3917.6,38.156,144.1,9.977,3917.6,38.156,0.0,0.0,0.0,0.0,0.0,0.0,10.765,0.1083,79.204,8.543,0.0,0.0,0.0,0.0,1927.6,16.3679,109455.1,726.2746,0.0,0.0,0.0,0.0,0.0,0.0,0.0,0.0,100.0,0.0,10000.0,0.0,17.439,1.4252
main,beanstalk,beanstalk,,1000,{},10,10,143.7727,2.4057,242.4246,150.4743,69.5888,1.1736,1188.3665,371.9739,2363.7333,682.1366,6.132,0.1,9.893,0.1867,1.645,0.0525,82.331,0.2906,4265.32,19.8639,6881.252,104.4034,1143.835,35.7446,57298.358,1135.1197,53.653,46.5321,56915.459,1057.3506,132876.38,2677.3757,31.845,0.9412,13228.8,270.7326,0.0,0.0,37955.3,520.5863,2937.8,85.4684,4876.4,71.6762,6426.7,90.642,167.5,8.4182,6426.7,90.642,9862.1,22.5633,465.872,39.4278,45.438,0.6217,987.184,340.019,2370.371,681.8357,3952.59,70.1832,222.4,9.1802,0.0,0.0,0.0,0.0,1989.6,41.8822,8336.5,300.6994,4604.9,75.7862,4892.2,71.3651,100.0,0.0,10000.0,0.0,32.64,1.3153
main,beanstalk-noplace,beanstalk-noplace,,1000,{},10,10,143.798,4.8143,224.2909,94.9652,69.6804,2.3568,1151.3879,382.7735,2366.2989,531.1433,6.133,0.1992,10.022,0.2834,1.71,0.0874,82.134,0.5142,4265.32,19.8639,6972.704,108.3231,1191.565,64.9612,57250.831,2274.033,59.663,44.9138,56812.035,2259.028,134170.05,4501.7623,32.158,1.5423,13355.4,448.0817,0.0,0.0,38649.9,655.8369,2933.0,104.3466,4885.4,78.1991,6497.7,169.8222,169.2,12.5617,6497.7,169.8222,0.0,0.0,486.806,79.7867,45.727,0.6573,996.385,296.5789,2372.533,530.9848,3975.9,136.916,224.3,12.0737,0.0,0.0,0.0,0.0,2015.1,65.0396,8455.5,490.622,4652.3,127.6044,4899.9,75.0981,100.0,0.0,10000.0,0.0,11.892,1.4169
main,serial,serial,,1000,{},10,10,4.6268,0.0106,4.6369,0.0094,2161.3432,4.9513,12897.3724,32.0385,13181.8955,53.1811,0.2,0.0,0.08,0.0,94.447,0.0658,5.28,0.0662,4265.32,19.8639,1663.52,10.8322,2041310.974,4957.2537,114103.363,1428.8959,5400.972,306.9824,0.0,0.0,129647.66,301.8928,1.0,0.0,12667.2,33.6757,0.0,0.0,9344.5,41.5922,2729.9,88.0596,2667.2,33.6757,2460.2,29.9421,207.0,11.8212,2460.2,29.9421,0.0,0.0,0.0,0.0,0.0,0.0,7.869,0.0341,65.592,5.5205,0.0,0.0,0.0,0.0,0.0,0.0,0.0,0.0,0.0,0.0,0.0,0.0,0.0,0.0,0.0,0.0,100.0,0.0,10000.0,0.0,5.651,1.1726
place,batched+place hard,batched+place,default point,20,"{""placement_fallback"": ""wait""}",10,10,7.666,0.746,8.4838,0.6769,26.5009,2.4347,44.5118,12.2442,151.1797,27.2009,16.691,1.9651,1.88,0.2486,34.264,5.0374,47.166,3.9856,86.903,4.0296,10.026,1.7733,183.237,37.8156,249.852,32.1363,244.684,32.4163,0.0,0.0,2677.04,238.83,84.46,4.7338,285.6,26.9046,55.2,9.8529,12.4,3.0942,3.2,1.0556,109.8,19.7536,39.2,5.5898,1.6,0.6911,39.2,5.5898,0.0,0.0,0.0,0.0,0.0,0.0,16.476,3.4674,95.299,39.2405,0.0,0.0,0.0,0.0,60.1,11.272,79.9,13.0964,0.0,0.0,0.0,0.0,0.0,0.0,0.0,0.0,2.0,0.0,200.0,0.0,0.198,0.1323
place,batched+place soft,batched+place,default point,20,"{""placement_fallback"": ""least-overlap""}",10,10,7.8413,1.0537,8.1061,1.0752,26.1878,2.9358,116.2036,21.8045,235.015,36.5319,17.119,2.7419,2.567,0.3901,74.188,4.1433,6.127,1.89,86.903,4.0296,13.351,2.1751,392.367,62.5785,31.137,9.3681,5.435,3.9004,0.0,0.0,2983.76,353.8239,94.852,1.5275,320.0,37.0198,68.2,8.8562,28.1,3.2422,7.5,1.7602,147.2,24.1346,44.1,6.24,0.3,0.3455,44.1,6.24,155.4,6.2195,0.0,0.0,0.0,0.0,17.757,2.0247,87.86,15.3965,0.0,0.0,0.0,0.0,88.0,12.818,107.6,16.0345,0.0,0.0,0.0,0.0,0.0,0.0,0.0,0.0,2.0,0.0,200.0,0.0,0.133,0.1124
place,beanstalk hard,beanstalk,file-oracle,20,"{""flag_clean"": 0.05, ""flag_recall"": 1.0, ""placement_fallback"": ""wait""}",10,10,20.0795,2.5284,252.6096,686.5485,10.3437,1.7726,261.7899,57.6552,403.4089,82.3181,43.372,5.0551,5.558,0.8516,0.411,0.0546,50.657,5.5297,86.903,4.0296,11.263,1.6621,0.818,0.0171,107.889,31.9868,32.575,18.9042,67.419,15.4857,1026.59,103.4208,84.777,9.3889,102.5,10.1398,0.0,0.0,7.0,1.9075,7.3,3.2527,41.7,7.6675,45.9,4.2846,0.8,0.5642,45.9,4.2846,0.0,0.0,151.823,26.1147,52.483,9.2894,165.809,35.9896,405.778,82.2951,290.66,73.4987,9.5,0.9685,0.0,0.0,0.0,0.0,14.2,2.3556,51.5,14.3468,32.8,4.6577,50.9,7.2826,2.0,0.0,200.0,0.0,0.119,0.0906
place,beanstalk hard,beanstalk,hot-file-rule,20,"{""flag_clean"": 0.02, ""flag_recall"": 0.3, ""placement_fallback"": ""wait""}",10,10,21.0829,2.4808,99.2536,157.9664,9.8049,1.5685,262.3998,77.0446,411.135,81.2602,45.486,4.5286,7.937,1.2971,0.471,0.0621,46.107,5.4433,86.903,4.0296,15.187,2.067,0.893,0.0365,93.116,27.7094,26.369,26.3433,58.882,15.9156,962.76,76.7615,83.87,9.1407,96.1,7.498,0.0,0.0,28.9,6.4901,6.7,2.7196,39.1,5.647,44.8,4.7184,0.5,0.5058,44.8,4.7184,0.0,0.0,133.193,29.9561,48.927,6.0361,176.082,45.0815,413.865,80.4737,263.73,52.9623,7.6,0.6911,0.0,0.0,0.0,0.0,13.8,1.8407,48.6,10.5732,31.8,4.2089,47.5,5.072,2.0,0.0,200.0,0.0,0.104,0.1194
place,beanstalk hard,beanstalk,module-level,20,"{""flag_clean"": 0.6, ""flag_recall"": 0.9, ""placement_fallback"": ""wait""}",10,10,9.0534,0.6743,10.225,1.0166,22.3025,1.62,29.9321,7.3316,119.941,28.8517,19.592,1.0945,1.889,0.3319,0.172,0.0168,78.35,1.0303,86.903,4.0296,8.437,1.6714,0.752,0.0223,349.958,28.9728,330.351,24.6491,9.516,5.9814,1942.62,34.0924,73.161,4.5961,193.5,3.4594,0.0,0.0,4.6,1.2707,2.3,1.1209,104.1,11.5263,37.5,6.2382,0.2,0.3016,37.5,6.2382,0.0,0.0,74.22,19.3778,28.185,1.8525,32.212,7.241,156.355,36.0073,57.16,41.9928,3.2,0.6573,0.0,0.0,0.0,0.0,12.5,1.9444,14.6,2.5503,26.8,5.6101,178.9,4.9265,2.0,0.0,200.0,0.0,0.119,0.0758
place,beanstalk hard,beanstalk,predicted-best,20,"{""flag_clean"": 0.15, ""flag_recall"": 0.6, ""placement_fallback"": ""wait""}",10,10,18.0995,2.1085,45.7539,41.8778,11.3532,1.5158,234.6971,55.0879,381.7022,68.5893,39.091,3.9282,5.504,0.7362,0.377,0.048,55.026,4.3106,86.903,4.0296,12.382,1.9936,0.835,0.0341,126.946,26.4928,81.968,17.9117,42.031,13.6507,1040.31,67.5903,77.627,6.2568,104.0,6.4068,0.0,0.0,18.4,3.5876,5.8,1.5744,53.3,8.8385,41.4,6.6864,0.6,0.3694,41.4,6.6864,0.0,0.0,125.139,27.793,41.488,5.6543,142.204,33.0864,390.054,68.9553,221.54,72.9419,6.5,1.6944,0.0,0.0,0.0,0.0,12.2,2.3556,36.5,9.9417,30.0,5.9657,67.5,7.4737,2.0,0.0,200.0,0.0,0.307,0.0993
place,beanstalk hard,beanstalk,predicted-typical,20,"{""flag_clean"": 0.25, ""flag_recall"": 0.6, ""placement_fallback"": ""wait""}",10,10,15.7339,1.7078,40.8235,23.5332,13.0476,1.7975,156.5639,80.8684,329.5655,103.8602,34.004,3.2772,4.434,0.9244,0.319,0.0378,61.244,3.6377,86.903,4.0296,11.382,2.1073,0.812,0.0363,161.856,32.7268,129.486,28.2055,29.539,12.9726,1255.92,73.2864,81.627,6.5548,125.6,6.9858,0.0,0.0,14.9,3.7161,4.8,2.0456,75.2,8.8176,40.7,7.8434,0.5,0.5058,40.7,7.8434,0.0,0.0,112.99,32.55,36.531,4.351,114.339,42.6127,339.589,105.5641,161.25,64.9165,5.4,1.2707,0.0,0.0,0.0,0.0,12.2,2.8373,29.6,11.1541,29.5,6.5494,95.9,9.7639,2.0,0.0,200.0,0.0,0.096,0.0559
place,beanstalk module hard,beanstalk,module sets,20,"{""placement_fallback"": ""wait"", ""placement_model"": ""module""}",10,10,4.3556,0.3444,4.6261,0.3367,46.4749,4.0343,20.0724,5.2733,129.898,27.5604,9.423,0.583,0.843,0.1989,0.082,0.0081,89.653,0.6428,86.903,4.0296,7.787,1.7687,0.744,0.0191,834.067,77.6132,821.244,76.6466,12.622,9.7869,2003.8,73.8509,36.309,2.8144,199.6,7.2415,0.0,0.0,4.0,1.3488,1.2,1.1081,74.5,11.1849,35.7,6.2636,0.3,0.3455,35.7,6.2636,0.0,0.0,79.833,23.4619,28.253,2.9507,31.645,9.6653,206.822,91.011,48.14,39.3079,3.7,0.7578,0.0,0.0,0.0,0.0,12.9,2.0909,17.6,2.9046,25.4,5.3867,182.0,7.0731,2.0,0.0,200.0,0.0,0.041,0.0475
place,beanstalk module soft,beanstalk,module sets,20,"{""placement_fallback"": ""least-overlap"", ""placement_model"": ""module""}",10,10,20.0701,2.6665,59.5975,47.0017,10.3602,1.7384,244.7157,69.6401,355.7334,83.8554,43.376,5.3968,8.507,0.9994,0.461,0.0626,47.656,6.1342,86.903,4.0296,17.277,2.3485,0.918,0.028,102.106,31.0059,3.968,3.5261,60.454,13.1958,938.27,85.0206,77.557,9.0211,93.5,8.3708,0.0,0.0,39.2,4.368,6.7,2.7611,42.3,4.6363,43.5,6.3556,0.6,0.3694,43.5,6.3556,149.2,5.1889,130.401,18.5716,46.997,4.6381,153.876,41.6741,366.242,83.0007,246.05,46.2302,8.2,2.1004,0.0,0.0,0.0,0.0,12.6,2.0841,44.8,10.2433,31.6,5.4601,48.7,5.2135,2.0,0.0,200.0,0.0,0.147,0.087
place,beanstalk soft,beanstalk,file-oracle,20,"{""flag_clean"": 0.05, ""flag_recall"": 1.0, ""placement_fallback"": ""least-overlap""}",10,10,20.7005,2.8148,253.8959,685.1907,10.0852,1.8339,271.1813,66.1234,414.0488,86.4275,44.718,5.7885,6.37,1.094,0.435,0.063,48.48,6.5803,86.903,4.0296,12.442,1.704,0.836,0.0203,101.527,33.4225,2.194,1.6449,73.235,15.9212,987.49,94.3146,84.061,9.738,98.6,9.4247,0.0,0.0,11.5,2.3903,6.6,2.6807,38.4,7.4046,46.0,3.9898,0.8,0.5642,46.0,3.9898,14.5,2.5514,150.577,24.8783,53.952,9.396,178.167,43.8783,416.948,85.5981,295.02,60.2742,9.5,0.9685,0.0,0.0,0.0,0.0,14.1,2.2733,53.3,14.3698,32.8,4.4963,45.3,7.7266,2.0,0.0,200.0,0.0,0.048,0.0254
place,beanstalk soft,beanstalk,hot-file-rule,20,"{""flag_clean"": 0.02, ""flag_recall"": 0.3, ""placement_fallback"": ""least-overlap""}",10,10,21.6585,2.6779,95.5305,163.7427,9.5811,1.6299,261.6965,70.4417,427.6387,62.8776,46.739,5.0894,8.416,1.4067,0.487,0.0648,44.355,6.0715,86.903,4.0296,15.69,2.1717,0.903,0.0377,88.129,29.0101,2.039,1.6471,58.103,17.125,947.06,72.3067,84.761,9.433,94.5,6.9618,0.0,0.0,31.0,7.2557,6.7,2.5245,38.2,5.5078,44.8,4.7424,0.5,0.5058,44.8,4.7424,6.6,2.1905,133.443,29.9584,49.634,5.6141,184.695,38.3971,430.369,62.1785,261.81,55.6804,7.6,0.6911,0.0,0.0,0.0,0.0,14.0,1.7843,49.8,9.9619,31.6,4.0492,44.7,4.6972,2.0,0.0,200.0,0.0,0.138,0.1265
place,beanstalk soft,beanstalk,module-level,20,"{""flag_clean"": 0.6, ""flag_recall"": 0.9, ""placement_fallback"": ""least-overlap""}",10,10,21.6413,2.8377,91.888,119.6052,9.5153,1.2108,288.9677,78.8325,433.2335,83.0448,47.037,6.5323,8.987,1.511,0.484,0.0652,43.489,7.7615,86.903,4.0296,16.699,2.2671,0.896,0.0234,85.809,24.7866,1.904,1.5748,59.693,17.2777,927.92,76.6018,83.025,9.6582,92.6,7.5189,0.0,0.0,33.7,5.6025,7.3,1.9676,42.9,4.9265,42.9,7.0041,0.6,0.3694,42.9,7.0041,192.0,2.1591,128.707,23.2913,48.353,4.3681,196.224,44.4206,436.281,83.1215,257.52,53.642,7.7,1.6189,0.0,0.0,0.0,0.0,12.2,2.4269,44.5,11.6334,31.4,5.958,48.1,4.8917,2.0,0.0,200.0,0.0,0.117,0.0669
place,beanstalk soft,beanstalk,predicted-best,20,"{""flag_clean"": 0.15, ""flag_recall"": 0.6, ""placement_fallback"": ""least-overlap""}",10,10,20.7776,2.3,128.8218,571.3558,9.857,1.2011,296.1993,59.8491,488.9938,57.9989,44.997,4.7716,7.404,1.2079,0.456,0.0533,47.142,5.2309,86.903,4.0296,14.482,2.5223,0.877,0.0302,94.881,21.4463,1.755,0.9882,70.748,15.8786,999.95,118.289,85.089,6.7455,99.9,11.7026,0.0,0.0,26.5,4.2952,6.0,2.0232,43.4,8.7555,45.0,6.6506,0.7,0.7578,45.0,6.6506,88.1,11.7317,145.521,31.7083,50.292,8.0931,215.436,36.8518,490.655,57.8552,289.12,61.8905,8.7,1.6537,0.0,0.0,0.0,0.0,14.0,2.6119,50.0,12.9372,31.8,5.7601,49.8,7.9853,2.0,0.0,200.0,0.0,0.091,0.0894
place,beanstalk soft,beanstalk,predicted-typical,20,"{""flag_clean"": 0.25, ""flag_recall"": 0.6, ""placement_fallback"": ""least-overlap""}",10,10,20.4691,3.3799,54.3882,376.7805,10.3195,1.9831,294.3186,76.7822,445.2888,75.271,44.155,6.7038,8.052,1.4024,0.458,0.0733,47.334,7.6794,86.903,4.0296,16.05,2.4473,0.895,0.037,102.541,36.1274,1.964,1.605,61.002,24.561,981.74,115.1206,82.22,11.3197,98.0,11.2293,0.0,0.0,30.4,5.6344,7.0,1.8469,39.0,7.3491,45.4,7.1626,0.9,0.5278,45.4,7.1626,158.8,6.5368,145.173,25.2307,50.428,6.6542,198.218,44.5252,449.423,75.5283,276.07,67.9808,7.8,1.8096,0.0,0.0,0.0,0.0,14.2,3.2308,53.6,15.0619,32.3,6.4161,44.4,7.5866,2.0,0.0,200.0,0.0,0.089,0.0578
place,batched+place hard,batched+place,default point,100,"{""placement_fallback"": ""wait""}",10,10,8.8047,0.4507,8.9986,0.4797,114.1356,6.2327,55.57,7.4153,189.2171,15.8697,3.724,0.225,0.46,0.0205,9.968,0.3843,85.849,0.2777,422.879,9.6195,52.336,2.4067,1139.996,93.9289,9798.346,537.952,9375.653,490.9335,0.0,0.0,27858.0,1696.0993,40.663,0.744,3227.2,191.8558,1404.4,101.0446,86.6,5.8909,18.2,2.9933,878.0,75.181,219.0,9.7962,5.6,1.2707,219.0,9.7962,0.0,0.0,0.0,0.0,0.0,0.0,16.336,1.3173,106.948,16.5445,0.0,0.0,0.0,0.0,332.3,30.2015,2135.4,169.9902,0.0,0.0,0.0,0.0,0.0,0.0,0.0,0.0,10.0,0.0,1000.0,0.0,0.924,0.2945
place,batched+place soft,batched+place,default point,100,"{""placement_fallback"": ""least-overlap""}",10,10,5.5402,0.2121,5.4654,0.2147,180.9713,7.0491,1024.8427,40.873,1423.8476,99.9958,2.342,0.1035,0.949,0.0306,91.329,0.7415,5.378,0.7226,422.879,9.6195,171.913,5.8814,16530.606,693.3936,971.734,131.8248,103.156,56.0445,0.0,0.0,100336.9,3972.5923,92.405,0.3889,10359.8,412.8204,4056.7,199.144,877.2,38.2283,163.5,18.8115,4622.4,252.4917,338.5,13.6065,3.8,1.3403,338.5,13.6065,986.3,1.5471,0.0,0.0,0.0,0.0,19.799,0.612,124.631,13.2482,0.0,0.0,0.0,0.0,689.4,28.3652,8878.5,364.0537,0.0,0.0,0.0,0.0,0.0,0.0,0.0,0.0,10.0,0.0,1000.0,0.0,1.984,0.2912
place,beanstalk hard,beanstalk,file-oracle,100,"{""flag_clean"": 0.05, ""flag_recall"": 1.0, ""placement_fallback"": ""wait""}",10,10,41.5373,2.3635,66.4656,41.3723,24.218,1.4328,482.8752,136.9932,972.2892,174.4079,17.549,0.9406,2.799,0.1503,0.191,0.0124,79.458,1.0225,422.879,9.6195,67.636,4.036,4.609,0.0608,1926.674,137.5389,728.738,75.9902,1169.883,67.8894,10100.33,217.5216,69.832,3.2997,1004.6,21.2815,0.0,0.0,58.4,5.3016,76.9,10.2857,827.9,19.0523,288.5,15.3351,3.1,0.7872,288.5,15.3351,0.0,0.0,129.159,17.8741,29.079,0.4621,396.011,94.0377,995.091,173.5437,904.72,63.353,12.7,0.7578,0.0,0.0,0.0,0.0,89.9,7.2278,158.7,11.138,202.0,11.2596,845.9,19.2925,10.0,0.0,1000.0,0.0,0.963,0.2127
place,beanstalk hard,beanstalk,hot-file-rule,100,"{""flag_clean"": 0.02, ""flag_recall"": 0.3, ""placement_fallback"": ""wait""}",10,10,49.1341,2.6074,93.0443,30.1279,20.455,1.104,293.9631,45.1599,662.4732,69.2784,20.776,1.1919,5.974,0.379,0.301,0.0186,72.95,1.4778,422.879,9.6195,121.65,5.753,6.143,0.1552,1494.833,109.7883,317.625,40.2019,1165.49,108.8512,8545.71,189.1256,69.906,3.1857,850.7,17.5215,0.0,0.0,369.0,24.017,66.6,9.4428,599.3,20.1363,293.8,16.7204,5.6,1.6242,293.8,16.7204,0.0,0.0,128.917,16.7489,32.243,0.5177,249.289,32.5,671.662,68.7414,889.92,75.8628,17.1,1.2818,0.0,0.0,0.0,0.0,93.6,6.945,234.0,17.2829,206.1,10.4936,616.7,17.2105,10.0,0.0,1000.0,0.0,0.765,0.2121
place,beanstalk hard,beanstalk,module-level,100,"{""flag_clean"": 0.6, ""flag_recall"": 0.9, ""placement_fallback"": ""wait""}",10,10,11.616,0.3561,12.423,0.4134,86.2235,2.5121,26.3892,3.2613,105.993,12.385,4.906,0.0631,0.47,0.0332,0.043,0.0035,94.578,0.0521,422.879,9.6195,40.585,3.2782,3.823,0.0423,8155.063,240.7209,7671.632,199.0445,164.35,65.2521,12796.18,161.5225,24.771,0.7906,1272.3,15.3936,0.0,0.0,26.5,3.7283,13.3,3.3219,807.8,48.2204,200.6,11.1388,1.8,1.0003,200.6,11.1388,0.0,0.0,83.872,19.0988,24.105,0.4981,28.746,3.6939,184.655,32.1827,132.36,52.217,4.5,0.5058,0.0,0.0,0.0,0.0,69.8,5.9159,71.5,6.2473,141.2,8.6746,1200.8,10.9981,10.0,0.0,1000.0,0.0,0.654,0.1382
place,beanstalk hard,beanstalk,predicted-best,100,"{""flag_clean"": 0.15, ""flag_recall"": 0.6, ""placement_fallback"": ""wait""}",10,10,32.0338,1.3972,40.2895,6.9955,31.3237,1.3952,225.3295,57.7258,582.048,175.4259,13.543,0.6239,2.268,0.1309,0.145,0.0061,84.045,0.5857,422.879,9.6195,71.034,5.2317,4.516,0.0911,2633.938,134.0829,1861.421,123.3746,694.957,136.4767,12211.95,127.0175,65.163,2.4291,1213.6,12.5454,0.0,0.0,133.6,14.9786,40.2,7.7688,1089.0,9.6264,239.0,12.8446,2.3,0.9567,239.0,12.8446,0.0,0.0,117.594,19.464,26.332,0.5252,210.476,57.5001,631.165,181.5284,571.98,112.8392,8.4,0.5001,0.0,0.0,0.0,0.0,75.1,6.773,89.3,8.5309,166.6,7.2729,1124.3,12.1019,10.0,0.0,1000.0,0.0,0.59,0.2268
place,beanstalk hard,beanstalk,predicted-typical,100,"{""flag_clean"": 0.25, ""flag_recall"": 0.6, ""placement_fallback"": ""wait""}",10,10,24.2948,1.1527,27.3574,1.7583,41.3224,1.9351,103.7814,15.8488,421.4903,107.4121,10.265,0.4261,1.507,0.0719,0.104,0.0037,88.126,0.3902,422.879,9.6195,62.29,4.6775,4.298,0.0764,3642.775,185.2143,3045.705,144.005,477.073,97.0201,12871.67,155.084,52.092,2.2194,1281.9,16.4933,0.0,0.0,109.4,8.8073,33.1,4.8567,1106.5,26.5366,228.6,14.0057,1.3,0.8953,228.6,14.0057,0.0,0.0,97.111,14.4983,25.345,0.4839,119.184,24.1838,505.606,112.7072,379.66,87.149,6.2,0.7388,0.0,0.0,0.0,0.0,73.1,6.7393,79.5,7.8085,159.0,9.4956,1202.4,10.6696,10.0,0.0,1000.0,0.0,0.374,0.2029
place,beanstalk module hard,beanstalk,module sets,100,"{""placement_fallback"": ""wait"", ""placement_model"": ""module""}",10,10,4.5646,0.1931,4.7111,0.1811,219.7486,9.0248,11.5247,0.2301,75.8254,13.2046,1.927,0.0591,0.152,0.01,0.02,0.0,97.903,0.0625,422.879,9.6195,33.188,2.3734,3.696,0.0317,21515.098,895.1702,21258.944,883.4506,111.605,50.3714,12671.52,154.0297,9.637,0.3808,1259.5,14.3943,0.0,0.0,11.6,3.1847,3.1,1.141,519.8,31.1025,184.4,10.5625,0.9,0.9204,184.4,10.5625,0.0,0.0,66.865,13.5995,23.509,0.4859,22.394,1.5668,167.385,14.2319,52.84,25.3227,3.6,0.5001,0.0,0.0,0.0,0.0,71.3,3.9331,71.4,3.8624,128.5,7.1551,1188.0,11.4796,10.0,0.0,1000.0,0.0,0.187,0.1007
place,beanstalk module soft,beanstalk,module sets,100,"{""placement_fallback"": ""least-overlap"", ""placement_model"": ""module""}",10,10,53.0647,3.0793,150.9763,109.8274,18.9618,1.1478,493.2185,86.1854,864.1991,126.0558,22.42,1.226,8.191,0.3812,0.399,0.0295,68.99,1.5414,422.879,9.6195,154.745,6.1637,7.511,0.2041,1311.047,107.973,11.055,7.3377,1236.522,105.5809,7731.5,300.3871,68.173,2.6513,769.0,29.6639,0.0,0.0,589.4,34.6482,75.0,8.4838,469.2,43.1401,303.8,10.8628,5.7,1.069,303.8,10.8628,908.4,5.3444,146.621,19.2986,35.342,1.5988,367.705,62.0398,868.705,126.6971,892.5,72.5173,20.7,1.4717,0.0,0.0,0.0,0.0,94.2,7.6656,290.9,40.1528,215.5,9.7278,478.1,40.1684,10.0,0.0,1000.0,0.0,0.321,0.1557
place,beanstalk soft,beanstalk,file-oracle,100,"{""flag_clean"": 0.05, ""flag_recall"": 1.0, ""placement_fallback"": ""least-overlap""}",10,10,53.7,3.1579,95.934,36.4472,18.7367,1.1131,378.2854,147.7274,740.0051,165.6525,22.675,1.0949,7.126,0.52,0.371,0.0301,69.83,1.5414,422.879,9.6195,132.75,6.541,6.903,0.1993,1311.142,105.0293,6.781,3.548,1227.955,94.9411,7818.42,259.6469,69.766,2.3857,777.6,26.3883,0.0,0.0,438.1,35.024,90.4,11.9132,419.9,25.167,317.4,13.0605,7.8,1.8407,317.4,13.0605,750.9,15.6514,158.808,18.8188,36.627,1.7674,306.312,102.748,745.168,166.1238,890.83,57.6493,24.5,1.7276,0.0,0.0,0.0,0.0,100.2,7.1196,343.3,34.3017,225.1,8.9179,434.3,24.2738,10.0,0.0,1000.0,0.0,1.207,0.2626
place,beanstalk soft,beanstalk,hot-file-rule,100,"{""flag_clean"": 0.02, ""flag_recall"": 0.3, ""placement_fallback"": ""least-overlap""}",10,10,55.4464,3.3439,109.368,47.0497,18.1498,1.0815,300.975,81.1849,600.763,109.7861,23.456,1.5898,7.993,0.5941,0.403,0.0224,68.148,2.1061,422.879,9.6195,144.273,7.4546,7.265,0.136,1240.566,109.3474,5.325,5.0659,1171.901,103.001,7672.3,249.6069,70.712,2.8866,763.7,23.965,0.0,0.0,519.7,26.474,88.7,12.3897,414.8,32.5494,312.9,15.1944,7.2,1.5744,312.9,15.1944,449.7,22.3928,170.097,28.73,36.245,1.6205,239.394,60.921,605.785,110.5566,866.18,57.1639,23.6,1.2707,0.0,0.0,0.0,0.0,99.5,7.602,332.3,45.5581,220.9,12.78,431.4,28.5809,10.0,0.0,1000.0,0.0,0.65,0.1896
place,beanstalk soft,beanstalk,module-level,100,"{""flag_clean"": 0.6, ""flag_recall"": 0.9, ""placement_fallback"": ""least-overlap""}",10,10,54.1633,3.1796,126.2619,79.944,18.5781,1.1271,380.2575,133.4075,745.2563,171.4698,22.902,1.4216,8.216,0.6312,0.404,0.0251,68.482,1.9888,422.879,9.6195,151.56,6.7744,7.456,0.1417,1275.919,113.8858,3.721,1.7914,1215.082,113.1633,7690.22,310.9665,69.212,2.8314,766.2,31.5579,0.0,0.0,574.6,28.3191,73.4,10.0833,442.0,41.1397,301.2,16.2024,6.4,2.0006,301.2,16.2024,978.1,4.2311,149.9,15.2045,35.717,1.8079,312.078,101.4069,752.475,174.1003,871.11,60.4025,21.8,2.1004,0.0,0.0,0.0,0.0,96.7,8.0367,309.9,49.2535,211.2,12.1382,456.3,35.9715,10.0,0.0,1000.0,0.0,0.729,0.281
place,beanstalk soft,beanstalk,predicted-best,100,"{""flag_clean"": 0.15, ""flag_recall"": 0.6, ""placement_fallback"": ""least-overlap""}",10,10,56.4352,2.39,75.0556,24.791,17.7786,0.7956,372.3899,118.3581,696.5289,188.7151,23.86,1.1,8.472,0.401,0.417,0.02,67.246,1.3022,422.879,9.6195,150.35,6.4642,7.406,0.1527,1197.228,76.5489,4.151,2.4652,1159.926,62.5408,7599.6,244.4795,71.373,2.4189,755.5,23.8227,0.0,0.0,554.5,19.6655,76.8,8.3745,431.6,22.8655,308.1,15.1831,7.0,1.5816,308.1,15.1831,878.5,5.6851,148.433,14.9928,35.69,0.9502,301.713,100.6418,701.423,187.7926,849.41,43.0718,22.2,2.1801,0.0,0.0,0.0,0.0,95.5,5.6751,310.6,30.7114,219.7,11.0869,444.8,21.8499,10.0,0.0,1000.0,0.0,0.861,0.2636
place,beanstalk soft,beanstalk,predicted-typical,100,"{""flag_clean"": 0.25, ""flag_recall"": 0.6, ""placement_fallback"": ""least-overlap""}",10,10,56.1423,3.1081,78.6865,26.5239,17.9175,1.0882,335.3896,93.9093,688.4265,145.0035,23.752,1.5419,8.682,0.5152,0.422,0.0218,67.145,1.947,422.879,9.6195,154.855,7.0657,7.513,0.2224,1206.502,108.8731,4.2,2.4108,1141.531,95.2921,7645.01,281.524,71.392,3.3552,761.2,28.1875,0.0,0.0,585.8,34.3361,75.4,8.3364,447.4,32.4241,304.8,16.601,5.7,1.6877,304.8,16.601,922.3,9.4419,140.248,16.8632,35.507,1.6449,280.297,80.231,693.921,143.8884,846.02,46.6373,22.5,2.7857,0.0,0.0,0.0,0.0,94.6,8.7555,301.1,51.5026,216.5,10.933,460.1,31.1347,10.0,0.0,1000.0,0.0,0.57,0.2063
place,beanstalk hard,beanstalk,file-oracle,500,"{""flag_clean"": 0.05, ""flag_recall"": 1.0, ""placement_fallback"": ""wait""}",10,10,45.9795,0.8995,50.7037,5.2941,108.8176,2.1354,586.6946,147.0834,1801.8792,520.6208,3.915,0.0593,0.689,0.0119,0.04,0.0,95.355,0.0615,2128.652,19.1432,374.116,8.5931,23.347,0.1587,51882.706,1049.2359,18224.778,635.247,32178.036,1024.0743,69185.06,569.6351,21.206,0.4094,6887.8,57.1438,0.0,0.0,320.5,14.414,402.3,15.9949,6293.5,48.3622,1505.4,38.5783,12.1,2.3712,1505.4,38.5783,0.0,0.0,181.175,21.7559,27.164,0.3268,659.619,193.0768,2046.493,522.5567,4583.69,141.6359,13.9,0.9802,0.0,0.0,0.0,0.0,454.0,19.1046,547.0,24.56,1064.2,27.1645,6340.8,39.7349,50.0,0.0,5000.0,0.0,9.422,2.6936
place,beanstalk hard,beanstalk,hot-file-rule,500,"{""flag_clean"": 0.02, ""flag_recall"": 0.3, ""placement_fallback"": ""wait""}",10,10,58.36,1.3485,63.6264,5.9418,85.7571,2.0164,714.2421,229.131,2180.0115,640.2205,4.965,0.0888,1.534,0.0264,0.074,0.0037,93.424,0.1101,2128.652,19.1432,657.328,15.0488,31.539,0.2653,40061.039,983.5421,9328.305,398.6755,29661.76,884.0743,67377.59,569.3279,26.211,0.5438,6703.4,56.1021,0.0,0.0,1993.1,51.3157,373.5,19.7434,6047.2,37.0272,1499.4,33.0545,12.4,2.5945,1499.4,33.0545,0.0,0.0,180.868,28.8489,27.565,0.3473,798.697,272.9412,2350.304,636.2416,4159.8,118.9105,17.0,0.826,0.0,0.0,0.0,0.0,456.1,19.2896,614.3,32.4379,1056.4,21.6969,6089.1,30.3113,50.0,0.0,5000.0,0.0,6.3,0.5483
place,beanstalk hard,beanstalk,module-level,500,"{""flag_clean"": 0.6, ""flag_recall"": 0.9, ""placement_fallback"": ""wait""}",10,10,12.0001,0.175,12.1,0.196,416.8203,6.0958,25.7139,1.2349,116.5521,7.075,1.023,0.0076,0.101,0.0023,0.01,0.0,98.87,0.0095,2128.652,19.1432,206.591,6.4415,19.094,0.1027,206055.828,3028.6062,193091.554,2966.3459,4682.15,782.4597,63638.52,382.2162,5.091,0.0824,6338.5,37.7787,0.0,0.0,133.3,5.5207,67.8,5.7205,4037.5,92.5372,992.3,27.1985,7.6,0.8396,992.3,27.1985,0.0,0.0,113.818,12.8727,24.375,0.3515,29.979,1.8634,264.183,32.8278,783.39,125.9062,5.0,0.6744,0.0,0.0,0.0,0.0,340.5,15.903,345.9,16.0885,702.2,18.4346,5992.6,25.4919,50.0,0.0,5000.0,0.0,9.112,1.6904
place,beanstalk hard,beanstalk,predicted-best,500,"{""flag_clean"": 0.15, ""flag_recall"": 0.6, ""placement_fallback"": ""wait""}",10,10,34.0053,0.7783,35.708,1.7666,147.1707,3.352,221.465,25.4044,920.009,223.1052,2.895,0.0485,0.512,0.0088,0.03,0.0,96.562,0.051,2128.652,19.1432,377.288,10.4166,22.757,0.1378,71056.651,1652.6206,49125.422,1222.6998,19408.644,976.6269,65936.89,397.7641,14.946,0.3347,6559.7,39.7881,0.0,0.0,706.9,30.7248,208.6,11.7836,5995.2,39.2686,1215.2,24.8129,8.1,1.9209,1215.2,24.8129,0.0,0.0,167.313,30.214,26.218,0.3205,284.698,56.6746,1202.288,304.4229,3033.54,182.0402,9.2,0.4524,0.0,0.0,0.0,0.0,366.3,20.2012,403.1,20.1769,860.9,16.4,6156.6,25.2319,50.0,0.0,5000.0,0.0,4.532,1.1452
place,beanstalk hard,beanstalk,predicted-typical,500,"{""flag_clean"": 0.25, ""flag_recall"": 0.6, ""placement_fallback"": ""wait""}",10,10,26.3295,0.3767,27.0017,0.6218,189.9687,2.6767,110.8724,9.5023,475.1119,73.6687,2.243,0.0239,0.343,0.0083,0.02,0.0,97.393,0.027,2128.652,19.1432,324.901,8.2132,21.628,0.1207,92509.147,1321.3309,76733.5,851.5332,12229.0,817.9334,65150.74,468.0854,11.435,0.1773,6481.7,47.6657,0.0,0.0,552.7,13.6557,152.0,5.0692,5716.8,77.0858,1145.7,36.2846,8.2,2.3556,1145.7,36.2846,0.0,0.0,134.797,15.4331,25.435,0.3436,143.032,19.2748,723.717,117.9731,1908.25,145.0784,7.8,0.8121,0.0,0.0,0.0,0.0,346.1,18.5871,366.6,19.0933,814.3,26.6111,6115.1,34.2343,50.0,0.0,5000.0,0.0,5.705,1.7078
place,beanstalk soft,beanstalk,file-oracle,500,"{""flag_clean"": 0.05, ""flag_recall"": 1.0, ""placement_fallback"": ""least-overlap""}",10,10,116.4458,3.8763,182.0332,81.1123,43.0209,1.4095,788.2307,248.7725,1527.4245,462.1373,9.915,0.331,8.801,0.3761,0.504,0.0206,80.78,0.6884,2128.652,19.1432,1889.633,53.1836,108.648,3.6474,17383.492,700.7858,18.962,8.9917,17236.242,709.3599,55435.69,823.2597,43.029,1.5013,5515.2,86.016,0.0,0.0,9343.0,312.7037,989.9,33.7156,3141.4,111.0364,2478.2,54.3757,46.1,3.7007,2478.2,54.3757,4727.2,12.5798,309.653,46.4064,36.447,0.349,643.688,224.7508,1535.022,460.3154,2358.07,92.1498,96.5,6.2199,0.0,0.0,0.0,0.0,758.0,24.9846,2354.6,122.123,1766.3,49.9772,3160.6,110.4522,50.0,0.0,5000.0,0.0,28.553,2.8031
place,beanstalk soft,beanstalk,hot-file-rule,500,"{""flag_clean"": 0.02, ""flag_recall"": 0.3, ""placement_fallback"": ""least-overlap""}",10,10,117.5021,6.0989,164.3904,68.8887,42.7529,2.1998,732.8713,244.9156,1430.6006,399.0237,10.001,0.4774,9.15,0.5499,0.531,0.0359,80.316,1.033,2128.652,19.1432,1947.176,60.9215,113.268,3.4303,17187.371,1086.8637,23.441,14.6868,16974.798,1039.6844,55010.83,990.3762,43.095,2.3799,5477.2,100.3686,0.0,0.0,9730.6,305.203,992.7,51.1344,3060.8,96.0217,2450.5,73.4516,49.1,6.2309,2450.5,73.4516,4326.4,23.6116,271.05,34.4822,36.947,0.4855,598.99,198.6244,1435.606,399.0485,2321.96,105.9484,99.1,4.9724,0.0,0.0,0.0,0.0,757.7,26.8048,2394.4,125.4717,1742.6,54.4618,3082.8,95.2083,50.0,0.0,5000.0,0.0,15.437,1.6028
place,beanstalk soft,beanstalk,module-level,500,"{""flag_clean"": 0.6, ""flag_recall"": 0.9, ""placement_fallback"": ""least-overlap""}",10,10,117.5217,6.9136,163.4463,60.469,42.813,2.5908,805.661,257.5316,1564.4376,435.9384,10.001,0.5441,9.378,0.5241,0.541,0.0319,80.083,1.0695,2128.652,19.1432,1996.863,62.6008,115.034,4.345,17165.943,1259.2112,20.782,11.3797,16979.436,1295.1206,54800.91,723.4627,42.917,2.4096,5451.5,74.4074,0.0,0.0,10066.5,363.2907,958.8,39.1671,3211.2,51.1363,2422.4,64.6642,44.4,3.4421,2422.4,64.6642,4968.6,9.2543,289.368,28.368,36.434,0.3613,669.364,231.4955,1570.8,436.9269,2379.69,147.1494,94.3,4.7214,0.0,0.0,0.0,0.0,744.8,23.5456,2223.0,77.866,1722.2,49.9508,3228.5,49.0856,50.0,0.0,5000.0,0.0,23.199,2.2202
place,beanstalk soft,beanstalk,predicted-best,500,"{""flag_clean"": 0.15, ""flag_recall"": 0.6, ""placement_fallback"": ""least-overlap""}",10,10,118.1674,4.3549,240.7517,113.0239,42.4207,1.6671,872.4679,197.4888,1757.6273,297.7426,10.056,0.304,9.195,0.3372,0.529,0.0209,80.221,0.645,2128.652,19.1432,1945.924,36.2345,111.792,0.8539,17024.012,808.6831,26.118,12.0324,16808.821,770.0287,55239.92,549.4494,43.499,1.3661,5497.3,57.1829,0.0,0.0,9739.1,144.9499,938.2,35.711,3224.1,73.3285,2426.1,49.5963,43.9,3.2422,2426.1,49.5963,4803.9,16.6238,308.815,27.6445,36.504,0.4737,736.567,168.6522,1763.866,298.9963,2325.79,112.7915,96.4,4.7472,0.0,0.0,0.0,0.0,746.6,23.6357,2257.7,103.7681,1724.0,45.4106,3239.6,72.5552,50.0,0.0,5000.0,0.0,12.046,1.5952
place,beanstalk soft,beanstalk,predicted-typical,500,"{""flag_clean"": 0.25, ""flag_recall"": 0.6, ""placement_fallback"": ""least-overlap""}",10,10,118.0055,3.1879,138.2137,28.1867,42.4256,1.1513,871.0472,276.394,1733.6576,402.8671,10.045,0.2389,9.346,0.3479,0.54,0.0261,80.069,0.5573,2128.652,19.1432,1980.477,62.1736,114.408,4.2144,16989.247,561.4778,14.549,9.3833,16840.385,586.0358,54624.91,965.4032,42.979,1.4324,5439.0,99.2294,0.0,0.0,9981.3,311.1101,965.4,55.8522,3207.0,97.0431,2420.4,92.5458,45.8,5.7006,2420.4,92.5458,4874.4,19.1736,285.478,26.2637,36.424,0.5082,754.517,219.733,1741.371,405.3005,2334.17,80.1655,94.4,5.2802,0.0,0.0,0.0,0.0,736.1,31.1548,2215.0,138.7671,1730.4,73.2578,3224.0,95.4118,50.0,0.0,5000.0,0.0,10.988,1.7431
place,beanstalk hard,beanstalk,file-oracle,1000,"{""flag_clean"": 0.05, ""flag_recall"": 1.0, ""placement_fallback"": ""wait""}",10,10,47.1262,0.8753,51.4851,6.2567,212.3244,3.9319,670.607,63.1152,2610.7651,429.4791,2.011,0.0392,0.346,0.005,0.02,0.0,97.622,0.0421,4265.32,19.8639,735.048,10.5819,46.651,0.1827,207277.336,3927.1148,72884.808,2902.0542,127271.261,2769.3998,137981.39,857.9679,10.838,0.2088,13729.5,82.8435,0.0,0.0,648.7,16.1189,791.6,39.047,12570.5,57.2497,2976.3,46.1606,22.1,3.8513,2976.3,46.1606,0.0,0.0,198.302,53.3949,27.073,0.1893,840.16,92.1392,3138.394,481.9146,8995.98,189.2195,14.4,0.6911,0.0,0.0,0.0,0.0,897.1,26.0811,1080.7,33.5357,2103.2,35.3075,12648.6,54.5421,100.0,0.0,10000.0,0.0,15.605,0.8306
place,beanstalk hard,beanstalk,predicted-typical,1000,"{""flag_clean"": 0.25, ""flag_recall"": 0.6, ""placement_fallback"": ""wait""}",10,10,26.5777,0.3495,27.132,0.4596,376.368,4.8967,108.8673,7.1167,457.3789,43.1472,1.133,0.0112,0.173,0.0035,0.01,0.0,98.684,0.0102,4265.32,19.8639,643.344,16.2332,43.034,0.1677,371416.353,4868.8788,307479.26,3974.3406,48919.524,2471.3875,129991.16,552.8944,5.757,0.0706,12936.1,59.2986,0.0,0.0,1099.3,29.1244,305.1,15.0553,11386.3,96.6762,2258.7,37.6367,15.5,2.5514,2258.7,37.6367,0.0,0.0,150.56,14.7707,25.422,0.1741,135.7,10.1815,791.222,78.3971,3904.81,221.1143,8.5,0.5058,0.0,0.0,0.0,0.0,692.6,20.531,735.9,22.1949,1595.9,22.9307,12200.2,40.8328,100.0,0.0,10000.0,0.0,9.261,1.6993
place,beanstalk soft,beanstalk,file-oracle,1000,"{""flag_clean"": 0.05, ""flag_recall"": 1.0, ""placement_fallback"": ""least-overlap""}",10,10,147.5097,4.5511,223.3048,56.9668,67.9049,2.0804,1252.796,394.9594,2347.8948,699.2672,6.293,0.1951,10.075,0.3107,1.662,0.0784,81.973,0.559,4265.32,19.8639,6830.274,56.7929,1126.388,40.2336,55682.917,2071.4342,37.004,24.0758,55389.486,2044.1797,134588.45,3355.8587,33.101,1.4608,13395.9,338.9071,0.0,0.0,37459.2,432.0883,2981.0,110.6527,4828.1,49.1646,6519.7,133.6053,159.6,8.7814,6519.7,133.6053,9736.7,9.7266,449.055,35.5992,45.705,0.419,1020.119,353.4315,2356.575,698.2967,3816.87,108.4727,225.6,11.7498,0.0,0.0,0.0,0.0,2021.3,51.1422,8552.5,373.7424,4658.4,109.0307,4843.4,48.0153,100.0,0.0,10000.0,0.0,61.141,2.2475
place,beanstalk soft,beanstalk,predicted-typical,1000,"{""flag_clean"": 0.25, ""flag_recall"": 0.6, ""placement_fallback"": ""least-overlap""}",10,10,143.7727,2.4057,242.4246,150.4743,69.5888,1.1736,1188.3665,371.9739,2363.7333,682.1366,6.132,0.1,9.893,0.1867,1.645,0.0525,82.331,0.2906,4265.32,19.8639,6881.252,104.4034,1143.835,35.7446,57298.358,1135.1197,53.653,46.5321,56915.459,1057.3506,132876.38,2677.3757,31.845,0.9412,13228.8,270.7326,0.0,0.0,37955.3,520.5863,2937.8,85.4684,4876.4,71.6762,6426.7,90.642,167.5,8.4182,6426.7,90.642,9862.1,22.5633,465.872,39.4278,45.438,0.6217,987.184,340.019,2370.371,681.8357,3952.59,70.1832,222.4,9.1802,0.0,0.0,0.0,0.0,1989.6,41.8822,8336.5,300.6994,4604.9,75.7862,4892.2,71.3651,100.0,0.0,10000.0,0.0,39.41,1.5718
qsem,batched k=1,batched,,20,"{""batch_k"": 1, ""q_sem"": 0.0}",10,10,8.4726,0.4626,8.7889,0.278,23.738,1.3853,103.9972,4.7015,150.6939,6.0875,18.385,1.141,2.825,0.3556,70.43,4.5203,8.361,4.5473,86.903,4.0296,13.527,2.4208,332.62,14.9467,41.714,26.6628,2.125,2.596,0.0,0.0,2649.75,73.1312,93.468,4.826,270.5,8.1016,24.1,3.3627,39.2,5.6706,6.5,1.7276,39.9,4.8684,34.3,5.7823,4.1,2.3471,34.3,5.7823,0.0,0.0,0.0,0.0,0.0,0.0,11.006,8.6073,79.944,75.6273,0.0,0.0,0.0,0.0,0.0,0.0,32.1,3.9099,0.0,0.0,0.0,0.0,0.0,0.0,0.0,0.0,2.0,0.0,200.0,0.0,0.041,0.0251
qsem,batched k=1,batched,,20,"{""batch_k"": 1, ""q_sem"": 0.05}",10,10,7.026,0.2457,7.2037,0.2741,28.5274,1.0068,132.0199,6.1716,190.5266,11.1001,15.255,0.7808,3.564,0.3358,73.555,2.897,7.625,2.442,86.903,4.0296,20.395,2.383,419.225,17.4624,44.026,15.8096,1.77,1.6865,0.0,0.0,3246.12,92.9337,94.942,2.8847,339.7,9.8544,45.0,4.448,39.3,5.0922,6.6,1.6242,82.9,6.0079,73.7,5.8409,3.6,1.0769,73.7,5.8409,0.0,0.0,0.0,0.0,0.0,0.0,9.637,1.9048,66.193,32.2006,0.0,0.0,0.0,0.0,0.0,0.0,62.4,4.7232,0.0,0.0,0.0,0.0,0.0,0.0,0.0,0.0,2.0,0.0,200.0,0.0,0.067,0.0559
qsem,batched k=1,batched,,20,"{""batch_k"": 1, ""q_sem"": 0.1}",10,10,6.0383,0.3564,6.1903,0.274,33.3348,2.054,159.1432,7.9281,226.4286,13.8121,13.112,0.9141,4.009,0.2749,74.912,2.2154,7.967,2.3819,86.903,4.0296,26.808,2.8732,498.397,23.5853,54.586,20.0469,2.925,3.9079,0.0,0.0,3764.54,144.8232,94.366,2.7671,397.3,15.6899,61.7,5.0473,38.6,5.323,6.6,1.6927,121.5,10.7442,106.6,8.4918,4.4,1.3985,106.6,8.4918,0.0,0.0,0.0,0.0,0.0,0.0,11.132,2.9851,82.033,48.8611,0.0,0.0,0.0,0.0,0.0,0.0,86.3,7.3495,0.0,0.0,0.0,0.0,0.0,0.0,0.0,0.0,2.0,0.0,200.0,0.0,0.047,0.0272
qsem,batched k=1,batched,,20,"{""batch_k"": 1, ""q_sem"": 0.2}",10,10,5.1642,0.1855,5.174,0.1703,38.8142,1.3656,193.2283,7.3498,271.7884,8.8858,11.208,0.5043,4.562,0.438,77.564,1.8103,6.667,1.4056,86.903,4.0296,35.512,4.059,601.749,20.321,52.119,12.4387,3.694,2.4734,0.0,0.0,4439.84,130.1952,95.374,1.4747,473.5,13.2509,85.2,6.9744,39.1,5.3788,6.5,1.7602,172.5,7.6541,149.2,5.887,3.6,1.1778,149.2,5.887,0.0,0.0,0.0,0.0,0.0,0.0,11.143,0.9993,64.117,18.0921,0.0,0.0,0.0,0.0,0.0,0.0,120.7,7.8362,0.0,0.0,0.0,0.0,0.0,0.0,0.0,0.0,2.0,0.0,200.0,0.0,0.073,0.0497
qsem,batched-aimd,batched-aimd,,20,"{""q_sem"": 0.0}",10,10,9.535,1.4309,10.05,1.3558,21.63,2.5189,89.8575,16.7718,173.82,23.2827,20.739,3.395,3.068,0.3438,66.72,6.421,9.471,5.436,86.903,4.0296,13.265,2.1996,289.851,46.7465,42.581,28.6599,4.994,3.4378,0.0,0.0,2368.48,277.8185,91.67,6.1268,253.4,31.0538,44.9,7.498,38.7,6.4161,5.7,1.069,89.6,14.7607,34.3,5.7823,1.8,1.3821,34.3,5.7823,0.0,0.0,0.0,0.0,0.0,0.0,16.72,9.6442,102.259,72.5199,0.0,0.0,0.0,0.0,46.6,7.0828,66.2,10.6247,0.0,0.0,0.0,0.0,0.0,0.0,0.0,0.0,2.0,0.0,200.0,0.0,0.056,0.0574
qsem,batched-aimd,batched-aimd,,20,"{""q_sem"": 0.05}",10,10,5.9401,0.294,5.9019,0.3258,33.8149,1.6708,166.1851,8.421,253.6354,17.1883,12.897,0.7853,3.068,0.237,77.276,1.8585,6.762,1.4752,86.903,4.0296,20.776,2.143,522.446,26.6866,46.173,11.9895,2.812,3.6705,0.0,0.0,3856.1,151.4523,95.136,1.8535,412.9,17.5811,77.2,6.9253,41.2,6.2432,6.2,1.8407,165.3,6.5216,75.5,4.8073,2.3,0.8953,75.5,4.8073,0.0,0.0,0.0,0.0,0.0,0.0,12.523,1.3224,72.498,18.5771,0.0,0.0,0.0,0.0,68.9,2.2481,115.4,7.735,0.0,0.0,0.0,0.0,0.0,0.0,0.0,0.0,2.0,0.0,200.0,0.0,0.108,0.0989
qsem,batched-aimd,batched-aimd,,20,"{""q_sem"": 0.1}",10,10,4.9925,0.2166,5.0554,0.2829,40.197,1.7991,202.0005,14.5204,284.7986,14.2694,10.864,0.8148,3.34,0.2967,78.789,1.933,7.008,1.5433,86.903,4.0296,26.84,2.6227,633.727,35.9096,56.47,13.1268,3.808,3.3291,0.0,0.0,4576.94,202.4327,94.918,1.728,491.7,21.249,95.4,6.1088,40.6,5.9101,6.5,1.7602,206.9,11.2265,106.1,7.6109,4.2,0.9417,106.1,7.6109,0.0,0.0,0.0,0.0,0.0,0.0,12.921,1.1227,79.612,29.1833,0.0,0.0,0.0,0.0,71.1,3.1352,141.6,8.6247,0.0,0.0,0.0,0.0,0.0,0.0,0.0,0.0,2.0,0.0,200.0,0.0,0.053,0.0498
qsem,batched-aimd,batched-aimd,,20,"{""q_sem"": 0.2}",10,10,4.1305,0.1264,4.1801,0.1936,48.4986,1.4631,253.229,10.0107,337.539,14.8072,8.981,0.5588,3.778,0.3327,80.69,1.5737,6.554,1.496,86.903,4.0296,36.674,3.6596,782.672,28.4007,63.722,15.5908,4.996,5.2892,0.0,0.0,5553.97,160.4204,95.458,1.4789,594.9,17.7869,118.5,6.0813,40.4,5.5119,6.2,2.1273,273.2,8.7918,155.7,9.8139,2.9,1.4086,155.7,9.8139,0.0,0.0,0.0,0.0,0.0,0.0,13.975,1.048,75.608,22.6701,0.0,0.0,0.0,0.0,68.6,3.818,184.0,7.2557,0.0,0.0,0.0,0.0,0.0,0.0,0.0,0.0,2.0,0.0,200.0,0.0,0.041,0.0338
qsem,batched-par k=1,batched-par,,20,"{""batch_k"": 1, ""q_sem"": 0.0}",10,10,9.048,0.5802,9.4335,0.2958,22.2751,1.5228,94.1237,4.4224,136.9283,8.3436,19.632,1.3778,2.982,0.3985,68.754,4.4328,8.635,4.6451,86.903,4.0296,13.42,2.6245,304.407,14.2725,40.773,26.2147,1.075,1.117,0.0,0.0,2514.3,74.0462,94.625,5.0927,252.0,8.43,12.0,3.9468,38.8,5.5999,7.0,2.1591,38.7,4.5746,34.3,5.7823,4.1,1.3676,34.3,5.7823,0.0,0.0,0.0,0.0,0.0,0.0,9.865,8.5258,77.761,74.9009,0.0,0.0,0.0,0.0,0.0,0.0,13.6,4.5013,0.0,0.0,0.0,0.0,0.0,0.0,0.0,0.0,2.0,0.0,200.0,0.0,0.029,0.0137
qsem,batched-par k=1,batched-par,,20,"{""batch_k"": 1, ""q_sem"": 0.05}",10,10,7.4542,0.2635,7.7885,0.2783,26.8928,1.0016,120.2717,5.8483,174.1344,11.0129,16.182,0.7872,3.999,0.3506,70.542,4.0917,9.28,3.9475,86.903,4.0296,21.543,2.2665,378.475,18.2441,50.937,24.3235,1.66,1.1612,0.0,0.0,3041.9,95.3102,94.48,4.3096,312.4,11.4459,28.1,4.8097,39.1,5.6771,7.3,1.7859,81.5,6.7965,75.4,6.6352,4.2,2.0456,75.4,6.6352,0.0,0.0,0.0,0.0,0.0,0.0,10.493,7.4818,80.116,72.2526,0.0,0.0,0.0,0.0,0.0,0.0,32.8,6.2705,0.0,0.0,0.0,0.0,0.0,0.0,0.0,0.0,2.0,0.0,200.0,0.0,0.077,0.0522
qsem,batched-par k=1,batched-par,,20,"{""batch_k"": 1, ""q_sem"": 0.1}",10,10,6.6087,0.3662,6.8327,0.3107,30.4316,1.7318,141.9797,9.3439,205.3162,12.2198,14.361,1.0373,4.455,0.3213,72.974,3.3432,8.211,3.2623,86.903,4.0296,27.186,2.8231,443.368,26.6344,51.177,23.0661,2.205,2.9915,0.0,0.0,3476.08,147.4252,95.435,3.5707,364.3,17.3389,42.6,5.4705,39.4,5.6141,5.9,1.7986,118.6,11.5497,108.1,9.8624,4.9,1.4086,108.1,9.8624,0.0,0.0,0.0,0.0,0.0,0.0,10.025,3.6786,79.943,54.9784,0.0,0.0,0.0,0.0,0.0,0.0,51.3,8.6105,0.0,0.0,0.0,0.0,0.0,0.0,0.0,0.0,2.0,0.0,200.0,0.0,0.061,0.0639
qsem,batched-par k=1,batched-par,,20,"{""batch_k"": 1, ""q_sem"": 0.2}",10,10,5.7224,0.3328,5.851,0.3432,35.1448,1.9052,168.808,9.9093,253.7784,17.4812,12.429,0.8647,5.149,0.4032,75.052,2.2846,7.369,2.1737,86.903,4.0296,36.308,3.8584,527.143,29.483,52.543,17.5481,2.167,2.5845,0.0,0.0,4047.34,178.689,96.11,2.3355,426.7,21.2383,58.6,9.5921,39.9,6.0079,6.4,2.1112,164.8,11.2586,152.4,9.2972,3.8,1.645,152.4,9.2972,0.0,0.0,0.0,0.0,0.0,0.0,9.578,1.8541,66.529,33.8987,0.0,0.0,0.0,0.0,0.0,0.0,70.5,12.3401,0.0,0.0,0.0,0.0,0.0,0.0,0.0,0.0,2.0,0.0,200.0,0.0,0.132,0.1111
qsem,beanstalk,beanstalk,,20,"{""q_sem"": 0.0}",10,10,24.3588,3.2744,46.24,16.3837,8.5115,1.2864,186.8667,53.4315,315.3684,72.4941,52.757,6.9716,7.958,1.2639,0.523,0.0698,38.765,7.6231,86.903,4.0296,13.303,2.0685,0.857,0.0357,69.166,23.7007,2.526,2.3627,29.014,14.6891,808.68,37.8372,81.856,10.6298,80.6,3.6969,0.0,0.0,29.2,4.7782,6.8,2.5189,38.8,6.2795,34.3,5.7823,0.6,0.5001,34.3,5.7823,164.7,8.2048,107.898,19.1501,42.792,4.3748,139.085,38.0162,331.108,66.8053,158.9,43.3651,6.4,1.2251,0.0,0.0,0.0,0.0,10.0,1.8469,34.9,9.1446,25.0,5.1027,45.7,6.1074,2.0,0.0,200.0,0.0,0.139,0.1224
qsem,beanstalk,beanstalk,,20,"{""q_sem"": 0.05}",10,10,12.8885,1.5755,362.5496,865.0266,15.962,2.1027,398.5008,80.9096,689.5894,125.295,27.931,3.455,8.59,1.1293,0.333,0.0349,63.146,3.8594,86.903,4.0296,27.142,3.8042,1.037,0.0568,204.159,38.6202,1.068,0.9791,176.234,33.31,1637.93,158.0879,86.836,7.9348,163.6,15.6505,0.0,0.0,32.9,5.7862,6.3,1.7538,39.0,4.0604,88.3,12.756,2.3,1.069,88.3,12.756,149.3,6.778,233.267,33.4446,72.621,6.2883,302.037,69.5207,692.511,125.6841,652.41,111.4314,15.2,1.7456,0.0,0.0,0.0,0.0,27.9,3.2944,118.1,16.2292,62.8,10.9877,45.5,3.4594,2.0,0.0,200.0,0.0,0.1,0.0722
qsem,beanstalk,beanstalk,,20,"{""q_sem"": 0.1}",10,10,9.9526,1.0721,18.9195,32.5421,20.5649,2.5034,623.2419,96.1788,998.5984,192.5868,21.663,2.6504,9.751,0.9051,0.3,0.0229,68.287,3.0183,86.903,4.0296,40.035,6.0268,1.213,0.0659,283.147,46.8324,1.345,0.8878,267.197,42.4181,2187.13,283.615,88.509,2.1513,218.5,28.9741,0.0,0.0,38.8,5.1117,9.3,1.909,50.8,7.0956,134.2,19.2759,3.1,1.3254,134.2,19.2759,147.3,4.4101,285.745,40.2041,83.375,8.4945,469.604,98.3306,1001.775,192.9782,959.59,134.6893,19.7,2.2124,0.0,0.0,0.0,0.0,39.2,6.2341,163.1,27.85,98.2,14.4516,55.4,6.4791,2.0,0.0,200.0,0.0,0.118,0.0806
qsem,beanstalk,beanstalk,,20,"{""q_sem"": 0.2}",10,10,6.3833,0.5549,20.1572,26.4553,31.7206,2.56,1026.4861,187.2516,1635.2435,254.5968,13.862,1.3237,9.436,1.1163,0.23,0.0169,76.473,2.3086,86.903,4.0296,59.219,4.9026,1.446,0.0726,486.844,50.4174,1.341,1.6276,468.735,50.6712,3452.49,319.1952,90.739,4.3956,344.2,31.9483,0.0,0.0,42.6,6.7457,9.4,4.6626,56.4,7.735,207.8,18.3852,6.1,1.6673,207.8,18.3852,141.5,5.8526,462.335,81.7077,113.975,16.4549,767.306,156.6115,1636.701,255.8495,1623.47,159.5291,25.9,3.2069,0.0,0.0,0.0,0.0,63.0,5.5305,283.6,35.1144,151.0,16.5674,60.6,7.9525,2.0,0.0,200.0,0.0,0.129,0.0853
qsem,beanstalk quarantine,beanstalk,,20,"{""green_mode"": ""quarantine"", ""q_sem"": 0.0}",10,10,22.306,3.0303,27.9536,3.2396,9.2865,1.3648,81.9126,15.1742,176.7601,36.1777,48.29,6.3522,7.247,0.7595,0.476,0.0605,43.987,6.5486,86.903,4.0296,13.405,2.2138,0.856,0.0304,84.568,24.428,2.925,3.6227,46.816,16.6122,942.97,69.6722,86.751,9.3526,94.2,6.8759,0.0,0.0,28.6,3.6505,6.7,1.2639,24.8,2.282,34.3,5.7823,0.7,0.3455,34.3,5.7823,161.8,7.8705,135.203,25.4171,57.761,6.2287,22.152,3.6474,86.35,18.9281,207.51,53.0063,7.0,1.508,0.0,0.0,0.0,0.0,10.3,1.6877,40.4,8.8202,25.2,5.067,53.8,4.5466,2.0,0.0,200.0,0.0,0.031,0.0023
qsem,beanstalk quarantine,beanstalk,,20,"{""green_mode"": ""quarantine"", ""q_sem"": 0.05}",10,10,12.8037,1.3813,14.4052,2.426,15.9588,1.8087,207.1517,50.4043,453.583,90.2442,27.881,3.5109,8.508,0.9316,0.329,0.0277,63.281,3.8531,86.903,4.0296,27.04,3.6745,1.038,0.0535,204.198,35.0911,1.309,1.1282,187.255,31.2724,1729.88,201.5513,90.47,4.1812,172.6,20.0859,0.0,0.0,34.0,4.3183,7.0,2.5007,31.7,3.3047,87.6,12.5228,2.3,1.2639,87.6,12.5228,145.3,7.6601,301.887,56.8835,100.981,12.95,39.888,8.5926,168.937,37.8329,702.35,104.8414,15.6,2.8453,0.0,0.0,0.0,0.0,27.4,4.2008,107.3,22.1117,63.2,9.6841,65.2,8.0279,2.0,0.0,200.0,0.0,0.135,0.0913
qsem,beanstalk quarantine,beanstalk,,20,"{""green_mode"": ""quarantine"", ""q_sem"": 0.1}",10,10,9.5095,0.7174,10.0853,0.8072,21.2255,1.4747,283.3844,44.603,601.4998,99.7421,20.679,1.9368,9.419,1.792,0.28,0.0231,69.625,2.9251,86.903,4.0296,39.73,7.3709,1.18,0.0799,296.698,30.2728,1.56,0.9145,272.691,30.546,2368.78,198.6944,92.902,3.5328,236.3,19.6389,0.0,0.0,32.0,4.5864,7.8,3.0497,32.7,4.7574,135.3,20.2938,3.9,1.5977,135.3,20.2938,135.8,9.6841,376.532,55.67,125.288,12.7984,50.897,8.9027,204.956,47.9408,1025.54,85.2543,21.2,3.8565,0.0,0.0,0.0,0.0,42.7,4.8403,164.5,26.2696,97.5,15.781,71.7,10.3606,2.0,0.0,200.0,0.0,0.174,0.157
qsem,beanstalk quarantine,beanstalk,,20,"{""green_mode"": ""quarantine"", ""q_sem"": 0.2}",10,10,6.5725,0.6586,7.7368,1.2471,30.9703,3.0923,461.3121,71.6917,955.6795,183.3152,14.264,1.4606,9.329,1.0728,0.237,0.0185,76.168,2.1304,86.903,4.0296,57.625,8.3252,1.455,0.1001,473.425,56.731,1.678,1.1044,453.82,57.3281,3467.48,328.5572,93.565,4.1862,345.8,32.7549,0.0,0.0,42.5,8.6776,10.5,3.4097,37.3,2.4327,209.0,23.8507,5.5,1.4405,209.0,23.8507,137.5,8.5522,492.262,75.8985,160.96,18.5591,73.548,13.4752,296.213,56.9602,1591.84,170.815,30.0,3.785,0.0,0.0,0.0,0.0,63.8,7.7468,262.6,31.3236,151.7,17.0279,83.1,9.0383,2.0,0.0,200.0,0.0,0.147,0.0813
qsem,beanstalk-noplace,beanstalk-noplace,,20,"{""q_sem"": 0.0}",10,10,23.154,3.9666,57.7168,55.9509,9.2612,2.1757,147.9811,40.0232,269.928,57.9887,50.048,8.4419,7.988,1.116,0.516,0.0861,41.451,9.3012,86.903,4.0296,14.217,1.9676,0.892,0.0303,83.214,39.9572,1.405,1.358,38.345,17.4729,855.76,73.9542,80.977,10.5909,85.7,7.2325,0.0,0.0,37.7,5.3108,5.9,1.5617,40.3,5.2785,34.3,5.7823,0.8,0.5642,34.3,5.7823,0.0,0.0,120.369,33.0295,44.285,7.0641,111.86,32.0182,285.507,64.4899,176.57,52.923,6.6,0.9048,0.0,0.0,0.0,0.0,10.4,1.972,35.6,10.2233,24.9,5.2936,50.0,4.7328,2.0,0.0,200.0,0.0,0.097,0.1135
qsem,beanstalk-noplace,beanstalk-noplace,,20,"{""q_sem"": 0.05}",10,10,13.9211,1.5052,210.745,466.6251,14.6899,1.7457,379.9955,96.425,601.2994,153.3023,30.152,3.2547,8.853,1.3403,0.362,0.0389,60.633,3.6414,86.903,4.0296,25.83,4.3602,1.039,0.0469,180.029,31.4995,2.815,1.9482,154.142,23.8265,1512.7,88.0754,87.075,6.9411,151.3,8.7285,0.0,0.0,40.6,6.0808,6.9,2.2481,40.8,4.8608,78.5,10.2514,2.3,0.6786,78.5,10.2514,0.0,0.0,229.631,35.5346,71.136,8.5545,265.558,77.3496,603.579,153.0809,574.14,52.8647,14.1,3.0245,0.0,0.0,0.0,0.0,25.1,2.0635,103.9,9.9542,55.7,9.5971,47.4,5.4393,2.0,0.0,200.0,0.0,0.043,0.045
qsem,beanstalk-noplace,beanstalk-noplace,,20,"{""q_sem"": 0.1}",10,10,10.0165,1.352,24.333,17.3837,20.5762,2.6057,558.853,109.3085,813.4396,168.167,21.698,2.8217,8.774,0.7617,0.292,0.028,69.237,2.6309,86.903,4.0296,36.399,6.4438,1.179,0.0819,287.047,45.2365,1.718,1.5532,260.095,43.8169,2168.04,217.2476,88.537,4.9619,216.5,21.7232,0.0,0.0,41.0,6.451,6.2,2.1273,47.1,9.0884,122.0,20.5691,2.9,1.141,122.0,20.5691,0.0,0.0,316.578,28.5936,84.259,5.4639,372.937,90.6209,817.054,168.5613,935.73,128.9191,17.3,1.7859,0.0,0.0,0.0,0.0,39.5,4.5647,163.5,19.1974,85.5,17.3166,53.0,8.7086,2.0,0.0,200.0,0.0,0.083,0.1006
qsem,beanstalk-noplace,beanstalk-noplace,,20,"{""q_sem"": 0.2}",10,10,6.4949,0.4936,10.9808,14.4744,31.1045,2.34,1058.7993,250.4683,1702.8312,276.1097,14.098,1.1321,9.557,1.0821,0.238,0.0094,76.106,1.5391,86.903,4.0296,59.826,9.6488,1.484,0.0835,473.878,40.3249,2.137,1.3258,462.095,39.8539,3492.88,263.7966,93.66,2.8119,348.7,26.564,0.0,0.0,49.2,6.1329,7.4,1.5155,53.2,8.6877,208.7,19.3473,5.8,1.2972,208.7,19.3473,0.0,0.0,434.366,50.5553,114.894,8.457,816.654,169.1281,1707.77,275.3674,1662.46,151.1698,24.4,2.8252,0.0,0.0,0.0,0.0,65.0,6.5559,291.6,25.2116,149.5,15.0772,57.1,8.103,2.0,0.0,200.0,0.0,0.066,0.0255
qsem,batched k=1,batched,,100,"{""batch_k"": 1, ""q_sem"": 0.0}",10,10,22.3284,0.7062,22.5435,0.8409,44.8633,1.391,233.1449,8.7743,313.1766,13.5475,9.444,0.4018,2.659,0.0805,81.734,0.8678,6.161,0.6621,422.879,9.6195,119.211,4.5868,3668.458,143.9028,275.782,26.4212,21.89,8.2834,0.0,0.0,24298.39,766.9368,90.268,0.4207,2706.5,81.5773,747.2,40.759,641.5,21.9419,117.3,10.4534,329.9,24.4544,180.2,10.5872,21.9,2.6433,180.2,10.5872,0.0,0.0,0.0,0.0,0.0,0.0,6.535,0.214,38.142,5.0656,0.0,0.0,0.0,0.0,0.0,0.0,1504.4,72.3087,0.0,0.0,0.0,0.0,0.0,0.0,0.0,0.0,10.0,0.0,1000.0,0.0,0.352,0.085
qsem,batched k=1,batched,,100,"{""batch_k"": 1, ""q_sem"": 0.05}",10,10,9.5022,0.225,9.3686,0.2272,105.3457,2.572,601.7382,16.254,726.1413,24.8413,4.018,0.1112,1.72,0.035,88.746,0.4673,5.518,0.4726,422.879,9.6195,181.186,5.6662,9349.443,245.3007,581.065,49.1808,26.051,11.9182,0.0,0.0,58078.63,1488.8444,91.882,0.3763,6251.2,163.0813,1955.0,100.6803,622.3,22.8054,120.1,11.3374,1909.9,68.945,555.4,16.0274,21.9,3.4297,555.4,16.0274,0.0,0.0,0.0,0.0,0.0,0.0,8.448,0.1397,54.929,9.5539,0.0,0.0,0.0,0.0,0.0,0.0,4673.9,146.662,0.0,0.0,0.0,0.0,0.0,0.0,0.0,0.0,10.0,0.0,1000.0,0.0,0.465,0.1806
qsem,batched k=1,batched,,100,"{""batch_k"": 1, ""q_sem"": 0.1}",10,10,7.3917,0.1733,7.2872,0.1488,135.421,3.2338,777.5074,20.1295,928.6459,22.8486,3.127,0.0955,1.57,0.0429,89.964,0.3796,5.341,0.3245,422.879,9.6195,212.581,7.3123,12182.99,300.9001,723.646,48.2344,31.986,15.8952,0.0,0.0,75001.08,1750.7295,92.308,0.1975,7980.9,173.2598,2582.2,66.8962,623.7,25.245,120.4,11.4955,2964.2,119.2211,731.2,18.7981,19.5,2.5956,731.2,18.7981,0.0,0.0,0.0,0.0,0.0,0.0,9.253,0.2157,58.019,8.4033,0.0,0.0,0.0,0.0,0.0,0.0,6230.2,154.8459,0.0,0.0,0.0,0.0,0.0,0.0,0.0,0.0,10.0,0.0,1000.0,0.0,0.565,0.1238
qsem,batched k=1,batched,,100,"{""batch_k"": 1, ""q_sem"": 0.2}",10,10,5.7949,0.0745,5.7164,0.097,172.6177,2.2461,1004.6119,17.0239,1142.663,21.1254,2.45,0.0572,1.466,0.0327,90.871,0.3392,5.216,0.2989,422.879,9.6195,252.769,5.9748,15686.458,239.3631,899.666,47.1164,39.83,22.8164,0.0,0.0,95883.11,1165.1622,92.58,0.2158,10095.9,115.8309,3377.9,83.6828,627.8,22.1317,122.6,11.2303,4444.7,92.3181,945.7,12.472,18.8,3.3517,945.7,12.472,0.0,0.0,0.0,0.0,0.0,0.0,9.971,0.1977,58.482,3.7685,0.0,0.0,0.0,0.0,0.0,0.0,8131.4,103.429,0.0,0.0,0.0,0.0,0.0,0.0,0.0,0.0,10.0,0.0,1000.0,0.0,0.532,0.1715
qsem,batched-aimd,batched-aimd,,100,"{""q_sem"": 0.0}",10,10,13.5025,0.6937,13.5522,0.8407,74.4,3.7699,409.7735,23.2376,541.3453,25.5883,5.714,0.3547,2.032,0.0822,86.624,1.2097,5.63,1.0477,422.879,9.6195,150.983,7.702,6449.576,385.2885,416.565,69.6783,34.305,17.2776,0.0,0.0,40937.8,2149.4332,91.695,0.5169,4342.6,219.1496,1512.6,90.0285,904.3,47.711,158.5,13.3832,1016.4,68.1669,180.2,10.5872,9.7,2.998,180.2,10.5872,0.0,0.0,0.0,0.0,0.0,0.0,11.816,0.6093,66.182,7.7422,0.0,0.0,0.0,0.0,209.8,8.9774,3313.0,175.7949,0.0,0.0,0.0,0.0,0.0,0.0,0.0,0.0,10.0,0.0,1000.0,0.0,0.512,0.1997
qsem,batched-aimd,batched-aimd,,100,"{""q_sem"": 0.05}",10,10,7.1439,0.1372,7.055,0.1095,140.0716,2.6989,810.1126,14.7842,922.0231,22.8485,3.021,0.0867,1.497,0.0368,90.158,0.2991,5.329,0.3055,422.879,9.6195,209.439,5.8735,12628.395,251.5633,746.444,45.7969,43.908,25.8876,0.0,0.0,77684.72,1487.9501,92.436,0.2853,8226.5,157.6791,2784.2,58.6996,768.3,33.049,144.5,14.0788,2956.8,86.8854,613.8,17.8518,19.0,3.321,613.8,17.8518,0.0,0.0,0.0,0.0,0.0,0.0,10.562,0.1494,63.423,6.5284,0.0,0.0,0.0,0.0,147.1,4.0527,6512.7,138.3334,0.0,0.0,0.0,0.0,0.0,0.0,0.0,0.0,10.0,0.0,1000.0,0.0,0.788,0.0924
qsem,batched-aimd,batched-aimd,,100,"{""q_sem"": 0.1}",10,10,6.0633,0.1251,6.014,0.1254,165.0512,3.4008,954.7575,18.9261,1086.5303,26.7492,2.564,0.0769,1.425,0.0383,90.586,0.3528,5.425,0.2777,422.879,9.6195,235.088,6.1541,14952.349,338.9039,894.808,42.454,40.473,18.2451,0.0,0.0,91650.49,1987.4332,92.547,0.305,9662.9,206.1556,3297.8,104.0541,726.3,33.7857,138.3,12.0831,3972.3,134.4981,795.4,22.0452,18.8,2.0176,795.4,22.0452,0.0,0.0,0.0,0.0,0.0,0.0,10.56,0.2272,65.068,10.9429,0.0,0.0,0.0,0.0,108.0,6.3979,7772.1,182.6799,0.0,0.0,0.0,0.0,0.0,0.0,0.0,0.0,10.0,0.0,1000.0,0.0,0.712,0.1372
qsem,batched-aimd,batched-aimd,,100,"{""q_sem"": 0.2}",10,10,5.1787,0.0817,5.1258,0.0719,193.1812,3.0261,1127.8351,16.3919,1257.469,29.065,2.19,0.0564,1.4,0.0431,91.228,0.2885,5.181,0.2378,422.879,9.6195,270.513,9.4397,17623.336,276.0035,1001.395,51.387,44.839,22.9267,0.0,0.0,107508.16,1830.8693,92.75,0.2063,11263.1,187.3621,3860.4,79.6405,703.1,33.5855,134.6,11.1897,5238.8,121.3068,993.6,19.218,19.0,2.9396,993.6,19.218,0.0,0.0,0.0,0.0,0.0,0.0,10.863,0.1286,64.799,5.8481,0.0,0.0,0.0,0.0,70.0,3.9324,9190.7,166.9782,0.0,0.0,0.0,0.0,0.0,0.0,0.0,0.0,10.0,0.0,1000.0,0.0,0.788,0.1459
qsem,batched-par k=1,batched-par,,100,"{""batch_k"": 1, ""q_sem"": 0.0}",10,10,30.9414,1.0749,31.7518,1.2982,32.3875,1.1222,156.4682,5.5078,219.8993,10.5628,13.086,0.5594,4.075,0.1645,75.451,1.0129,7.389,0.9163,422.879,9.6195,131.99,7.2705,2443.981,94.401,239.907,34.5959,17.436,5.0429,0.0,0.0,17901.77,526.4056,92.157,0.8913,2061.6,69.6781,582.5,40.2233,709.8,28.3765,124.2,12.6789,244.1,12.2994,180.2,10.5872,22.9,3.5277,180.2,10.5872,0.0,0.0,0.0,0.0,0.0,0.0,4.365,0.5775,35.31,17.1304,0.0,0.0,0.0,0.0,0.0,0.0,858.5,63.0519,0.0,0.0,0.0,0.0,0.0,0.0,0.0,0.0,10.0,0.0,1000.0,0.0,0.283,0.1014
qsem,batched-par k=1,batched-par,,100,"{""batch_k"": 1, ""q_sem"": 0.05}",10,10,13.5907,0.4551,13.5731,0.5834,73.7225,2.4318,403.8955,15.2755,535.5688,34.9743,5.746,0.1983,2.65,0.0793,85.181,0.9342,6.424,0.8786,422.879,9.6195,195.169,6.8984,6280.884,237.3943,473.322,64.4787,23.731,11.2092,0.0,0.0,41131.02,1367.0988,92.988,0.5908,4947.3,141.5678,1924.1,70.583,664.6,23.3209,130.1,9.2435,1455.9,66.4329,590.1,14.0311,19.2,2.1273,590.1,14.0311,0.0,0.0,0.0,0.0,0.0,0.0,6.246,0.4234,53.68,21.116,0.0,0.0,0.0,0.0,0.0,0.0,3338.0,128.9314,0.0,0.0,0.0,0.0,0.0,0.0,0.0,0.0,10.0,0.0,1000.0,0.0,0.464,0.1546
qsem,batched-par k=1,batched-par,,100,"{""batch_k"": 1, ""q_sem"": 0.1}",10,10,10.3332,0.3713,10.2002,0.4142,96.9908,3.4167,543.6666,22.4987,699.5515,27.9616,4.37,0.1841,2.441,0.0777,87.325,0.6051,5.865,0.5479,422.879,9.6195,236.378,7.0364,8471.033,323.4204,568.79,55.8497,32.603,20.6853,0.0,0.0,54470.73,1866.5826,93.609,0.2961,6518.8,187.3443,2685.8,102.4818,670.9,20.3453,126.6,11.2858,2272.7,92.2078,800.5,20.3838,21.6,1.5888,800.5,20.3838,0.0,0.0,0.0,0.0,0.0,0.0,6.894,0.2047,45.178,5.458,0.0,0.0,0.0,0.0,0.0,0.0,4696.7,171.2928,0.0,0.0,0.0,0.0,0.0,0.0,0.0,0.0,10.0,0.0,1000.0,0.0,0.468,0.1634
qsem,batched-par k=1,batched-par,,100,"{""batch_k"": 1, ""q_sem"": 0.2}",10,10,7.9294,0.2361,7.876,0.2443,126.3127,3.8072,719.4466,21.4225,898.2201,36.0462,3.354,0.1361,2.245,0.0701,88.628,0.6671,5.773,0.621,422.879,9.6195,283.29,8.6809,11195.064,350.6244,730.035,84.704,33.602,20.8375,0.0,0.0,71127.92,2126.4123,93.852,0.2352,8483.3,209.133,3666.7,110.1553,674.0,24.9185,128.2,13.2961,3421.5,131.024,1059.4,16.1581,20.1,2.929,1059.4,16.1581,0.0,0.0,0.0,0.0,0.0,0.0,7.879,0.2284,48.636,5.6632,0.0,0.0,0.0,0.0,0.0,0.0,6403.8,194.6894,0.0,0.0,0.0,0.0,0.0,0.0,0.0,0.0,10.0,0.0,1000.0,0.0,0.661,0.2135
qsem,beanstalk,beanstalk,,100,"{""q_sem"": 0.0}",10,10,71.3961,4.5215,125.108,46.1517,14.1039,0.8805,348.5936,89.2379,603.1254,127.8635,30.159,1.7081,9.147,0.7274,0.505,0.0357,60.186,2.2886,422.879,9.6195,128.14,6.5259,7.075,0.1615,852.3,84.7629,6.213,3.21,790.242,80.8875,6078.37,134.4218,72.191,3.4831,605.3,13.4671,0.0,0.0,574.7,23.9626,75.3,10.1219,427.6,17.9832,180.2,10.5872,4.4,1.5526,180.2,10.5872,951.8,5.2542,130.276,12.0482,32.601,0.9052,260.792,67.6709,610.211,130.6753,611.82,34.3375,14.4,0.9048,0.0,0.0,0.0,0.0,56.5,4.9472,167.1,16.4899,128.1,6.5163,438.1,12.2856,10.0,0.0,1000.0,0.0,0.802,0.1336
qsem,beanstalk,beanstalk,,100,"{""q_sem"": 0.05}",10,10,29.0712,1.7307,51.3633,12.9076,34.6233,2.1547,720.2832,277.0228,1472.6803,344.1896,12.291,0.7565,7.724,0.3733,0.278,0.0134,79.708,0.9493,422.879,9.6195,267.038,17.7503,9.595,0.2752,2762.821,201.2052,3.812,1.8375,2710.683,213.1981,15842.55,1123.189,76.251,2.6732,1575.8,111.7258,0.0,0.0,670.9,37.9801,93.8,9.9047,424.1,22.1949,783.7,38.1692,24.2,2.756,783.7,38.1692,899.8,4.1545,261.974,33.5356,56.194,4.8051,633.176,200.2754,1478.868,343.231,1861.98,132.1856,51.0,4.5114,0.0,0.0,0.0,0.0,255.9,16.9657,1140.9,125.6466,552.3,32.1721,434.9,23.5689,10.0,0.0,1000.0,0.0,0.891,0.1117
qsem,beanstalk,beanstalk,,100,"{""q_sem"": 0.1}",10,10,18.4635,0.9052,42.5185,34.6907,54.3807,2.5529,1386.8648,262.3242,2732.7237,298.2529,7.801,0.3441,7.944,0.2676,0.222,0.0081,84.035,0.5734,422.879,9.6195,431.594,20.299,11.952,0.2466,4571.635,236.6232,4.861,2.8969,4526.387,229.8685,25893.03,1151.5408,79.483,3.0736,2574.6,115.533,0.0,0.0,756.6,29.9276,123.5,14.8798,606.8,48.7247,1396.2,54.575,39.1,4.2579,1396.2,54.575,897.5,2.7446,370.529,56.8485,66.796,5.2557,1248.685,215.2645,2739.163,300.6117,3054.36,142.4113,71.2,6.9988,0.0,0.0,0.0,0.0,435.5,16.9717,1962.3,130.1995,999.9,46.5389,612.2,49.9189,10.0,0.0,1000.0,0.0,0.94,0.3475
qsem,beanstalk,beanstalk,,100,"{""q_sem"": 0.2}",10,10,8.9209,0.923,,,114.2234,11.7838,4086.4284,757.456,6834.0756,706.5774,3.764,0.3609,8.049,0.3011,0.158,0.0116,88.027,0.4715,422.879,9.6195,919.183,98.0475,17.778,0.8662,10062.505,1082.9238,9.563,6.7701,9890.654,953.8967,49458.38,2856.9367,72.886,4.5137,4921.1,280.7687,0.0,0.0,1005.9,67.3955,187.9,31.0488,1261.6,161.4477,2863.1,212.3076,71.0,5.458,2863.1,212.3076,895.6,6.4439,492.384,58.65,73.117,3.5533,3414.66,354.0457,6841.338,707.5497,6509.23,565.7515,93.0,8.3826,0.0,0.0,0.0,0.0,882.9,63.0503,3656.4,155.1508,2051.3,153.617,1264.6,160.8903,10.0,0.0,1000.0,0.0,1.492,0.2438
qsem,beanstalk quarantine,beanstalk,,100,"{""green_mode"": ""quarantine"", ""q_sem"": 0.0}",10,10,65.9918,4.665,73.9188,6.1605,15.2897,1.1065,114.217,11.3448,215.6426,29.2381,27.891,1.9864,8.136,0.5835,0.457,0.0288,63.517,2.3765,422.879,9.6195,123.627,7.563,6.939,0.143,975.525,106.0093,4.51,2.2472,906.186,116.8926,6767.31,245.4705,74.141,3.2392,674.2,23.0255,0.0,0.0,550.9,25.8292,66.7,6.7528,362.9,20.4818,180.2,10.5872,4.0,1.3488,180.2,10.5872,938.1,5.657,163.754,24.2195,54.266,8.5438,18.344,1.8801,91.797,22.796,718.32,70.047,20.1,3.0245,0.0,0.0,0.0,0.0,59.0,4.5114,205.4,31.5082,128.2,8.1264,468.3,21.6046,10.0,0.0,1000.0,0.0,0.749,0.2082
qsem,beanstalk quarantine,beanstalk,,100,"{""green_mode"": ""quarantine"", ""q_sem"": 0.05}",10,10,26.2052,1.0361,27.5023,1.0457,38.264,1.4934,305.0648,23.843,659.3087,76.086,11.081,0.4953,7.403,0.3787,0.258,0.0125,81.257,0.773,422.879,9.6195,282.637,10.8777,9.872,0.3315,3111.018,148.2057,6.068,2.6337,3080.418,143.5983,17505.79,641.2208,76.393,3.2934,1742.4,65.1477,0.0,0.0,694.5,31.7241,102.5,11.6773,412.7,35.7893,817.9,38.5197,19.3,4.1167,817.9,38.5197,907.7,10.8798,411.692,54.7968,119.668,8.7335,44.028,6.6159,249.072,43.7352,2077.84,83.6951,89.5,12.2661,0.0,0.0,0.0,0.0,262.5,12.0416,1132.6,92.5439,581.3,36.4987,609.7,40.975,10.0,0.0,1000.0,0.0,1.151,0.2495
qsem,beanstalk quarantine,beanstalk,,100,"{""green_mode"": ""quarantine"", ""q_sem"": 0.1}",10,10,16.2712,0.7611,17.0957,0.714,61.682,2.7256,491.477,66.7276,1267.1327,152.8479,6.884,0.3826,7.763,0.728,0.227,0.0197,85.129,0.9385,422.879,9.6195,478.184,44.614,13.84,1.044,5253.299,265.5113,4.937,2.1625,5207.927,257.7218,29711.0,1348.8876,80.334,2.3759,2954.2,133.7817,0.0,0.0,972.1,119.8364,150.1,29.4455,475.1,31.3966,1536.3,118.1728,40.0,6.0131,1536.3,118.1728,891.1,6.9224,611.561,106.9123,156.067,13.1077,65.621,10.2123,380.683,62.9599,3455.04,141.1988,133.8,14.6431,0.0,0.0,0.0,0.0,484.8,28.2761,2219.6,151.3206,1099.2,89.4238,734.5,59.0399,10.0,0.0,1000.0,0.0,1.178,0.3452
qsem,beanstalk quarantine,beanstalk,,100,"{""green_mode"": ""quarantine"", ""q_sem"": 0.2}",10,10,8.9373,0.4835,9.6477,0.4334,112.4809,6.2127,855.5111,150.6755,3188.7312,436.1359,3.78,0.2351,9.553,1.2352,0.228,0.0309,86.437,1.3673,422.879,9.6195,1069.392,124.3358,25.384,3.0829,9730.427,631.5708,1.892,1.6285,9630.446,611.2781,53966.79,2638.6941,80.071,2.4392,5370.2,259.1619,0.0,0.0,1857.6,329.8726,288.2,43.4225,650.5,31.0887,3467.4,333.1633,78.9,7.3293,3467.4,333.1633,884.8,9.3496,962.334,130.6903,205.192,16.7156,103.341,12.8167,610.64,119.6671,6383.54,348.8629,216.3,35.1691,0.0,0.0,0.0,0.0,1084.8,97.3488,4249.1,258.7052,2477.1,236.1466,1121.1,73.3092,10.0,0.0,1000.0,0.0,1.83,0.3411
qsem,beanstalk-noplace,beanstalk-noplace,,100,"{""q_sem"": 0.0}",10,10,73.2027,5.5151,112.6001,45.897,13.7937,1.0086,322.4405,120.8142,587.2717,146.4841,30.974,2.5715,9.352,0.4546,0.517,0.0363,59.157,2.9542,422.879,9.6195,128.44,6.8917,7.06,0.1176,820.991,97.9763,6.314,3.381,746.678,102.3292,6061.36,221.9776,73.639,3.4475,602.9,21.1912,0.0,0.0,573.9,23.3361,71.2,8.9837,436.3,15.3899,180.2,10.5872,3.0,1.0663,180.2,10.5872,0.0,0.0,116.327,20.1243,31.854,0.6118,250.59,84.1296,593.164,147.747,599.4,60.8611,14.8,0.8793,0.0,0.0,0.0,0.0,55.9,4.8333,155.8,14.0608,127.3,7.7339,447.0,15.5112,10.0,0.0,1000.0,0.0,0.21,0.121
qsem,beanstalk-noplace,beanstalk-noplace,,100,"{""q_sem"": 0.05}",10,10,29.69,1.8026,52.4147,32.3032,33.9018,2.0716,725.9081,180.3526,1391.7313,342.5937,12.552,0.7801,8.073,0.2948,0.284,0.0118,79.091,0.9906,422.879,9.6195,273.315,16.3564,9.561,0.228,2684.429,193.3977,3.227,0.9358,2645.513,203.1907,15082.84,530.3165,74.416,2.9822,1500.5,52.0645,0.0,0.0,682.4,31.7222,98.9,16.4277,487.9,42.0195,781.7,34.1089,18.9,2.7898,781.7,34.1089,0.0,0.0,247.384,40.7246,50.134,2.9284,616.72,183.2239,1399.695,343.193,1820.76,112.8453,50.0,4.3445,0.0,0.0,0.0,0.0,243.2,12.6833,1003.2,64.3147,557.5,26.2869,497.2,42.6404,10.0,0.0,1000.0,0.0,0.248,0.091
qsem,beanstalk-noplace,beanstalk-noplace,,100,"{""q_sem"": 0.1}",10,10,18.7875,0.9074,48.0784,325.1904,53.4494,2.6249,1632.2875,227.5128,2935.8335,312.0154,7.943,0.4064,8.012,0.2573,0.229,0.0092,83.816,0.6137,422.879,9.6195,427.379,15.0079,12.142,0.2623,4482.541,249.9905,4.227,1.815,4445.415,260.4946,25760.36,1060.8454,80.463,2.7935,2563.3,104.194,0.0,0.0,804.5,35.205,115.5,17.3133,568.0,38.5883,1375.4,42.2121,38.8,6.3783,1375.4,42.2121,0.0,0.0,348.0,38.3974,67.907,5.1795,1414.045,206.3372,2943.144,314.3802,2993.55,147.1377,70.4,5.8327,0.0,0.0,0.0,0.0,429.3,19.912,1989.2,113.1848,985.0,29.2023,574.1,38.6611,10.0,0.0,1000.0,0.0,0.282,0.2063
qsem,beanstalk-noplace,beanstalk-noplace,,100,"{""q_sem"": 0.2}",10,10,8.7896,0.7802,14.2863,71.5786,115.4848,11.0839,3743.3644,824.2859,6490.5393,877.4485,3.715,0.3278,7.936,0.3683,0.157,0.0117,88.194,0.6109,422.879,9.6195,913.507,78.9339,17.942,0.5895,10194.159,1038.7311,7.5,3.3165,10066.495,926.1061,50150.94,2654.7437,73.009,4.3258,4987.9,263.4984,0.0,0.0,1024.4,30.509,169.3,24.8958,1192.8,132.3324,2865.1,172.4645,73.1,8.117,2865.1,172.4645,0.0,0.0,530.091,122.8242,76.253,3.2264,3161.157,523.2699,6498.463,876.6369,6597.89,586.8674,92.8,4.3156,0.0,0.0,0.0,0.0,887.9,53.0416,3790.7,157.6553,2050.3,128.1942,1197.2,133.179,10.0,0.0,1000.0,0.0,0.702,0.1564
qsem,batched k=1,batched,,500,"{""batch_k"": 1, ""q_sem"": 0.0}",10,10,26.1178,0.5597,26.2917,0.6316,191.5987,4.2071,1104.9329,28.3995,1280.6078,46.2544,2.223,0.049,1.006,0.0306,91.239,0.5217,5.534,0.4838,2128.652,19.1432,962.897,18.7933,87412.681,2172.1164,5295.125,448.1391,643.942,96.8698,0.0,0.0,206811.56,4836.3832,35.977,0.0867,22568.8,497.2442,6188.7,211.9805,6008.0,114.0117,1325.4,44.366,2720.2,105.4823,887.4,26.4636,102.4,11.53,887.4,26.4636,0.0,0.0,0.0,0.0,0.0,0.0,6.778,0.1785,56.778,12.372,0.0,0.0,0.0,0.0,0.0,0.0,16579.0,473.1821,0.0,0.0,0.0,0.0,0.0,0.0,0.0,0.0,50.0,0.0,5000.0,0.0,4.164,0.9547
qsem,batched k=1,batched,,500,"{""batch_k"": 1, ""q_sem"": 0.05}",10,10,8.9416,0.1134,8.9149,0.1368,559.3389,7.0512,3312.8114,41.1577,3581.4877,87.8426,0.761,0.0114,0.455,0.0091,93.578,0.2367,5.207,0.2338,2128.652,19.1432,1268.336,21.4998,261710.584,3427.204,14561.868,677.327,1229.794,232.5704,0.0,0.0,617097.58,7815.5976,36.776,0.0377,64206.7,793.3152,20506.1,374.5476,5591.2,75.6032,1302.4,47.5274,21596.9,457.7794,2993.3,43.7581,98.2,6.3156,2993.3,43.7581,0.0,0.0,0.0,0.0,0.0,0.0,8.433,0.0444,60.211,7.0623,0.0,0.0,0.0,0.0,0.0,0.0,56115.2,753.2366,0.0,0.0,0.0,0.0,0.0,0.0,0.0,0.0,50.0,0.0,5000.0,0.0,5.264,0.6297
qsem,batched k=1,batched,,500,"{""batch_k"": 1, ""q_sem"": 0.1}",10,10,6.808,0.049,6.7776,0.0635,734.4948,5.2249,4364.8913,41.8823,4685.7846,68.9573,0.579,0.0041,0.393,0.0059,93.847,0.2051,5.18,0.2089,2128.652,19.1432,1441.923,25.0895,344651.311,2572.3886,19025.529,777.0959,1318.068,235.1422,0.0,0.0,813470.15,5714.4455,36.918,0.0276,84165.0,608.8457,28240.9,396.9885,5564.8,85.5807,1296.2,46.2661,35250.8,346.1119,3989.7,30.2824,101.8,6.7927,3989.7,30.2824,0.0,0.0,0.0,0.0,0.0,0.0,9.25,0.0749,65.907,7.915,0.0,0.0,0.0,0.0,0.0,0.0,75073.5,578.3571,0.0,0.0,0.0,0.0,0.0,0.0,0.0,0.0,50.0,0.0,5000.0,0.0,6.836,1.0089
qsem,batched k=1,batched,,500,"{""batch_k"": 1, ""q_sem"": 0.2}",10,10,5.3733,0.0383,5.3495,0.0476,930.616,6.6701,5549.4852,47.479,5921.9032,43.994,0.457,0.0059,0.358,0.0056,94.017,0.182,5.169,0.1842,2128.652,19.1432,1660.377,26.3304,437469.351,3176.4853,24049.641,886.5717,1402.95,282.4689,0.0,0.0,1035297.02,7192.9037,37.083,0.0239,106843.0,749.005,37894.7,400.6421,5545.4,79.3602,1298.2,45.5404,52413.1,477.5026,5127.5,39.8056,99.2,4.5839,5127.5,39.8056,0.0,0.0,0.0,0.0,0.0,0.0,10.128,0.0996,67.562,4.1525,0.0,0.0,0.0,0.0,0.0,0.0,96616.3,711.3424,0.0,0.0,0.0,0.0,0.0,0.0,0.0,0.0,50.0,0.0,5000.0,0.0,6.256,0.5272
qsem,batched-par k=1,batched-par,,500,"{""batch_k"": 1, ""q_sem"": 0.0}",10,10,42.4417,1.0671,43.3299,1.265,117.9416,3.0096,662.0946,18.5897,835.2673,28.6689,3.613,0.0911,2.69,0.1112,87.013,0.5226,6.685,0.4726,2128.652,19.1432,1582.843,39.1381,51318.581,1481.3499,3940.749,293.6551,572.779,112.2385,0.0,0.0,186161.53,5088.0902,52.617,0.6444,20008.6,602.6785,5591.6,303.3746,10629.8,250.8933,2069.0,62.7254,2410.4,110.9806,887.4,26.4636,102.8,4.6333,887.4,26.4636,0.0,0.0,0.0,0.0,0.0,0.0,4.856,0.15,48.68,11.2902,0.0,0.0,0.0,0.0,0.0,0.0,14018.4,577.9168,0.0,0.0,0.0,0.0,0.0,0.0,0.0,0.0,50.0,0.0,5000.0,0.0,22.362,1.8306
qsem,batched-par k=1,batched-par,,500,"{""batch_k"": 1, ""q_sem"": 0.05}",10,10,11.2752,0.1663,11.2462,0.2104,443.6164,6.4389,2653.7706,43.4538,2954.3531,59.7147,0.96,0.0135,0.875,0.0253,92.68,0.2784,5.485,0.2762,2128.652,19.1432,1938.673,40.7227,205577.245,3172.1412,12163.634,619.3527,811.191,148.0489,0.0,0.0,759470.58,9602.0448,57.072,0.3893,92259.9,1152.1598,44958.4,794.3628,9546.8,196.7847,1963.4,50.7607,31418.9,509.682,3810.5,44.3981,102.1,8.8796,3810.5,44.3981,0.0,0.0,0.0,0.0,0.0,0.0,6.667,0.1098,51.975,2.1187,0.0,0.0,0.0,0.0,0.0,0.0,83347.3,1113.0608,0.0,0.0,0.0,0.0,0.0,0.0,0.0,0.0,50.0,0.0,5000.0,0.0,47.408,1.6393
qsem,batched-par k=1,batched-par,,500,"{""batch_k"": 1, ""q_sem"": 0.1}",10,10,9.0936,0.1088,9.058,0.1444,549.9785,6.6852,3294.5938,50.9943,3649.8329,62.6239,0.773,0.0076,0.77,0.0158,93.032,0.2109,5.425,0.2132,2128.652,19.1432,2117.574,44.9225,255826.56,3139.4897,14916.459,631.6351,951.553,195.7338,0.0,0.0,949883.74,8021.189,57.576,0.349,118009.4,626.3397,61555.3,849.351,9453.3,195.6438,1952.7,54.423,44118.7,714.5008,4853.6,33.9488,105.0,4.4094,4853.6,33.9488,0.0,0.0,0.0,0.0,0.0,0.0,7.368,0.0925,55.636,7.5845,0.0,0.0,0.0,0.0,0.0,0.0,108050.8,609.5319,0.0,0.0,0.0,0.0,0.0,0.0,0.0,0.0,50.0,0.0,5000.0,0.0,51.002,2.4094
qsem,batched-par k=1,batched-par,,500,"{""batch_k"": 1, ""q_sem"": 0.2}",10,10,7.3886,0.0845,7.3587,0.0881,676.8738,7.7278,4064.0998,50.6534,4500.3194,77.9033,0.63,0.0075,0.7,0.0158,93.211,0.1711,5.459,0.1731,2128.652,19.1432,2370.054,54.9188,315454.487,3536.9185,18483.72,668.9529,1048.18,196.9143,0.0,0.0,1172386.91,11492.7328,57.74,0.3309,147459.5,1190.6366,79946.7,872.9763,9406.8,178.8646,1949.8,58.3294,58426.5,898.312,6077.4,46.73,104.7,6.6168,6077.4,46.73,0.0,0.0,0.0,0.0,0.0,0.0,8.392,0.1218,62.707,4.0754,0.0,0.0,0.0,0.0,0.0,0.0,136277.4,1153.717,0.0,0.0,0.0,0.0,0.0,0.0,0.0,0.0,50.0,0.0,5000.0,0.0,76.569,3.9087
qsem,beanstalk,beanstalk,,500,"{""q_sem"": 0.0}",10,10,160.6275,8.5057,324.5863,148.0576,31.2914,1.7612,619.5853,164.246,1192.2929,214.3696,13.669,0.6645,8.897,0.5372,0.585,0.031,76.848,1.206,2128.652,19.1432,1384.622,37.0183,91.151,2.127,12041.279,870.1411,24.698,14.5373,11791.314,825.7043,36329.43,695.8826,38.924,2.3763,3616.5,68.3843,0.0,0.0,7963.3,159.3582,757.4,19.132,2876.2,40.2099,887.4,26.4636,13.8,2.8968,887.4,26.4636,4923.6,25.612,241.326,36.8284,33.694,0.3466,494.161,133.4857,1197.328,213.7357,1649.6,82.1073,40.4,2.1905,0.0,0.0,0.0,0.0,267.5,15.457,724.2,41.5765,634.0,18.165,2892.3,42.3746,50.0,0.0,5000.0,0.0,9.313,0.8136
qsem,beanstalk,beanstalk,,500,"{""q_sem"": 0.05}",10,10,40.5646,1.1547,68.0785,61.9623,123.4375,3.5419,3356.181,736.9621,6399.8957,875.0398,3.454,0.1034,7.495,0.2056,0.304,0.0123,88.75,0.2835,2128.652,19.1432,4622.642,149.3932,186.905,5.2903,54780.531,1688.4875,14.992,10.0508,54640.629,1678.829,213623.32,4954.8126,57.781,2.2536,21253.3,492.7529,0.0,0.0,15556.2,559.7332,1684.6,67.9029,4196.3,152.6801,10075.8,200.7991,318.0,18.6255,10075.8,200.7991,4845.5,15.5267,783.466,148.7466,72.356,2.4876,3018.382,569.5657,6405.067,874.7975,7194.46,218.5342,288.1,8.5335,0.0,0.0,0.0,0.0,3126.7,43.5667,17048.1,551.9425,7267.3,177.2093,4205.1,153.9802,50.0,0.0,5000.0,0.0,18.742,1.1606
qsem,beanstalk,beanstalk,,500,"{""q_sem"": 0.1}",10,10,14.6431,0.958,13.6622,1.4033,344.0753,22.8519,9860.3887,1979.1431,18682.0508,1622.0726,1.246,0.0749,6.395,0.1497,0.176,0.009,92.185,0.2115,2128.652,19.1432,10982.805,615.2847,298.651,11.9841,158627.545,10831.7986,13.937,3.7635,158547.094,10824.7169,514778.76,19424.5268,50.1,2.3581,51218.4,1946.0926,0.0,0.0,24452.8,1106.8118,3134.6,250.6183,13548.7,840.0627,26557.1,1170.294,709.8,34.9547,26557.1,1170.294,4842.6,9.2665,2459.334,714.2875,78.308,1.2885,8870.483,1286.7652,18689.091,1621.945,20462.64,1368.5386,393.4,14.2112,0.0,0.0,0.0,0.0,8169.8,361.5277,37662.7,1255.922,19097.1,840.1888,13555.7,843.0185,50.0,0.0,5000.0,0.0,50.155,4.1389
qsem,beanstalk,beanstalk,,500,"{""q_sem"": 0.2}",10,0,0.0725,0.1509,,,542.3246,95.2825,2815.6937,6469.2214,2817.7183,6472.9278,0.187,0.0322,8.561,0.4679,0.149,0.0071,91.104,0.4549,490.748,72.8475,23426.303,5287.9528,404.0,75.2483,246841.241,42371.8905,0.0,0.0,246841.241,42371.8905,850953.64,152936.0992,52.36,3.3059,84692.1,15225.1983,0.0,0.0,34843.1,7693.0257,5020.5,1888.0372,45690.0,9960.8264,57397.0,11141.9943,743.0,114.5117,57347.1,11145.0399,1120.3,166.4971,11693.755,4271.1501,51.407,2.849,14886.12,242.9794,29999.609,0.402,32520.12,5714.4111,462.5,16.1054,0.0,0.0,0.0,0.0,17464.5,3377.0344,38978.3,5660.1369,40675.5,7875.3236,45692.9,9961.3635,50.0,0.0,5000.0,0.0,102.201,11.6386
qsem,beanstalk quarantine,beanstalk,,500,"{""green_mode"": ""quarantine"", ""q_sem"": 0.0}",10,10,143.63,8.518,155.823,11.2778,35.0305,2.1088,215.9038,23.5411,391.9647,37.4035,12.224,0.6637,7.83,0.6916,0.534,0.0437,79.414,1.3781,2128.652,19.1432,1359.544,59.7268,92.831,2.3025,13934.203,1081.3415,20.782,11.2138,13692.779,973.7434,39724.93,1891.5397,37.89,1.4112,3953.3,190.4653,0.0,0.0,7884.7,225.3809,748.2,23.8526,2264.1,203.1023,887.4,26.4636,14.7,3.6637,887.4,26.4636,4894.0,28.0058,332.972,39.9155,107.868,12.5478,25.559,7.2063,167.747,43.8441,1880.19,139.5307,93.5,9.2668,0.0,0.0,0.0,0.0,282.8,15.5434,1018.7,121.7251,638.3,18.0773,2934.6,81.1167,50.0,0.0,5000.0,0.0,11.076,0.772
qsem,beanstalk quarantine,beanstalk,,500,"{""green_mode"": ""quarantine"", ""q_sem"": 0.05}",10,10,38.3698,1.2205,41.4268,1.6301,130.5492,4.261,846.6361,150.6406,3100.6912,695.6465,3.263,0.0902,9.265,1.1787,0.553,0.1314,86.915,1.2928,2128.652,19.1432,6056.507,828.1998,361.937,89.3169,56727.509,1935.2256,7.876,3.4931,56600.632,1944.2586,221898.56,13124.4224,56.625,2.3681,22082.3,1309.4994,0.0,0.0,23090.2,3781.5266,2601.5,460.0828,3447.0,225.655,12899.1,1355.6994,276.6,34.2356,12899.1,1355.6994,4852.3,13.7387,1045.104,219.8308,245.472,30.6649,89.394,22.8048,636.999,130.0937,7526.13,258.6404,919.8,168.9252,0.0,0.0,0.0,0.0,4017.6,413.5356,16531.4,1503.9739,9244.8,956.2633,5550.9,311.2684,50.0,0.0,5000.0,0.0,27.914,2.903
qsem,beanstalk quarantine,beanstalk,,500,"{""green_mode"": ""quarantine"", ""q_sem"": 0.1}",10,10,18.101,0.7467,20.4695,0.8669,277.0571,11.4651,1845.726,450.6364,8951.0886,1020.1478,1.541,0.0569,11.052,1.0165,0.725,0.1247,86.683,1.1275,2128.652,19.1432,15322.348,1624.7513,1004.68,177.8254,120072.866,5093.2576,2.281,1.8054,119849.29,5060.0959,507657.76,28303.3549,61.061,2.0106,50502.4,2816.2342,0.0,0.0,55599.1,7095.8049,6119.5,740.9408,5633.6,425.0513,32950.3,2056.7641,670.6,47.6206,32950.3,2056.7641,4842.6,14.9482,1828.803,317.453,332.566,34.0884,145.662,35.0145,1091.292,278.4742,16137.26,650.3429,1396.0,196.4256,0.0,0.0,0.0,0.0,10173.4,623.0184,40182.5,2824.2708,23632.4,1483.6125,10319.9,497.0857,50.0,0.0,5000.0,0.0,41.022,4.6768
qsem,beanstalk quarantine,beanstalk,,500,"{""green_mode"": ""quarantine"", ""q_sem"": 0.2}",10,10,7.2816,0.2668,7.9699,0.3166,688.3759,26.5785,5428.1733,1227.5119,30083.7388,2395.1517,0.62,0.0208,15.984,1.306,1.164,0.1478,82.229,1.4152,2128.652,19.1432,55201.519,6050.6775,4020.096,578.1807,282837.681,8990.2029,0.637,0.3893,282341.677,8975.3128,1294518.14,50137.2064,62.694,0.8979,128800.2,4977.7647,0.0,0.0,205707.8,24522.3955,19318.7,1783.0363,12492.1,864.5596,98476.0,6560.2188,1760.0,89.3024,98476.0,6560.2188,4825.3,18.8018,2934.346,788.5622,421.076,27.1206,192.539,29.5436,1771.737,401.6683,40362.1,1562.2774,2124.9,262.6896,0.0,0.0,0.0,0.0,30342.6,2040.5214,103538.2,4296.1138,70335.7,4583.217,25262.0,1787.3832,50.0,0.0,5000.0,0.0,141.896,19.9628
queue,batched k=1,batched,,5,"{""batch_k"": 1}",10,10,6.2698,0.3539,6.7149,0.3747,8.0205,0.4631,13.2452,1.7038,41.7972,3.9115,54.995,2.5664,5.274,1.0237,33.095,3.7039,6.635,2.4515,22.069,1.7169,2.125,0.4427,13.166,1.0566,2.745,1.1623,0.0,0.0,0.0,0.0,647.95,30.5826,67.751,5.2425,67.0,3.9898,6.5,1.9149,2.1,1.4484,0.7,0.5889,9.9,2.1709,8.9,2.2481,0.9,0.6263,8.9,2.2481,0.0,0.0,0.0,0.0,0.0,0.0,8.252,0.993,39.499,8.4083,0.0,0.0,0.0,0.0,0.0,0.0,7.2,2.1273,0.0,0.0,0.0,0.0,0.0,0.0,0.0,0.0,2.0,0.0,50.0,0.0,0.102,0.0877
queue,batched k=16,batched,,5,"{""batch_k"": 16}",10,10,6.237,0.2305,6.6773,0.4263,8.036,0.2986,12.1932,0.9286,44.3102,8.7826,54.991,4.3008,4.969,1.3314,33.686,4.3855,6.354,2.0035,22.069,1.7169,2.013,0.5885,13.531,1.8192,2.565,0.8391,0.399,0.4798,0.0,0.0,617.44,37.7628,64.058,3.5119,65.1,5.3257,7.7,2.5912,2.1,1.5249,0.5,0.6079,11.9,3.6231,8.9,2.2481,0.5,0.5058,8.9,2.2481,0.0,0.0,0.0,0.0,0.0,0.0,9.05,0.9861,43.364,8.0111,0.0,0.0,0.0,0.0,2.3,1.5834,8.4,3.1488,0.0,0.0,0.0,0.0,0.0,0.0,0.0,0.0,2.0,0.0,50.0,0.0,0.033,0.025
queue,batched-par k=1,batched-par,,5,"{""batch_k"": 1}",10,10,6.3907,0.323,6.6585,0.2622,7.8568,0.3723,12.2696,1.2472,40.9016,4.4046,56.117,2.8965,5.616,1.2505,31.92,3.1589,6.348,1.8832,22.069,1.7169,2.218,0.5206,12.461,0.8644,2.539,0.8375,0.0,0.0,0.0,0.0,629.18,27.2254,67.041,4.6372,63.6,3.4089,3.3,1.3081,2.3,1.5099,0.6,0.6032,10.2,2.1539,8.9,2.2481,1.3,0.4828,8.9,2.2481,0.0,0.0,0.0,0.0,0.0,0.0,7.358,0.7556,32.368,8.5789,0.0,0.0,0.0,0.0,0.0,0.0,3.4,1.4385,0.0,0.0,0.0,0.0,0.0,0.0,0.0,0.0,2.0,0.0,50.0,0.0,0.048,0.0364
queue,batched-par k=4,batched-par,,5,"{""batch_k"": 4}",10,10,6.3521,0.4415,6.6423,0.4164,7.9324,0.5018,11.7568,0.5306,44.265,8.6568,55.748,3.5811,5.602,1.5375,31.98,3.1447,6.672,2.2894,22.069,1.7169,2.253,0.6778,12.635,1.2495,2.709,1.0304,0.247,0.3864,0.0,0.0,601.22,34.111,63.398,3.5827,61.1,4.4281,4.0,1.9371,2.2,1.5004,0.5,0.5058,11.7,3.2352,8.9,2.2481,1.2,0.8121,8.9,2.2481,0.0,0.0,0.0,0.0,0.0,0.0,8.626,1.1182,40.138,8.4087,0.0,0.0,0.0,0.0,1.4,1.0769,4.3,2.238,0.0,0.0,0.0,0.0,0.0,0.0,0.0,0.0,2.0,0.0,50.0,0.0,0.019,0.0086
queue,batched k=1,batched,,20,"{""batch_k"": 1}",10,10,8.1737,0.4472,8.468,0.2143,24.6082,1.4562,107.9204,3.4368,156.3586,7.3056,17.723,0.9864,3.136,0.3929,70.763,4.2724,8.375,4.3398,86.903,4.0296,15.548,2.7537,346.378,12.2477,43.338,26.6124,1.436,1.1692,0.0,0.0,2751.49,63.5909,93.638,4.7431,284.3,7.2404,30.1,3.5116,38.8,5.067,6.6,1.726,47.0,4.3051,41.9,4.6535,3.6,1.2707,41.9,4.6535,0.0,0.0,0.0,0.0,0.0,0.0,11.2,8.2585,84.114,75.1612,0.0,0.0,0.0,0.0,0.0,0.0,38.8,3.9295,0.0,0.0,0.0,0.0,0.0,0.0,0.0,0.0,2.0,0.0,200.0,0.0,0.067,0.0571
queue,batched k=16,batched,,20,"{""batch_k"": 16}",10,10,5.4765,0.6093,5.3127,0.6232,37.2754,3.9085,177.5637,20.6073,392.3638,54.9954,11.936,1.5912,1.969,0.2041,80.675,3.1157,5.421,2.2711,86.903,4.0296,14.572,1.7318,603.291,76.195,40.741,17.6287,10.721,5.3437,0.0,0.0,4058.59,439.966,90.768,2.7989,434.4,47.8967,105.2,13.3983,37.6,5.9389,4.9,1.9209,226.3,30.5943,42.4,4.9351,0.9,0.406,42.4,4.9351,0.0,0.0,0.0,0.0,0.0,0.0,27.368,3.8921,137.737,35.9352,0.0,0.0,0.0,0.0,156.2,19.3407,161.9,20.8967,0.0,0.0,0.0,0.0,0.0,0.0,0.0,0.0,2.0,0.0,200.0,0.0,0.076,0.0935
queue,batched-par k=1,batched-par,,20,"{""batch_k"": 1}",10,10,8.7329,0.4738,9.0479,0.2608,23.0263,1.3073,99.8761,3.9384,144.5758,7.3316,18.953,1.1909,3.256,0.3132,69.543,3.6527,8.247,3.7996,86.903,4.0296,15.06,2.0151,319.01,13.4247,39.552,21.2998,0.888,0.9785,0.0,0.0,2615.59,70.2771,95.048,4.3334,263.1,7.8245,15.0,3.7245,39.1,5.2721,6.5,1.885,46.5,4.0217,41.8,4.4963,4.3,1.6877,41.8,4.4963,0.0,0.0,0.0,0.0,0.0,0.0,8.674,5.4589,70.262,59.8983,0.0,0.0,0.0,0.0,0.0,0.0,17.0,4.4735,0.0,0.0,0.0,0.0,0.0,0.0,0.0,0.0,2.0,0.0,200.0,0.0,0.047,0.0362
queue,batched-par k=4,batched-par,,20,"{""batch_k"": 4}",10,10,7.9992,0.7202,8.0507,0.7669,25.3422,2.1628,105.5889,11.9466,241.8724,34.5066,17.417,1.9409,2.839,0.3145,72.374,4.992,7.371,4.3354,86.903,4.0296,14.355,1.9713,367.331,44.2817,38.251,23.6153,8.276,6.5448,0.0,0.0,2823.16,259.3366,93.004,4.7643,299.0,26.476,61.0,6.3712,38.5,5.6146,5.2,1.645,138.1,17.1457,41.9,4.9838,0.5,0.377,41.9,4.9838,0.0,0.0,0.0,0.0,0.0,0.0,20.882,4.8039,127.652,46.4573,0.0,0.0,0.0,0.0,82.7,9.0734,96.0,11.5783,0.0,0.0,0.0,0.0,0.0,0.0,0.0,0.0,2.0,0.0,200.0,0.0,0.057,0.0837
queue,batched k=1,batched,,100,"{""batch_k"": 1}",10,10,16.1352,0.5593,16.0246,0.6629,62.1055,2.1246,339.3029,13.3796,439.4706,22.4502,6.824,0.2927,2.174,0.0349,85.418,0.9395,5.584,0.768,422.879,9.6195,134.933,5.0036,5307.062,220.9621,345.678,44.9759,28.915,13.1353,0.0,0.0,33930.65,1219.1127,91.048,0.4292,3752.2,125.6906,1075.9,53.2555,621.5,20.858,116.7,11.0252,703.7,42.8655,298.1,12.6549,20.3,2.134,298.1,12.6549,0.0,0.0,0.0,0.0,0.0,0.0,7.14,0.26,44.229,5.3721,0.0,0.0,0.0,0.0,0.0,0.0,2433.8,113.2491,0.0,0.0,0.0,0.0,0.0,0.0,0.0,0.0,10.0,0.0,1000.0,0.0,0.356,0.1377
queue,batched k=16,batched,,100,"{""batch_k"": 16}",10,10,3.3815,0.128,3.2764,0.1262,296.484,11.327,1740.9973,60.4857,2264.8437,112.1506,1.43,0.0728,0.675,0.0294,92.98,0.5392,4.913,0.5116,422.879,9.6195,199.773,7.8843,27571.101,1120.7482,1454.647,146.79,125.535,84.9947,0.0,0.0,108373.37,3658.7067,60.944,0.5827,11394.6,378.7901,5099.4,185.3145,1103.5,58.2303,199.1,19.2925,5516.7,182.5384,335.1,14.5209,3.8,1.1081,335.1,14.5209,0.0,0.0,0.0,0.0,0.0,0.0,32.498,1.0691,199.928,15.3229,0.0,0.0,0.0,0.0,1358.4,51.954,9279.8,305.2191,0.0,0.0,0.0,0.0,0.0,0.0,0.0,0.0,10.0,0.0,1000.0,0.0,5.167,0.6596
queue,batched-par k=1,batched-par,,100,"{""batch_k"": 1}",10,10,22.9943,0.944,23.1328,1.3698,43.6164,1.768,224.43,13.1944,308.491,18.1289,9.726,0.486,3.314,0.1132,80.254,1.7445,6.702,1.5038,422.879,9.6195,144.54,7.3137,3503.32,192.7685,290.899,61.8543,20.795,12.0451,0.0,0.0,24175.58,1082.1293,92.361,1.0793,2875.6,126.0192,957.9,61.3234,667.3,22.7204,121.2,11.5871,518.8,37.6514,305.3,14.082,22.1,4.4918,305.3,14.082,0.0,0.0,0.0,0.0,0.0,0.0,4.968,0.3947,38.577,13.7045,0.0,0.0,0.0,0.0,0.0,0.0,1548.2,111.5206,0.0,0.0,0.0,0.0,0.0,0.0,0.0,0.0,10.0,0.0,1000.0,0.0,0.391,0.1456
queue,batched-par k=4,batched-par,,100,"{""batch_k"": 4}",10,10,6.1121,0.236,5.9653,0.2668,164.0441,6.4074,945.7734,32.9911,1227.4274,68.8625,2.586,0.1317,1.055,0.0385,90.981,0.7357,5.379,0.6676,422.879,9.6195,173.057,7.3304,14928.603,649.6024,879.873,102.3831,57.237,28.4745,0.0,0.0,91091.19,3744.662,92.534,0.3341,9673.8,402.9897,4012.1,202.5933,909.1,52.1389,165.7,16.4263,4094.5,214.5567,329.1,13.599,2.7,0.7578,329.1,13.599,0.0,0.0,0.0,0.0,0.0,0.0,19.075,0.6531,115.829,12.2121,0.0,0.0,0.0,0.0,667.0,27.716,8230.6,355.3846,0.0,0.0,0.0,0.0,0.0,0.0,0.0,0.0,10.0,0.0,1000.0,0.0,1.449,0.234
queue,batched k=1,batched,,500,"{""batch_k"": 1}",10,10,15.8601,0.2458,15.8607,0.3147,315.3903,4.9048,1846.2348,39.0059,2082.2146,25.7868,1.35,0.0221,0.666,0.0155,92.553,0.4618,5.43,0.4563,2128.652,19.1432,1050.953,17.0309,145949.719,2301.3879,8565.818,754.6001,888.341,137.5382,0.0,0.0,344202.87,5489.9275,36.378,0.0549,36565.6,573.5318,10453.2,281.2672,5773.4,96.2414,1316.2,45.5691,7508.8,167.9917,1604.8,25.9354,99.9,6.6545,1604.8,25.9354,0.0,0.0,0.0,0.0,0.0,0.0,7.402,0.0957,57.099,14.5042,0.0,0.0,0.0,0.0,0.0,0.0,29860.9,544.6423,0.0,0.0,0.0,0.0,0.0,0.0,0.0,0.0,50.0,0.0,5000.0,0.0,5.658,0.5926
queue,batched-par k=1,batched-par,,500,"{""batch_k"": 1}",10,10,20.4886,0.3497,20.499,0.5297,244.1637,4.1928,1430.3275,29.0015,1670.7331,49.6705,1.744,0.0315,1.355,0.0466,91.004,0.4791,5.896,0.4395,2128.652,19.1432,1653.342,35.3751,111105.54,2212.0599,7194.319,521.1261,718.198,208.5667,0.0,0.0,409387.46,7078.1039,55.893,0.538,46589.2,868.7356,18185.3,506.6341,9882.2,210.7135,2012.4,54.9192,10521.4,214.5901,1956.4,26.9426,102.1,5.4523,1956.4,26.9426,0.0,0.0,0.0,0.0,0.0,0.0,5.578,0.1238,51.433,12.4651,0.0,0.0,0.0,0.0,0.0,0.0,39530.7,843.9749,0.0,0.0,0.0,0.0,0.0,0.0,0.0,0.0,50.0,0.0,5000.0,0.0,32.199,2.598
queue,batched k=1,batched,,1000,"{""batch_k"": 1}",10,10,16.163,0.1492,16.2535,0.1569,618.7899,5.7153,3651.2144,38.1055,3948.016,44.8372,0.69,0.0075,0.364,0.006,93.544,0.2348,5.402,0.2312,4265.32,19.8639,2259.109,24.5441,578840.7,5821.552,33424.792,1425.5491,3365.488,338.2846,0.0,0.0,676198.09,6359.6676,18.213,0.0172,71890.1,668.2455,20566.9,354.6644,12973.5,122.6405,3329.7,103.6968,14475.4,228.9796,3141.5,27.3136,204.3,14.1465,3141.5,27.3136,0.0,0.0,0.0,0.0,0.0,0.0,7.287,0.0574,55.777,4.3986,0.0,0.0,0.0,0.0,0.0,0.0,58544.3,634.9954,0.0,0.0,0.0,0.0,0.0,0.0,0.0,0.0,100.0,0.0,10000.0,0.0,7.798,0.9673
queue,batched-par k=1,batched-par,,1000,"{""batch_k"": 1}",10,10,20.7831,0.1488,20.816,0.192,481.2033,3.4434,2845.0392,22.395,3137.5722,46.5037,0.887,0.0076,0.745,0.0123,92.699,0.2442,5.67,0.2439,4265.32,19.8639,3582.78,54.5082,446072.992,3485.3245,27282.206,1185.1633,2324.209,272.3677,0.0,0.0,810674.46,6371.1191,28.078,0.1205,92685.0,1032.2111,36555.1,872.7437,22123.3,289.3663,4888.1,132.7624,20749.1,277.56,3939.1,30.6637,208.3,8.0791,3939.1,30.6637,0.0,0.0,0.0,0.0,0.0,0.0,5.442,0.0697,51.378,13.8743,0.0,0.0,0.0,0.0,0.0,0.0,78537.6,1004.0303,0.0,0.0,0.0,0.0,0.0,0.0,0.0,0.0,100.0,0.0,10000.0,0.0,54.694,2.8361
regime,batched k=1,batched,T=30min,20,"{""batch_k"": 1, ""test_minutes"": 30.0}",10,10,2.8583,0.0733,2.8291,0.0753,70.0544,1.818,382.94,9.5598,493.5378,25.6778,6.214,0.3748,1.022,0.0981,88.076,0.4668,4.687,0.4353,86.903,4.0296,14.3,1.4656,1234.053,33.0534,65.829,7.2649,3.619,2.7008,0.0,0.0,8199.05,206.8965,97.536,0.3758,284.4,7.1547,29.0,4.0604,39.0,5.0128,6.4,1.972,47.9,4.1222,42.2,4.534,3.9,0.7872,42.2,4.534,0.0,0.0,0.0,0.0,0.0,0.0,20.042,1.0145,104.315,13.5268,0.0,0.0,0.0,0.0,0.0,0.0,38.3,3.5534,0.0,0.0,0.0,0.0,0.0,0.0,0.0,0.0,2.0,0.0,200.0,0.0,0.064,0.047
regime,batched k=1,batched,aidev-upper,20,"{""batch_k"": 1, ""p_file"": 0.417, ""p_per_file"": 0.35}",10,10,8.1707,0.4904,8.5695,0.325,24.6348,1.4969,103.8686,5.0446,166.2661,11.8334,17.728,1.1625,6.373,1.0127,66.377,4.0189,9.523,4.2986,86.903,4.0296,31.308,4.9952,325.512,15.8195,48.973,25.8702,3.01,4.2863,0.0,0.0,2709.54,77.03,92.125,4.8196,277.5,7.7059,27.0,3.321,137.6,13.6147,4.4,1.3572,44.3,4.8754,38.0,5.3209,4.6,1.4385,38.0,5.3209,0.0,0.0,0.0,0.0,0.0,0.0,11.584,7.16,93.078,71.7365,0.0,0.0,0.0,0.0,0.0,0.0,34.9,3.3458,0.0,0.0,0.0,0.0,0.0,0.0,0.0,0.0,2.0,0.0,200.0,0.0,0.074,0.0382
regime,batched k=1,batched,p_self=0.05,20,"{""batch_k"": 1, ""p_self"": 0.05}",10,10,9.7141,0.1957,9.7956,0.2418,20.6031,0.4104,90.9804,2.8436,125.5008,6.1274,21.104,1.0516,2.594,0.2436,70.703,1.3061,5.599,1.0919,86.903,4.0296,10.68,0.9346,291.394,9.0801,23.087,4.5307,1.335,1.1333,0.0,0.0,2396.07,47.1748,96.924,1.0677,242.2,5.5078,15.8,2.3313,38.7,5.6429,6.7,2.2633,23.4,3.2202,18.6,2.0566,4.1,1.7986,18.6,2.0566,0.0,0.0,0.0,0.0,0.0,0.0,5.533,0.1727,29.86,2.5,0.0,0.0,0.0,0.0,0.0,0.0,19.5,2.5514,0.0,0.0,0.0,0.0,0.0,0.0,0.0,0.0,2.0,0.0,200.0,0.0,0.115,0.0862
regime,batched k=1,batched,p_self=0.30,20,"{""batch_k"": 1, ""p_self"": 0.3}",10,10,6.2481,0.3711,6.4284,0.2753,32.2117,1.9414,148.3262,10.4175,226.3929,15.8001,13.58,1.0512,3.776,0.2857,74.25,3.9844,8.397,4.0039,86.903,4.0296,24.38,2.6993,476.764,25.63,56.189,30.3777,4.429,4.9285,0.0,0.0,3591.96,140.809,93.292,4.4729,375.9,16.3583,56.6,6.0715,38.1,5.2288,6.2,1.6792,104.7,11.138,92.1,7.997,4.1,1.4484,92.1,7.997,0.0,0.0,0.0,0.0,0.0,0.0,13.921,6.3275,102.354,75.9379,0.0,0.0,0.0,0.0,0.0,0.0,79.7,8.1422,0.0,0.0,0.0,0.0,0.0,0.0,0.0,0.0,2.0,0.0,200.0,0.0,0.077,0.0543
regime,batched k=4,batched,T=30min,20,"{""test_minutes"": 30.0}",10,10,2.7003,0.2098,2.6315,0.2508,74.8537,5.8129,380.9616,25.7262,778.4131,99.8463,5.886,0.642,0.933,0.1113,88.735,1.0884,4.445,0.9995,86.903,4.0296,13.87,1.6049,1329.629,113.1512,66.674,15.0277,12.904,10.65,0.0,0.0,8683.62,691.5108,96.65,0.4015,314.5,27.2762,68.7,10.6474,39.4,6.3282,5.0,1.6519,144.8,14.5379,42.7,4.9449,1.0,0.754,42.7,4.9449,0.0,0.0,0.0,0.0,0.0,0.0,54.583,6.3581,292.711,68.8944,0.0,0.0,0.0,0.0,87.4,8.3568,106.3,13.0206,0.0,0.0,0.0,0.0,0.0,0.0,0.0,0.0,2.0,0.0,200.0,0.0,0.07,0.0714
regime,batched k=4,batched,aidev-upper,20,"{""p_file"": 0.417, ""p_per_file"": 0.35}",10,10,8.1327,0.9684,8.5855,1.108,25.1134,2.5132,92.5017,14.972,260.4504,37.0328,17.697,2.3756,7.352,1.1378,64.583,5.4706,10.369,4.437,86.903,4.0296,36.177,4.0297,326.345,48.841,52.843,25.5897,6.642,5.5255,0.0,0.0,2696.86,277.705,89.72,4.8905,287.1,29.8539,59.0,7.7188,174.7,21.9776,3.5,1.2729,123.2,18.9487,39.5,5.6045,0.7,0.3455,39.5,5.6045,0.0,0.0,0.0,0.0,0.0,0.0,21.802,7.6374,127.337,67.5581,0.0,0.0,0.0,0.0,72.2,10.6354,90.4,13.1127,0.0,0.0,0.0,0.0,0.0,0.0,0.0,0.0,2.0,0.0,200.0,0.0,0.083,0.1039
regime,batched k=4,batched,p_self=0.05,20,"{""p_self"": 0.05}",10,10,13.9464,0.9326,14.248,1.2038,14.4526,0.9576,46.3722,6.3602,114.5593,14.9953,30.263,2.1407,3.719,0.7405,57.271,5.3484,8.747,3.6509,86.903,4.0296,10.623,1.7241,166.612,23.8882,24.918,10.0718,4.685,4.4076,0.0,0.0,1595.08,136.7211,91.865,3.5684,170.1,13.5319,28.5,3.8336,38.4,7.2729,5.4,1.4775,55.8,8.4757,18.9,2.4421,0.3,0.3455,18.9,2.4421,0.0,0.0,0.0,0.0,0.0,0.0,11.242,1.2276,53.708,10.4769,0.0,0.0,0.0,0.0,34.5,5.5842,41.9,6.4901,0.0,0.0,0.0,0.0,0.0,0.0,0.0,0.0,2.0,0.0,200.0,0.0,0.092,0.1099
regime,batched k=4,batched,p_self=0.30,20,"{""p_self"": 0.3}",10,10,3.9827,0.3621,3.8914,0.3816,50.908,4.3473,253.9935,36.7059,492.434,57.4093,8.69,1.0686,2.337,0.23,83.37,3.101,5.604,2.5264,86.903,4.0296,23.678,2.4782,850.239,86.849,57.342,25.3678,7.548,5.8336,0.0,0.0,5776.29,526.8363,94.538,2.674,612.2,57.8744,138.1,15.9892,40.3,6.6936,5.4,1.4775,336.9,35.8788,92.8,8.1544,1.3,0.9567,92.8,8.1544,0.0,0.0,0.0,0.0,0.0,0.0,28.911,3.2409,163.987,32.9123,0.0,0.0,0.0,0.0,184.9,19.1417,237.2,27.3023,0.0,0.0,0.0,0.0,0.0,0.0,0.0,0.0,2.0,0.0,200.0,0.0,0.062,0.0446
regime,batched-par k=1,batched-par,T=30min,20,"{""batch_k"": 1, ""test_minutes"": 30.0}",10,10,3.0716,0.0725,3.08,0.0862,65.1794,1.597,352.8197,9.7796,453.2994,21.538,6.681,0.4384,1.084,0.1197,87.153,0.6577,5.083,0.4206,86.903,4.0296,14.123,1.6168,1136.286,32.7748,66.277,5.9428,3.176,2.727,0.0,0.0,7725.14,185.0882,98.77,0.3386,263.4,8.2266,14.8,3.767,38.9,5.4627,5.8,1.5744,46.7,4.6608,42.3,4.9564,4.2,1.5379,42.3,4.9564,0.0,0.0,0.0,0.0,0.0,0.0,15.747,0.784,93.402,10.7635,0.0,0.0,0.0,0.0,0.0,0.0,16.9,4.3894,0.0,0.0,0.0,0.0,0.0,0.0,0.0,0.0,2.0,0.0,200.0,0.0,0.059,0.0271
regime,batched-par k=1,batched-par,aidev-upper,20,"{""batch_k"": 1, ""p_file"": 0.417, ""p_per_file"": 0.35}",10,10,8.6622,0.4857,9.1797,0.2355,23.2223,1.3582,96.757,4.6915,150.5245,8.8232,18.803,1.2314,6.922,0.9751,64.403,4.2142,9.87,4.8117,86.903,4.0296,32.022,4.2473,297.51,13.5293,48.01,27.1077,1.763,2.3075,0.0,0.0,2585.16,62.4094,93.282,5.3011,259.7,7.6079,14.5,4.3608,141.9,15.5348,4.3,1.3081,43.7,3.9619,39.4,4.6013,4.3,1.1705,39.4,4.6013,0.0,0.0,0.0,0.0,0.0,0.0,10.2,7.8303,81.083,74.3121,0.0,0.0,0.0,0.0,0.0,0.0,16.0,4.6845,0.0,0.0,0.0,0.0,0.0,0.0,0.0,0.0,2.0,0.0,200.0,0.0,0.109,0.0653
regime,batched-par k=1,batched-par,p_self=0.05,20,"{""batch_k"": 1, ""p_self"": 0.05}",10,10,9.9257,0.2448,10.1674,0.2391,20.1721,0.5164,87.5573,3.0452,119.9386,5.8075,21.538,0.7513,2.744,0.3555,68.949,2.8537,6.771,2.455,86.903,4.0296,11.086,1.5277,277.836,9.2443,27.617,10.9282,1.4,1.3165,0.0,0.0,2337.13,46.7845,96.636,2.6272,233.0,5.7621,8.0,2.287,39.1,5.6971,6.4,1.9134,24.0,3.9468,18.2,2.257,5.7,2.5245,18.2,2.257,0.0,0.0,0.0,0.0,0.0,0.0,5.326,1.3641,36.848,22.9315,0.0,0.0,0.0,0.0,0.0,0.0,9.1,2.686,0.0,0.0,0.0,0.0,0.0,0.0,0.0,0.0,2.0,0.0,200.0,0.0,0.113,0.1019
regime,batched-par k=1,batched-par,p_self=0.30,20,"{""batch_k"": 1, ""p_self"": 0.3}",10,10,7.0007,0.403,7.2737,0.3276,28.7388,1.6882,128.273,8.8563,195.3637,14.8004,15.222,1.1997,4.198,0.2704,71.895,4.0643,8.688,4.1552,86.903,4.0296,24.13,2.2237,411.996,23.8659,51.748,28.0271,2.631,3.3612,0.0,0.0,3249.58,129.0528,94.582,4.5302,333.9,14.5678,31.4,5.049,38.1,5.1631,6.4,1.7907,97.8,8.2995,92.0,8.2734,4.1,1.1898,92.0,8.2734,0.0,0.0,0.0,0.0,0.0,0.0,12.225,7.4268,98.169,82.384,0.0,0.0,0.0,0.0,0.0,0.0,37.8,7.3165,0.0,0.0,0.0,0.0,0.0,0.0,0.0,0.0,2.0,0.0,200.0,0.0,0.096,0.0349
regime,beanstalk,beanstalk,T=30min,20,"{""test_minutes"": 30.0}",10,10,8.5525,1.2917,68.8511,122.3187,24.3485,3.6928,736.7551,147.9768,1044.4576,220.2913,18.553,2.8454,3.058,0.5804,0.187,0.0282,78.204,3.2648,86.903,4.0296,14.439,2.1149,0.877,0.0309,384.754,72.427,1.679,1.663,327.092,57.2261,2684.0,360.0152,92.421,4.7837,89.2,11.9161,0.0,0.0,28.2,2.6722,6.4,1.3146,21.6,1.3572,42.7,7.4111,0.9,0.7113,42.7,7.4111,158.2,4.2224,591.397,68.1501,178.634,20.7373,444.67,116.5264,1028.81,220.8171,1103.89,177.7044,10.8,2.5189,0.0,0.0,0.0,0.0,13.4,2.0841,62.9,11.551,30.6,6.6779,26.3,1.6877,2.0,0.0,200.0,0.0,0.107,0.0374
regime,beanstalk,beanstalk,aidev-upper,20,"{""p_file"": 0.417, ""p_per_file"": 0.35}",10,10,20.0299,2.1649,41.7869,42.5522,10.2322,1.3232,210.2876,70.0504,378.91,73.316,43.377,4.6073,17.368,2.6232,0.61,0.0752,38.643,6.2228,86.903,4.0296,34.942,4.6417,1.219,0.0724,81.582,23.6968,2.419,1.8527,44.343,15.167,956.19,45.7034,79.64,8.6414,95.4,4.5765,0.0,0.0,131.5,15.86,3.7,1.5471,54.7,7.5177,38.2,6.5019,0.5,0.5058,38.2,6.5019,176.1,3.6231,134.557,29.0118,44.355,3.8918,153.974,49.0051,383.1,78.2718,217.47,66.2026,6.6,1.1285,0.0,0.0,0.0,0.0,11.5,2.1125,32.3,8.6237,27.5,5.6751,63.1,7.4524,2.0,0.0,200.0,0.0,0.103,0.0877
regime,beanstalk,beanstalk,p_self=0.05,20,"{""p_self"": 0.05}",10,10,27.8062,2.4336,44.2241,14.6297,7.2921,0.6547,83.181,36.9591,186.7852,45.0473,60.344,5.6199,7.293,0.9147,0.57,0.0561,31.794,6.1714,86.903,4.0296,10.521,1.1036,0.818,0.0271,47.601,12.8631,1.911,1.4119,12.33,9.6941,694.38,28.0326,80.53,8.1083,69.4,2.6379,0.0,0.0,31.2,3.6908,5.5,1.9734,42.0,3.9179,19.0,3.8298,0.2,0.3016,19.0,3.8298,179.1,3.117,78.029,14.795,35.42,1.9912,66.228,23.6661,196.646,43.2336,62.34,19.5471,3.9,0.6263,0.0,0.0,0.0,0.0,5.7,1.0144,14.0,2.6336,14.0,3.6629,55.3,3.8749,2.0,0.0,200.0,0.0,0.167,0.1214
regime,beanstalk,beanstalk,p_self=0.30,20,"{""p_self"": 0.3}",10,10,12.2182,1.6288,26.238,12.7392,16.9289,2.4128,474.9518,110.3071,767.3236,210.511,26.521,3.6872,7.703,0.9664,0.323,0.0428,65.455,4.5106,86.903,4.0296,25.455,2.2278,1.054,0.0419,225.166,46.6879,2.652,1.83,200.762,41.0159,1722.1,176.802,85.996,6.9743,171.8,17.2954,0.0,0.0,29.9,4.8567,7.0,2.3362,41.7,7.3726,95.6,10.1843,2.4,1.0228,95.6,10.1843,145.3,8.6171,270.003,43.3192,72.443,9.8718,358.716,116.9946,772.092,211.1899,685.93,100.0682,15.4,1.3572,0.0,0.0,0.0,0.0,29.4,3.4913,126.1,19.8531,68.7,8.6303,45.7,7.1931,2.0,0.0,200.0,0.0,0.138,0.0226
regime,beanstalk quarantine,beanstalk,T=30min,20,"{""green_mode"": ""quarantine"", ""test_minutes"": 30.0}",10,10,8.576,0.8702,9.9295,1.18,23.7407,2.3605,483.9826,100.6878,851.8955,138.0154,18.657,2.1683,3.05,0.3538,0.188,0.0175,78.109,2.3234,86.903,4.0296,14.37,1.7032,0.875,0.0294,372.666,47.3495,1.223,1.4872,305.181,61.6549,2763.73,279.6216,96.978,0.7931,92.0,9.1914,0.0,0.0,27.6,2.9627,6.2,1.4621,14.7,1.2639,43.6,7.1943,0.9,0.7113,43.6,7.1943,156.4,5.6243,619.1,80.9312,217.379,26.7784,121.317,20.9639,412.451,73.6004,1055.61,165.5618,12.5,2.2683,0.0,0.0,0.0,0.0,12.8,1.7456,62.1,9.0131,32.2,6.4139,29.8,2.0732,2.0,0.0,200.0,0.0,0.116,0.0533
regime,beanstalk quarantine,beanstalk,aidev-upper,20,"{""green_mode"": ""quarantine"", ""p_file"": 0.417, ""p_per_file"": 0.35}",10,10,18.9271,2.4946,24.6022,2.7024,10.9451,1.6802,83.6317,14.1531,205.0162,37.2422,40.935,5.1289,15.691,2.8778,0.568,0.0813,42.807,7.2823,86.903,4.0296,33.37,4.5646,1.201,0.07,97.43,30.6335,3.203,3.4037,57.101,18.5749,1044.75,65.9418,81.754,9.1755,104.4,6.2103,0.0,0.0,125.7,17.0845,3.7,1.1705,27.3,2.7611,39.7,6.8198,0.4,0.5001,39.7,6.8198,172.2,5.5592,148.177,27.4177,62.906,7.6401,21.381,5.068,89.972,25.0154,251.26,51.7255,7.7,1.7859,0.0,0.0,0.0,0.0,12.7,1.9385,39.4,8.0307,28.5,6.1648,65.0,5.5714,2.0,0.0,200.0,0.0,0.075,0.0651
regime,beanstalk quarantine,beanstalk,p_self=0.05,20,"{""green_mode"": ""quarantine"", ""p_self"": 0.05}",10,10,27.6119,2.3312,33.1974,4.0531,7.3394,0.6532,50.9413,9.0058,119.5557,19.1942,59.827,4.5372,7.597,0.9583,0.562,0.0585,32.014,5.0369,86.903,4.0296,11.025,1.2185,0.814,0.0278,48.047,12.2861,1.482,1.0677,20.256,9.2548,749.57,48.5799,85.611,4.9941,74.9,4.7382,0.0,0.0,31.1,6.7478,6.6,2.0288,22.2,2.6722,20.1,3.8217,0.1,0.2262,20.1,3.8217,173.8,6.7507,94.679,16.5596,47.097,4.3078,15.346,1.9582,62.53,9.0927,97.96,32.9843,4.3,0.8294,0.0,0.0,0.0,0.0,6.4,1.1778,18.8,4.4963,14.6,3.9497,55.9,3.7466,2.0,0.0,200.0,0.0,0.049,0.0281
regime,beanstalk quarantine,beanstalk,p_self=0.30,20,"{""green_mode"": ""quarantine"", ""p_self"": 0.3}",10,10,12.1898,1.5308,13.7765,1.4798,16.8457,2.0045,205.2688,21.1756,447.1513,37.5693,26.497,3.6559,7.811,0.9059,0.323,0.0377,65.367,4.1711,86.903,4.0296,25.98,2.8577,1.063,0.049,222.971,38.6498,1.263,0.6671,194.453,33.5254,1834.83,168.9161,91.712,6.585,183.1,16.7498,0.0,0.0,31.4,3.9641,6.4,2.2163,30.3,3.5853,95.9,11.9382,2.6,1.1285,95.9,11.9382,138.5,7.4509,285.897,36.2143,100.294,11.1081,42.991,5.2647,163.956,29.4295,723.85,106.1463,16.5,2.0302,0.0,0.0,0.0,0.0,29.7,3.423,121.4,16.406,69.8,10.3702,61.7,6.7106,2.0,0.0,200.0,0.0,0.221,0.1152
regime,batched k=1,batched,T=30min,100,"{""batch_k"": 1, ""test_minutes"": 30.0}",10,10,5.4612,0.2096,5.3994,0.2323,183.5923,7.1839,1049.8921,43.2778,1346.8408,66.3816,2.311,0.1114,0.72,0.0158,91.578,0.6278,5.39,0.5906,422.879,9.6195,132.331,4.9879,16817.871,732.881,986.154,98.2919,95.821,30.4022,0.0,0.0,100714.99,4037.0716,91.425,0.2606,3758.3,136.1291,1068.9,42.2825,614.8,22.8868,118.0,10.6151,704.5,56.7239,295.0,14.7252,23.2,2.1539,295.0,14.7252,0.0,0.0,0.0,0.0,0.0,0.0,20.604,0.4667,122.625,12.0861,0.0,0.0,0.0,0.0,0.0,0.0,2440.1,122.3798,0.0,0.0,0.0,0.0,0.0,0.0,0.0,0.0,10.0,0.0,1000.0,0.0,0.426,0.2184
regime,batched k=1,batched,aidev-upper,100,"{""batch_k"": 1, ""p_file"": 0.417, ""p_per_file"": 0.35}",10,10,18.5066,0.616,18.9975,0.773,54.1424,1.8443,275.7708,13.0989,395.3701,16.0339,7.825,0.2951,7.092,0.4829,77.178,1.2874,7.903,1.0226,422.879,9.6195,383.514,25.5123,4180.339,180.0245,427.512,54.9713,35.433,10.0267,0.0,0.0,28660.77,974.7083,88.23,0.7638,3187.2,116.6527,906.8,53.732,2318.6,145.0698,59.7,5.9566,492.6,34.7236,238.9,12.341,19.1,3.2069,238.9,12.341,0.0,0.0,0.0,0.0,0.0,0.0,7.576,0.6128,60.851,24.4431,0.0,0.0,0.0,0.0,0.0,0.0,1929.2,104.8346,0.0,0.0,0.0,0.0,0.0,0.0,0.0,0.0,10.0,0.0,1000.0,0.0,0.552,0.165
regime,batched k=1,batched,p_self=0.05,100,"{""batch_k"": 1, ""p_self"": 0.05}",10,10,23.8286,0.8278,23.9106,1.0011,42.0571,1.4874,217.9999,9.2866,285.9296,13.6155,10.076,0.4211,2.836,0.0756,80.996,1.0204,6.092,0.7941,422.879,9.6195,119.26,5.3928,3407.495,142.7812,256.078,33.8424,19.495,6.2127,0.0,0.0,22759.24,802.0182,90.195,0.4941,2552.5,84.9429,658.8,31.7823,638.2,26.5035,115.1,11.3072,325.4,23.8941,165.5,8.6644,23.7,4.0611,165.5,8.6644,0.0,0.0,0.0,0.0,0.0,0.0,5.896,0.2504,34.756,3.8759,0.0,0.0,0.0,0.0,0.0,0.0,1363.3,74.392,0.0,0.0,0.0,0.0,0.0,0.0,0.0,0.0,10.0,0.0,1000.0,0.0,0.275,0.1231
regime,batched k=1,batched,p_self=0.30,100,"{""batch_k"": 1, ""p_self"": 0.3}",10,10,9.6735,0.3434,9.5993,0.3518,103.5948,3.5154,578.3217,22.1155,753.6204,27.6575,4.089,0.1699,1.685,0.0512,88.741,0.8224,5.485,0.8077,422.879,9.6195,174.453,6.8556,9191.777,304.3626,570.37,94.834,38.778,18.0053,0.0,0.0,57007.67,1819.4484,91.729,0.5153,6135.1,192.814,1959.4,104.1373,617.5,23.3478,121.2,11.6507,1616.5,72.7532,542.8,17.9186,21.8,3.6753,542.8,17.9186,0.0,0.0,0.0,0.0,0.0,0.0,9.949,0.4675,67.947,21.839,0.0,0.0,0.0,0.0,0.0,0.0,4570.5,174.2208,0.0,0.0,0.0,0.0,0.0,0.0,0.0,0.0,10.0,0.0,1000.0,0.0,0.578,0.1776
regime,batched k=4,batched,T=30min,100,"{""test_minutes"": 30.0}",10,10,1.9325,0.0693,1.8803,0.0757,518.615,18.2772,3079.5122,94.3945,3969.5293,213.6044,0.817,0.0395,0.332,0.013,93.891,0.6675,4.96,0.6582,422.879,9.6195,171.736,6.75,48703.143,1893.4209,2563.744,317.1776,182.256,100.1703,0.0,0.0,288385.4,10561.1526,92.672,0.3059,10082.6,361.2405,3945.0,164.961,904.6,49.6269,166.4,14.9824,4456.1,218.294,328.4,11.7595,3.8,1.8407,328.4,11.7595,0.0,0.0,0.0,0.0,0.0,0.0,57.709,2.6793,377.184,54.0013,0.0,0.0,0.0,0.0,668.3,23.5655,8637.9,321.6459,0.0,0.0,0.0,0.0,0.0,0.0,0.0,0.0,10.0,0.0,1000.0,0.0,1.083,0.3895
regime,batched k=4,batched,aidev-upper,100,"{""p_file"": 0.417, ""p_per_file"": 0.35}",10,10,7.5107,0.4295,7.4308,0.5353,133.892,7.4631,751.6911,49.6663,1073.6752,54.3158,3.175,0.1929,4.471,0.2461,86.992,1.32,5.36,1.0231,422.879,9.6195,596.558,29.0264,11660.125,776.0023,709.636,113.0035,96.139,54.4918,0.0,0.0,72703.46,4360.3146,90.461,0.676,7553.6,453.1506,2958.4,194.3961,4259.1,210.3413,106.3,10.3276,2942.2,245.8486,249.6,13.8834,2.4,0.8396,249.6,13.8834,0.0,0.0,0.0,0.0,0.0,0.0,18.493,0.8141,123.261,15.052,0.0,0.0,0.0,0.0,506.4,28.4433,6397.1,401.9476,0.0,0.0,0.0,0.0,0.0,0.0,0.0,0.0,10.0,0.0,1000.0,0.0,1.389,0.1797
regime,batched k=4,batched,p_self=0.05,100,"{""p_self"": 0.05}",10,10,9.6117,0.4087,9.422,0.4312,104.3632,4.3248,590.496,32.6539,807.2229,49.4565,4.064,0.2017,1.439,0.0682,88.881,0.8274,5.617,0.7604,422.879,9.6195,149.784,6.5607,9278.197,421.5522,585.458,80.0894,69.538,37.9524,0.0,0.0,57705.28,2369.3466,92.157,0.4569,5994.1,240.9906,2233.5,74.0889,899.4,49.2809,161.2,15.4333,2253.5,145.0141,192.2,7.5611,2.2,1.0556,192.2,7.5611,0.0,0.0,0.0,0.0,0.0,0.0,14.522,0.3533,86.307,13.0749,0.0,0.0,0.0,0.0,394.5,16.722,5024.3,209.5686,0.0,0.0,0.0,0.0,0.0,0.0,0.0,0.0,10.0,0.0,1000.0,0.0,1.025,0.2559
regime,batched k=4,batched,p_self=0.30,100,"{""p_self"": 0.3}",10,10,3.3,0.0986,3.245,0.1237,303.4875,8.7977,1776.4713,64.2829,2276.1969,81.7934,1.394,0.0534,0.706,0.0285,92.796,0.6677,5.103,0.627,422.879,9.6195,213.936,8.3247,28165.624,898.1105,1546.313,188.0455,109.363,50.6456,0.0,0.0,169092.91,4928.6521,92.86,0.2453,17441.4,508.7576,7152.7,230.0397,914.2,51.1385,167.3,14.8637,8684.0,293.5195,574.8,16.6796,5.6,1.726,574.8,16.6796,0.0,0.0,0.0,0.0,0.0,0.0,27.482,0.9132,179.046,21.9046,0.0,0.0,0.0,0.0,1164.4,33.519,15160.6,451.1086,0.0,0.0,0.0,0.0,0.0,0.0,0.0,0.0,10.0,0.0,1000.0,0.0,1.983,0.428
regime,batched-par k=1,batched-par,T=30min,100,"{""batch_k"": 1, ""test_minutes"": 30.0}",10,10,7.9583,0.3599,7.9062,0.4519,126.1147,5.7905,706.3504,37.2614,939.6997,66.2899,3.367,0.1836,1.104,0.036,89.786,0.8305,5.745,0.7075,422.879,9.6195,139.123,6.7685,11328.952,597.4704,720.51,76.2981,47.898,26.6703,0.0,0.0,70796.55,3239.0273,93.563,0.3332,2852.7,129.3197,967.8,55.3908,652.7,23.6906,122.6,11.3762,502.8,38.9444,301.1,15.4945,22.3,3.073,301.1,15.4945,0.0,0.0,0.0,0.0,0.0,0.0,13.945,0.7437,89.586,13.1512,0.0,0.0,0.0,0.0,0.0,0.0,1529.3,113.7646,0.0,0.0,0.0,0.0,0.0,0.0,0.0,0.0,10.0,0.0,1000.0,0.0,0.437,0.1848
regime,batched-par k=1,batched-par,aidev-upper,100,"{""batch_k"": 1, ""p_file"": 0.417, ""p_per_file"": 0.35}",10,10,24.8253,1.0104,27.0486,1.2857,40.3995,1.6534,167.3632,10.962,359.3743,15.8894,10.495,0.4469,13.979,1.1935,62.858,2.0423,12.669,1.07,422.879,9.6195,562.839,38.2696,2542.21,156.7563,512.027,49.8984,32.73,7.985,0.0,0.0,20838.35,826.0898,85.986,1.1302,2460.2,98.8297,780.5,47.7303,3503.5,267.5636,80.8,11.5675,376.0,30.3123,249.0,13.2198,25.4,4.5265,249.0,13.2198,0.0,0.0,0.0,0.0,0.0,0.0,5.741,0.6102,62.184,18.2477,0.0,0.0,0.0,0.0,0.0,0.0,1185.8,85.3805,0.0,0.0,0.0,0.0,0.0,0.0,0.0,0.0,10.0,0.0,1000.0,0.0,0.467,0.2122
regime,batched-par k=1,batched-par,p_self=0.05,100,"{""batch_k"": 1, ""p_self"": 0.05}",10,10,30.5051,0.8995,31.0569,0.7639,32.8318,0.9726,160.9928,5.5561,222.7083,7.9882,12.899,0.4975,3.985,0.1226,75.8,0.6367,7.317,0.7155,422.879,9.6195,130.774,5.3961,2488.517,75.8032,241.007,28.2573,15.587,7.5385,0.0,0.0,18172.93,497.5801,92.27,0.8195,2134.6,59.419,619.8,26.0011,699.4,32.2324,119.7,10.8379,274.8,14.1294,177.9,8.1867,20.7,2.979,177.9,8.1867,0.0,0.0,0.0,0.0,0.0,0.0,4.113,0.1675,26.208,3.0771,0.0,0.0,0.0,0.0,0.0,0.0,936.0,53.2785,0.0,0.0,0.0,0.0,0.0,0.0,0.0,0.0,10.0,0.0,1000.0,0.0,0.31,0.1557
regime,batched-par k=1,batched-par,p_self=0.30,100,"{""batch_k"": 1, ""p_self"": 0.3}",10,10,15.2515,0.566,15.3828,0.574,65.727,2.4456,344.5109,11.8178,495.8338,30.8113,6.451,0.2915,2.8,0.0866,84.028,1.1105,6.722,1.0992,422.879,9.6195,183.949,6.8043,5521.486,196.3539,444.38,84.8158,22.041,6.862,0.0,0.0,36535.17,1182.0764,92.678,0.9645,4393.6,136.4007,1705.1,66.8696,668.6,24.8939,121.7,11.7829,1042.7,48.5321,551.5,19.7549,20.7,1.8485,551.5,19.7549,0.0,0.0,0.0,0.0,0.0,0.0,6.64,0.7613,57.658,25.9377,0.0,0.0,0.0,0.0,0.0,0.0,2821.4,123.0302,0.0,0.0,0.0,0.0,0.0,0.0,0.0,0.0,10.0,0.0,1000.0,0.0,0.526,0.163
regime,beanstalk,beanstalk,T=30min,100,"{""test_minutes"": 30.0}",10,10,21.0803,1.0939,30.856,8.2682,47.6646,2.4881,834.0743,127.6361,1490.8423,232.1309,8.916,0.5295,3.286,0.17,0.164,0.009,87.63,0.6733,422.879,9.6195,156.048,5.8598,7.823,0.182,4179.709,248.7433,12.254,6.7164,3963.104,273.276,22892.02,1165.6509,80.154,2.976,759.9,38.5772,0.0,0.0,607.4,31.9383,76.1,10.3022,145.1,7.6926,310.5,13.7933,12.1,2.8101,310.5,13.7933,932.0,5.0916,773.876,69.6644,176.661,11.4985,569.045,93.8711,1475.499,233.8092,2555.37,146.7116,47.5,5.0043,0.0,0.0,0.0,0.0,99.1,5.4731,601.7,38.9754,223.6,10.6749,158.2,4.7544,10.0,0.0,1000.0,0.0,1.051,0.346
regime,beanstalk,beanstalk,aidev-upper,100,"{""p_file"": 0.417, ""p_per_file"": 0.35}",10,10,43.0887,1.6331,71.2267,18.7981,23.27,0.9327,522.3535,162.7621,862.4289,218.9813,18.207,0.6135,17.549,1.226,0.603,0.0355,63.641,1.6836,422.879,9.6195,406.606,16.67,13.961,0.4153,1483.552,99.9139,12.959,4.0331,1361.986,93.9985,8203.98,173.8537,58.848,1.4835,816.4,17.7669,0.0,0.0,2111.8,88.8145,28.0,5.9466,624.9,20.4011,236.5,11.4362,3.3,1.3924,236.5,11.4362,957.8,7.7174,207.782,24.2108,37.722,0.5869,356.982,112.3946,865.965,219.3807,1100.18,57.1865,16.3,1.3509,0.0,0.0,0.0,0.0,73.8,6.3694,177.9,22.2512,166.5,7.9742,638.5,18.3092,10.0,0.0,1000.0,0.0,1.307,0.354
regime,beanstalk,beanstalk,p_self=0.05,100,"{""p_self"": 0.05}",10,10,66.9872,4.5347,124.4368,80.5756,15.0508,1.0317,325.3336,93.94,584.5903,153.5763,28.286,1.6733,8.619,0.4708,0.462,0.0372,62.632,2.1001,422.879,9.6195,129.157,6.57,6.905,0.14,946.142,94.6333,5.473,4.179,859.219,68.8316,6215.63,201.2548,69.198,3.4354,619.0,20.003,0.0,0.0,544.8,20.9221,74.3,8.072,432.5,34.3633,176.5,8.8719,3.2,1.5004,176.5,8.8719,938.7,7.6079,143.315,21.2058,35.385,0.9357,242.753,82.6172,588.152,153.9728,647.98,50.4855,16.3,1.6189,0.0,0.0,0.0,0.0,54.7,4.7931,166.4,20.4338,125.5,7.8882,452.6,32.4188,10.0,0.0,1000.0,0.0,0.761,0.2444
regime,beanstalk,beanstalk,p_self=0.30,100,"{""p_self"": 0.3}",10,10,38.4661,2.6984,73.0651,39.9647,26.2185,1.8042,642.2471,147.4417,1185.807,224.0266,16.247,1.037,7.713,0.5721,0.329,0.0269,75.711,1.6045,422.879,9.6195,200.674,7.4735,8.55,0.1389,1989.748,176.1695,5.192,3.5829,1906.938,156.0213,11296.33,414.913,72.127,2.8462,1123.4,41.8021,0.0,0.0,605.3,27.5907,83.0,9.2714,445.3,28.2927,566.9,16.5518,13.3,2.8622,566.9,16.5518,901.1,5.4835,198.756,27.7672,42.109,2.6163,541.975,122.0445,1196.384,225.1889,1314.63,91.0704,35.4,4.0911,0.0,0.0,0.0,0.0,177.1,8.7636,672.7,53.8813,403.1,17.3435,450.7,27.8675,10.0,0.0,1000.0,0.0,0.942,0.386
regime,beanstalk quarantine,beanstalk,T=30min,100,"{""green_mode"": ""quarantine"", ""test_minutes"": 30.0}",10,10,20.307,1.2507,24.0345,1.8923,49.5592,2.9166,610.1664,60.5919,975.4166,124.0024,8.582,0.5112,3.128,0.2139,0.158,0.0094,88.133,0.6715,422.879,9.6195,154.293,8.3607,7.756,0.198,4370.99,287.1081,12.307,7.4131,4146.811,256.6013,23965.07,1553.7802,80.76,4.2067,795.7,51.3773,0.0,0.0,601.2,32.0034,77.3,11.1329,155.6,13.2464,308.2,16.0721,12.1,2.1179,308.2,16.0721,930.9,5.1631,880.685,143.3049,190.828,14.1779,107.846,15.9286,468.906,105.6901,2666.95,172.4196,50.9,4.961,0.0,0.0,0.0,0.0,98.7,5.5413,592.3,49.6749,223.0,13.4331,202.6,11.1694,10.0,0.0,1000.0,0.0,1.045,0.3774
regime,beanstalk quarantine,beanstalk,aidev-upper,100,"{""green_mode"": ""quarantine"", ""p_file"": 0.417, ""p_per_file"": 0.35}",10,10,40.2383,1.1945,47.5934,3.4649,24.8916,0.76,164.6699,13.4485,360.4278,39.6518,17.019,0.6579,15.572,0.6673,0.552,0.0223,66.861,1.1579,422.879,9.6195,387.383,17.9597,13.723,0.4551,1665.175,71.7814,9.907,3.4056,1617.402,75.4431,8553.11,338.3159,57.266,1.2998,850.8,32.6105,0.0,0.0,2046.1,89.77,24.9,4.2713,358.2,36.9272,241.7,11.2143,4.2,1.8714,241.7,11.2143,947.4,9.7275,256.672,40.4945,99.85,11.3845,12.129,1.5908,74.943,10.9312,1194.42,58.0612,30.3,4.6241,0.0,0.0,0.0,0.0,79.1,5.1189,176.5,32.2959,173.2,9.0279,674.3,12.3622,10.0,0.0,1000.0,0.0,1.024,0.1911
regime,beanstalk quarantine,beanstalk,p_self=0.05,100,"{""green_mode"": ""quarantine"", ""p_self"": 0.05}",10,10,67.9896,4.6559,76.5839,8.7432,14.8331,1.044,112.573,9.33,218.4822,27.8393,28.736,1.987,8.902,0.4656,0.475,0.0268,61.886,2.3222,422.879,9.6195,131.571,8.0287,6.999,0.2516,921.86,97.5775,5.353,2.6128,868.238,100.0249,6628.11,292.2193,74.818,3.5781,660.2,28.2318,0.0,0.0,562.2,35.0635,73.2,7.971,321.3,24.7883,177.2,16.8761,2.8,1.1081,177.2,16.8761,944.7,10.6207,174.169,27.3103,59.412,6.0828,18.823,3.8568,96.727,20.4467,693.44,48.5274,26.1,4.8097,0.0,0.0,0.0,0.0,56.7,3.8602,194.1,32.6691,126.5,14.7416,466.0,24.4208,10.0,0.0,1000.0,0.0,0.643,0.258
regime,beanstalk quarantine,beanstalk,p_self=0.30,100,"{""green_mode"": ""quarantine"", ""p_self"": 0.3}",10,10,34.4582,1.6037,37.3782,3.5574,29.1327,1.3729,211.781,26.0614,426.8363,35.2793,14.565,0.6793,7.125,0.6308,0.297,0.02,78.015,1.2543,422.879,9.6195,206.453,12.9124,8.621,0.2836,2275.317,139.2791,5.875,3.2011,2223.537,143.9146,13494.58,950.3747,77.119,3.3839,1342.4,95.565,0.0,0.0,608.7,50.599,79.3,6.9927,385.9,23.3873,577.7,21.131,14.4,2.8453,577.7,21.131,913.9,7.1646,302.969,32.2505,83.604,7.9846,30.842,5.1903,175.215,31.1209,1548.42,76.7086,57.2,7.2697,0.0,0.0,0.0,0.0,183.3,11.4501,816.5,117.495,413.4,17.277,525.8,25.386,10.0,0.0,1000.0,0.0,1.3,0.1466
rho,beanstalk hard,beanstalk,,20,"{""flag_recall"": 0.4, ""placement_fallback"": ""wait""}",10,10,15.8623,2.0538,36.6018,23.5958,13.0846,2.1629,125.3732,42.0621,268.3662,64.5019,34.194,3.6957,4.981,0.9073,0.334,0.0512,60.492,4.1994,86.903,4.0296,12.691,1.9667,0.837,0.0389,161.262,39.4174,135.466,34.0995,23.28,9.6009,1225.15,85.7482,79.888,7.1515,122.5,8.4384,0.0,0.0,21.3,5.1255,4.0,1.0663,69.6,8.1012,40.5,6.6953,0.5,0.377,40.5,6.6953,0.0,0.0,101.643,30.5154,35.482,3.2847,88.036,20.5292,279.015,63.8061,135.87,60.7159,5.5,0.843,0.0,0.0,0.0,0.0,12.5,2.3664,29.1,7.8752,29.2,6.2886,93.4,9.8263,2.0,0.0,200.0,0.0,0.098,0.0323
rho,beanstalk hard,beanstalk,,20,"{""flag_recall"": 0.6, ""placement_fallback"": ""wait""}",10,10,15.7339,1.7078,40.8235,23.5332,13.0476,1.7975,156.5639,80.8684,329.5655,103.8602,34.004,3.2772,4.434,0.9244,0.319,0.0378,61.244,3.6377,86.903,4.0296,11.382,2.1073,0.812,0.0363,161.856,32.7268,129.486,28.2055,29.539,12.9726,1255.92,73.2864,81.627,6.5548,125.6,6.9858,0.0,0.0,14.9,3.7161,4.8,2.0456,75.2,8.8176,40.7,7.8434,0.5,0.5058,40.7,7.8434,0.0,0.0,112.99,32.55,36.531,4.351,114.339,42.6127,339.589,105.5641,161.25,64.9165,5.4,1.2707,0.0,0.0,0.0,0.0,12.2,2.8373,29.6,11.1541,29.5,6.5494,95.9,9.7639,2.0,0.0,200.0,0.0,0.064,0.0362
rho,beanstalk hard,beanstalk,,20,"{""flag_recall"": 0.8, ""placement_fallback"": ""wait""}",10,10,16.1075,1.731,30.0999,5.9783,12.7116,1.5841,137.3573,56.1289,296.0454,93.7992,34.811,3.2014,4.018,0.9292,0.317,0.0389,60.855,3.3,86.903,4.0296,10.159,2.3024,0.787,0.0341,156.382,28.1607,120.815,20.3305,32.619,13.608,1261.91,82.9852,83.832,5.8527,126.0,7.9367,0.0,0.0,9.8,3.4684,5.1,3.0056,76.8,9.5243,39.5,7.3433,0.5,0.5058,39.5,7.3433,0.0,0.0,109.643,25.7017,35.95,4.1205,101.401,42.1357,304.212,95.4565,165.89,60.8235,5.4,1.1778,0.0,0.0,0.0,0.0,12.4,2.4128,29.4,9.6806,28.2,6.4492,96.6,8.7685,2.0,0.0,200.0,0.0,0.144,0.0551
rho,beanstalk hard,beanstalk,,20,"{""flag_recall"": 1.0, ""placement_fallback"": ""wait""}",10,10,16.1012,2.1896,44.4103,27.433,12.9229,2.1605,190.9412,136.747,320.6434,173.19,34.711,3.9974,3.524,0.7276,0.312,0.045,61.452,4.0368,86.903,4.0296,9.084,2.195,0.776,0.029,161.693,38.7697,128.413,27.1409,30.372,17.5109,1218.87,77.355,80.762,7.819,121.8,7.332,0.0,0.0,4.3,1.7538,4.8,2.1004,74.1,8.3313,39.7,7.2325,0.4,0.5001,39.7,7.2325,0.0,0.0,110.773,32.8799,35.957,4.2643,117.312,67.5036,338.194,170.1584,162.76,91.4406,5.8,1.5379,0.0,0.0,0.0,0.0,12.0,1.9949,28.7,8.3422,28.5,6.3107,93.1,7.5735,2.0,0.0,200.0,0.0,0.161,0.1361
rho,beanstalk soft,beanstalk,,20,"{""flag_recall"": 0.4}",10,10,22.0459,3.1876,42.6737,7.1599,9.3853,1.2574,225.8884,45.2286,365.0208,68.4243,47.769,6.5964,8.847,1.2941,0.501,0.0731,42.882,7.5105,86.903,4.0296,16.289,2.1323,0.91,0.0259,83.605,23.899,0.999,1.0473,45.121,15.581,921.92,92.6883,83.583,9.4231,92.0,9.0417,0.0,0.0,35.8,5.1005,6.4,1.6242,41.4,6.0056,43.9,6.2491,0.4,0.3694,43.9,6.2491,160.7,7.7413,131.211,30.0486,46.264,6.0486,160.673,30.2289,372.446,66.7877,235.37,66.4796,7.2,1.1081,0.0,0.0,0.0,0.0,13.4,2.5279,45.5,13.6441,31.1,5.6771,46.5,5.7547,2.0,0.0,200.0,0.0,0.119,0.0748
rho,beanstalk soft,beanstalk,,20,"{""flag_recall"": 0.6}",10,10,20.4691,3.3799,54.3882,376.7805,10.3195,1.9831,294.3186,76.7822,445.2888,75.271,44.155,6.7038,8.052,1.4024,0.458,0.0733,47.334,7.6794,86.903,4.0296,16.05,2.4473,0.895,0.037,102.541,36.1274,1.964,1.605,61.002,24.561,981.74,115.1206,82.22,11.3197,98.0,11.2293,0.0,0.0,30.4,5.6344,7.0,1.8469,39.0,7.3491,45.4,7.1626,0.9,0.5278,45.4,7.1626,158.8,6.5368,145.173,25.2307,50.428,6.6542,198.218,44.5252,449.423,75.5283,276.07,67.9808,7.8,1.8096,0.0,0.0,0.0,0.0,14.2,3.2308,53.6,15.0619,32.3,6.4161,44.4,7.5866,2.0,0.0,200.0,0.0,0.043,0.0107
rho,beanstalk soft,beanstalk,,20,"{""flag_recall"": 0.8}",10,10,20.5392,2.8361,26.3711,,10.0458,1.3121,315.9953,70.9293,483.6317,59.3167,44.458,5.8506,7.968,1.0055,0.455,0.0591,47.118,6.7766,86.903,4.0296,15.695,1.4466,0.891,0.0319,97.43,23.8155,1.476,0.877,73.338,18.6685,963.78,69.1883,81.636,8.4386,96.3,6.565,0.0,0.0,29.1,2.6217,7.0,2.6764,40.8,6.2886,46.1,7.2904,1.0,0.754,46.1,7.2904,159.7,6.6936,139.951,25.9227,49.853,5.3062,214.561,38.6854,487.347,58.846,276.93,46.9999,8.7,1.7538,0.0,0.0,0.0,0.0,14.1,2.1709,51.0,12.302,33.1,6.1482,45.3,6.5128,2.0,0.0,200.0,0.0,0.156,0.1064
rho,beanstalk soft,beanstalk,,20,"{""flag_recall"": 1.0}",10,10,22.0568,2.4467,43.7295,22.5742,9.2767,1.0961,229.8058,44.3238,369.5095,56.9554,47.676,4.6209,7.574,0.8492,0.474,0.0528,44.274,4.9431,86.903,4.0296,13.996,2.0605,0.863,0.0282,83.776,18.114,1.636,1.8381,53.212,18.2285,930.48,77.2665,84.752,7.7812,92.8,7.3861,0.0,0.0,23.1,2.8702,7.1,2.4421,40.5,6.2291,43.2,5.8677,0.8,0.5642,43.2,5.8677,160.5,7.5192,130.047,18.1954,46.662,4.6597,156.144,30.8844,372.652,56.1671,266.0,49.2782,7.8,1.2526,0.0,0.0,0.0,0.0,12.9,2.3951,46.5,11.6967,31.4,4.9581,46.3,6.651,2.0,0.0,200.0,0.0,0.216,0.1096
rho,beanstalk hard,beanstalk,,100,"{""flag_recall"": 0.4, ""placement_fallback"": ""wait""}",10,10,24.644,1.0214,27.7485,2.7037,40.7018,1.7038,100.728,15.5312,338.6986,66.373,10.413,0.3708,1.694,0.1148,0.109,0.0041,87.784,0.3515,422.879,9.6195,68.933,5.2872,4.431,0.0886,3573.934,163.0734,2975.121,153.2944,478.21,126.1956,12881.57,229.0405,52.91,2.4218,1281.8,22.2546,0.0,0.0,146.1,6.9797,27.4,6.3908,1103.4,33.6764,229.4,18.2468,1.5,0.6079,229.4,18.2468,0.0,0.0,104.817,22.7143,25.257,0.5136,103.91,18.1904,408.579,78.2538,370.68,103.6318,6.2,0.3016,0.0,0.0,0.0,0.0,74.4,7.2885,79.6,8.0236,158.3,12.2094,1202.2,15.1545,10.0,0.0,1000.0,0.0,0.577,0.1363
rho,beanstalk hard,beanstalk,,100,"{""flag_recall"": 0.6, ""placement_fallback"": ""wait""}",10,10,24.2948,1.1527,27.3574,1.7583,41.3224,1.9351,103.7814,15.8488,421.4903,107.4121,10.265,0.4261,1.507,0.0719,0.104,0.0037,88.126,0.3902,422.879,9.6195,62.29,4.6775,4.298,0.0764,3642.775,185.2143,3045.705,144.005,477.073,97.0201,12871.67,155.084,52.092,2.2194,1281.9,16.4933,0.0,0.0,109.4,8.8073,33.1,4.8567,1106.5,26.5366,228.6,14.0057,1.3,0.8953,228.6,14.0057,0.0,0.0,97.111,14.4983,25.345,0.4839,119.184,24.1838,505.606,112.7072,379.66,87.149,6.2,0.7388,0.0,0.0,0.0,0.0,73.1,6.7393,79.5,7.8085,159.0,9.4956,1202.4,10.6696,10.0,0.0,1000.0,0.0,0.592,0.1494
rho,beanstalk hard,beanstalk,,100,"{""flag_recall"": 0.8, ""placement_fallback"": ""wait""}",10,10,25.0394,0.8951,28.4635,2.0898,40.0228,1.366,103.0117,20.1279,409.5691,107.3687,10.575,0.214,1.414,0.0885,0.104,0.005,87.907,0.2343,422.879,9.6195,56.453,3.2724,4.176,0.0513,3518.777,128.307,2943.866,140.6748,457.458,55.6581,12896.28,152.4614,53.81,1.8741,1283.5,14.5397,0.0,0.0,67.3,4.8871,32.2,6.0018,1115.6,21.9236,232.4,11.3562,1.6,1.0769,232.4,11.3562,0.0,0.0,94.455,15.204,25.242,0.425,117.524,26.4739,490.321,112.8197,351.73,35.9029,6.5,0.6079,0.0,0.0,0.0,0.0,73.7,5.1587,78.2,5.5999,162.5,7.6169,1205.3,10.9579,10.0,0.0,1000.0,0.0,0.774,0.2126
rho,beanstalk hard,beanstalk,,100,"{""flag_recall"": 1.0, ""placement_fallback"": ""wait""}",10,10,24.5851,0.8179,27.944,2.7555,40.7544,1.3587,117.8436,22.8394,428.2781,81.0244,10.388,0.2763,1.244,0.0641,0.1,0.0034,88.268,0.2467,422.879,9.6195,50.745,3.475,4.041,0.051,3597.769,127.9644,2928.852,88.6063,548.069,97.7156,12955.74,142.6958,53.069,1.5474,1288.3,14.6713,0.0,0.0,26.9,5.796,37.1,4.6167,1129.6,16.3818,233.1,11.3624,2.1,1.141,233.1,11.3624,0.0,0.0,100.914,15.3594,25.761,0.5695,129.93,22.6599,500.657,93.1287,431.44,74.2674,7.1,0.7113,0.0,0.0,0.0,0.0,75.0,5.1139,80.4,6.0902,161.1,9.4503,1207.9,10.6922,10.0,0.0,1000.0,0.0,0.928,0.1613
rho,beanstalk soft,beanstalk,,100,"{""flag_recall"": 0.4}",10,10,55.1006,3.3022,99.8427,36.0812,18.2612,1.075,350.7799,87.1292,659.6125,153.1396,23.306,1.5499,8.403,0.2952,0.412,0.0187,67.882,1.7419,422.879,9.6195,153.238,8.8449,7.491,0.1819,1242.511,101.3026,6.044,3.805,1177.618,104.792,7773.95,364.9612,71.106,2.3041,773.1,36.8758,0.0,0.0,580.6,24.9441,75.7,10.4371,452.7,29.7807,306.3,19.3649,4.7,2.1604,306.3,19.3649,919.1,10.0282,153.868,31.1498,35.877,2.1514,279.228,81.1801,665.79,155.4874,871.65,64.1133,22.8,4.8256,0.0,0.0,0.0,0.0,98.6,9.4488,310.0,51.1932,212.6,13.3149,463.1,28.2593,10.0,0.0,1000.0,0.0,0.711,0.2531
rho,beanstalk soft,beanstalk,,100,"{""flag_recall"": 0.6}",10,10,56.1423,3.1081,78.6865,26.5239,17.9175,1.0882,335.3896,93.9093,688.4265,145.0035,23.752,1.5419,8.682,0.5152,0.422,0.0218,67.145,1.947,422.879,9.6195,154.855,7.0657,7.513,0.2224,1206.502,108.8731,4.2,2.4108,1141.531,95.2921,7645.01,281.524,71.392,3.3552,761.2,28.1875,0.0,0.0,585.8,34.3361,75.4,8.3364,447.4,32.4241,304.8,16.601,5.7,1.6877,304.8,16.601,922.3,9.4419,140.248,16.8632,35.507,1.6449,280.297,80.231,693.921,143.8884,846.02,46.6373,22.5,2.7857,0.0,0.0,0.0,0.0,94.6,8.7555,301.1,51.5026,216.5,10.933,460.1,31.1347,10.0,0.0,1000.0,0.0,0.748,0.1098
rho,beanstalk soft,beanstalk,,100,"{""flag_recall"": 0.8}",10,10,55.2255,3.5041,86.7345,39.2223,18.2407,1.2047,356.2446,115.6092,655.591,157.8004,23.361,1.6395,8.367,0.5351,0.408,0.0288,67.865,2.1173,422.879,9.6195,151.642,4.816,7.392,0.1661,1242.152,120.8014,5.656,3.0855,1187.658,125.6677,7662.67,322.4772,70.309,3.3686,762.3,31.5259,0.0,0.0,559.6,20.6194,75.5,10.078,437.4,33.2722,306.4,16.0381,6.0,2.3844,306.4,16.0381,923.8,6.5715,157.446,18.7214,35.943,1.6994,271.997,81.9924,660.616,157.0643,869.12,57.5366,22.0,1.9075,0.0,0.0,0.0,0.0,96.1,8.6789,311.3,42.3907,216.4,9.8725,450.9,29.9319,10.0,0.0,1000.0,0.0,0.989,0.1451
rho,beanstalk soft,beanstalk,,100,"{""flag_recall"": 1.0}",10,10,55.0569,3.2399,101.1136,76.5713,18.2697,1.0317,316.2667,62.0342,627.1677,125.506,23.286,1.5011,8.281,0.5409,0.41,0.0234,68.02,1.8962,422.879,9.6195,150.753,8.6844,7.437,0.1562,1245.901,102.173,5.544,2.9172,1168.156,120.1952,7744.0,306.6597,70.859,3.0071,769.3,29.5584,0.0,0.0,563.5,22.6432,74.3,7.6079,439.9,28.4158,308.4,16.7727,6.3,1.8174,308.4,16.7727,926.8,3.4022,165.299,21.4611,36.453,2.2381,247.808,52.4326,632.964,126.6987,862.85,60.5347,23.8,3.5654,0.0,0.0,0.0,0.0,96.2,7.7247,317.6,48.965,218.9,12.8244,451.7,27.7202,10.0,0.0,1000.0,0.0,1.038,0.2588
rho,beanstalk soft,beanstalk,,500,"{""flag_recall"": 0.4}",10,10,115.4116,5.6002,146.2131,42.236,43.5067,2.1577,669.0686,237.9412,1311.1819,421.0648,9.823,0.436,9.4,0.4693,0.547,0.0294,80.23,0.925,2128.652,19.1432,2036.525,37.5319,118.354,2.6135,17469.828,1065.0564,10.0,3.5893,17359.307,1097.3072,54812.35,846.5526,42.141,1.7246,5454.3,84.2688,0.0,0.0,10285.4,213.6457,966.7,52.3355,3147.6,113.0815,2467.2,65.2598,46.3,3.4888,2467.2,65.2598,4872.9,14.7154,299.708,34.8269,36.515,0.5672,536.291,209.7462,1316.686,420.5593,2394.14,126.0002,98.2,6.7339,0.0,0.0,0.0,0.0,748.9,27.7375,2285.9,159.4868,1764.8,53.8303,3168.4,108.1327,50.0,0.0,5000.0,0.0,10.24,0.8542
rho,beanstalk soft,beanstalk,,500,"{""flag_recall"": 0.6}",10,10,118.0055,3.1879,138.2137,28.1867,42.4256,1.1513,871.0472,276.394,1733.6576,402.8671,10.045,0.2389,9.346,0.3479,0.54,0.0261,80.069,0.5573,2128.652,19.1432,1980.477,62.1736,114.408,4.2144,16989.247,561.4778,14.549,9.3833,16840.385,586.0358,54624.91,965.4032,42.979,1.4324,5439.0,99.2294,0.0,0.0,9981.3,311.1101,965.4,55.8522,3207.0,97.0431,2420.4,92.5458,45.8,5.7006,2420.4,92.5458,4874.4,19.1736,285.478,26.2637,36.424,0.5082,754.517,219.733,1741.371,405.3005,2334.17,80.1655,94.4,5.2802,0.0,0.0,0.0,0.0,736.1,31.1548,2215.0,138.7671,1730.4,73.2578,3224.0,95.4118,50.0,0.0,5000.0,0.0,12.361,1.521
rho,beanstalk soft,beanstalk,,500,"{""flag_recall"": 0.8}",10,10,116.5627,4.0884,208.2855,66.8544,42.9902,1.5384,685.9871,125.8292,1445.4786,286.0331,9.923,0.3064,9.212,0.2985,0.538,0.0205,80.329,0.5601,2128.652,19.1432,1977.892,60.3654,115.278,4.2484,17273.267,726.5368,25.72,16.6789,17087.237,776.1557,54830.64,983.6712,42.573,1.0917,5456.1,99.5317,0.0,0.0,9969.3,325.738,971.8,44.5751,3125.7,56.7538,2434.2,79.1009,45.4,3.7123,2434.2,79.1009,4872.8,18.1393,301.129,24.8083,36.596,0.541,585.225,120.6427,1452.873,284.8083,2351.2,94.0452,93.8,4.0994,0.0,0.0,0.0,0.0,750.0,25.3438,2310.2,106.2064,1730.0,66.0566,3145.9,55.5299,50.0,0.0,5000.0,0.0,12.775,1.2921
rho,beanstalk soft,beanstalk,,500,"{""flag_recall"": 1.0}",10,10,114.6108,7.5024,133.5023,25.1571,44.004,3.3019,710.3805,208.651,1403.5479,361.1563,9.756,0.6286,9.047,0.559,0.52,0.0383,80.675,1.1987,2128.652,19.1432,1976.195,58.3814,113.513,3.8737,17783.646,1625.4837,16.604,5.7029,17543.708,1443.0623,54844.93,1328.8636,41.874,2.6437,5455.8,135.3978,0.0,0.0,9880.0,288.9633,954.3,40.419,3201.2,59.3162,2431.2,79.7629,46.2,5.1889,2431.2,79.7629,4884.7,12.8625,298.007,30.0096,36.396,0.6977,577.587,191.2683,1409.042,360.8286,2391.68,115.3015,93.0,4.3183,0.0,0.0,0.0,0.0,746.3,33.9753,2236.5,157.4612,1731.5,56.3892,3219.3,58.4912,50.0,0.0,5000.0,0.0,15.845,1.1839
