group,label,note,overrides,policy,seed,N,M,R,complete,green,makespan_h,green_per_h,steady_green_per_h,lat_p50_min,lat_p95_min,lat_mean_min,busy_pct,rework_pct,blocked_pct,idle_pct,busy_agent_h,rework_agent_h,blocked_agent_h,idle_agent_h,idle_placement_agent_h,idle_paused_agent_h,ci_min,ci_util_pct,ci_runs,ci_aborted,ci_max_busy,conflicts,dissolved,reds,culprits,false_blames,fixes,overlap_starts,max_red_age_min,mean_red_age_min,green_staleness_min,green_gap_max_min,paused_min,max_open_reds,bisect_rounds,cancelled_units,searches,search_runs,suspect_hits,val_runs,wall_s
main,batched-aimd,,{},batched-aimd,2,1000,10000,100,True,10000,1072.2475,9.3262,9.3551,6381.665,6589.851,6071.131,0.4,0.35,94.02,5.23,4277.82,3700.47,1008154.63,56114.57,5747.94,0.0,1189137.3,18.48,123660,43164,20,23159,5186,36975,3890,140,3890,0,0.0,0.0,10.89,80.52,0.0,0,1954,109266,0,0,0,0,16.78
main,batched-aimd,,{},batched-aimd,4,1000,10000,100,True,10000,1064.0121,9.3984,9.3791,6315.019,6769.211,6024.263,0.4,0.35,94.01,5.23,4278.65,3730.3,1000313.55,55689.57,4578.94,0.0,1180708.8,18.49,122932,43097,20,22962,5375,36881,3890,131,3890,0,0.0,0.0,10.77,103.0,0.0,0,1919,108586,0,0,0,0,18.12
main,batched-aimd,,{},batched-aimd,5,1000,10000,100,True,10000,1081.6449,9.2452,9.2803,6405.773,6792.528,6109.188,0.4,0.34,93.8,5.47,4283.64,3630.67,1014567.25,59163.29,5757.57,0.0,1201481.7,18.51,125049,43571,20,22911,5510,37781,3982,132,3982,0,0.0,0.0,10.89,81.98,0.0,0,1929,110550,0,0,0,0,18.44
main,batched-aimd,,{},batched-aimd,0,1000,10000,100,True,10000,1076.134,9.2925,9.2788,6427.653,6844.191,6092.403,0.4,0.34,94.01,5.24,4294.16,3679.49,1011721.0,56439.38,5601.22,0.0,1192114.7,18.46,123989,42398,20,23399,5384,38052,3963,140,3963,0,0.0,0.0,10.55,82.75,0.0,0,1889,109538,0,0,0,0,18.76
main,batched-aimd,,{},batched-aimd,3,1000,10000,100,True,10000,1065.1397,9.3884,9.4287,6327.729,6611.878,6008.651,0.4,0.34,93.68,5.58,4227.47,3569.54,997872.35,59470.31,5856.66,0.0,1180290.5,18.47,122784,42894,20,22635,5295,36222,3847,140,3847,0,0.0,0.0,10.86,64.81,0.0,0,1954,108447,0,0,0,0,18.79
main,batched-aimd,,{},batched-aimd,1,1000,10000,100,True,10000,1078.2061,9.2747,9.3071,6373.59,6776.287,6069.691,0.4,0.35,93.48,5.78,4296.05,3734.39,1007880.83,62294.81,6900.0,0.0,1195428.0,18.48,124244,42719,20,23197,5151,37931,3912,132,3912,0,0.0,0.0,10.81,72.47,0.0,0,1961,109799,0,0,0,0,19.9
main,batched-aimd,,{},batched-aimd,7,1000,10000,100,True,10000,1054.5554,9.4827,9.4455,6327.544,6721.093,5979.263,0.4,0.35,94.15,5.1,4229.87,3706.3,992837.54,53781.67,5141.15,0.0,1171079.8,18.51,121873,42683,20,23461,5158,36081,3827,156,3827,0,0.0,0.0,10.52,80.74,0.0,0,1908,107602,0,0,0,0,12.93
main,batched-aimd,,{},batched-aimd,9,1000,10000,100,True,10000,1078.7522,9.27,9.2015,6474.651,6742.725,6117.428,0.39,0.33,94.19,5.09,4248.69,3520.51,1016050.79,54932.18,4889.14,0.0,1194421.9,18.45,124138,42839,20,22173,4527,37548,3953,137,3953,0,0.0,0.0,10.64,63.83,0.0,0,1918,109770,0,0,0,0,15.63
main,batched-aimd,,{},batched-aimd,6,1000,10000,100,True,10000,1088.9816,9.1829,9.1914,6479.692,6789.906,6171.453,0.39,0.34,94.12,5.16,4231.65,3673.62,1024901.89,56174.4,4494.03,0.0,1207686.6,18.48,125485,43480,20,23052,5284,37616,3971,171,3971,0,0.0,0.0,10.97,90.92,0.0,0,1929,110968,0,0,0,0,18.06
main,batched-aimd,,{},batched-aimd,8,1000,10000,100,True,10000,1077.5331,9.2805,9.345,6370.056,6720.136,6082.102,0.4,0.34,93.73,5.53,4285.2,3683.08,1010000.54,59564.32,4578.15,0.0,1196677.2,18.51,124475,43913,20,22767,5000,36781,3941,162,3941,0,0.0,0.0,10.75,71.02,0.0,0,1915,110025,0,0,0,0,16.98
main,batched k=4,,{},batched,8,1000,10000,100,True,10000,2061.2496,4.8514,4.8942,12227.538,13229.782,11657.988,0.21,0.17,94.09,5.53,4285.2,3488.92,1939509.15,113966.28,8841.9,0.0,2289473.7,18.51,235031,98011,20,21459,4758,109328,3862,42,3862,0,0.0,0.0,19.94,155.4,0.0,0,7878,218494,0,0,0,0,54.87
main,batched k=4,,{},batched,4,1000,10000,100,True,10000,2028.4359,4.9299,4.9309,12120.484,13231.629,11518.069,0.21,0.17,94.47,5.15,4278.65,3488.49,1916189.67,104479.05,8476.24,0.0,2262899.8,18.59,232409,97525,20,21516,4995,108047,3804,39,3804,0,0.0,0.0,19.74,166.25,0.0,0,7770,216030,0,0,0,0,55.7
main,batched k=4,,{},batched,2,1000,10000,100,True,10000,2030.7774,4.9242,4.9289,12055.16,12822.434,11553.445,0.21,0.17,94.65,4.97,4277.82,3436.53,1922137.68,100925.36,11708.85,0.0,2265183.4,18.59,232728,98324,20,21380,4735,107460,3811,41,3811,0,0.0,0.0,19.75,171.93,0.0,0,7784,216344,0,0,0,0,57.26
main,batched k=4,,{},batched,7,1000,10000,100,True,10000,2033.1001,4.9186,4.8908,12197.614,13187.445,11569.682,0.21,0.17,94.67,4.95,4229.87,3496.55,1924783.84,100589.89,9813.69,0.0,2257897.3,18.51,231939,97005,20,21994,4818,107569,3813,33,3813,0,0.0,0.0,19.87,135.24,0.0,0,7784,215576,0,0,0,0,59.17
main,batched k=4,,{},batched,6,1000,10000,100,True,10000,2080.6732,4.8061,4.825,12355.688,13409.379,11819.378,0.2,0.16,94.51,5.12,4231.65,3375.24,1966521.14,106545.12,10136.06,0.0,2317847.1,18.57,238045,100179,20,21070,4932,110862,3898,47,3898,0,0.0,0.0,20.1,156.71,0.0,0,7968,221352,0,0,0,0,61.0
main,batched k=4,,{},batched,0,1000,10000,100,True,10000,2067.9797,4.8356,4.7874,12285.695,13653.255,11752.988,0.21,0.16,94.56,5.07,4294.16,3380.47,1955450.8,104854.23,10502.79,0.0,2297029.2,18.51,235891,98839,20,21357,4948,110598,3877,45,3877,0,0.0,0.0,19.96,166.26,0.0,0,7912,219318,0,0,0,0,61.39
main,batched k=4,,{},batched,3,1000,10000,100,True,10000,2029.157,4.9282,4.921,11885.971,13162.22,11466.526,0.21,0.17,94.01,5.61,4227.47,3435.85,1907651.75,113841.93,10154.63,0.0,2254637.9,18.52,231796,98556,20,21799,5058,105406,3811,43,3811,0,0.0,0.0,20.02,157.22,0.0,0,7783,215459,0,0,0,0,61.71
main,batched k=4,,{},batched,9,1000,10000,100,True,10000,2073.735,4.8222,4.7737,12457.947,13273.734,11791.075,0.2,0.16,94.6,5.03,4248.69,3384.29,1961794.88,104307.16,9925.19,0.0,2311955.5,18.58,237339,99865,20,21296,4383,110835,3900,34,3900,0,0.0,0.0,19.86,135.44,0.0,0,7939,220703,0,0,0,0,62.6
main,batched k=4,,{},batched,1,1000,10000,100,True,10000,2054.2758,4.8679,4.9198,12092.65,13148.001,11555.408,0.21,0.17,93.58,6.04,4296.05,3516.86,1922384.43,124078.41,11415.41,0.0,2279468.2,18.49,234267,98168,20,21807,4842,109174,3842,45,3842,0,0.0,0.0,19.83,171.98,0.0,0,7871,217749,0,0,0,0,64.17
main,batched k=4,,{},batched,5,1000,10000,100,True,10000,2053.6616,4.8694,4.8866,12102.581,13511.658,11643.751,0.21,0.17,94.33,5.3,4283.64,3408.51,1937216.63,108752.84,9984.72,0.0,2285528.1,18.55,234915,99405,20,21457,5079,107779,3857,36,3857,0,0.0,0.0,19.99,147.03,0.0,0,7869,218394,0,0,0,0,68.1
main,batched k=4,,{},batched,2,500,5000,50,True,5000,1018.6165,4.9086,4.8746,6060.312,6794.417,5759.479,0.42,0.33,93.9,5.35,2128.39,1697.87,478258.75,27223.22,2122.97,0.0,1129723.7,36.97,116042,48548,20,10445,2055,54017,1910,18,1910,0,0.0,0.0,19.63,124.26,0.0,0,3895,107837,0,0,0,0,34.51
main,batched k=4,,{},batched,1,500,5000,50,True,5000,996.5781,5.0172,4.9733,5772.002,6967.557,5664.938,0.42,0.33,94.41,4.84,2108.89,1624.06,470454.1,24102.0,2613.92,0.0,1108244.0,37.07,113860,47636,20,10143,2074,53859,1869,21,1869,0,0.0,0.0,19.34,171.59,0.0,0,3812,105819,0,0,0,0,37.65
main,batched k=4,,{},batched,4,500,5000,50,True,5000,1002.5909,4.9871,4.9705,6071.128,6667.037,5663.864,0.43,0.34,93.81,5.42,2138.8,1702.81,470285.83,27168.01,2468.29,0.0,1115339.3,37.08,114573,48347,20,10297,1955,52419,1885,16,1885,0,0.0,0.0,20.35,163.48,0.0,0,3842,106489,0,0,0,0,35.14
main,batched k=4,,{},batched,5,500,5000,50,True,5000,1034.9,4.8314,4.8584,6091.294,6757.766,5889.807,0.4,0.31,94.54,4.74,2084.71,1601.13,489216.13,24548.02,1999.81,0.0,1150503.6,37.06,118153,50021,20,10123,1979,54831,1943,18,1943,0,0.0,0.0,20.17,149.15,0.0,0,3967,109865,0,0,0,0,34.02
main,batched k=4,,{},batched,0,500,5000,50,True,5000,1013.7747,4.9321,4.9144,6089.366,6550.681,5761.63,0.42,0.33,94.39,4.85,2143.14,1692.19,478443.67,24608.34,2683.92,0.0,1121545.1,36.88,115257,48179,20,10467,2152,53655,1901,19,1901,0,0.0,0.0,20.46,155.29,0.0,0,3884,107106,0,0,0,0,43.62
main,batched k=4,,{},batched,3,500,5000,50,True,5000,1048.2229,4.77,4.7467,6224.153,6915.973,5942.539,0.41,0.32,94.16,5.11,2143.65,1685.14,493526.41,26756.24,1658.91,0.0,1158543.0,36.84,119027,49931,20,10285,2182,55254,1973,16,1973,0,0.0,0.0,20.52,160.86,0.0,0,4012,110667,0,0,0,0,43.15
main,batched-aimd,,{},batched-aimd,1,500,5000,50,True,5000,519.3137,9.6281,9.5747,3066.874,3409.162,2927.981,0.81,0.64,93.32,5.22,2108.89,1673.89,242324.53,13549.56,1471.01,0.0,573918.6,36.84,59650,20753,20,10392,2125,17734,1879,59,1879,0,0.0,0.0,10.5,63.63,0.0,0,953,52643,0,0,0,0,11.09
main,batched-aimd,,{},batched-aimd,0,500,5000,50,True,5000,532.4463,9.3906,9.3918,3157.959,3410.157,3006.65,0.81,0.67,93.45,5.08,2143.14,1774.73,248779.44,13525.82,1648.71,0.0,589071.9,36.88,61226,21010,20,10973,2257,18577,1925,88,1925,0,0.0,0.0,10.72,82.25,0.0,0,952,54060,0,0,0,0,13.92
main,batched+place,,{},batched+place,0,1000,10000,100,True,10000,2065.1046,4.8424,4.8384,12277.599,13347.923,11732.049,0.21,0.16,94.52,5.11,4294.16,3358.62,1951982.86,105468.93,11107.73,0.0,2296445.3,18.53,235849,98398,20,21237,4949,111299,3869,42,3869,9989,0.0,0.0,19.73,178.5,0.0,0,7900,219276,0,0,0,0,107.56
main,batched-aimd,,{},batched-aimd,3,500,5000,50,True,5000,537.2868,9.306,9.2444,3197.809,3406.081,3035.245,0.8,0.65,93.51,5.05,2143.65,1734.12,251202.96,13562.69,1357.84,0.0,595055.4,36.92,61916,21818,20,10538,2204,18057,1985,58,1985,0,0.0,0.0,10.55,87.6,0.0,0,960,54720,0,0,0,0,8.94
main,batched k=4,,{},batched,6,500,5000,50,True,5000,1061.0118,4.7125,4.6879,6380.091,6943.658,5990.949,0.4,0.3,93.81,5.49,2135.17,1583.78,497662.01,29124.91,3664.33,0.0,1177672.7,37.0,121083,51583,20,9577,2112,56097,1990,26,1990,0,0.0,0.0,20.87,164.51,0.0,0,4072,112585,0,0,0,0,31.97
main,batched-aimd,,{},batched-aimd,2,500,5000,50,True,5000,531.0821,9.4147,9.3859,3161.47,3395.365,2991.022,0.8,0.65,93.21,5.33,2128.39,1731.61,247520.23,14160.81,1136.39,0.0,587998.7,36.91,61197,21457,20,10680,2166,18390,1930,72,1930,0,0.0,0.0,10.63,93.41,0.0,0,960,54013,0,0,0,0,13.78
main,batched+place,,{},batched+place,1,1000,10000,100,True,10000,2072.2068,4.8258,4.815,12255.074,13647.768,11712.989,0.21,0.17,94.04,5.59,4296.05,3471.19,1948693.6,115745.98,13045.89,0.0,2298635.4,18.49,236048,98844,20,21537,4846,110205,3900,26,3900,9987,0.0,0.0,19.73,150.96,0.0,0,7924,219414,0,0,0,0,114.32
main,batched k=4,,{},batched,8,500,5000,50,True,5000,1022.6538,4.8892,4.7607,6069.537,7186.883,5786.13,0.41,0.32,93.98,5.29,2100.4,1611.4,480566.09,27049.03,4043.28,0.0,1132575.0,36.92,116248,48812,20,9954,2086,54350,1918,17,1918,0,0.0,0.0,19.67,146.34,0.0,0,3918,108031,0,0,0,0,36.33
main,batched-aimd,,{},batched-aimd,4,500,5000,50,True,5000,522.4879,9.5696,9.568,3094.571,3312.567,2942.485,0.82,0.66,93.2,5.32,2138.8,1735.23,243471.89,13898.01,1377.81,0.0,579112.5,36.95,60302,21370,20,10425,2020,17652,1887,61,1887,0,0.0,0.0,10.72,74.28,0.0,0,970,53257,0,0,0,0,9.91
main,batched-aimd,,{},batched-aimd,6,500,5000,50,True,5000,538.7291,9.2811,9.2682,3194.324,3455.34,3031.335,0.79,0.6,93.18,5.43,2135.17,1614.53,250996.69,14618.18,1773.14,0.0,597097.9,36.94,62144,21980,20,9698,2168,18299,2007,75,2007,0,0.0,0.0,10.91,89.18,0.0,0,929,54947,0,0,0,0,8.95
main,batched-aimd,,{},batched-aimd,5,500,5000,50,True,5000,537.467,9.3029,9.308,3198.87,3369.866,3044.959,0.78,0.63,93.79,4.8,2084.71,1700.62,252045.93,12902.22,917.26,0.0,597286.7,37.04,62242,22150,20,10841,2138,18327,1955,72,1955,0,0.0,0.0,11.01,81.1,0.0,0,981,54991,0,0,0,0,9.9
main,batched k=4,,{},batched,9,500,5000,50,True,5000,1057.1317,4.7298,4.6114,6403.553,6891.451,5988.617,0.4,0.3,94.11,5.18,2122.66,1606.92,497444.53,27391.74,1884.14,0.0,1171852.7,36.95,120421,50661,20,9818,1963,56836,1982,21,1982,0,0.0,0.0,20.39,154.61,0.0,0,4045,111968,0,0,0,0,35.81
main,batched k=4,,{},batched,7,500,5000,50,True,5000,1029.2027,4.8581,4.8304,6180.807,6690.184,5754.249,0.42,0.33,92.85,6.39,2180.71,1711.07,477809.65,32899.91,3519.19,0.0,1134199.2,36.73,116509,48681,20,10444,2174,54316,1929,20,1929,0,0.0,0.0,19.87,135.5,0.0,0,3931,108229,0,0,0,0,40.55
main,batched+place,,{},batched+place,4,1000,10000,100,True,10000,2005.7201,4.9857,5.0301,11931.451,12812.434,11325.364,0.21,0.17,93.94,5.68,4278.65,3407.9,1884152.74,113880.81,10576.86,0.0,2237520.7,18.59,230068,96706,20,21148,4997,106216,3759,41,3759,9987,0.0,0.0,19.33,131.02,0.0,0,7693,213843,0,0,0,0,108.03
main,batched-aimd,,{},batched-aimd,7,500,5000,50,True,5000,533.7253,9.3681,9.3366,3176.609,3385.658,2979.291,0.82,0.64,92.39,6.15,2180.71,1720.72,246553.53,16407.68,1148.59,0.0,590738.4,36.89,61514,21459,20,10406,2170,18307,1931,68,1931,0,0.0,0.0,10.68,65.8,0.0,0,972,54325,0,0,0,0,12.4
main,batched+place,,{},batched+place,2,1000,10000,100,True,10000,2023.3626,4.9423,4.9485,12029.376,12878.697,11469.367,0.21,0.17,94.3,5.31,4277.82,3454.97,1908106.15,107523.66,11967.21,0.0,2253165.7,18.56,231479,98225,20,21523,4769,106052,3804,35,3804,9983,0.0,0.0,20.02,164.75,0.0,0,7754,215182,0,0,0,0,113.39
main,batched-aimd,,{},batched-aimd,8,500,5000,50,True,5000,541.5837,9.2322,9.101,3178.872,3640.559,3046.752,0.78,0.63,93.13,5.46,2100.4,1704.26,252191.74,14795.46,2199.55,0.0,599315.4,36.89,62285,21675,20,10476,2179,18371,1957,86,1957,0,0.0,0.0,10.8,78.66,0.0,0,976,55001,0,0,0,0,11.65
main,batched-aimd,,{},batched-aimd,9,500,5000,50,True,5000,541.9992,9.2251,9.0342,3227.067,3487.486,3060.57,0.78,0.61,93.5,5.1,2122.66,1652.61,253394.89,13829.46,1070.53,0.0,600281.3,36.92,62406,21916,20,10039,2079,18683,1976,93,1976,0,0.0,0.0,10.67,64.18,0.0,0,954,55147,0,0,0,0,11.16
main,batched+place,,{},batched+place,3,1000,10000,100,True,10000,2052.4119,4.8723,4.8957,12131.778,13165.337,11593.112,0.21,0.17,93.97,5.65,4227.47,3434.15,1928751.15,115999.17,11030.17,0.0,2276088.2,18.48,233872,98657,20,21645,5085,108030,3851,39,3851,9985,0.0,0.0,20.17,126.49,0.0,0,7857,217438,0,0,0,0,118.47
main,batched+place,,{},batched+place,5,1000,10000,100,True,10000,2097.1155,4.7685,4.7357,12663.818,13587.485,11932.349,0.2,0.16,94.67,4.96,4283.64,3356.57,1985368.21,104107.06,6745.73,0.0,2334241.1,18.55,239546,99796,20,21021,5012,111654,3940,33,3940,9986,0.0,0.0,20.53,177.79,0.0,0,8022,222799,0,0,0,0,118.45
main,serial,,{},serial,0,1000,10000,100,True,10000,2161.59,4.6262,4.6244,12895.665,13276.907,12270.007,0.2,0.08,94.53,5.2,4294.16,1661.47,2043339.7,112294.7,5557.35,0.0,129662.6,1.0,12663,0,1,9394,2755,2663,2448,215,2448,0,0.0,0.0,7.87,72.1,0.0,0,0,0,0,0,0,0,6.87
main,serial,,{},serial,1,1000,10000,100,True,10000,2170.6617,4.6069,4.6323,12876.316,13303.436,12292.75,0.2,0.08,94.31,5.42,4296.05,1672.4,2047119.34,117573.87,5816.93,0.0,130224.7,1.0,12724,0,1,9344,2704,2724,2497,227,2497,0,0.0,0.0,7.93,59.23,0.0,0,0,0,0,0,0,0,5.81
main,serial,,{},serial,2,1000,10000,100,True,10000,2165.56,4.6177,4.6273,12913.847,13230.534,12290.227,0.2,0.08,94.51,5.21,4277.82,1697.35,2046673.77,112911.02,5948.52,0.0,129905.4,1.0,12681,0,1,9407,2733,2681,2470,211,2470,0,0.0,0.0,7.85,60.97,0.0,0,0,0,0,0,0,0,3.21
main,serial,,{},serial,3,1000,10000,100,True,10000,2150.0125,4.6511,4.6606,12808.147,13136.042,12173.419,0.2,0.08,94.29,5.44,4227.47,1648.02,2027255.19,116881.81,5012.79,0.0,128946.6,1.0,12602,0,1,9441,2853,2602,2418,184,2418,0,0.0,0.0,7.82,65.53,0.0,0,0,0,0,0,0,0,4.22
main,batched+place,,{},batched+place,7,1000,10000,100,True,10000,2052.2391,4.8727,4.786,12270.75,13518.293,11668.644,0.21,0.17,94.6,5.03,4229.87,3441.48,1941332.53,103235.18,12217.45,0.0,2279329.9,18.51,234267,98787,20,21626,4830,108643,3831,52,3831,9988,0.0,0.0,19.88,163.6,0.0,0,7871,217749,0,0,0,0,109.46
main,serial,,{},serial,4,1000,10000,100,True,10000,2150.7833,4.6495,4.6572,12840.384,13112.057,12201.624,0.2,0.08,94.47,5.25,4278.65,1661.38,2031942.59,112900.73,4919.63,0.0,129014.9,1.0,12600,0,1,9318,2771,2600,2407,193,2407,0,0.0,0.0,7.84,81.46,0.0,0,0,0,0,0,0,0,4.16
main,serial,,{},serial,5,1000,10000,100,True,10000,2163.8559,4.6214,4.6199,12936.456,13124.604,12286.282,0.2,0.08,94.56,5.17,4283.64,1665.0,2046048.68,111858.55,4810.93,0.0,129814.4,1.0,12694,0,1,9267,2895,2694,2471,223,2471,0,0.0,0.0,7.89,61.67,0.0,0,0,0,0,0,0,0,6.67
main,batched+place,,{},batched+place,8,1000,10000,100,True,10000,2048.2758,4.8822,4.9195,12292.021,13048.75,11572.932,0.21,0.17,94.0,5.62,4285.2,3449.77,1925372.22,115168.59,10668.99,0.0,2276024.6,18.52,234003,99164,20,21226,4679,107763,3845,40,3845,9988,0.0,0.0,20.03,169.22,0.0,0,7855,217520,0,0,0,0,114.05
main,serial,,{},serial,7,1000,10000,100,True,10000,2155.6024,4.6391,4.6416,12918.405,13110.641,12229.169,0.2,0.08,94.48,5.25,4229.87,1654.18,2036540.72,113177.66,5864.14,0.0,129311.2,1.0,12610,0,1,9381,2666,2610,2399,211,2399,0,0.0,0.0,7.78,55.48,0.0,0,0,0,0,0,0,0,4.2
main,serial,,{},serial,6,1000,10000,100,True,10000,2165.9548,4.6169,4.6348,12934.022,13143.197,12278.422,0.2,0.08,94.4,5.32,4231.65,1651.5,2044752.2,115319.48,5565.24,0.0,129924.9,1.0,12720,0,1,9291,2819,2720,2522,198,2522,0,0.0,0.0,7.93,62.38,0.0,0,0,0,0,0,0,0,7.39
main,batched+place,,{},batched+place,6,1000,10000,100,True,10000,2099.7348,4.7625,4.8017,12324.063,13666.409,11869.267,0.2,0.16,94.05,5.59,4231.65,3380.85,1974830.33,117291.93,9128.1,0.0,2333626.2,18.52,239747,100867,20,20892,4908,113128,3939,42,3939,9984,0.0,0.0,19.98,136.22,0.0,0,8046,222943,0,0,0,0,117.92
main,batched+place,,{},batched+place,9,1000,10000,100,True,10000,2099.6083,4.7628,4.7447,12555.837,13312.992,11927.214,0.2,0.16,94.52,5.12,4248.69,3341.93,1984527.02,107490.64,9034.45,0.0,2339493.0,18.57,240315,101155,20,21046,4402,112108,3933,45,3933,9984,0.0,0.0,20.28,158.37,0.0,0,8049,223519,0,0,0,0,113.88
main,serial,,{},serial,9,1000,10000,100,True,10000,2163.3838,4.6224,4.6347,12950.363,13133.375,12277.345,0.2,0.08,94.51,5.22,4248.69,1648.67,2044575.53,112910.97,4986.08,0.0,129729.1,1.0,12686,0,1,9307,2464,2686,2503,183,2503,0,0.0,0.0,7.9,64.39,0.0,0,0,0,0,0,0,0,5.83
main,serial,,{},serial,8,1000,10000,100,True,10000,2166.0273,4.6167,4.6361,12900.119,13248.162,12279.223,0.2,0.08,94.41,5.32,4285.2,1675.23,2044862.02,115204.84,5528.11,0.0,129942.8,1.0,12692,0,1,9295,2639,2692,2467,225,2467,0,0.0,0.0,7.88,72.71,0.0,0,0,0,0,0,0,0,8.15
main,batched+place,,{},batched+place,1,500,5000,50,True,5000,1020.7177,4.8985,4.847,6113.248,6697.245,5801.566,0.41,0.32,94.41,4.86,2108.89,1616.06,481847.77,24786.12,2329.28,0.0,1133887.8,37.03,116423,48647,20,9975,1975,55139,1911,22,1911,4986,0.0,0.0,19.86,145.56,0.0,0,3907,108216,0,0,0,0,44.05
main,batched+place,,{},batched+place,2,500,5000,50,True,5000,1051.4919,4.7551,4.6997,6283.005,6925.171,5955.049,0.4,0.31,94.08,5.2,2128.39,1655.89,494598.19,27363.5,2353.02,0.0,1163986.7,36.9,119584,50284,20,10081,2079,56508,1978,17,1978,4986,0.0,0.0,19.39,135.14,0.0,0,4024,111121,0,0,0,0,47.08
main,batched+place,,{},batched+place,6,500,5000,50,True,5000,1071.5328,4.6662,4.7082,6374.093,6910.814,6032.299,0.4,0.29,93.54,5.77,2135.17,1548.09,501143.48,30939.66,3082.28,0.0,1188473.4,36.97,121935,51167,20,9283,2185,56834,2010,21,2010,4984,0.0,0.0,20.72,144.97,0.0,0,4102,113395,0,0,0,0,42.06
main,batched+place,,{},batched+place,3,500,5000,50,True,5000,1041.1451,4.8024,4.762,6184.673,6896.845,5915.751,0.41,0.32,94.38,4.89,2143.65,1656.34,491322.9,25449.65,1400.13,0.0,1149765.7,36.81,118164,49455,20,10245,2175,55079,1955,17,1955,4987,0.0,0.0,19.7,153.53,0.0,0,3987,109808,0,0,0,0,47.49
main,batched+place,,{},batched+place,4,500,5000,50,True,5000,1014.5555,4.9283,4.8537,6113.346,6704.185,5773.563,0.42,0.32,94.52,4.73,2138.8,1647.02,479483.24,24008.67,2225.37,0.0,1125916.3,36.99,115613,48447,20,9964,1961,53212,1897,21,1897,4985,0.0,0.0,20.07,149.63,0.0,0,3882,107447,0,0,0,0,47.96
main,batched+place,,{},batched+place,0,500,5000,50,True,5000,1035.7184,4.8276,4.745,6258.031,6674.287,5858.999,0.41,0.33,93.95,5.3,2143.14,1703.24,486546.67,27466.15,2783.77,0.0,1139757.3,36.68,117169,49262,20,10525,2120,54727,1946,19,1946,4989,0.0,0.0,20.44,178.4,0.0,0,3961,108872,0,0,0,0,51.27
main,batched+place,,{},batched+place,8,500,5000,50,True,5000,1053.9292,4.7442,4.7034,6288.435,6888.111,5941.4,0.4,0.31,93.65,5.65,2100.4,1627.04,493489.63,29747.55,3364.87,0.0,1166385.7,36.89,119807,50200,20,9892,2026,56013,1966,20,1966,4986,0.0,0.0,19.85,135.69,0.0,0,4040,111348,0,0,0,0,42.27
main,batched+place,,{},batched+place,5,500,5000,50,True,5000,1051.9979,4.7529,4.6925,6312.716,6840.463,6016.352,0.4,0.3,95.01,4.29,2084.71,1603.28,499759.42,22551.54,1709.41,0.0,1168847.3,37.04,119996,50099,20,9978,1980,56293,1977,18,1977,4987,0.0,0.0,20.26,144.53,0.0,0,4014,111588,0,0,0,0,46.93
main,batched+place,,{},batched+place,7,500,5000,50,True,5000,1061.1219,4.712,4.6532,6292.807,7072.588,5960.647,0.41,0.32,93.3,5.97,2180.71,1723.03,494997.53,31659.66,3788.25,0.0,1174251.3,36.89,120562,50268,20,10321,2127,57012,1984,23,1984,4987,0.0,0.0,20.24,170.93,0.0,0,4062,112065,0,0,0,0,46.39
main,batched+place,,{},batched+place,9,500,5000,50,True,5000,1038.7729,4.8134,4.7036,6250.778,6784.766,5879.737,0.41,0.3,94.03,5.25,2122.66,1574.34,488403.73,27285.72,1432.34,0.0,1153678.4,37.02,118375,49006,20,9648,1920,55996,1951,17,1951,4986,0.0,0.0,19.92,140.1,0.0,0,3970,110054,0,0,0,0,48.23
main,beanstalk-noplace,,{},beanstalk-noplace,0,1000,10000,100,True,10000,72.1454,138.6089,182.5881,1075.48,2194.506,1116.805,5.95,9.81,1.82,82.42,4294.16,7080.37,1312.11,59458.8,179.64,58542.66,138893.7,32.09,13815,0,100,39138,3067,4948,6782,181,6782,0,413.41,45.8,868.24,2202.27,4072.8,233,0,0,2089,8852,4876,4963,11.63
main,beanstalk-noplace,,{},beanstalk-noplace,1,1000,10000,100,True,10000,70.1671,142.517,129.2421,492.919,1408.157,771.315,6.12,10.34,1.87,81.67,4296.05,7252.23,1310.57,57308.23,78.1,56181.57,135949.5,32.29,13547,0,100,40378,3060,4817,6597,165,6597,0,458.16,46.56,528.35,1415.38,3965.2,222,0,0,2064,8715,4699,4832,13.45
main,beanstalk-noplace,,{},beanstalk-noplace,2,1000,10000,100,True,10000,69.9939,142.8695,172.9479,1404.46,2765.365,1463.959,6.11,9.69,1.5,82.7,4277.82,6780.99,1052.67,57882.45,10.31,57703.13,121358.2,28.9,12076,0,100,37646,2849,5054,6113,131,6113,0,476.51,43.98,1150.09,2769.6,4021.5,197,0,0,1830,7011,4414,5065,14.6
main,beanstalk,,{},beanstalk,1,1000,10000,100,True,10000,72.1718,138.5583,155.3941,793.116,1338.229,792.792,5.95,9.69,1.62,82.74,4296.05,6995.0,1165.93,59714.82,44.84,59347.07,133051.7,30.73,13232,0,100,38887,2966,4843,6368,183,6368,9812,454.52,45.51,538.97,1344.56,3984.1,216,0,0,2008,8370,4543,4862,31.11
main,beanstalk,,{},beanstalk,2,1000,10000,100,True,10000,69.3748,144.1446,189.0919,520.732,1392.154,734.471,6.17,9.88,1.53,82.42,4277.82,6856.43,1060.56,57179.99,19.8,56904.94,129504.4,31.11,12884,0,100,37345,2821,4900,6271,173,6271,9851,426.16,45.19,486.53,1398.91,3918.9,215,0,0,1949,7960,4495,4924,31.31
main,beanstalk-noplace,,{},beanstalk-noplace,4,1000,10000,100,True,10000,69.4097,144.072,180.4829,469.503,1485.722,779.245,6.16,10.18,1.8,81.85,4278.65,7068.49,1249.7,56812.89,162.14,55732.91,135076.2,32.43,13452,0,100,38960,3071,4768,6564,180,6564,0,469.66,45.92,571.0,1491.03,3944.3,223,0,0,2008,8659,4736,4793,13.39
main,beanstalk-noplace,,{},beanstalk-noplace,5,1000,10000,100,True,10000,69.3645,144.1661,210.5642,1361.43,2271.136,1282.525,6.18,10.03,1.79,82.01,4283.64,6953.8,1239.71,56887.3,10.56,56710.11,138268.5,33.22,13753,0,100,38897,3133,4885,6767,170,6767,0,480.19,45.45,1043.49,2277.27,3982.5,248,0,0,2069,8857,4868,4896,9.62
main,beanstalk-noplace,,{},beanstalk-noplace,3,1000,10000,100,True,10000,63.7018,156.9814,544.1372,1092.008,2680.897,1224.553,6.64,10.72,1.71,80.93,4227.47,6827.66,1092.3,51554.38,41.15,51271.43,128018.3,33.49,12731,0,100,38358,2962,4922,6170,157,6170,0,369.82,44.69,1001.03,2685.42,3662.7,202,0,0,1916,7788,4413,4943,14.76
main,beanstalk,,{},beanstalk,0,1000,10000,100,True,10000,70.9286,140.9869,147.3166,1603.538,3247.942,1691.321,6.05,9.33,1.57,83.05,4294.16,6618.0,1110.31,58906.1,53.75,58427.43,132582.3,31.15,13194,0,100,36868,3035,5086,6546,178,6546,9858,504.45,43.96,1343.72,3251.37,4050.8,217,0,0,1980,8093,4744,5101,35.58
main,beanstalk,,{},beanstalk,3,1000,10000,100,True,10000,68.1511,146.7327,265.0005,1317.43,2208.755,1280.951,6.2,10.17,1.69,81.94,4227.47,6927.83,1152.49,55843.37,29.41,55612.89,131417.8,32.14,13096,0,100,38487,2985,4828,6251,154,6251,9902,493.16,46.24,1001.12,2214.85,3912.4,219,0,0,1974,8260,4432,4836,34.14
main,beanstalk-noplace,,{},beanstalk-noplace,6,1000,10000,100,True,10000,67.578,147.9772,216.584,1304.978,2207.625,1266.869,6.26,10.1,1.71,81.93,4231.65,6826.22,1154.72,55365.4,10.77,55295.59,142595.9,35.17,14198,0,100,37613,2901,4761,6500,195,6500,0,506.66,47.23,1016.47,2214.92,3817.7,230,0,0,2131,9433,4564,4765,9.83
queue,batched k=1,,"{""batch_k"": 1}",batched,0,1000,10000,100,True,10000,617.4315,16.1961,16.2503,3648.563,3986.074,3481.585,0.7,0.36,93.62,5.32,4294.16,2222.36,578041.79,32873.14,4044.5,0.0,675106.9,18.22,71721,20404,20,12966,3401,14699,3147,192,3147,0,0.0,0.0,7.16,52.5,0.0,0,0,58382,0,0,0,0,5.48
main,beanstalk,,{},beanstalk,4,1000,10000,100,True,10000,71.082,140.6826,154.6491,1350.448,3093.166,1621.648,6.02,9.94,1.72,82.32,4278.65,7063.3,1222.39,58517.65,224.35,57403.56,131384.8,30.81,13079,0,100,38571,2940,4799,6448,152,6448,9848,443.07,45.74,1256.42,3098.26,4045.8,217,0,0,1939,8249,4662,4830,32.96
main,beanstalk,,{},beanstalk,6,1000,10000,100,True,10000,68.5784,145.8186,157.8902,802.127,2094.53,993.677,6.17,10.09,1.73,82.01,4231.65,6918.79,1188.86,56239.06,89.13,55513.46,142284.6,34.58,14181,0,100,38037,3021,4751,6581,175,6581,9825,591.27,47.13,714.67,2102.62,3898.5,239,0,0,2120,9415,4636,4766,29.29
queue,batched k=1,,"{""batch_k"": 1}",batched,3,1000,10000,100,True,10000,610.8656,16.3702,16.4467,3612.397,3891.207,3427.628,0.69,0.37,93.15,5.79,4227.47,2255.05,569016.35,35366.71,4133.2,0.0,666396.0,18.18,70825,19930,20,13146,3481,14231,3119,176,3119,0,0.0,0.0,7.33,60.55,0.0,0,0,57530,0,0,0,0,6.25
main,beanstalk-noplace,,{},beanstalk-noplace,7,1000,10000,100,True,10000,76.6425,130.4759,222.798,1115.357,2145.776,1251.115,5.52,9.27,1.58,83.63,4229.87,7102.13,1211.88,64098.62,57.44,63850.11,129255.3,28.11,12879,0,100,39469,2799,4909,6414,178,6414,0,765.59,45.52,933.56,2152.59,4406.4,210,0,0,1962,7963,4630,4916,10.27
queue,batched k=1,,"{""batch_k"": 1}",batched,2,1000,10000,100,True,10000,617.7519,16.1877,16.2473,3664.252,3856.242,3492.624,0.69,0.37,93.85,5.08,4277.82,2314.91,579789.07,31370.07,3120.4,0.0,675290.4,18.22,71919,20877,20,13227,3352,14426,3147,191,3147,0,0.0,0.0,7.32,54.69,0.0,0,0,58581,0,0,0,0,8.1
queue,batched k=1,,"{""batch_k"": 1}",batched,1,1000,10000,100,True,10000,618.9162,16.1573,16.291,3608.151,4026.89,3469.667,0.69,0.37,93.07,5.87,4296.05,2281.87,575995.99,36342.28,3523.02,0.0,677020.3,18.23,72016,20810,20,13032,3330,14588,3130,226,3130,0,0.0,0.0,7.19,49.11,0.0,0,0,58660,0,0,0,0,8.85
main,beanstalk,,{},beanstalk,5,1000,10000,100,True,10000,67.9245,147.2222,204.3907,907.98,1743.303,1040.595,6.31,10.02,1.71,81.97,4283.64,6804.08,1161.49,55675.32,4.68,55579.72,134132.4,32.91,13365,0,100,37814,3143,4834,6578,162,6578,9866,480.03,45.25,781.45,1753.09,3883.9,213,0,0,2032,8524,4708,4840,34.35
main,beanstalk-noplace,,{},beanstalk-noplace,8,1000,10000,100,True,10000,69.696,143.4803,159.2736,845.285,2436.54,1126.742,6.15,9.85,1.57,82.42,4285.2,6867.29,1097.17,57446.31,20.87,57298.67,134086.5,32.06,13357,0,100,37495,2750,4755,6342,159,6342,0,543.04,46.32,820.95,2443.05,3999.9,237,0,0,2010,8569,4491,4788,10.52
queue,batched k=1,,"{""batch_k"": 1}",batched,4,1000,10000,100,True,10000,606.1101,16.4987,16.6177,3554.501,3935.601,3417.636,0.71,0.37,93.6,5.32,4278.65,2268.91,567337.09,32225.5,2774.94,0.0,661547.7,18.19,70318,19686,20,13004,3405,13935,3066,199,3066,0,0.0,0.0,7.25,53.13,0.0,0,0,57053,0,0,0,0,6.62
main,beanstalk-noplace,,{},beanstalk-noplace,9,1000,10000,100,True,10000,68.1053,146.8314,,2352.459,4067.265,2419.375,6.24,10.23,1.75,81.78,4248.69,6967.86,1194.82,55693.93,25.65,55534.17,138198.4,33.82,13746,0,100,38545,2738,5035,6728,176,6728,0,385.02,45.8,2030.67,4073.8,3886.0,241,0,0,2072,8708,4832,5038,10.85
queue,batched k=1,,"{""batch_k"": 1}",batched,5,1000,10000,100,True,10000,623.984,16.0261,16.0808,3685.479,3973.619,3521.704,0.69,0.36,93.71,5.25,4283.64,2244.18,584706.56,32749.6,3149.28,0.0,682715.1,18.24,72606,21070,20,12762,3457,14380,3146,236,3146,0,0.0,0.0,7.38,63.7,0.0,0,0,59224,0,0,0,0,7.74
main,beanstalk,,{},beanstalk,7,1000,10000,100,True,10000,71.4083,140.0397,153.4284,780.082,1322.151,728.267,5.92,9.84,1.61,82.63,4229.87,7023.75,1148.29,59006.44,45.93,58674.45,129531.5,30.23,12892,0,100,38823,2844,4917,6437,161,6437,9916,440.75,44.63,482.75,1328.13,4131.7,235,0,0,1920,7965,4678,4927,32.56
main,beanstalk,,{},beanstalk,8,1000,10000,100,True,10000,67.9273,147.2163,,2218.328,3958.591,2255.905,6.31,10.21,1.7,81.78,4285.2,6932.17,1156.11,55553.8,13.62,55399.49,130365.6,31.99,12975,0,100,37673,2891,4814,6288,156,6288,9867,430.89,45.72,1930.4,3965.74,3893.2,207,0,0,1953,8146,4492,4829,31.79
queue,batched k=1,,"{""batch_k"": 1}",batched,6,1000,10000,100,True,10000,625.0468,15.9988,16.1287,3668.853,3963.233,3519.976,0.68,0.35,93.51,5.46,4231.65,2211.4,584451.31,34152.49,2894.62,0.0,682132.7,18.19,72510,20606,20,12752,3373,14672,3175,205,3175,0,0.0,0.0,7.37,49.07,0.0,0,0,59130,0,0,0,0,8.69
queue,batched k=1,,"{""batch_k"": 1}",batched,9,1000,10000,100,True,10000,632.8738,15.8009,15.8038,3756.569,4029.526,3582.663,0.67,0.35,94.0,4.98,4248.69,2230.82,594879.6,31514.68,2932.37,0.0,690623.8,18.19,73373,21185,20,12732,2972,15085,3193,229,3193,0,0.0,0.0,7.23,59.89,0.0,0,0,59951,0,0,0,0,7.44
main,beanstalk,,{},beanstalk,9,1000,10000,100,True,10000,68.3408,146.3255,754.6598,1589.884,3238.512,1666.654,6.22,9.76,1.57,82.45,4248.69,6673.17,1071.92,56347.03,11.02,56291.58,134508.7,32.8,13390,0,100,37048,2732,4992,6499,181,6499,9876,394.42,45.01,1335.81,3246.18,3806.6,246,0,0,2021,8383,4659,5007,33.31
queue,batched k=1,,"{""batch_k"": 1}",batched,7,1000,10000,100,True,10000,611.1339,16.363,16.3538,3655.245,3857.431,3453.488,0.69,0.37,93.81,5.13,4229.87,2255.68,573325.7,31322.61,3615.34,0.0,668109.3,18.22,71067,20225,20,13051,3269,14191,3108,201,3108,0,0.0,0.0,7.26,65.41,0.0,0,0,57758,0,0,0,0,9.33
queue,batched k=1,,"{""batch_k"": 1}",batched,8,1000,10000,100,True,10000,623.7855,16.0312,16.3145,3658.134,3960.337,3499.017,0.69,0.37,93.12,5.82,4285.2,2305.91,580863.54,36330.84,3467.21,0.0,683038.7,18.25,72546,20876,20,13063,3257,14547,3184,188,3184,0,0.0,0.0,7.38,49.72,0.0,0,0,59174,0,0,0,0,9.48
fair,batched k=1 released,,"{""batch_k"": 1, ""queue_agents"": ""released""}",batched,5,1000,10000,100,True,10000,621.1853,16.0983,16.2939,17332.562,33130.946,17438.42,0.69,0.41,0.0,98.9,4283.64,2556.0,0.0,614345.62,0.0,0.0,679104.7,18.22,72277,20812,20,15132,5010,14513,3153,207,3153,0,0.0,0.0,7.32,53.84,0.0,0,0,58917,0,0,0,0,7.4
fair,batched k=1 released,,"{""batch_k"": 1, ""queue_agents"": ""released""}",batched,0,1000,10000,100,True,10000,625.866,15.9779,15.9083,18172.625,33762.797,17915.794,0.69,0.41,0.0,98.9,4294.16,2570.06,0.0,619001.8,0.0,0.0,684973.3,18.24,72912,21274,20,15240,4463,14623,3183,210,3183,0,0.0,0.0,7.29,52.07,0.0,0,0,59519,0,0,0,0,10.53
fair,batched k=1 released,,"{""batch_k"": 1, ""queue_agents"": ""released""}",batched,3,1000,10000,100,True,10000,597.1619,16.7459,16.8243,17319.031,31874.02,17086.633,0.71,0.43,0.0,98.86,4227.47,2553.59,0.0,590380.86,0.0,0.0,651862.2,18.19,69355,19534,20,15554,5029,13538,3018,198,3018,0,0.0,0.0,7.07,45.43,0.0,0,0,56139,0,0,0,0,9.14
fair,batched k=1 released,,"{""batch_k"": 1, ""queue_agents"": ""released""}",batched,1,1000,10000,100,True,10000,621.6958,16.085,16.1888,17337.455,33479.134,17367.556,0.69,0.43,0.0,98.88,4296.05,2674.91,0.0,614724.83,0.0,0.0,678356.7,18.19,71996,20453,20,15778,4780,14767,3166,189,3166,0,0.0,0.0,7.29,51.73,0.0,0,0,58641,0,0,0,0,10.64
fair,batched k=1 released,,"{""batch_k"": 1, ""queue_agents"": ""released""}",batched,2,1000,10000,100,True,10000,615.5258,16.2463,16.167,17443.139,32921.353,17348.833,0.69,0.43,0.0,98.87,4277.82,2648.77,0.0,608599.17,0.0,0.0,673571.5,18.24,71579,20939,20,15569,4735,14292,3124,205,3124,0,0.0,0.0,7.51,60.77,0.0,0,0,58250,0,0,0,0,11.41
fair,batched k=1 released,,"{""batch_k"": 1, ""queue_agents"": ""released""}",batched,4,1000,10000,100,True,10000,606.9978,16.4745,16.7463,17010.24,32214.51,17048.964,0.7,0.42,0.0,98.88,4278.65,2544.32,0.0,600174.82,0.0,0.0,662927.5,18.2,70562,20253,20,14959,4441,13969,3064,218,3064,0,0.0,0.0,7.12,53.42,0.0,0,0,57280,0,0,0,0,10.54
fair,batched k=1 released,,"{""batch_k"": 1, ""queue_agents"": ""released""}",batched,7,1000,10000,100,True,10000,606.0518,16.5002,16.4747,16897.852,32513.793,16975.172,0.7,0.43,0.0,98.88,4229.87,2577.35,0.0,599244.63,0.0,0.0,663166.7,18.24,70602,20177,20,15284,4282,13921,3067,207,3067,0,0.0,0.0,7.15,51.93,0.0,0,0,57328,0,0,0,0,8.16
fair,batched k=1 released,,"{""batch_k"": 1, ""queue_agents"": ""released""}",batched,9,1000,10000,100,True,10000,621.8919,16.08,16.2447,17746.075,33261.793,17632.523,0.68,0.41,0.0,98.9,4248.69,2565.34,0.0,615077.92,0.0,0.0,678724.8,18.19,72083,20702,20,15183,4281,14528,3147,214,3147,0,0.0,0.0,7.28,50.62,0.0,0,0,58722,0,0,0,0,8.62
fair,batched k=1 released,,"{""batch_k"": 1, ""queue_agents"": ""released""}",batched,6,1000,10000,100,True,10000,626.4883,15.962,15.9873,18564.418,33907.263,18132.819,0.68,0.41,0.0,98.92,4231.65,2560.95,0.0,619695.68,0.0,0.0,683279.2,18.18,72565,20742,20,15139,4550,14460,3158,224,3158,0,0.0,0.0,7.28,53.49,0.0,0,0,59183,0,0,0,0,9.98
fair,batched k=1 released,,"{""batch_k"": 1, ""queue_agents"": ""released""}",batched,8,1000,10000,100,True,10000,620.2451,16.1227,16.1722,17146.94,33305.503,17488.046,0.69,0.41,0.0,98.89,4285.2,2573.35,0.0,613386.59,0.0,0.0,677222.1,18.2,72088,20466,20,15138,4488,14499,3128,222,3128,0,0.0,0.0,7.26,51.49,0.0,0,0,58738,0,0,0,0,10.97
queue,batched-par k=1,,"{""batch_k"": 1}",batched-par,0,1000,10000,100,True,10000,484.0838,20.6576,20.4711,2878.969,3146.496,2733.432,0.89,0.72,93.39,5.0,4294.16,3485.47,452086.56,24217.65,2419.46,0.0,817199.2,28.14,92227,35529,100,21776,4938,20989,3951,194,3951,0,0.0,0.0,5.4,50.61,0.0,0,0,78082,0,0,0,0,50.76
queue,batched-par k=1,,"{""batch_k"": 1}",batched-par,2,1000,10000,100,True,10000,483.794,20.67,20.7929,2836.046,3199.006,2719.569,0.88,0.76,92.93,5.43,4277.82,3682.79,449578.74,26254.61,2466.73,0.0,820685.4,28.27,93811,36833,100,22686,4865,21184,3974,215,3974,0,0.0,0.0,5.52,42.49,0.0,0,0,79622,0,0,0,0,50.78
queue,batched-par k=1,,"{""batch_k"": 1}",batched-par,7,1000,10000,100,True,10000,475.7055,21.0214,20.8396,2872.593,3062.988,2663.527,0.89,0.75,92.57,5.79,4229.87,3551.58,440369.61,27554.45,2075.27,0.0,795258.3,27.86,90954,35664,85,22123,4739,20197,3870,211,3870,0,0.0,0.0,5.26,45.75,0.0,0,0,76873,0,0,0,0,49.43
fair,beanstalk quarantine,,"{""green_mode"": ""quarantine""}",beanstalk,0,1000,10000,100,True,10000,79.9291,125.1109,122.3094,416.369,853.23,447.41,5.37,7.24,1.47,85.91,4294.16,5787.8,1176.34,68670.77,18.66,68599.97,138849.2,28.95,13815,0,100,31222,2681,4101,6304,116,6304,9879,595.91,180.65,37.41,253.52,4651.3,631,0,0,1938,8289,4538,5526,36.32
queue,batched-par k=1,,"{""batch_k"": 1}",batched-par,9,1000,10000,100,True,10000,489.1977,20.4416,20.4678,2889.21,3186.112,2735.671,0.87,0.72,92.48,5.93,4248.69,3526.32,452418.79,29003.88,1850.74,0.0,816157.9,27.81,93130,36946,100,22021,4504,20935,3980,202,3980,0,0.0,0.0,5.6,105.5,0.0,0,0,78948,0,0,0,0,50.59
queue,batched-par k=1,,"{""batch_k"": 1}",batched-par,4,1000,10000,100,True,10000,477.2002,20.9556,21.0731,2800.611,3190.18,2676.843,0.9,0.75,92.74,5.61,4278.65,3600.99,442539.49,26781.08,1992.52,0.0,806405.7,28.16,91984,36100,91,21822,4910,20633,3898,220,3898,0,0.0,0.0,5.39,44.16,0.0,0,0,77866,0,0,0,0,55.41
queue,batched-par k=1,,"{""batch_k"": 1}",batched-par,6,1000,10000,100,True,10000,484.5061,20.6396,20.7422,2843.905,3133.737,2716.764,0.87,0.73,92.73,5.67,4231.65,3515.64,449278.32,27480.49,2776.15,0.0,817671.8,28.13,93991,37592,91,21596,5015,20990,3977,218,3977,0,0.0,0.0,5.44,44.82,0.0,0,0,79796,0,0,0,0,56.19
queue,batched-par k=1,,"{""batch_k"": 1}",batched-par,1,1000,10000,100,True,10000,484.1187,20.6561,20.7307,2854.322,3110.593,2698.07,0.89,0.75,92.14,6.23,4296.05,3621.37,446056.96,30144.36,3075.83,0.0,811601.6,27.94,92783,36296,98,22089,4870,21003,3914,215,3914,0,0.0,0.0,5.55,53.1,0.0,0,0,78654,0,0,0,0,58.49
fair,beanstalk quarantine,,"{""green_mode"": ""quarantine""}",beanstalk,3,1000,10000,100,True,10000,83.5147,119.7395,119.1165,483.643,907.101,487.925,5.06,6.67,1.4,86.87,4227.47,5566.97,1172.73,72547.49,13.46,72513.04,136822.3,27.31,13607,0,100,31430,2668,4323,5913,124,5913,9836,595.23,205.94,49.94,403.32,4839.7,639,0,0,1863,8024,4220,5583,33.88
queue,batched-par k=1,,"{""batch_k"": 1}",batched-par,8,1000,10000,100,True,10000,481.8211,20.7546,20.7583,2851.316,3233.949,2708.439,0.89,0.77,92.92,5.42,4285.2,3693.43,447713.01,26129.42,1999.99,0.0,818755.4,28.32,95443,39378,100,22497,4812,21083,3999,203,3999,0,0.0,0.0,5.39,44.7,0.0,0,0,81241,0,0,0,0,56.45
queue,batched-par k=1,,"{""batch_k"": 1}",batched-par,3,1000,10000,100,True,10000,477.4263,20.9456,20.9052,2828.399,3044.764,2668.835,0.89,0.76,92.4,5.95,4227.47,3645.6,441160.24,28393.04,2331.68,0.0,802492.1,28.01,91591,35925,100,22783,5193,20230,3922,218,3922,0,0.0,0.0,5.4,41.91,0.0,0,0,77451,0,0,0,0,58.64
fair,beanstalk quarantine,,"{""green_mode"": ""quarantine""}",beanstalk,1,1000,10000,100,True,10000,82.6749,120.9557,120.6913,451.513,1154.373,530.654,5.2,7.84,2.04,84.92,4296.05,6482.4,1689.45,70206.96,26.37,70071.09,135275.3,27.27,13462,0,100,35806,2930,3346,6474,136,6474,9860,656.37,236.64,34.05,236.08,4790.6,657,0,0,2038,8270,4637,5192,42.53
queue,batched-par k=1,,"{""batch_k"": 1}",batched-par,5,1000,10000,100,True,10000,474.1795,21.0891,21.3788,2795.021,3067.897,2658.197,0.9,0.74,92.69,5.67,4283.64,3504.61,439528.2,26863.08,2253.72,0.0,800517.2,28.14,90936,35288,90,21840,5035,20247,3906,187,3906,0,0.0,0.0,5.47,40.74,0.0,0,0,76843,0,0,0,0,60.2
fair,beanstalk quarantine,,"{""green_mode"": ""quarantine""}",beanstalk,2,1000,10000,100,True,10000,83.6648,119.5245,126.3964,387.925,858.966,445.879,5.11,6.82,1.2,86.87,4277.82,5702.34,1007.78,72676.87,8.74,72583.39,136785.4,27.25,13612,0,100,30337,2517,4002,6033,140,6033,9829,520.04,190.24,39.47,245.43,4858.3,472,0,0,1899,8165,4326,5447,40.27
fair,beanstalk quarantine,,"{""green_mode"": ""quarantine""}",beanstalk,5,1000,10000,100,True,10000,76.1603,131.302,155.5797,493.803,1238.393,586.613,5.62,9.36,2.95,82.07,4283.64,7129.58,2245.86,62501.24,15.24,62394.9,119580.4,26.17,11910,0,100,40045,3396,2954,7312,114,7312,9856,549.91,249.71,33.01,280.9,4382.9,767,0,0,2225,7016,5271,4894,44.13
fair,beanstalk quarantine,,"{""green_mode"": ""quarantine""}",beanstalk,4,1000,10000,100,True,10000,76.9401,129.9712,131.9718,470.793,1115.037,543.548,5.56,8.58,2.16,83.7,4278.65,6598.11,1660.66,64402.72,25.36,64160.86,109383.3,23.69,10888,0,100,36129,2909,2548,6623,90,6623,9847,757.42,244.35,17.28,213.95,4414.5,613,0,0,2019,5861,4762,5027,50.72
fair,beanstalk quarantine,,"{""green_mode"": ""quarantine""}",beanstalk,6,1000,10000,100,True,10000,82.5827,121.0907,120.2002,422.99,947.426,487.678,5.12,6.88,1.36,86.64,4231.65,5677.58,1120.55,71552.92,23.73,71483.82,157834.5,31.85,15705,0,100,31023,2781,4042,6045,148,6045,9868,628.4,208.8,47.16,339.47,4803.1,456,0,0,1967,10302,4309,5403,38.55
fair,beanstalk quarantine,,"{""green_mode"": ""quarantine""}",beanstalk,7,1000,10000,100,True,10000,85.8167,116.5274,119.1176,437.626,908.424,474.054,4.93,6.83,1.4,86.84,4229.87,5859.25,1204.15,74523.45,42.72,74286.15,153799.6,29.87,15307,0,100,31620,2323,4280,5799,156,5799,9869,550.13,198.98,56.66,382.31,4907.9,452,0,0,1765,9861,4243,5446,41.42
fair,beanstalk quarantine,,"{""green_mode"": ""quarantine""}",beanstalk,9,1000,10000,100,True,10000,79.6335,125.5752,145.3002,549.8,1232.264,596.266,5.34,8.91,2.63,83.13,4248.69,7094.53,2092.3,66198.03,19.22,66127.55,138992.4,29.09,13813,0,100,40048,2937,3886,7133,133,7133,9873,560.26,245.92,47.82,349.06,4516.5,875,0,0,2196,8795,5122,5018,45.95
fair,beanstalk quarantine,,"{""green_mode"": ""quarantine""}",beanstalk,8,1000,10000,100,True,10000,80.0005,124.9993,130.7138,493.794,1196.189,563.829,5.36,7.98,2.0,84.67,4285.2,6382.33,1597.75,67735.19,16.68,67545.6,135818.6,28.3,13511,0,100,34909,2813,3126,6404,127,6404,9844,650.08,254.9,31.64,249.84,4577.0,665,0,0,2040,8577,4572,4934,50.52
fair,beanstalk no-budget,,"{""budget"": false}",beanstalk,4,1000,10000,100,True,10000,57.2548,174.6578,,2838.958,3415.804,2752.124,7.47,36.4,18.15,37.97,4278.65,20840.07,10394.45,21741.65,438.99,0.0,267366.6,77.83,26567,0,100,105531,4449,514,8025,472,8025,9988,1837.93,309.23,1702.52,3420.11,0.0,1461,0,0,2516,26038,5981,529,49.39
fair,beanstalk no-budget,,"{""budget"": false}",beanstalk,2,1000,10000,100,True,10000,58.5942,170.6654,,2706.204,3285.375,2612.112,7.3,34.56,17.84,40.3,4277.82,20251.17,10453.53,23611.66,473.47,0.0,278562.8,79.24,27722,0,100,103873,4296,510,8099,508,8099,9983,1921.76,313.63,1547.78,3292.13,0.0,1483,0,0,2621,27206,5986,516,54.99
fair,beanstalk no-budget,,"{""budget"": false}",beanstalk,6,1000,10000,100,True,10000,55.4004,180.5041,,2696.202,3288.006,2653.281,7.64,34.74,18.03,39.59,4231.65,19248.08,9988.06,21932.6,423.48,0.0,300030.4,90.26,29874,0,100,99867,4730,432,8478,526,8478,9984,2039.43,386.58,1630.74,3292.53,0.0,1770,0,0,2766,29439,6238,435,53.93
fair,beanstalk no-budget,,"{""budget"": false}",beanstalk,0,1000,10000,100,True,10000,56.3031,177.6102,,2710.693,3359.19,2650.76,7.63,36.82,19.06,36.49,4294.16,20730.6,10732.58,20545.74,511.81,0.0,277032.1,82.01,27542,0,100,106204,4485,613,8489,458,8489,9990,2037.98,287.75,1689.09,3378.18,0.0,1433,0,0,2621,26928,6326,614,58.38
fair,beanstalk no-budget,,"{""budget"": false}",beanstalk,3,1000,10000,100,True,10000,53.3635,187.3941,,2611.322,3182.553,2499.922,7.92,38.61,20.8,32.68,4227.47,20601.19,11097.85,17436.95,408.77,0.0,272309.3,85.05,27099,0,100,108510,4648,505,7975,471,7975,9985,2041.88,304.08,1587.79,3188.64,0.0,1401,0,0,2595,26590,5852,509,57.86
fair,beanstalk no-budget,,"{""budget"": false}",beanstalk,8,1000,10000,100,True,10000,53.0351,188.5543,,2563.129,3150.018,2500.759,8.08,38.39,18.98,34.55,4285.2,20358.72,10067.52,18323.68,426.3,0.0,271704.8,85.39,27041,0,100,103215,4363,492,7927,491,7927,9988,1972.86,319.53,1566.25,3157.17,0.0,1562,0,0,2524,26542,5894,499,56.19
fair,beanstalk no-budget,,"{""budget"": false}",beanstalk,1,1000,10000,100,True,10000,55.3291,180.7366,,2686.045,3300.529,2586.131,7.76,41.14,20.02,31.08,4296.05,22761.67,11077.8,17193.62,309.74,0.0,261975.7,78.91,26050,0,100,113959,4483,670,8416,455,8416,9987,2049.0,256.63,1645.58,3305.39,0.0,1174,0,0,2581,25378,6290,672,63.35
fair,beanstalk no-budget,,"{""budget"": false}",beanstalk,7,1000,10000,100,True,10000,57.4702,174.0034,,2714.354,3348.365,2658.696,7.36,36.78,19.38,36.48,4229.87,21139.27,11136.51,20964.5,387.8,0.0,280251.3,81.27,27907,0,100,108950,3968,519,8195,487,8195,9987,2125.91,313.55,1644.78,3367.35,0.0,1544,0,0,2611,27384,6071,523,60.38
fair,beanstalk no-budget,,"{""budget"": false}",beanstalk,9,1000,10000,100,True,10000,55.7886,179.248,,2681.229,3290.22,2640.797,7.62,34.16,19.56,38.66,4248.69,19058.1,10914.0,21567.84,352.19,0.0,293126.9,87.57,29151,0,100,102676,4154,528,8438,528,8438,9984,1984.11,363.48,1624.69,3297.89,0.0,1772,0,0,2670,28617,6296,534,57.83
fair,beanstalk no-budget,,"{""budget"": false}",beanstalk,5,1000,10000,100,True,10000,59.0639,169.3081,,2625.892,3303.883,2571.759,7.25,35.5,19.43,37.81,4283.64,20970.36,11476.75,22333.18,374.83,0.0,269570.0,76.07,26832,0,100,109739,4842,620,8677,455,8677,9986,2420.2,254.98,1553.12,3311.5,0.0,1357,0,0,2663,26208,6469,624,65.67
fair,beanstalk-noplace quarantine,,"{""green_mode"": ""quarantine""}",beanstalk-noplace,0,1000,10000,100,True,10000,82.9399,120.5692,125.8925,435.904,849.281,443.135,5.18,6.77,1.39,86.66,4294.16,5614.49,1155.87,71875.41,79.86,71505.99,136464.9,27.42,13595,0,100,31167,2695,3864,6070,117,6070,0,441.1,190.69,35.13,342.05,4771.7,573,0,0,1890,8280,4361,5315,20.14
fair,beanstalk-noplace quarantine,,"{""green_mode"": ""quarantine""}",beanstalk-noplace,1,1000,10000,100,True,10000,92.0376,108.6512,110.1082,525.327,1223.241,572.018,4.67,6.68,1.73,86.93,4296.05,6145.38,1589.99,80006.18,11.61,79956.8,142225.3,25.75,14157,0,100,34412,2733,3363,6264,144,6264,0,664.67,254.34,32.92,316.85,5303.7,603,0,0,2008,8784,4464,5372,25.13
fair,beanstalk-noplace quarantine,,"{""green_mode"": ""quarantine""}",beanstalk-noplace,4,1000,10000,100,True,10000,76.7752,130.2505,142.4075,498.547,1192.14,590.449,5.57,9.1,2.45,82.88,4278.65,6985.79,1880.15,63630.57,37.97,63397.69,127259.8,27.63,12663,0,100,38476,3196,3207,6738,132,6738,0,749.32,255.87,26.62,233.91,4395.7,730,0,0,2079,7495,4849,5168,27.25
fair,beanstalk-noplace quarantine,,"{""green_mode"": ""quarantine""}",beanstalk-noplace,2,1000,10000,100,True,10000,81.6021,122.5458,125.6001,486.527,1084.262,535.453,5.24,8.18,2.11,84.47,4277.82,6675.46,1723.6,68925.26,11.42,68819.35,132434.5,27.05,13195,0,100,36548,2916,3280,6523,111,6523,0,550.06,230.89,47.82,436.56,4699.1,580,0,0,2022,8067,4694,5128,29.36
fair,beanstalk-noplace quarantine,,"{""green_mode"": ""quarantine""}",beanstalk-noplace,5,1000,10000,100,True,10000,88.3872,113.1386,124.5652,537.089,1322.683,603.385,4.85,7.42,2.05,85.68,4283.64,6559.09,1813.44,75731.03,23.9,75218.85,143241.0,27.01,14247,0,100,36623,3088,3635,6777,126,6777,0,595.5,250.32,41.86,275.92,5027.6,688,0,0,2081,9114,4905,5133,26.88
fair,beanstalk-noplace quarantine,,"{""green_mode"": ""quarantine""}",beanstalk-noplace,3,1000,10000,100,True,10000,74.8395,133.6193,148.0972,557.768,1358.287,598.541,5.65,8.68,1.92,83.75,4227.47,6497.11,1440.33,62674.59,9.48,62609.27,109828.3,24.46,10915,0,100,35811,3027,2801,6411,94,6411,0,1021.27,251.98,34.15,409.19,4250.0,917,0,0,2067,5735,4495,5180,31.65
fair,beanstalk-noplace quarantine,,"{""green_mode"": ""quarantine""}",beanstalk-noplace,6,1000,10000,100,True,10000,79.8069,125.3024,134.3268,489.452,1104.266,525.528,5.3,8.3,2.03,84.37,4231.65,6622.39,1616.46,67336.42,21.25,67121.29,127523.7,26.63,12659,0,100,36451,3106,3167,6892,130,6892,0,538.09,227.66,27.82,241.18,4592.8,691,0,0,2274,7624,4813,5035,25.46
fair,beanstalk-noplace quarantine,,"{""green_mode"": ""quarantine""}",beanstalk-noplace,7,1000,10000,100,True,10000,93.8797,106.5193,110.4557,413.469,774.877,443.561,4.51,5.92,1.1,88.47,4229.87,5561.45,1028.39,83060.02,74.03,82785.86,166203.5,29.51,16551,0,100,30114,2351,4395,5661,169,5661,0,595.28,177.82,44.69,312.0,5221.3,383,0,0,1779,11045,4120,5506,19.92
fair,beanstalk quarantine no-budget,,"{""budget"": false, ""green_mode"": ""quarantine""}",beanstalk,0,1000,10000,100,True,10000,72.3415,138.2332,602.1794,2696.198,3460.212,2655.808,5.94,21.88,9.85,62.33,4294.16,15826.37,7128.12,45092.87,797.62,0.0,218169.9,50.26,21683,0,100,80625,3908,1379,7960,344,7960,9990,2682.4,910.75,601.68,2252.02,0.0,3599,0,0,2486,19606,5848,2077,96.44
fair,beanstalk-noplace quarantine,,"{""green_mode"": ""quarantine""}",beanstalk-noplace,8,1000,10000,100,True,10000,77.7808,128.5665,135.4764,400.519,968.04,459.063,5.51,8.11,1.93,84.44,4285.2,6311.17,1502.96,65681.46,17.56,65569.99,140143.8,30.03,13941,0,100,34693,2970,3526,6400,121,6400,0,468.7,195.36,37.76,320.0,4357.8,725,0,0,2087,8813,4501,5128,18.86
fair,beanstalk-noplace quarantine,,"{""green_mode"": ""quarantine""}",beanstalk-noplace,9,1000,10000,100,True,10000,80.8487,123.6879,123.552,488.507,1427.248,602.707,5.26,8.07,2.3,84.38,4248.69,6523.13,1860.78,68216.08,26.63,68020.69,140379.8,28.94,13963,0,100,36321,2690,3702,6839,160,6839,0,900.16,254.7,48.28,359.19,4641.5,776,0,0,2110,8955,4942,5008,34.75
fair,beanstalk quarantine no-budget,,"{""budget"": false, ""green_mode"": ""quarantine""}",beanstalk,3,1000,10000,100,True,10000,61.0667,163.7554,326.3733,1797.031,2790.742,1745.221,6.92,28.75,14.19,50.14,4227.47,17554.34,8663.42,30621.47,716.26,0.0,125992.1,34.39,12519,0,100,92320,4485,614,8341,180,8341,9985,1811.11,583.29,97.47,576.22,0.0,3009,0,0,2661,10221,5917,2298,102.53
fair,beanstalk quarantine no-budget,,"{""budget"": false, ""green_mode"": ""quarantine""}",beanstalk,6,1000,10000,100,True,10000,63.5813,157.2788,527.4352,1957.205,2992.438,1997.418,6.66,27.54,12.28,53.53,4231.65,17509.49,7805.63,34034.58,572.01,0.0,159282.0,41.75,15863,0,100,87992,4236,975,8140,224,8140,9984,2052.53,724.34,172.17,1076.26,0.0,3613,0,0,2669,13760,5745,2103,88.47
fair,beanstalk quarantine no-budget,,"{""budget"": false, ""green_mode"": ""quarantine""}",beanstalk,1,1000,10000,100,True,10000,65.9449,151.6417,267.2001,1598.966,3040.838,1794.568,6.51,28.48,13.52,51.49,4296.05,18779.03,8915.22,33954.63,778.82,0.0,120392.0,30.43,11971,0,100,95834,4195,1125,8252,170,8252,9987,1649.72,622.37,58.21,397.27,0.0,2564,0,0,2596,9384,5871,2587,124.71
fair,beanstalk quarantine no-budget,,"{""budget"": false, ""green_mode"": ""quarantine""}",beanstalk,7,1000,10000,100,True,10000,64.7258,154.4979,366.6786,1692.525,2814.714,1789.147,6.54,28.34,13.52,51.61,4229.87,18343.13,8750.81,33401.99,591.52,0.0,144474.1,37.2,14385,0,100,94001,3994,989,8339,238,8339,9986,1793.71,621.0,168.81,1094.34,0.0,2620,0,0,2558,12154,6041,2231,103.14
fair,beanstalk quarantine no-budget,,"{""budget"": false, ""green_mode"": ""quarantine""}",beanstalk,2,1000,10000,100,True,10000,73.7712,135.5542,276.892,1689.854,2860.732,1718.222,5.8,24.11,11.77,58.32,4277.82,17789.71,8682.24,43021.47,797.19,0.0,94358.2,21.32,9384,0,100,91845,4762,877,8979,127,8979,9983,1847.34,629.0,28.52,309.7,0.0,3530,0,0,2779,6493,6374,2891,131.16
fair,beanstalk quarantine no-budget,,"{""budget"": false, ""green_mode"": ""quarantine""}",beanstalk,8,1000,10000,100,True,10000,65.0768,153.6645,359.9438,1512.887,2760.995,1645.405,6.58,28.15,12.66,52.6,4285.2,18319.73,8239.0,34232.9,579.18,0.0,138468.7,35.46,13780,0,100,92322,4234,673,8009,211,8009,9988,1538.47,605.35,89.06,724.86,0.0,2791,0,0,2514,11419,5748,2361,111.49
fair,beanstalk snapshot=green,,"{""snapshot"": ""green""}",beanstalk,0,1000,10000,100,True,10000,69.7405,143.3887,180.1512,457.779,1247.496,659.908,6.16,10.26,2.34,81.25,4294.16,7156.59,1628.83,56660.95,0.17,56418.9,134428.3,32.13,13379,0,100,41384,3254,4709,6431,170,6431,9976,437.52,46.0,426.46,1266.77,3882.4,214,0,0,1973,8652,4628,4727,74.36
fair,beanstalk quarantine no-budget,,"{""budget"": false, ""green_mode"": ""quarantine""}",beanstalk,9,1000,10000,100,True,10000,66.9341,149.4006,262.4986,1631.545,2908.224,1760.16,6.35,25.24,13.47,54.94,4248.69,16895.36,9018.52,36771.56,811.75,0.0,138532.3,34.49,13777,0,100,91110,4155,966,8800,215,8800,9984,1696.6,640.15,81.71,645.02,0.0,3220,0,0,2689,11308,6370,2469,114.51
fair,beanstalk quarantine no-budget,,"{""budget"": false, ""green_mode"": ""quarantine""}",beanstalk,4,1000,10000,100,True,10000,71.9508,138.9838,311.4129,1458.668,2939.812,1673.89,5.95,25.99,12.11,55.95,4278.65,18701.36,8712.34,40258.45,674.28,0.0,89669.0,20.77,8909,0,100,94694,4349,1027,8387,134,8387,9988,1575.35,601.53,30.91,381.29,0.0,2640,0,0,2514,6258,6040,2651,131.33
fair,beanstalk module placement,,"{""placement_model"": ""module""}",beanstalk,0,1000,10000,100,True,10000,71.7276,139.4164,172.0394,1021.29,2780.633,1347.439,5.99,9.66,1.68,82.67,4294.16,6929.41,1206.03,59297.98,40.59,58975.32,133004.1,30.9,13218,0,100,38450,2831,4875,6474,173,6474,9535,514.98,45.28,1025.85,2784.8,4074.4,230,0,0,1981,8324,4666,4894,18.91
fair,beanstalk module placement,,"{""placement_model"": ""module""}",beanstalk,1,1000,10000,100,True,10000,70.4639,141.9167,215.4543,935.207,1981.027,1117.034,6.1,10.37,1.88,81.66,4296.05,7303.87,1322.34,57541.63,18.66,57362.38,135908.3,32.15,13514,0,100,40021,2924,4920,6677,175,6677,9530,482.41,45.49,847.39,1985.9,4022.0,221,0,0,2001,8574,4852,4940,16.35
fair,beanstalk quarantine no-budget,,"{""budget"": false, ""green_mode"": ""quarantine""}",beanstalk,5,1000,10000,100,True,10000,72.3766,138.1662,241.6959,1504.067,3229.24,1697.302,5.92,24.37,12.98,56.73,4283.64,17635.8,9395.77,41061.39,893.5,0.0,111253.0,25.62,11093,0,100,93923,4490,1202,8433,143,8433,9986,1623.2,618.51,35.06,321.91,0.0,2900,0,0,2662,8332,5966,2761,135.67
fair,beanstalk module placement,,"{""placement_model"": ""module""}",beanstalk,3,1000,10000,100,True,10000,63.452,157.5994,,2054.175,3686.454,2094.752,6.66,10.98,1.84,80.52,4227.47,6968.07,1165.37,51091.12,46.73,50857.93,131780.4,34.61,13102,0,100,38809,3023,4818,6335,160,6335,9555,521.15,46.27,1790.37,3691.0,3599.4,220,0,0,1968,8276,4528,4826,18.86
fair,beanstalk snapshot=green,,"{""snapshot"": ""green""}",beanstalk,3,1000,10000,100,True,10000,71.0462,140.7536,173.4721,997.718,2347.744,1077.306,5.95,9.77,2.09,82.19,4227.47,6939.72,1487.9,58391.07,1.41,57535.21,125449.5,29.43,12485,0,100,40551,3289,4909,6027,136,6027,9969,496.54,44.72,824.59,2353.12,3883.9,207,0,0,1857,7562,4307,4923,82.48
fair,beanstalk module placement,,"{""placement_model"": ""module""}",beanstalk,2,1000,10000,100,True,10000,70.9621,140.9202,157.9336,940.415,1819.841,954.116,6.03,9.74,1.52,82.7,4277.82,6914.14,1081.66,58688.51,11.29,58597.29,126466.8,29.7,12593,0,100,37963,2938,4961,6255,142,6255,9550,435.43,44.5,675.0,1824.73,3986.1,203,0,0,1914,7612,4483,4981,20.51
fair,beanstalk snapshot=green,,"{""snapshot"": ""green""}",beanstalk,1,1000,10000,100,True,10000,74.5067,134.2162,155.6285,918.481,2146.522,1058.036,5.77,9.85,2.12,82.27,4296.05,7338.53,1576.22,61295.85,0.62,60952.87,132620.4,29.67,13187,0,100,42335,3389,4782,6226,168,6226,9966,555.72,46.36,749.78,2156.46,4107.0,212,0,0,1947,8389,4448,4798,95.91
fair,beanstalk snapshot=green,,"{""snapshot"": ""green""}",beanstalk,5,1000,10000,100,True,10000,71.4829,139.8936,178.5277,939.854,1606.501,956.045,5.99,10.02,2.26,81.72,4283.64,7164.42,1616.56,58418.29,7.83,58218.67,129864.2,30.28,12929,0,100,41604,3541,4835,6458,143,6458,9971,554.13,45.1,665.94,1610.87,4021.4,213,0,0,1937,8083,4664,4846,81.59
fair,beanstalk module placement,,"{""placement_model"": ""module""}",beanstalk,4,1000,10000,100,True,10000,68.0586,146.9323,183.6673,834.727,1661.878,881.298,6.29,10.14,1.6,81.98,4278.65,6898.8,1086.62,55794.5,44.83,55524.23,127472.6,31.22,12690,0,100,37896,2959,4891,6406,134,6406,9547,406.82,44.41,647.38,1667.99,3829.2,211,0,0,1943,7772,4597,4918,21.26
fair,beanstalk module placement,,"{""placement_model"": ""module""}",beanstalk,5,1000,10000,100,True,10000,65.892,151.7635,,2237.758,3932.082,2273.29,6.5,10.65,1.94,80.9,4283.64,7020.01,1280.32,53308.02,9.27,53263.64,144756.5,36.61,14413,0,100,38787,3114,4817,6835,181,6835,9517,429.43,46.8,1962.96,3939.68,3806.1,236,0,0,2139,9593,4877,4820,20.35
fair,beanstalk snapshot=green,,"{""snapshot"": ""green""}",beanstalk,4,1000,10000,100,True,10000,73.5289,136.0009,175.6833,852.888,1881.114,966.826,5.82,9.41,2.01,82.76,4278.65,6915.93,1479.89,60854.46,0.39,60338.83,125428.0,28.43,12497,0,100,40107,3447,4692,6019,165,6019,9971,468.25,45.29,704.77,1885.3,3894.7,205,0,0,1803,7771,4381,4726,86.81
fair,beanstalk module placement,,"{""placement_model"": ""module""}",beanstalk,7,1000,10000,100,True,10000,72.5553,137.8259,174.9049,1283.109,2735.518,1452.962,5.83,9.72,1.56,82.89,4229.87,7053.0,1129.47,60142.98,38.61,60013.37,128741.4,29.57,12820,0,100,38633,2676,5020,6418,147,6418,9558,450.36,44.49,1062.31,2739.76,3893.1,205,0,0,1963,7792,4602,5028,19.99
fair,beanstalk module placement,,"{""placement_model"": ""module""}",beanstalk,8,1000,10000,100,True,10000,69.3047,144.2904,183.7252,684.214,1621.444,767.008,6.18,9.92,1.59,82.31,4285.2,6873.41,1103.77,57042.3,32.44,56882.23,129858.9,31.23,12921,0,100,37766,2718,4795,6281,150,6281,9529,430.12,45.2,514.02,1625.46,3995.2,219,0,0,1995,8095,4437,4826,20.14
fair,beanstalk module placement,,"{""placement_model"": ""module""}",beanstalk,6,1000,10000,100,True,10000,70.3463,142.1539,218.4553,819.287,1704.571,926.573,6.02,9.94,1.56,82.48,4231.65,6992.51,1098.6,58023.53,40.12,57779.57,142672.5,33.8,14218,0,100,37954,2979,4830,6794,200,6794,9539,507.31,46.65,647.18,1713.53,4016.9,241,0,0,2152,9379,4842,4839,26.64
fair,beanstalk snapshot=green,,"{""snapshot"": ""green""}",beanstalk,2,1000,10000,100,True,10000,71.1911,140.4671,139.0822,1323.051,2980.676,1437.329,6.01,9.53,2.04,82.42,4277.82,6783.75,1453.0,58676.48,8.98,57478.09,125225.2,29.32,12476,0,100,39190,3201,4808,5932,145,5932,9967,433.86,44.87,1102.07,2984.88,3751.4,199,0,0,1870,7645,4208,4831,100.9
fair,beanstalk module placement,,"{""placement_model"": ""module""}",beanstalk,9,1000,10000,100,True,10000,67.4186,148.3271,155.995,897.244,2493.316,1155.344,6.3,10.34,1.71,81.64,4248.69,6972.79,1153.42,55043.69,17.06,54773.41,130541.6,32.27,12988,0,100,38536,2688,4915,6526,175,6526,9548,394.88,44.76,877.64,2500.29,3708.9,214,0,0,1966,8061,4736,4927,21.89
place,beanstalk hard,predicted-typical,"{""flag_clean"": 0.25, ""flag_recall"": 0.6, ""placement_fallback"": ""wait""}",beanstalk,0,1000,10000,100,True,10000,384.4266,26.0128,27.8194,122.493,533.946,173.755,1.12,0.17,0.01,98.7,4294.16,654.03,43.32,379435.09,311638.01,52612.44,130863.7,5.67,13015,0,17,1119,343,11417,2313,13,2313,0,179.28,25.5,153.63,799.24,4256.1,8,0,0,697,748,1645,12267,10.32
fair,beanstalk snapshot=green,,"{""snapshot"": ""green""}",beanstalk,7,1000,10000,100,True,10000,74.2646,134.6537,131.775,841.45,1685.607,885.698,5.7,9.66,2.15,82.5,4229.87,7171.58,1593.6,61269.55,0.22,60887.48,125194.0,28.1,12475,0,100,42081,3159,4664,6120,149,6120,9976,498.67,45.52,609.22,1694.52,4151.1,214,0,0,1855,7794,4414,4681,78.71
place,beanstalk hard,predicted-typical,"{""flag_clean"": 0.25, ""flag_recall"": 0.6, ""placement_fallback"": ""wait""}",beanstalk,2,1000,10000,100,True,10000,382.2077,26.1638,26.1037,105.901,420.464,146.354,1.12,0.18,0.01,98.69,4277.82,679.64,43.15,377207.08,314751.68,47729.33,129933.0,5.67,12942,0,15,1126,288,11355,2283,14,2283,0,132.15,25.59,130.33,646.93,3721.1,8,0,0,695,733,1615,12209,8.76
place,beanstalk soft,predicted-typical,"{""flag_clean"": 0.25, ""flag_recall"": 0.6, ""placement_fallback"": ""least-overlap""}",beanstalk,0,1000,10000,100,True,10000,70.9286,140.9869,147.3166,1603.538,3247.942,1691.321,6.05,9.33,1.57,83.05,4294.16,6618.0,1110.31,58906.1,53.75,58427.43,132582.3,31.15,13194,0,100,36868,3035,5086,6546,178,6546,9858,504.45,43.96,1343.72,3251.37,4050.8,217,0,0,1980,8093,4744,5101,36.56
place,beanstalk hard,predicted-typical,"{""flag_clean"": 0.25, ""flag_recall"": 0.6, ""placement_fallback"": ""wait""}",beanstalk,1,1000,10000,100,True,10000,382.4903,26.1445,26.7207,115.777,424.206,151.865,1.12,0.18,0.01,98.69,4296.05,677.54,43.34,377473.34,306446.77,55420.17,130899.4,5.7,13024,0,16,1178,309,11557,2316,18,2316,0,153.78,25.75,133.86,824.04,4493.5,9,0,0,708,753,1637,12271,14.96
fair,beanstalk snapshot=green,,"{""snapshot"": ""green""}",beanstalk,6,1000,10000,100,True,10000,75.1649,133.0408,146.9195,926.141,2186.745,1066.554,5.63,9.47,2.0,82.9,4231.65,7116.5,1505.1,62311.63,0.0,61971.74,134371.7,29.79,13389,0,100,40775,3276,4774,6366,178,6366,9966,370.65,46.04,761.06,2193.72,4162.3,206,0,0,2031,8602,4513,4787,98.34
place,beanstalk hard,predicted-typical,"{""flag_clean"": 0.25, ""flag_recall"": 0.6, ""placement_fallback"": ""wait""}",beanstalk,3,1000,10000,100,True,10000,371.0696,26.9491,27.015,94.093,368.477,127.318,1.14,0.17,0.01,98.68,4227.47,620.82,42.89,366178.46,306025.71,45995.13,129653.1,5.82,12879,0,15,1079,320,11346,2213,19,2213,0,155.37,25.15,113.53,649.14,3504.6,8,0,0,691,738,1556,12141,9.35
place,beanstalk soft,predicted-typical,"{""flag_clean"": 0.25, ""flag_recall"": 0.6, ""placement_fallback"": ""least-overlap""}",beanstalk,2,1000,10000,100,True,10000,69.3748,144.1446,189.0919,520.732,1392.154,734.471,6.17,9.88,1.53,82.42,4277.82,6856.43,1060.56,57179.99,19.8,56904.94,129504.4,31.11,12884,0,100,37345,2821,4900,6271,173,6271,9851,426.16,45.19,486.53,1398.91,3918.9,215,0,0,1949,7960,4495,4924,37.32
place,beanstalk soft,predicted-typical,"{""flag_clean"": 0.25, ""flag_recall"": 0.6, ""placement_fallback"": ""least-overlap""}",beanstalk,1,1000,10000,100,True,10000,72.1718,138.5583,155.3941,793.116,1338.229,792.792,5.95,9.69,1.62,82.74,4296.05,6995.0,1165.93,59714.82,44.84,59347.07,133051.7,30.73,13232,0,100,38887,2966,4843,6368,183,6368,9812,454.52,45.51,538.97,1344.56,3984.1,216,0,0,2008,8370,4543,4862,39.5
place,beanstalk hard,predicted-typical,"{""flag_clean"": 0.25, ""flag_recall"": 0.6, ""placement_fallback"": ""wait""}",beanstalk,6,1000,10000,100,True,10000,366.2048,27.3071,27.4064,124.71,546.978,179.681,1.16,0.18,0.01,98.66,4231.65,640.92,43.35,361288.86,298832.55,47967.53,130803.0,5.95,13042,0,17,1124,306,11587,2328,13,2328,0,129.27,25.13,162.69,885.17,3682.8,8,0,0,741,782,1615,12260,5.89
place,beanstalk hard,predicted-typical,"{""flag_clean"": 0.25, ""flag_recall"": 0.6, ""placement_fallback"": ""wait""}",beanstalk,4,1000,10000,100,True,10000,377.0839,26.5193,26.8723,104.5,479.634,153.128,1.13,0.17,0.01,98.68,4278.65,638.68,42.89,372123.73,313088.51,43799.92,129412.3,5.72,12868,0,16,1085,296,11285,2211,19,2211,0,152.92,25.41,135.94,908.55,3702.5,8,0,0,672,716,1576,12152,7.29
place,beanstalk soft,predicted-typical,"{""flag_clean"": 0.25, ""flag_recall"": 0.6, ""placement_fallback"": ""least-overlap""}",beanstalk,3,1000,10000,100,True,10000,68.1511,146.7327,265.0005,1317.43,2208.755,1280.951,6.2,10.17,1.69,81.94,4227.47,6927.83,1152.49,55843.37,29.41,55612.89,131417.8,32.14,13096,0,100,38487,2985,4828,6251,154,6251,9902,493.16,46.24,1001.12,2214.85,3912.4,219,0,0,1974,8260,4432,4836,39.59
fair,beanstalk snapshot=green,,"{""snapshot"": ""green""}",beanstalk,9,1000,10000,100,True,10000,72.9533,137.0739,218.63,889.506,1679.592,981.03,5.82,9.81,2.18,82.19,4248.69,7155.77,1590.07,59958.81,11.38,59248.32,134630.5,30.76,13410,0,100,41833,3369,4723,6408,151,6408,9971,472.37,46.44,675.82,1687.62,3782.1,218,0,0,2000,8673,4559,4737,89.68
place,beanstalk hard,predicted-typical,"{""flag_clean"": 0.25, ""flag_recall"": 0.6, ""placement_fallback"": ""wait""}",beanstalk,5,1000,10000,100,True,10000,378.0668,26.4504,27.7823,105.608,518.734,159.179,1.13,0.17,0.01,98.69,4283.64,630.48,42.78,373109.86,310571.41,46930.7,129982.6,5.73,12942,0,17,1031,300,11352,2264,18,2264,0,119.24,25.28,140.6,868.07,3769.4,10,0,0,695,729,1601,12213,9.18
place,beanstalk soft,predicted-typical,"{""flag_clean"": 0.25, ""flag_recall"": 0.6, ""placement_fallback"": ""least-overlap""}",beanstalk,6,1000,10000,100,True,10000,68.5784,145.8186,157.8902,802.127,2094.53,993.677,6.17,10.09,1.73,82.01,4231.65,6918.79,1188.86,56239.06,89.13,55513.46,142284.6,34.58,14181,0,100,38037,3021,4751,6581,175,6581,9825,591.27,47.13,714.67,2102.62,3898.5,239,0,0,2120,9415,4636,4766,37.24
place,beanstalk soft,predicted-typical,"{""flag_clean"": 0.25, ""flag_recall"": 0.6, ""placement_fallback"": ""least-overlap""}",beanstalk,5,1000,10000,100,True,10000,67.9245,147.2222,204.3907,907.98,1743.303,1040.595,6.31,10.02,1.71,81.97,4283.64,6804.08,1161.49,55675.32,4.68,55579.72,134132.4,32.91,13365,0,100,37814,3143,4834,6578,162,6578,9866,480.03,45.25,781.45,1753.09,3883.9,213,0,0,2032,8524,4708,4840,40.71
place,beanstalk hard,predicted-typical,"{""flag_clean"": 0.25, ""flag_recall"": 0.6, ""placement_fallback"": ""wait""}",beanstalk,7,1000,10000,100,True,10000,376.3735,26.5694,26.7703,97.152,458.322,142.651,1.12,0.17,0.01,98.7,4229.87,631.03,42.76,371469.86,306052.64,50528.22,128651.2,5.7,12803,0,18,1099,305,11117,2174,15,2174,0,163.55,25.47,123.05,795.11,4083.7,8,0,0,649,694,1556,12109,9.56
place,beanstalk hard,predicted-typical,"{""flag_clean"": 0.25, ""flag_recall"": 0.6, ""placement_fallback"": ""wait""}",beanstalk,8,1000,10000,100,True,10000,380.8198,26.2591,26.6577,111.689,414.774,152.377,1.13,0.17,0.01,98.69,4285.2,650.57,42.97,375841.1,309076.46,51085.7,130507.5,5.71,12996,0,19,1094,320,11472,2267,18,2267,0,139.37,25.79,135.77,902.83,4083.4,9,0,0,724,777,1568,12219,9.3
place,beanstalk soft,predicted-typical,"{""flag_clean"": 0.25, ""flag_recall"": 0.6, ""placement_fallback"": ""least-overlap""}",beanstalk,4,1000,10000,100,True,10000,71.082,140.6826,154.6491,1350.448,3093.166,1621.648,6.02,9.94,1.72,82.32,4278.65,7063.3,1222.39,58517.65,224.35,57403.56,131384.8,30.81,13079,0,100,38571,2940,4799,6448,152,6448,9848,443.07,45.74,1256.42,3098.26,4045.8,217,0,0,1939,8249,4662,4830,43.13
place,beanstalk hard,predicted-typical,"{""flag_clean"": 0.25, ""flag_recall"": 0.6, ""placement_fallback"": ""wait""}",beanstalk,9,1000,10000,100,True,10000,364.9374,27.402,28.172,106.75,408.254,145.315,1.16,0.17,0.01,98.66,4248.69,609.73,42.89,360036.15,298308.86,47126.1,129205.8,5.9,12850,0,17,1058,264,11375,2218,8,2218,0,180.67,25.15,127.6,633.14,3751.0,9,0,0,654,689,1590,12161,8.0
place,beanstalk soft,predicted-typical,"{""flag_clean"": 0.25, ""flag_recall"": 0.6, ""placement_fallback"": ""least-overlap""}",beanstalk,7,1000,10000,100,True,10000,71.4083,140.0397,153.4284,780.082,1322.151,728.267,5.92,9.84,1.61,82.63,4229.87,7023.75,1148.29,59006.44,45.93,58674.45,129531.5,30.23,12892,0,100,38823,2844,4917,6437,161,6437,9916,440.75,44.63,482.75,1328.13,4131.7,235,0,0,1920,7965,4678,4927,37.63
place,beanstalk soft,predicted-typical,"{""flag_clean"": 0.25, ""flag_recall"": 0.6, ""placement_fallback"": ""least-overlap""}",beanstalk,8,1000,10000,100,True,10000,67.9273,147.2163,,2218.328,3958.591,2255.905,6.31,10.21,1.7,81.78,4285.2,6932.17,1156.11,55553.8,13.62,55399.49,130365.6,31.99,12975,0,100,37673,2891,4814,6288,156,6288,9867,430.89,45.72,1930.4,3965.74,3893.2,207,0,0,1953,8146,4492,4829,40.49
place,beanstalk soft,predicted-typical,"{""flag_clean"": 0.25, ""flag_recall"": 0.6, ""placement_fallback"": ""least-overlap""}",beanstalk,9,1000,10000,100,True,10000,68.3408,146.3255,754.6598,1589.884,3238.512,1666.654,6.22,9.76,1.57,82.45,4248.69,6673.17,1071.92,56347.03,11.02,56291.58,134508.7,32.8,13390,0,100,37048,2732,4992,6499,181,6499,9876,394.42,45.01,1335.81,3246.18,3806.6,246,0,0,2021,8383,4659,5007,41.93
place,beanstalk hard,file-oracle,"{""flag_clean"": 0.05, ""flag_recall"": 1.0, ""placement_fallback"": ""wait""}",beanstalk,0,1000,10000,100,True,10000,205.7273,48.608,55.9299,639.781,1751.161,733.147,2.09,0.35,0.02,97.54,4294.16,728.11,46.85,200658.18,70736.71,123022.02,138395.0,11.21,13755,0,29,676,796,12579,3013,25,3013,0,194.06,26.68,671.67,2126.16,8674.1,16,0,0,895,1089,2146,12666,14.3
place,beanstalk hard,file-oracle,"{""flag_clean"": 0.05, ""flag_recall"": 1.0, ""placement_fallback"": ""wait""}",beanstalk,1,1000,10000,100,True,10000,215.3838,46.4287,54.2821,701.203,2156.581,841.643,1.99,0.35,0.02,97.63,4296.05,756.18,46.79,210284.78,75749.97,127878.99,138479.6,10.72,13785,0,29,662,836,12623,3040,16,3040,0,152.76,27.17,773.11,2663.28,9075.5,13,0,0,908,1069,2149,12716,15.47
place,beanstalk hard,file-oracle,"{""flag_clean"": 0.05, ""flag_recall"": 1.0, ""placement_fallback"": ""wait""}",beanstalk,2,1000,10000,100,True,10000,214.2316,46.6785,47.4509,650.411,2231.574,870.791,2.0,0.34,0.02,97.64,4277.82,733.77,46.47,209173.52,73959.71,128667.03,138058.6,10.74,13727,0,33,634,761,12553,2961,23,2961,0,155.21,27.27,800.04,2523.86,9070.0,14,0,0,921,1094,2064,12633,16.02
place,beanstalk hard,file-oracle,"{""flag_clean"": 0.05, ""flag_recall"": 1.0, ""placement_fallback"": ""wait""}",beanstalk,3,1000,10000,100,True,10000,210.5901,47.4856,43.0356,827.596,2649.772,988.595,2.01,0.34,0.02,97.63,4227.47,719.89,46.62,205596.11,75788.5,123114.52,137498.8,10.88,13675,0,27,656,832,12525,2935,25,2935,0,172.99,26.95,934.25,3286.59,8726.9,14,0,0,889,1066,2072,12609,13.79
place,beanstalk hard,file-oracle,"{""flag_clean"": 0.05, ""flag_recall"": 1.0, ""placement_fallback"": ""wait""}",beanstalk,4,1000,10000,100,True,10000,212.1133,47.1446,50.5216,632.647,3219.103,995.471,2.02,0.34,0.02,97.62,4278.65,722.23,46.28,207066.11,72982.32,125955.24,136789.5,10.75,13613,0,29,598,808,12477,2910,13,2910,0,171.63,27.19,892.07,3744.34,9042.2,14,0,0,877,1052,2050,12561,16.35
place,beanstalk hard,file-oracle,"{""flag_clean"": 0.05, ""flag_recall"": 1.0, ""placement_fallback"": ""wait""}",beanstalk,5,1000,10000,100,True,10000,209.3567,47.7654,45.8474,595.47,2723.593,921.85,2.05,0.36,0.02,97.57,4283.64,750.8,46.98,204275.29,68533.8,127792.09,138377.4,11.02,13769,0,29,648,864,12659,3041,21,3041,0,183.01,26.91,827.21,3226.61,8995.7,15,0,0,897,1070,2166,12699,14.93
place,beanstalk hard,file-oracle,"{""flag_clean"": 0.05, ""flag_recall"": 1.0, ""placement_fallback"": ""wait""}",beanstalk,6,1000,10000,100,True,10000,212.5228,47.0538,73.8672,625.073,3162.186,933.36,1.99,0.35,0.02,97.64,4231.65,746.71,46.94,207497.47,66322.51,134444.95,140759.5,11.04,13999,0,29,635,804,12735,3090,29,3090,0,159.56,26.98,860.16,3680.18,9268.6,14,0,0,977,1194,2145,12804,16.37
place,beanstalk hard,file-oracle,"{""flag_clean"": 0.05, ""flag_recall"": 1.0, ""placement_fallback"": ""wait""}",beanstalk,7,1000,10000,100,True,10000,220.5541,45.3403,48.1603,648.663,3608.138,1085.906,1.92,0.34,0.02,97.72,4229.87,745.23,46.62,215532.39,78052.17,130232.84,136809.1,10.34,13641,0,29,673,759,12527,2943,29,2943,0,378.25,27.18,1023.05,4333.39,9353.4,14,0,0,837,1021,2136,12619,16.52
fair,beanstalk snapshot=green,,"{""snapshot"": ""green""}",beanstalk,8,1000,10000,100,True,10000,70.7772,141.2885,,2011.831,3727.499,1989.709,6.05,9.5,1.9,82.55,4285.2,6721.28,1345.87,58424.81,2.12,57180.1,122579.6,28.87,12205,0,100,38577,2862,4938,5712,128,5712,9975,370.99,44.64,1658.45,3734.49,3888.8,184,0,0,1809,7241,4031,4964,133.2
place,beanstalk hard,file-oracle,"{""flag_clean"": 0.05, ""flag_recall"": 1.0, ""placement_fallback"": ""wait""}",beanstalk,8,1000,10000,100,True,10000,219.5678,45.544,46.7428,565.1,1926.873,704.04,1.95,0.34,0.02,97.69,4285.2,736.77,46.25,214499.54,77637.19,129720.53,137937.1,10.47,13737,0,28,653,789,12528,2914,17,2914,0,280.41,27.6,626.37,2564.58,9200.2,14,0,0,901,1106,2034,12631,17.55
fixedR,batched k=1,,"{""batch_k"": 1, ""ci_slots"": 10}",batched,0,1000,10000,10,True,10000,598.4844,16.7089,16.7163,3550.914,3866.978,3378.152,0.72,0.34,93.74,5.21,4294.16,2005.87,561019.4,31164.97,2957.82,0.0,331473.7,92.31,36791,10648,10,11429,3128,6722,2867,214,2867,0,0.0,0.0,7.16,53.25,0.0,0,0,23710,0,0,0,0,8.95
fixedR,batched k=1,,"{""batch_k"": 1, ""ci_slots"": 10}",batched,2,1000,10000,10,True,10000,598.7355,16.7019,16.7444,3553.735,3721.269,3381.008,0.71,0.34,93.77,5.17,4277.82,2051.81,561449.44,30956.44,3222.22,0.0,330512.3,92.0,36701,10478,10,11514,3046,6729,2859,210,2859,0,0.0,0.0,7.28,60.86,0.0,0,0,23632,0,0,0,0,5.52
fixedR,batched k=1,,"{""batch_k"": 1, ""ci_slots"": 10}",batched,1,1000,10000,10,True,10000,600.1773,16.6617,16.917,3500.987,3798.585,3366.221,0.72,0.34,93.14,5.81,4296.05,2033.96,559002.85,34844.47,3535.27,0.0,331957.5,92.18,36777,10702,10,11424,3024,6691,2874,208,2874,0,0.0,0.0,7.11,53.41,0.0,0,0,23695,0,0,0,0,8.35
place,beanstalk hard,file-oracle,"{""flag_clean"": 0.05, ""flag_recall"": 1.0, ""placement_fallback"": ""wait""}",beanstalk,9,1000,10000,100,True,10000,203.1962,49.2135,49.013,820.126,2678.67,1084.973,2.09,0.35,0.02,97.54,4248.69,710.79,46.71,198189.97,69085.2,121884.4,136709.3,11.21,13594,0,29,652,667,12499,2916,23,2916,0,135.14,26.8,993.67,3234.95,8553.2,16,0,0,869,1046,2070,12548,14.75
fixedR,batched k=1,,"{""batch_k"": 1, ""ci_slots"": 10}",batched,3,1000,10000,10,True,10000,603.2038,16.5781,16.6252,3525.819,3843.4,3396.624,0.7,0.33,93.52,5.45,4227.47,1989.42,564114.54,32872.35,2717.92,0.0,333341.5,92.1,36891,10511,10,11346,3142,6770,2897,200,2897,0,0.0,0.0,7.18,53.35,0.0,0,0,23794,0,0,0,0,6.07
fixedR,batched k=1,,"{""batch_k"": 1, ""ci_slots"": 10}",batched,4,1000,10000,10,True,10000,583.3316,17.1429,17.169,3439.163,3733.667,3293.251,0.73,0.35,93.75,5.17,4278.65,2015.88,546859.25,30177.84,2466.34,0.0,322616.9,92.18,35749,10202,10,11400,3072,6414,2790,188,2790,0,0.0,0.0,7.01,52.81,0.0,0,0,22771,0,0,0,0,10.77
fixedR,batched k=1,,"{""batch_k"": 1, ""ci_slots"": 10}",batched,6,1000,10000,10,True,10000,601.8159,16.6164,16.7211,3553.998,3764.234,3391.757,0.7,0.33,93.61,5.37,4231.65,1961.43,563331.38,32291.48,2784.84,0.0,332611.8,92.11,36987,10737,10,11140,3084,6806,2907,198,2907,0,0.0,0.0,7.21,55.21,0.0,0,0,23882,0,0,0,0,10.3
fixedR,batched k=1,,"{""batch_k"": 1, ""ci_slots"": 10}",batched,7,1000,10000,10,True,10000,592.417,16.88,16.8939,3558.577,3734.342,3349.247,0.71,0.34,93.89,5.06,4229.87,1995.69,556212.12,29979.33,2968.65,0.0,326996.9,92.0,36287,10572,10,11456,2933,6527,2847,202,2847,0,0.0,0.0,7.12,60.39,0.0,0,0,23238,0,0,0,0,9.86
fixedR,batched k=1,,"{""batch_k"": 1, ""ci_slots"": 10}",batched,9,1000,10000,10,True,10000,607.579,16.4588,16.5658,3595.41,3817.916,3431.564,0.7,0.32,93.81,5.17,4248.69,1969.35,569958.0,31402.95,3021.06,0.0,334420.2,91.74,37065,10675,10,11163,2750,6822,2917,207,2917,0,0.0,0.0,7.4,103.48,0.0,0,0,23941,0,0,0,0,8.0
fixedR,batched k=1,,"{""batch_k"": 1, ""ci_slots"": 10}",batched,8,1000,10000,10,True,10000,601.3477,16.6293,16.8646,3518.538,3806.606,3381.637,0.71,0.34,93.39,5.56,4285.2,2035.12,561571.05,33456.32,2794.59,0.0,332548.9,92.17,36714,10571,10,11271,2936,6628,2889,197,2889,0,0.0,0.0,7.22,57.17,0.0,0,0,23628,0,0,0,0,9.44
fixedR,batched k=1,,"{""batch_k"": 1, ""ci_slots"": 10}",batched,5,1000,10000,10,True,10000,600.1175,16.6634,16.6834,3551.121,3814.467,3390.375,0.71,0.33,93.83,5.13,4283.64,1976.65,563085.83,30771.38,3357.27,0.0,332297.4,92.29,36666,10521,10,11155,3187,6657,2862,215,2862,0,0.0,0.0,7.4,56.04,0.0,0,0,23589,0,0,0,0,13.76
place,beanstalk soft,file-oracle,"{""flag_clean"": 0.05, ""flag_recall"": 1.0, ""placement_fallback"": ""least-overlap""}",beanstalk,3,1000,10000,100,True,10000,62.6416,159.6382,186.6519,732.281,1320.192,746.956,6.75,10.89,1.81,80.55,4227.47,6821.32,1132.53,50460.33,39.1,49994.88,134089.8,35.68,13320,0,100,37836,2976,4727,6351,163,6351,9753,394.62,46.2,527.75,1329.43,3539.8,240,0,0,2016,8565,4500,4755,56.36
place,beanstalk soft,file-oracle,"{""flag_clean"": 0.05, ""flag_recall"": 1.0, ""placement_fallback"": ""least-overlap""}",beanstalk,1,1000,10000,100,True,10000,70.9453,140.9537,,2367.058,4068.37,2330.091,6.06,9.86,1.63,82.46,4296.05,6994.7,1155.6,58498.94,33.22,58318.32,133617.6,31.39,13298,0,100,38520,3064,4911,6519,170,6519,9733,416.93,45.68,1951.06,4072.99,3936.0,203,0,0,2032,8382,4658,4916,60.83
place,beanstalk soft,file-oracle,"{""flag_clean"": 0.05, ""flag_recall"": 1.0, ""placement_fallback"": ""least-overlap""}",beanstalk,0,1000,10000,100,True,10000,65.8996,151.746,367.3356,1225.981,2443.796,1252.365,6.52,10.42,1.72,81.35,4294.16,6863.78,1133.74,53607.9,11.45,53446.54,135297.5,34.22,13447,0,100,37553,3048,4841,6679,153,6679,9719,479.74,45.13,983.32,2462.76,3703.7,256,0,0,2010,8595,4822,4852,64.49
place,beanstalk soft,file-oracle,"{""flag_clean"": 0.05, ""flag_recall"": 1.0, ""placement_fallback"": ""least-overlap""}",beanstalk,7,1000,10000,100,True,10000,72.7853,137.3905,271.2882,1017.349,1899.368,1104.041,5.81,9.41,1.56,83.22,4229.87,6852.43,1132.81,60570.15,94.77,60009.67,133283.9,30.52,13267,0,100,37808,2753,4906,6485,166,6485,9733,471.71,45.32,810.11,1918.12,4076.8,221,0,0,1966,8347,4685,4920,58.78
place,beanstalk soft,file-oracle,"{""flag_clean"": 0.05, ""flag_recall"": 1.0, ""placement_fallback"": ""least-overlap""}",beanstalk,8,1000,10000,100,True,10000,65.6692,152.2784,197.8661,1202.88,2415.845,1246.708,6.53,10.46,1.63,81.39,4285.2,6869.98,1067.73,53446.28,16.89,53293.5,132233.4,33.56,13172,0,100,37071,2915,4835,6360,151,6360,9741,448.0,45.98,971.52,2423.94,3697.2,211,0,0,2018,8322,4493,4850,58.54
place,beanstalk soft,file-oracle,"{""flag_clean"": 0.05, ""flag_recall"": 1.0, ""placement_fallback"": ""least-overlap""}",beanstalk,9,1000,10000,100,True,10000,69.6787,143.5159,206.6351,899.023,1679.387,982.816,6.1,9.75,1.65,82.5,4248.69,6796.24,1149.13,57484.65,25.4,57221.69,131266.2,31.4,13061,0,100,37925,2766,4828,6549,140,6549,9742,489.2,44.92,689.31,1684.99,3827.4,225,0,0,1996,8216,4693,4845,57.97
fixedR,batched-par k=1,,"{""batch_k"": 1, ""ci_slots"": 10}",batched-par,1,1000,10000,10,True,10000,412.4271,24.2467,24.6558,2399.721,2599.327,2296.514,1.04,0.52,92.28,6.15,4296.05,2158.29,380594.11,25378.66,2606.99,0.0,233511.6,94.36,27744,9176,10,12000,3022,4815,2994,216,2994,0,0.0,0.0,4.8,91.5,0.0,0,0,14534,0,0,0,0,9.57
fixedR,batched-par k=1,,"{""batch_k"": 1, ""ci_slots"": 10}",batched-par,0,1000,10000,10,True,10000,410.0729,24.3859,24.2922,2407.026,2613.993,2310.512,1.05,0.52,93.39,5.05,4294.16,2138.66,382946.68,20693.45,1789.97,0.0,233102.8,94.74,27711,9147,10,12073,3173,4814,3034,208,3034,0,0.0,0.0,4.65,40.09,0.0,0,0,14469,0,0,0,0,11.17
fixedR,batched-par k=1,,"{""batch_k"": 1, ""ci_slots"": 10}",batched-par,4,1000,10000,10,True,10000,400.9505,24.9407,25.184,2342.569,2567.75,2249.706,1.07,0.53,92.98,5.42,4278.65,2144.2,372806.79,21720.84,1709.95,0.0,228071.3,94.8,26993,8868,10,11958,3102,4568,2930,214,2930,0,0.0,0.0,4.53,42.67,0.0,0,0,13849,0,0,0,0,8.2
fixedR,batched-par k=1,,"{""batch_k"": 1, ""ci_slots"": 10}",batched-par,3,1000,10000,10,True,10000,402.5208,24.8434,24.9954,2367.471,2516.876,2256.341,1.05,0.53,92.9,5.52,4227.47,2119.98,373936.78,22236.57,1450.95,0.0,228778.6,94.73,27298,9012,10,12053,3213,4654,2989,205,2989,0,0.0,0.0,4.44,33.61,0.0,0,0,14104,0,0,0,0,8.47
fixedR,batched-par k=1,,"{""batch_k"": 1, ""ci_slots"": 10}",batched-par,2,1000,10000,10,True,10000,399.3887,25.0383,25.1749,2343.784,2514.808,2245.965,1.07,0.54,93.18,5.2,4277.82,2164.05,372163.41,20783.45,2023.23,0.0,226659.9,94.59,26834,8636,10,12116,3045,4599,2977,190,2977,0,0.0,0.0,4.62,44.94,0.0,0,0,13667,0,0,0,0,9.08
place,beanstalk soft,file-oracle,"{""flag_clean"": 0.05, ""flag_recall"": 1.0, ""placement_fallback"": ""least-overlap""}",beanstalk,4,1000,10000,100,True,10000,68.7659,145.421,149.5628,1074.053,2740.337,1376.899,6.22,9.84,1.62,82.32,4278.65,6764.29,1115.93,56607.0,102.05,56119.02,132554.0,32.13,13199,0,100,36929,3033,4812,6468,151,6468,9717,549.05,45.48,1037.8,2746.23,3954.5,223,0,0,1960,8359,4659,4840,62.48
fixedR,batched-par k=1,,"{""batch_k"": 1, ""ci_slots"": 10}",batched-par,6,1000,10000,10,True,10000,409.0444,24.4472,24.7046,2398.962,2555.437,2289.179,1.03,0.51,92.76,5.69,4231.65,2088.01,379441.86,23282.86,1841.55,0.0,231943.4,94.51,27533,9112,10,11803,3156,4683,3047,193,3047,0,0.0,0.0,4.6,40.91,0.0,0,0,14293,0,0,0,0,7.86
fixedR,batched-par k=1,,"{""batch_k"": 1, ""ci_slots"": 10}",batched-par,5,1000,10000,10,True,10000,403.9468,24.7557,24.9996,2368.77,2556.915,2270.373,1.06,0.52,93.16,5.26,4283.64,2094.11,376301.41,21267.6,1762.55,0.0,229789.8,94.81,27333,8955,10,11789,3200,4703,3002,194,3002,0,0.0,0.0,4.62,37.04,0.0,0,0,14137,0,0,0,0,8.8
place,beanstalk soft,file-oracle,"{""flag_clean"": 0.05, ""flag_recall"": 1.0, ""placement_fallback"": ""least-overlap""}",beanstalk,6,1000,10000,100,True,10000,67.4286,148.305,,2150.707,3872.052,2194.734,6.28,9.95,1.57,82.2,4231.65,6707.05,1061.33,55428.59,13.41,55217.65,139685.3,34.53,13935,0,100,36562,3085,4758,6584,171,6584,9749,382.21,45.84,1859.38,3876.51,3781.9,226,0,0,2151,9170,4604,4765,62.74
place,beanstalk soft,file-oracle,"{""flag_clean"": 0.05, ""flag_recall"": 1.0, ""placement_fallback"": ""least-overlap""}",beanstalk,5,1000,10000,100,True,10000,66.6018,150.1461,181.671,923.368,1327.127,892.745,6.43,10.31,1.88,81.38,4283.64,6868.2,1250.4,54199.54,11.88,54073.59,145206.2,36.34,14462,0,100,37576,3267,4748,6927,180,6927,9755,429.33,46.96,652.25,1334.24,3804.7,242,0,0,2135,9704,4973,4758,63.22
fixedR,batched-par k=1,,"{""batch_k"": 1, ""ci_slots"": 10}",batched-par,7,1000,10000,10,True,10000,402.6643,24.8346,24.8539,2378.186,2610.359,2265.822,1.05,0.54,93.24,5.16,4229.87,2177.82,375459.22,20797.35,2259.06,0.0,228624.9,94.63,27279,9071,10,12123,3041,4632,2986,197,2986,0,0.0,0.0,4.53,40.61,0.0,0,0,14096,0,0,0,0,5.87
place,beanstalk soft,file-oracle,"{""flag_clean"": 0.05, ""flag_recall"": 1.0, ""placement_fallback"": ""least-overlap""}",beanstalk,2,1000,10000,100,True,10000,68.633,145.7024,225.4279,935.26,1712.474,1009.146,6.23,9.86,1.55,82.36,4277.82,6764.75,1064.68,56525.79,21.87,56200.0,128650.6,31.24,12798,0,100,36812,2903,4915,6275,151,6275,9725,429.76,45.54,718.69,1716.54,3846.7,209,0,0,1929,7865,4497,4933,66.0
fixedR,batched-par k=1,,"{""batch_k"": 1, ""ci_slots"": 10}",batched-par,8,1000,10000,10,True,10000,406.3879,24.607,24.8203,2380.717,2563.881,2276.176,1.05,0.54,92.81,5.6,4285.2,2182.12,377180.54,22740.07,1647.11,0.0,230940.5,94.71,27555,9132,10,12069,3015,4696,3033,223,3033,0,0.0,0.0,4.54,36.96,0.0,0,0,14299,0,0,0,0,5.73
main,serial,,{},serial,2,500,5000,50,True,5000,1094.0964,4.57,4.5524,6549.051,6766.577,6199.608,0.39,0.14,94.3,5.17,2128.39,776.32,515857.7,28285.8,1286.51,0.0,65638.6,2.0,6399,0,1,4169,1095,1399,1282,117,1282,0,0.0,0.0,8.02,53.86,0.0,0,0,0,0,0,0,0,2.46
main,serial,,{},serial,4,500,5000,50,True,5000,1086.7019,4.6011,4.6091,6480.832,6667.68,6149.417,0.39,0.14,94.17,5.29,2138.8,778.04,511673.38,28760.74,1278.7,0.0,65195.4,2.0,6363,0,1,4178,1056,1363,1267,96,1267,0,0.0,0.0,7.92,58.54,0.0,0,0,0,0,0,0,0,1.77
main,serial,,{},serial,3,500,5000,50,True,5000,1088.0375,4.5954,4.5972,6514.714,6712.968,6164.935,0.39,0.14,94.29,5.17,2143.65,788.49,512956.08,28130.53,1242.64,0.0,65277.9,2.0,6378,0,1,4227,1055,1378,1287,91,1287,0,0.0,0.0,7.98,61.82,0.0,0,0,0,0,0,0,0,3.06
main,serial,,{},serial,1,500,5000,50,True,5000,1088.4227,4.5938,4.6023,6498.826,6677.889,6172.851,0.39,0.14,94.38,5.09,2108.89,769.58,513634.64,27698.25,1570.6,0.0,65301.6,2.0,6385,0,1,4135,1125,1385,1276,109,1276,0,0.0,0.0,7.9,62.8,0.0,0,0,0,0,0,0,0,3.81
fixedR,batched-par k=1,,"{""batch_k"": 1, ""ci_slots"": 10}",batched-par,9,1000,10000,10,True,10000,408.4711,24.4815,24.5475,2385.37,2587.084,2288.319,1.04,0.51,92.86,5.59,4248.69,2091.44,379295.07,22835.87,1614.15,0.0,230781.7,94.16,27381,8781,10,11821,2771,4845,3014,216,3014,0,0.0,0.0,4.83,102.32,0.0,0,0,14151,0,0,0,0,8.47
main,serial,,{},serial,6,500,5000,50,True,5000,1110.1271,4.504,4.51,6611.398,6835.173,6290.343,0.38,0.14,94.3,5.18,2135.17,781.7,523413.54,28733.13,1556.18,0.0,66605.0,2.0,6506,0,1,4059,1155,1506,1378,128,1378,0,0.0,0.0,8.29,63.8,0.0,0,0,0,0,0,0,0,2.13
main,serial,,{},serial,5,500,5000,50,True,5000,1098.9158,4.5499,4.5564,6529.007,6764.588,6233.957,0.38,0.14,94.41,5.07,2084.71,776.79,518719.62,27876.76,1038.51,0.0,65930.1,2.0,6438,0,1,4181,994,1438,1329,109,1329,0,0.0,0.0,8.08,62.16,0.0,0,0,0,0,0,0,0,2.47
main,serial,,{},serial,0,500,5000,50,True,5000,1091.7413,4.5798,4.5744,6541.586,6709.893,6196.756,0.39,0.14,94.46,5.01,2143.14,783.04,515613.33,27331.15,1463.63,0.0,65501.7,2.0,6405,0,1,4184,1120,1405,1300,105,1300,0,0.0,0.0,8.0,60.44,0.0,0,0,0,0,0,0,0,5.44
main,serial,,{},serial,7,500,5000,50,True,5000,1086.7235,4.601,4.6123,6469.443,6661.732,6133.322,0.4,0.15,93.92,5.53,2180.71,797.48,510312.67,30070.88,1366.44,0.0,65200.7,2.0,6369,0,1,4181,1104,1369,1270,99,1270,0,0.0,0.0,7.91,54.24,0.0,0,0,0,0,0,0,0,2.72
main,serial,,{},serial,8,500,5000,50,True,5000,1085.2442,4.6073,4.611,6438.993,6674.234,6125.753,0.39,0.14,93.94,5.54,2100.4,761.01,509718.43,30042.25,2235.56,0.0,65110.4,2.0,6366,0,1,4126,1062,1366,1268,98,1268,0,0.0,0.0,7.98,65.28,0.0,0,0,0,0,0,0,0,2.67
main,serial,,{},serial,9,500,5000,50,True,5000,1094.1941,4.5696,4.5523,6534.9,6704.145,6192.09,0.39,0.14,94.18,5.29,2122.66,776.02,515231.51,28966.87,946.55,0.0,65644.8,2.0,6418,0,1,4130,1010,1418,1300,118,1300,0,0.0,0.0,8.01,52.16,0.0,0,0,0,0,0,0,0,2.49
main,beanstalk,,{},beanstalk,1,500,5000,50,True,5000,41.7539,119.7492,125.926,856.505,1895.577,960.252,10.1,9.13,0.53,80.24,2108.89,1906.68,109.66,16751.74,6.97,16649.28,53222.9,42.49,5298,0,50,9719,886,3287,2280,40,2280,4884,316.32,36.59,768.56,1900.98,2303.2,86,0,0,671,1985,1649,3313,11.29
main,beanstalk,,{},beanstalk,0,500,5000,50,True,5000,42.3527,118.0562,,1357.229,2367.705,1376.121,10.12,9.86,0.54,79.48,2143.14,2087.34,114.92,16830.96,7.8,16762.01,56155.5,44.2,5594,0,50,10154,1093,3407,2520,44,2520,4924,265.09,35.56,1122.14,2385.85,2299.6,86,0,0,744,2173,1820,3421,11.39
main,beanstalk,,{},beanstalk,4,500,5000,50,True,5000,45.142,110.7616,105.7481,383.163,1554.45,666.09,9.48,8.28,0.48,81.77,2138.8,1868.96,107.79,18455.46,9.66,18162.65,52296.2,38.62,5196,0,50,9504,936,3127,2191,36,2191,4839,263.0,36.5,520.58,1558.14,2491.5,96,0,0,687,2046,1540,3150,10.47
main,beanstalk,,{},beanstalk,3,500,5000,50,True,5000,40.0411,124.8716,144.1613,532.592,1337.105,635.754,10.71,9.48,0.57,79.24,2143.65,1898.57,114.48,15863.87,45.21,15578.69,53982.9,44.94,5374,0,50,9816,971,3110,2354,50,2354,4847,315.35,36.49,461.97,1342.18,2188.6,97,0,0,724,2245,1680,3129,14.13
main,beanstalk,,{},beanstalk,2,500,5000,50,True,5000,41.5144,120.44,198.93,699.561,1265.877,799.669,10.25,9.69,0.55,79.51,2128.39,2010.59,114.01,16504.23,31.24,16234.72,54611.2,43.85,5436,0,50,10096,952,3195,2391,48,2391,4888,215.06,36.46,614.46,1270.02,2321.4,84,0,0,737,2227,1702,3209,15.25
main,beanstalk,,{},beanstalk,5,500,5000,50,True,5000,40.4617,123.5737,,1195.879,2225.077,1248.008,10.3,9.88,0.61,79.21,2084.71,1998.89,123.03,16024.21,14.8,15816.76,54568.6,44.95,5428,0,50,10407,909,3088,2572,42,2572,4861,290.31,36.35,1026.05,2228.65,2180.1,105,0,0,746,2324,1869,3104,13.27
main,beanstalk-noplace,,{},beanstalk-noplace,0,500,5000,50,True,5000,42.8076,116.8016,109.9097,693.555,1471.827,766.965,10.01,9.38,0.53,80.08,2143.14,2007.94,113.26,17139.47,8.39,17060.34,54552.0,42.48,5446,0,50,10032,963,3373,2377,47,2377,0,317.14,35.36,541.79,1475.83,2317.6,92,0,0,735,2054,1689,3392,3.03
main,beanstalk-noplace,,{},beanstalk-noplace,1,500,5000,50,True,5000,46.767,106.9131,,1581.359,2787.205,1612.372,9.02,8.12,0.46,82.4,2108.89,1898.29,107.71,19268.6,5.84,19126.61,55226.9,39.36,5493,0,50,9588,926,3444,2357,55,2357,0,308.13,36.41,1390.51,2793.46,2637.3,83,0,0,717,2046,1695,3447,3.57
main,beanstalk,,{},beanstalk,6,500,5000,50,True,5000,43.2888,115.5034,141.6447,568.729,900.792,588.217,9.86,9.06,0.52,80.55,2135.17,1961.63,112.46,17435.11,7.04,17427.64,56478.6,43.49,5635,0,50,9586,997,2993,2497,63,2497,4857,288.13,37.78,418.99,906.87,2445.9,102,0,0,827,2625,1733,3010,7.87
main,beanstalk-noplace,,{},beanstalk-noplace,2,500,5000,50,True,5000,38.5297,129.77,241.2789,493.285,1082.922,537.988,11.05,10.12,0.58,78.25,2128.39,1949.94,111.7,15074.83,32.75,14750.73,54017.4,46.73,5377,0,50,9887,914,3102,2275,38,2275,0,235.83,36.85,386.57,1084.98,2144.2,88,0,0,721,2251,1592,3126,2.95
main,beanstalk,,{},beanstalk,8,500,5000,50,True,5000,42.2704,118.2862,,1505.039,2516.642,1512.789,9.94,9.02,0.5,80.54,2100.4,1906.79,106.62,17021.36,8.54,16864.91,54841.1,43.25,5453,0,50,9509,907,3406,2330,51,2330,4908,325.04,35.51,1268.11,2536.22,2282.6,90,0,0,714,2046,1667,3407,10.46
fixedR,beanstalk,,"{""ci_slots"": 10}",beanstalk,1,1000,10000,10,True,10000,280.6018,35.6377,46.0655,3794.791,6178.722,3316.322,1.53,1.95,0.42,96.1,4296.05,5476.06,1177.5,269652.2,27.39,269460.16,162041.0,96.25,16118,0,10,30756,2315,407,5478,284,5478,9821,2201.68,502.4,2254.33,6183.58,16478.6,439,0,0,1713,15697,4049,421,31.04
fixedR,beanstalk,,"{""ci_slots"": 10}",beanstalk,3,1000,10000,10,True,10000,288.0638,34.7145,37.7658,4225.346,6781.705,3543.341,1.47,1.89,0.4,96.25,4227.47,5437.01,1142.16,277257.18,118.44,276861.36,167582.1,96.96,16681,0,10,30750,2585,384,5489,291,5489,9845,2140.78,518.92,2508.77,6785.17,17029.7,424,0,0,1766,16262,4014,419,30.21
fixedR,beanstalk,,"{""ci_slots"": 10}",beanstalk,5,1000,10000,10,True,10000,279.3046,35.8032,33.0868,2111.092,4105.827,2519.519,1.53,1.9,0.42,96.15,4283.64,5302.61,1172.82,268545.51,4.38,268463.7,161368.5,96.29,16050,0,10,29903,2476,399,5559,285,5559,9804,1995.58,488.59,1507.4,4110.12,16560.2,426,0,0,1732,15624,4112,426,29.96
main,beanstalk-noplace,,{},beanstalk-noplace,3,500,5000,50,True,5000,42.0907,118.7911,130.7253,508.094,1190.452,583.745,10.19,9.26,0.52,80.03,2143.65,1949.08,109.72,16842.9,19.38,16715.16,55815.7,44.2,5547,0,50,9836,968,3231,2269,39,2269,0,381.01,36.95,406.71,1195.84,2365.6,91,0,0,734,2293,1574,3254,4.09
main,beanstalk,,{},beanstalk,7,500,5000,50,True,5000,44.4261,112.5464,113.0325,1048.595,2111.743,1070.418,9.82,9.58,0.56,80.04,2180.71,2127.77,124.51,17780.06,7.26,17723.66,53948.5,40.48,5382,0,50,10838,1104,3266,2529,37,2529,4872,325.65,35.77,884.7,2115.84,2495.1,99,0,0,738,2090,1830,3292,11.88
fixedR,beanstalk,,"{""ci_slots"": 10}",beanstalk,9,1000,10000,10,True,10000,295.2902,33.865,44.6297,4606.622,8746.599,4698.105,1.44,1.83,0.38,96.35,4248.69,5395.13,1135.71,284510.64,28.17,284154.22,170726.5,96.36,16991,0,10,30088,2228,431,5746,287,5746,9835,2263.53,525.26,3541.94,8755.04,17375.4,447,0,0,1832,16551,4201,440,29.44
fixedR,beanstalk,,"{""ci_slots"": 10}",beanstalk,4,1000,10000,10,True,10000,279.7162,35.7505,34.1307,2003.163,2556.415,2061.219,1.53,1.95,0.4,96.12,4278.65,5446.69,1114.97,268875.84,183.79,268151.89,161665.0,96.33,16084,0,10,30010,2398,346,5465,276,5465,9857,2269.79,503.18,1042.22,2561.17,16484.2,461,0,0,1705,15680,4036,404,30.87
fixedR,beanstalk,,"{""ci_slots"": 10}",beanstalk,0,1000,10000,10,True,10000,281.5138,35.5222,45.4089,3984.775,6806.514,3744.136,1.53,1.95,0.42,96.1,4294.16,5501.01,1192.63,270526.03,11.37,270403.89,163735.5,96.94,16285,0,10,30584,2557,423,5784,301,5784,9827,2039.92,498.52,2701.89,6811.54,16677.6,461,0,0,1765,15852,4320,433,32.88
main,beanstalk-noplace,,{},beanstalk-noplace,6,500,5000,50,True,5000,42.9617,116.3828,135.2344,318.192,552.153,375.092,9.94,8.88,0.51,80.67,2135.17,1907.38,109.64,17328.63,41.56,16882.92,58245.6,45.19,5801,0,50,9428,986,3184,2597,59,2597,0,346.9,36.76,226.07,550.37,2398.7,99,0,0,837,2584,1819,3217,2.94
main,beanstalk-noplace,,{},beanstalk-noplace,9,500,5000,50,True,5000,46.0798,108.5074,122.1696,954.401,1956.299,1006.114,9.21,8.52,0.49,81.77,2122.66,1963.85,112.84,18840.56,60.32,18465.62,54482.3,39.41,5416,0,50,9902,911,3275,2387,36,2387,0,310.93,36.53,777.6,1961.96,2465.2,89,0,0,726,2128,1697,3288,2.43
fixedR,beanstalk,,"{""ci_slots"": 10}",beanstalk,6,1000,10000,10,True,10000,301.4798,33.1697,37.0286,2449.502,6111.522,3301.124,1.4,1.77,0.38,96.45,4231.65,5330.03,1136.25,290781.91,89.38,290166.45,176544.3,97.6,17580,0,10,29749,2581,379,5657,311,5657,9853,2307.13,562.27,2152.27,6117.52,17796.9,477,0,0,1856,17172,4112,408,32.3
main,beanstalk-noplace,,{},beanstalk-noplace,4,500,5000,50,True,5000,44.7752,111.669,,1416.266,2628.653,1480.123,9.55,9.09,0.49,80.87,2138.8,2033.99,109.94,18104.87,22.72,17707.87,56464.5,42.04,5635,0,50,9748,910,3230,2534,41,2534,0,355.49,37.2,1288.8,2631.37,2496.7,95,0,0,790,2395,1785,3240,6.03
main,beanstalk-noplace,,{},beanstalk-noplace,5,500,5000,50,True,5000,42.1792,118.5419,108.3063,497.983,780.874,511.624,9.89,9.42,0.59,80.11,2084.71,1987.23,123.68,16893.95,4.75,16885.0,54511.8,43.08,5420,0,50,10480,973,2996,2520,36,2520,0,245.57,36.73,338.22,786.02,2332.3,99,0,0,754,2405,1802,3015,4.27
fixedR,beanstalk,,"{""ci_slots"": 10}",beanstalk,2,1000,10000,10,True,10000,276.589,36.1547,33.5724,2280.887,6270.995,3053.899,1.55,1.96,0.41,96.09,4277.82,5427.5,1122.11,265761.6,5.42,265681.43,161089.7,97.07,16044,0,10,30015,2300,380,5387,300,5387,9827,2100.5,499.54,2019.62,6277.73,16389.0,428,0,0,1715,15643,3972,401,33.96
main,beanstalk-noplace,,{},beanstalk-noplace,8,500,5000,50,True,5000,44.3034,112.858,491.9306,1027.913,2096.443,1151.695,9.48,8.92,0.51,81.08,2100.4,1976.73,113.23,17961.36,12.62,17863.8,55352.8,41.65,5508,0,50,9901,942,3362,2454,36,2454,0,300.46,35.61,887.19,2116.03,2420.4,88,0,0,771,2141,1719,3367,3.57
main,beanstalk-noplace,,{},beanstalk-noplace,7,500,5000,50,True,5000,44.6336,112.0233,137.0926,567.275,1256.568,667.782,9.77,9.65,0.56,80.01,2180.71,2154.6,125.5,17855.98,6.58,17807.16,55290.3,41.29,5506,0,50,10841,1024,3033,2550,40,2550,0,279.63,37.13,489.78,1262.6,2498.1,100,0,0,786,2451,1805,3055,4.28
main,beanstalk,,{},beanstalk,9,500,5000,50,True,5000,43.0046,116.2667,138.053,563.18,1161.608,625.644,9.87,9.48,0.54,80.11,2122.66,2037.55,116.6,17225.47,6.97,17183.53,56143.6,43.52,5594,0,50,10184,899,3191,2540,47,2540,4864,250.83,37.23,459.61,1168.96,2333.7,99,0,0,773,2389,1814,3205,11.41
fixedR,beanstalk,,"{""ci_slots"": 10}",beanstalk,7,1000,10000,10,True,10000,267.6025,37.3689,35.7653,2002.754,3914.361,2447.171,1.58,2.04,0.43,95.95,4229.87,5466.6,1152.83,256753.17,92.84,256456.1,154836.1,96.43,15431,0,10,30943,2372,399,5405,277,5405,9809,2069.09,491.1,1457.13,3921.95,15744.1,401,0,0,1646,15005,4037,426,33.64
queue,batched k=1,,"{""batch_k"": 1}",batched,0,500,5000,50,True,5000,310.6852,16.0935,16.1618,1833.793,2053.691,1743.411,1.38,0.68,92.85,5.1,2143.14,1052.9,144231.38,7915.16,926.78,0.0,338972.5,36.37,35983,10099,20,5823,1382,7497,1580,98,1580,0,0.0,0.0,7.35,61.97,0.0,0,0,29305,0,0,0,0,4.69
queue,batched k=1,,"{""batch_k"": 1}",batched,3,500,5000,50,True,5000,322.2182,15.5174,15.5053,1919.964,2091.388,1813.223,1.33,0.67,93.12,4.88,2143.65,1080.25,150021.66,7863.51,808.6,0.0,351307.1,36.34,37335,10738,20,5867,1308,7632,1637,108,1637,0,0.0,0.0,7.56,54.08,0.0,0,0,30590,0,0,0,0,4.92
fixedR,beanstalk,,"{""ci_slots"": 10}",beanstalk,8,1000,10000,10,True,10000,281.1875,35.5635,38.9319,4354.822,8666.414,4300.092,1.52,1.9,0.39,96.18,4285.2,5344.22,1105.82,270452.23,12.58,270340.1,164290.6,97.38,16333,0,10,29734,2327,381,5402,271,5402,9843,2105.12,508.73,3195.67,8673.3,16646.0,427,0,0,1758,15929,3915,404,35.17
queue,batched k=1,,"{""batch_k"": 1}",batched,8,500,5000,50,True,5000,315.4575,15.85,15.7545,1842.81,2046.763,1756.936,1.33,0.65,92.17,5.84,2100.4,1025.86,145385.47,9217.04,1214.5,0.0,344591.0,36.41,36576,10574,20,5687,1277,7537,1611,100,1611,0,0.0,0.0,7.45,43.78,0.0,0,0,29865,0,0,0,0,4.61
queue,batched k=1,,"{""batch_k"": 1}",batched,1,500,5000,50,True,5000,304.1065,16.4416,16.3815,1765.383,2077.287,1709.518,1.39,0.68,93.01,4.92,2108.89,1031.3,141428.5,7484.55,1003.69,0.0,331709.8,36.36,35258,10044,20,5760,1343,7199,1561,80,1561,0,0.0,0.0,7.34,44.09,0.0,0,0,28617,0,0,0,0,6.69
queue,batched k=1,,"{""batch_k"": 1}",batched,2,500,5000,50,True,5000,315.8522,15.8302,15.6996,1866.469,2062.842,1770.651,1.35,0.67,92.76,5.22,2128.39,1064.98,146489.24,8243.51,711.58,0.0,344829.7,36.39,36608,10320,20,5931,1343,7637,1599,105,1599,0,0.0,0.0,7.22,46.13,0.0,0,0,29904,0,0,0,0,6.66
queue,batched k=1,,"{""batch_k"": 1}",batched,9,500,5000,50,True,5000,320.4461,15.6033,15.2106,1902.865,2149.05,1799.299,1.32,0.65,92.93,5.09,2122.66,1038.64,148902.98,8158.76,557.49,0.0,350389.9,36.45,37260,11013,20,5615,1227,7584,1631,106,1631,0,0.0,0.0,7.27,51.1,0.0,0,0,30523,0,0,0,0,4.91
queue,batched k=1,,"{""batch_k"": 1}",batched,4,500,5000,50,True,5000,309.9295,16.1327,16.4495,1772.807,2136.633,1727.799,1.38,0.69,92.22,5.71,2138.8,1069.56,142913.71,8842.66,928.66,0.0,338700.3,36.43,36005,10330,20,5839,1269,7179,1564,112,1564,0,0.0,0.0,7.36,53.83,0.0,0,0,29329,0,0,0,0,6.46
queue,batched k=1,,"{""batch_k"": 1}",batched,6,500,5000,50,True,5000,327.7931,15.2535,15.313,1913.147,2084.472,1828.544,1.3,0.62,92.35,5.72,2135.17,1023.26,151355.41,9382.7,897.96,0.0,358556.9,36.46,38038,11116,20,5498,1411,7979,1677,103,1677,0,0.0,0.0,7.54,49.53,0.0,0,0,31258,0,0,0,0,5.67
queue,batched k=1,,"{""batch_k"": 1}",batched,5,500,5000,50,True,5000,311.2596,16.0638,16.2441,1819.753,2041.0,1751.114,1.34,0.66,93.1,4.9,2084.71,1033.6,144892.56,7618.9,742.23,0.0,339706.5,36.38,36167,10022,20,5856,1232,7329,1580,96,1580,0,0.0,0.0,7.31,53.83,0.0,0,0,29491,0,0,0,0,5.75
queue,batched k=1,,"{""batch_k"": 1}",batched,7,500,5000,50,True,5000,316.1551,15.815,15.887,1825.357,2079.02,1739.585,1.38,0.69,91.02,6.92,2180.71,1089.18,143876.28,10931.39,1091.92,0.0,343265.0,36.19,36426,10276,20,5858,1370,7515,1608,91,1608,0,0.0,0.0,7.62,112.65,0.0,0,0,29727,0,0,0,0,6.22
place,beanstalk soft,predicted-best,"{""flag_clean"": 0.15, ""flag_recall"": 0.6, ""placement_fallback"": ""least-overlap""}",beanstalk,5,500,5000,50,True,5000,40.8966,122.2595,301.2814,772.169,1579.136,814.802,10.2,9.19,0.55,80.07,2084.71,1878.78,112.01,16372.81,50.08,16013.84,55058.2,44.88,5476,0,50,9624,944,3230,2518,35,2518,4766,286.42,35.44,637.32,1580.99,2284.0,104,0,0,725,2224,1830,3252,11.83
place,beanstalk soft,predicted-best,"{""flag_clean"": 0.15, ""flag_recall"": 0.6, ""placement_fallback"": ""least-overlap""}",beanstalk,1,500,5000,50,True,5000,41.24,121.2414,,1363.09,2344.55,1381.608,10.23,9.3,0.54,79.94,2108.89,1917.8,110.54,16482.79,10.04,16418.92,54083.0,43.71,5373,0,50,9676,872,3352,2367,38,2367,4803,257.06,35.67,1118.04,2349.98,2225.4,98,0,0,684,2014,1721,3359,12.78
place,beanstalk soft,predicted-best,"{""flag_clean"": 0.15, ""flag_recall"": 0.6, ""placement_fallback"": ""least-overlap""}",beanstalk,2,500,5000,50,True,5000,42.2625,118.3083,312.951,766.105,1680.58,899.785,10.07,9.53,0.53,79.87,2128.39,2013.38,111.49,16877.97,16.81,16824.56,56022.9,44.19,5576,0,50,9873,923,3226,2506,44,2506,4837,369.25,36.62,674.51,1685.08,2370.7,93,0,0,746,2324,1806,3252,13.1
place,beanstalk soft,predicted-best,"{""flag_clean"": 0.15, ""flag_recall"": 0.6, ""placement_fallback"": ""least-overlap""}",beanstalk,3,500,5000,50,True,5000,42.3688,118.0113,504.4292,1019.571,2044.723,1058.925,10.12,8.97,0.53,80.39,2143.65,1899.9,111.36,17029.5,23.28,16931.18,55489.0,43.66,5523,0,50,9685,960,3097,2355,46,2355,4787,315.51,37.26,869.44,2049.24,2379.8,108,0,0,753,2418,1648,3105,13.7
place,beanstalk soft,predicted-best,"{""flag_clean"": 0.15, ""flag_recall"": 0.6, ""placement_fallback"": ""least-overlap""}",beanstalk,4,500,5000,50,True,5000,41.7181,119.8519,133.9013,575.698,998.239,561.782,10.25,9.58,0.54,79.63,2138.8,1998.1,112.29,16609.88,25.77,16330.39,54625.2,43.65,5424,0,50,9819,865,3159,2308,49,2308,4840,353.5,36.99,397.76,1003.22,2264.4,99,0,0,726,2241,1631,3183,13.7
place,beanstalk soft,predicted-best,"{""flag_clean"": 0.15, ""flag_recall"": 0.6, ""placement_fallback"": ""least-overlap""}",beanstalk,0,500,5000,50,True,5000,42.5541,117.4975,,1071.376,2251.993,1190.451,10.07,9.23,0.52,80.17,2143.14,1964.35,111.63,17057.93,60.33,16558.37,55637.4,43.58,5532,0,50,9897,987,3273,2440,47,2440,4795,298.41,36.77,1024.75,2270.32,2354.1,99,0,0,755,2255,1732,3277,15.91
place,beanstalk hard,predicted-best,"{""flag_clean"": 0.15, ""flag_recall"": 0.6, ""placement_fallback"": ""wait""}",beanstalk,0,500,5000,50,True,5000,154.3195,32.4003,32.9069,231.09,944.076,306.021,2.78,0.51,0.03,96.69,2143.14,390.81,22.96,74602.85,50705.63,20982.91,66261.6,14.31,6592,0,22,755,236,6026,1251,11,1251,0,244.31,26.31,264.64,1263.13,3513.5,9,0,0,366,397,900,6195,2.02
place,beanstalk hard,predicted-best,"{""flag_clean"": 0.15, ""flag_recall"": 0.6, ""placement_fallback"": ""wait""}",beanstalk,1,500,5000,50,True,5000,146.3517,34.1643,35.4247,219.322,630.118,265.107,2.88,0.51,0.03,96.58,2108.89,371.64,22.64,70672.66,50274.16,17961.22,65562.0,14.93,6514,0,21,691,207,5984,1196,6,1196,0,180.86,26.29,234.7,790.18,2930.5,9,0,0,344,374,863,6140,4.37
place,beanstalk soft,predicted-best,"{""flag_clean"": 0.15, ""flag_recall"": 0.6, ""placement_fallback"": ""least-overlap""}",beanstalk,7,500,5000,50,True,5000,47.9052,104.3728,277.3721,830.118,1602.529,830.335,9.1,8.33,0.47,82.1,2180.71,1995.48,112.18,19664.23,25.98,19284.67,55825.9,38.84,5563,0,50,9851,958,3384,2440,43,2440,4798,356.95,36.72,603.8,1607.94,2711.6,85,0,0,755,2164,1729,3399,8.56
place,beanstalk hard,predicted-best,"{""flag_clean"": 0.15, ""flag_recall"": 0.6, ""placement_fallback"": ""wait""}",beanstalk,2,500,5000,50,True,5000,143.1275,34.9339,35.3908,215.14,953.687,304.77,2.97,0.53,0.03,96.47,2128.39,378.31,22.84,69034.22,47775.96,18803.85,65991.9,15.37,6572,0,22,715,223,5970,1227,7,1227,0,133.73,25.94,268.29,1166.07,2771.0,8,0,0,374,408,865,6164,6.2
queue,batched-par k=1,,"{""batch_k"": 1}",batched-par,4,500,5000,50,True,5000,241.1357,20.7352,20.74,1425.869,1634.76,1336.888,1.77,1.43,90.98,5.82,2138.8,1718.91,109688.42,7021.74,465.02,0.0,401443.4,55.49,45313,17186,50,10032,1907,10326,1916,104,1916,0,0.0,0.0,5.35,32.81,0.0,0,0,38293,0,0,0,0,27.29
place,beanstalk soft,predicted-best,"{""flag_clean"": 0.15, ""flag_recall"": 0.6, ""placement_fallback"": ""least-overlap""}",beanstalk,9,500,5000,50,True,5000,40.8025,122.5415,120.8181,472.558,1506.634,701.307,10.4,9.74,0.56,79.29,2122.66,1987.48,114.6,16176.51,9.07,16132.09,55389.7,45.25,5515,0,50,10003,888,3237,2472,47,2472,4813,275.55,36.36,530.24,1512.99,2165.0,91,0,0,759,2254,1761,3261,9.4
place,beanstalk soft,predicted-best,"{""flag_clean"": 0.15, ""flag_recall"": 0.6, ""placement_fallback"": ""least-overlap""}",beanstalk,8,500,5000,50,True,5000,39.7947,125.6449,114.3257,1158.299,2088.19,1172.91,10.56,9.58,0.56,79.31,2100.4,1905.19,111.64,15780.11,13.55,15624.33,54052.4,45.28,5387,0,50,9688,973,3231,2386,42,2386,4816,296.38,35.85,934.8,2092.96,2160.1,94,0,0,748,2147,1680,3240,10.52
place,beanstalk hard,predicted-best,"{""flag_clean"": 0.15, ""flag_recall"": 0.6, ""placement_fallback"": ""wait""}",beanstalk,3,500,5000,50,True,5000,146.7464,34.0724,36.42,195.793,559.165,230.105,2.92,0.49,0.03,96.55,2143.65,362.98,22.28,70844.29,48352.22,19914.75,65874.0,14.96,6548,0,19,613,198,5904,1190,9,1190,0,132.72,26.55,201.97,677.01,2993.5,10,0,0,373,419,828,6129,3.71
place,beanstalk soft,predicted-best,"{""flag_clean"": 0.15, ""flag_recall"": 0.6, ""placement_fallback"": ""least-overlap""}",beanstalk,6,500,5000,50,True,5000,44.665,111.9444,160.9347,695.695,1479.699,792.112,9.56,8.5,0.49,81.44,2135.17,1898.78,110.18,18188.39,26.27,17969.86,56215.5,41.95,5604,0,50,9275,1012,3052,2469,48,2469,4784,279.12,37.36,575.01,1485.94,2342.8,93,0,0,815,2536,1702,3068,10.96
place,beanstalk hard,predicted-best,"{""flag_clean"": 0.15, ""flag_recall"": 0.6, ""placement_fallback"": ""wait""}",beanstalk,4,500,5000,50,True,5000,149.2905,33.4917,33.9689,252.705,1096.747,387.61,2.87,0.51,0.03,96.59,2138.8,382.44,22.72,72101.3,51177.48,18225.33,66209.2,14.78,6564,0,19,720,193,6028,1195,5,1195,0,134.51,26.7,357.5,1550.64,2990.0,9,0,0,382,430,827,6134,3.28
place,beanstalk hard,predicted-best,"{""flag_clean"": 0.15, ""flag_recall"": 0.6, ""placement_fallback"": ""wait""}",beanstalk,5,500,5000,50,True,5000,142.2198,35.1569,36.8712,195.726,866.937,290.432,2.93,0.5,0.03,96.53,2084.71,358.07,22.73,68644.36,49015.5,17252.09,65663.4,15.39,6538,0,21,698,196,5986,1212,7,1212,0,133.69,25.32,251.22,1121.91,2724.8,9,0,0,340,379,882,6159,2.53
queue,batched-par k=1,,"{""batch_k"": 1}",batched-par,1,500,5000,50,True,5000,241.3287,20.7186,20.8525,1391.492,1706.184,1333.621,1.75,1.38,90.72,6.15,2108.89,1669.54,109465.54,7420.36,844.03,0.0,405798.7,56.05,46141,18082,50,10107,2074,10672,1922,112,1922,0,0.0,0.0,5.71,53.69,0.0,0,0,39107,0,0,0,0,29.37
queue,batched-par k=1,,"{""batch_k"": 1}",batched-par,0,500,5000,50,True,5000,238.8964,20.9296,21.2014,1393.349,1588.168,1322.736,1.79,1.4,90.88,5.92,2143.14,1676.16,108551.84,7077.07,638.4,0.0,399085.4,55.68,45410,17647,50,10122,2089,10197,1927,108,1927,0,0.0,0.0,5.3,41.17,0.0,0,0,38375,0,0,0,0,30.16
queue,batched-par k=1,,"{""batch_k"": 1}",batched-par,3,500,5000,50,True,5000,247.3163,20.217,20.1132,1457.783,1691.502,1381.052,1.73,1.35,91.72,5.2,2143.65,1669.59,113418.11,6426.78,593.46,0.0,416484.2,56.13,47598,18919,50,9956,2067,10644,1985,96,1985,0,0.0,0.0,5.49,51.67,0.0,0,0,40517,0,0,0,0,30.01
queue,batched-par k=1,,"{""batch_k"": 1}",batched-par,2,500,5000,50,True,5000,235.1914,21.2593,21.3288,1391.974,1585.845,1303.367,1.81,1.44,90.92,5.83,2128.39,1694.63,106919.28,6853.4,512.13,0.0,396708.5,56.22,45195,17672,50,10152,2064,10028,1934,95,1934,0,0.0,0.0,5.6,53.0,0.0,0,0,38166,0,0,0,0,30.95
place,beanstalk hard,predicted-best,"{""flag_clean"": 0.15, ""flag_recall"": 0.6, ""placement_fallback"": ""wait""}",beanstalk,7,500,5000,50,True,5000,152.998,32.6802,36.9695,198.536,1525.647,380.592,2.85,0.52,0.03,96.6,2180.71,398.02,22.81,73897.48,50836.29,20510.38,65372.1,14.24,6505,0,19,748,210,5961,1183,6,1183,0,143.64,26.83,366.43,1993.1,3172.4,10,0,0,340,381,853,6124,4.87
queue,batched-par k=1,,"{""batch_k"": 1}",batched-par,7,500,5000,50,True,5000,245.2418,20.388,20.496,1410.018,1699.091,1335.928,1.78,1.39,89.4,7.43,2180.71,1702.62,109624.72,9112.84,888.95,0.0,400516.7,54.44,45387,17291,50,10053,2051,10385,1929,92,1929,0,0.0,0.0,5.81,96.34,0.0,0,0,38366,0,0,0,0,30.23
place,beanstalk hard,predicted-best,"{""flag_clean"": 0.15, ""flag_recall"": 0.6, ""placement_fallback"": ""wait""}",beanstalk,8,500,5000,50,True,5000,139.3088,35.8915,39.6271,240.101,783.292,294.114,3.02,0.51,0.03,96.44,2100.4,358.25,22.86,67172.87,45753.6,19115.49,65622.8,15.7,6538,0,19,722,195,5982,1198,14,1198,0,163.63,25.81,268.22,1040.15,2782.4,9,0,0,367,405,847,6133,5.88
place,beanstalk hard,predicted-best,"{""flag_clean"": 0.15, ""flag_recall"": 0.6, ""placement_fallback"": ""wait""}",beanstalk,6,500,5000,50,True,5000,148.5156,33.6665,31.3448,295.459,1266.65,434.232,2.88,0.53,0.03,96.56,2135.17,394.6,22.92,71705.08,47924.12,21401.22,67278.7,15.1,6699,0,21,665,233,6116,1296,8,1296,0,236.86,26.33,441.55,1657.4,3317.2,9,0,0,433,462,873,6237,6.2
place,beanstalk hard,predicted-best,"{""flag_clean"": 0.15, ""flag_recall"": 0.6, ""placement_fallback"": ""wait""}",beanstalk,9,500,5000,50,True,5000,148.8293,33.5955,38.1562,170.778,573.771,218.685,2.85,0.51,0.03,96.61,2122.66,377.76,22.81,71891.4,49439.26,19919.2,65533.2,14.68,6527,0,19,742,195,5995,1204,8,1204,0,169.18,26.1,192.46,763.29,3140.1,10,0,0,344,376,871,6151,6.26
queue,batched-par k=1,,"{""batch_k"": 1}",batched-par,5,500,5000,50,True,5000,240.4852,20.7913,21.4124,1403.573,1595.482,1332.452,1.73,1.34,91.0,5.92,2084.71,1614.56,109423.08,7120.23,680.56,0.0,412234.2,57.14,47303,18774,50,9930,1922,10407,1959,109,1959,0,0.0,0.0,5.59,45.33,0.0,0,0,40235,0,0,0,0,34.87
queue,batched-par k=1,,"{""batch_k"": 1}",batched-par,6,500,5000,50,True,5000,250.3055,19.9756,19.8181,1480.828,1670.37,1395.383,1.71,1.25,91.66,5.38,2135.17,1569.08,114712.82,6735.67,762.26,0.0,423856.9,56.45,48311,19188,50,9282,2073,10982,2014,100,2014,0,0.0,0.0,5.58,52.68,0.0,0,0,41197,0,0,0,0,34.26
place,beanstalk soft,predicted-typical,"{""flag_clean"": 0.25, ""flag_recall"": 0.6, ""placement_fallback"": ""least-overlap""}",beanstalk,1,500,5000,50,True,5000,41.7539,119.7492,125.926,856.505,1895.577,960.252,10.1,9.13,0.53,80.24,2108.89,1906.68,109.66,16751.74,6.97,16649.28,53222.9,42.49,5298,0,50,9719,886,3287,2280,40,2280,4884,316.32,36.59,768.56,1900.98,2303.2,86,0,0,671,1985,1649,3313,8.01
place,beanstalk soft,predicted-typical,"{""flag_clean"": 0.25, ""flag_recall"": 0.6, ""placement_fallback"": ""least-overlap""}",beanstalk,0,500,5000,50,True,5000,42.3527,118.0562,,1357.229,2367.705,1376.121,10.12,9.86,0.54,79.48,2143.14,2087.34,114.92,16830.96,7.8,16762.01,56155.5,44.2,5594,0,50,10154,1093,3407,2520,44,2520,4924,265.09,35.56,1122.14,2385.85,2299.6,86,0,0,744,2173,1820,3421,10.26
place,beanstalk hard,predicted-typical,"{""flag_clean"": 0.25, ""flag_recall"": 0.6, ""placement_fallback"": ""wait""}",beanstalk,2,500,5000,50,True,5000,187.2686,26.6996,27.0783,119.684,585.609,184.563,2.27,0.34,0.02,97.36,2128.39,318.83,21.68,91165.38,75841.83,11616.58,65531.8,11.66,6512,0,18,547,164,5737,1158,5,1158,0,119.77,25.3,175.84,1048.78,1717.7,7,0,0,372,391,797,6121,2.14
place,beanstalk hard,predicted-typical,"{""flag_clean"": 0.25, ""flag_recall"": 0.6, ""placement_fallback"": ""wait""}",beanstalk,1,500,5000,50,True,5000,189.8428,26.3376,27.2047,121.849,564.078,185.375,2.22,0.36,0.02,97.39,2108.89,342.43,21.68,92448.42,76998.04,12229.52,65285.3,11.46,6485,0,16,566,151,5829,1173,4,1173,0,142.02,25.68,170.99,832.68,1994.8,10,0,0,329,343,855,6142,4.96
queue,batched-par k=1,,"{""batch_k"": 1}",batched-par,8,500,5000,50,True,5000,246.8983,20.2513,19.8149,1441.431,1790.507,1369.099,1.7,1.3,91.12,5.88,2100.4,1605.62,112485.99,7257.15,1410.07,0.0,416436.8,56.22,47442,18565,50,9679,1973,10764,1961,94,1961,0,0.0,0.0,5.53,36.68,0.0,0,0,40387,0,0,0,0,35.66
place,beanstalk soft,predicted-typical,"{""flag_clean"": 0.25, ""flag_recall"": 0.6, ""placement_fallback"": ""least-overlap""}",beanstalk,4,500,5000,50,True,5000,45.142,110.7616,105.7481,383.163,1554.45,666.09,9.48,8.28,0.48,81.77,2138.8,1868.96,107.79,18455.46,9.66,18162.65,52296.2,38.62,5196,0,50,9504,936,3127,2191,36,2191,4839,263.0,36.5,520.58,1558.14,2491.5,96,0,0,687,2046,1540,3150,9.69
place,beanstalk hard,predicted-typical,"{""flag_clean"": 0.25, ""flag_recall"": 0.6, ""placement_fallback"": ""wait""}",beanstalk,0,500,5000,50,True,5000,191.392,26.1244,27.5929,93.5,323.829,120.296,2.24,0.34,0.02,97.4,2143.14,324.71,21.84,93206.29,78376.53,11146.23,65008.0,11.32,6462,0,17,582,154,5692,1152,5,1152,0,120.67,24.72,99.99,541.25,1704.1,8,0,0,326,342,837,6120,5.85
place,beanstalk soft,predicted-typical,"{""flag_clean"": 0.25, ""flag_recall"": 0.6, ""placement_fallback"": ""least-overlap""}",beanstalk,3,500,5000,50,True,5000,40.0411,124.8716,144.1613,532.592,1337.105,635.754,10.71,9.48,0.57,79.24,2143.65,1898.57,114.48,15863.87,45.21,15578.69,53982.9,44.94,5374,0,50,9816,971,3110,2354,50,2354,4847,315.35,36.49,461.97,1342.18,2188.6,97,0,0,724,2245,1680,3129,11.04
place,beanstalk soft,predicted-typical,"{""flag_clean"": 0.25, ""flag_recall"": 0.6, ""placement_fallback"": ""least-overlap""}",beanstalk,5,500,5000,50,True,5000,40.4617,123.5737,,1195.879,2225.077,1248.008,10.3,9.88,0.61,79.21,2084.71,1998.89,123.03,16024.21,14.8,15816.76,54568.6,44.95,5428,0,50,10407,909,3088,2572,42,2572,4861,290.31,36.35,1026.05,2228.65,2180.1,105,0,0,746,2324,1869,3104,10.11
place,beanstalk hard,predicted-typical,"{""flag_clean"": 0.25, ""flag_recall"": 0.6, ""placement_fallback"": ""wait""}",beanstalk,3,500,5000,50,True,5000,190.7829,26.2078,27.44,91.832,316.064,117.378,2.25,0.33,0.02,97.4,2143.65,315.15,21.44,92911.23,77311.84,11855.4,64778.2,11.32,6452,0,16,545,158,5611,1107,9,1107,0,127.05,25.37,101.07,475.31,1851.8,7,0,0,342,372,783,6080,4.49
place,beanstalk soft,predicted-typical,"{""flag_clean"": 0.25, ""flag_recall"": 0.6, ""placement_fallback"": ""least-overlap""}",beanstalk,6,500,5000,50,True,5000,43.2888,115.5034,141.6447,568.729,900.792,588.217,9.86,9.06,0.52,80.55,2135.17,1961.63,112.46,17435.11,7.04,17427.64,56478.6,43.49,5635,0,50,9586,997,2993,2497,63,2497,4857,288.13,37.78,418.99,906.87,2445.9,102,0,0,827,2625,1733,3010,10.37
place,beanstalk soft,predicted-typical,"{""flag_clean"": 0.25, ""flag_recall"": 0.6, ""placement_fallback"": ""least-overlap""}",beanstalk,2,500,5000,50,True,5000,41.5144,120.44,198.93,699.561,1265.877,799.669,10.25,9.69,0.55,79.51,2128.39,2010.59,114.01,16504.23,31.24,16234.72,54611.2,43.85,5436,0,50,10096,952,3195,2391,48,2391,4888,215.06,36.46,614.46,1270.02,2321.4,84,0,0,737,2227,1702,3209,13.05
place,beanstalk hard,predicted-typical,"{""flag_clean"": 0.25, ""flag_recall"": 0.6, ""placement_fallback"": ""wait""}",beanstalk,4,500,5000,50,True,5000,193.8813,25.789,26.1318,112.279,597.033,169.883,2.21,0.33,0.02,97.44,2138.8,321.09,21.4,94459.35,77307.99,13442.81,64882.6,11.16,6458,0,16,534,147,5664,1099,14,1099,0,128.05,25.93,159.42,870.77,2043.3,9,0,0,357,379,772,6079,5.59
place,beanstalk hard,predicted-typical,"{""flag_clean"": 0.25, ""flag_recall"": 0.6, ""placement_fallback"": ""wait""}",beanstalk,9,500,5000,50,True,5000,187.3772,26.6841,28.6901,120.87,468.375,167.497,2.27,0.34,0.02,97.37,2122.66,317.47,21.62,91226.83,76266.53,11444.36,65191.5,11.6,6486,0,17,544,149,5756,1159,9,1159,0,165.22,25.02,147.35,659.72,1809.7,7,0,0,333,358,840,6128,3.31
queue,batched-par k=1,,"{""batch_k"": 1}",batched-par,9,500,5000,50,True,5000,254.8378,19.6203,19.2125,1506.958,1745.422,1420.54,1.67,1.27,91.64,5.43,2122.66,1612.71,116765.6,6917.95,387.1,0.0,421309.8,55.11,47792,18529,50,9509,1904,10809,2017,111,2017,0,0.0,0.0,5.82,50.96,0.0,0,0,40664,0,0,0,0,39.19
place,beanstalk soft,predicted-typical,"{""flag_clean"": 0.25, ""flag_recall"": 0.6, ""placement_fallback"": ""least-overlap""}",beanstalk,8,500,5000,50,True,5000,42.2704,118.2862,,1505.039,2516.642,1512.789,9.94,9.02,0.5,80.54,2100.4,1906.79,106.62,17021.36,8.54,16864.91,54841.1,43.25,5453,0,50,9509,907,3406,2330,51,2330,4908,325.04,35.51,1268.11,2536.22,2282.6,90,0,0,714,2046,1667,3407,10.32
place,beanstalk soft,predicted-typical,"{""flag_clean"": 0.25, ""flag_recall"": 0.6, ""placement_fallback"": ""least-overlap""}",beanstalk,9,500,5000,50,True,5000,43.0046,116.2667,138.053,563.18,1161.608,625.644,9.87,9.48,0.54,80.11,2122.66,2037.55,116.6,17225.47,6.97,17183.53,56143.6,43.52,5594,0,50,10184,899,3191,2540,47,2540,4864,250.83,37.23,459.61,1168.96,2333.7,99,0,0,773,2389,1814,3205,10.07
place,beanstalk hard,predicted-typical,"{""flag_clean"": 0.25, ""flag_recall"": 0.6, ""placement_fallback"": ""wait""}",beanstalk,8,500,5000,50,True,5000,182.0246,27.4688,27.3806,118.511,566.648,181.286,2.31,0.35,0.02,97.32,2100.4,314.09,21.56,88576.25,74739.37,10369.31,64708.6,11.85,6444,0,16,566,158,5676,1105,7,1105,0,165.42,25.24,162.57,717.25,1585.8,7,0,0,349,371,768,6073,4.62
place,beanstalk hard,predicted-typical,"{""flag_clean"": 0.25, ""flag_recall"": 0.6, ""placement_fallback"": ""wait""}",beanstalk,7,500,5000,50,True,5000,194.7596,25.6727,26.1751,95.643,466.275,142.962,2.24,0.35,0.02,97.39,2180.71,336.6,21.5,94841.02,78256.74,12860.31,64298.2,11.0,6396,0,16,573,140,5581,1088,8,1088,0,154.73,26.36,127.71,747.48,2144.0,7,0,0,311,332,790,6064,7.37
place,beanstalk hard,predicted-typical,"{""flag_clean"": 0.25, ""flag_recall"": 0.6, ""placement_fallback"": ""wait""}",beanstalk,6,500,5000,50,True,5000,192.7628,25.9386,25.7328,128.492,431.619,165.919,2.22,0.36,0.02,97.41,2135.17,343.19,21.94,93881.08,76909.55,13771.14,66741.6,11.54,6650,0,17,519,145,5948,1261,13,1261,0,125.81,25.65,151.62,654.87,2179.0,9,0,0,402,422,875,6228,9.11
place,beanstalk hard,predicted-typical,"{""flag_clean"": 0.25, ""flag_recall"": 0.6, ""placement_fallback"": ""wait""}",beanstalk,5,500,5000,50,True,5000,189.5948,26.372,26.5909,106.064,431.589,152.045,2.2,0.33,0.02,97.45,2084.71,315.45,21.62,92375.62,75326.58,13554.34,65081.6,11.44,6472,0,16,551,154,5674,1155,8,1155,0,99.23,25.08,133.76,689.06,2052.3,7,0,0,340,356,826,6116,9.61
place,beanstalk hard,module-level,"{""flag_clean"": 0.6, ""flag_recall"": 0.9, ""placement_fallback"": ""wait""}",beanstalk,0,500,5000,50,True,5000,418.0567,11.9601,12.1357,24.791,110.674,36.69,1.03,0.1,0.01,98.87,2143.14,199.32,19.11,206666.75,193969.74,4126.43,63596.0,5.07,6332,0,9,137,56,4020,996,8,996,0,94.1,23.79,27.46,185.52,622.6,6,0,0,333,336,714,5996,5.04
place,beanstalk soft,predicted-typical,"{""flag_clean"": 0.25, ""flag_recall"": 0.6, ""placement_fallback"": ""least-overlap""}",beanstalk,7,500,5000,50,True,5000,44.4261,112.5464,113.0325,1048.595,2111.743,1070.418,9.82,9.58,0.56,80.04,2180.71,2127.77,124.51,17780.06,7.26,17723.66,53948.5,40.48,5382,0,50,10838,1104,3266,2529,37,2529,4872,325.65,35.77,884.7,2115.84,2495.1,99,0,0,738,2090,1830,3292,16.96
place,beanstalk hard,module-level,"{""flag_clean"": 0.6, ""flag_recall"": 0.9, ""placement_fallback"": ""wait""}",beanstalk,1,500,5000,50,True,5000,406.9107,12.2877,12.1557,25.469,109.662,37.351,1.04,0.1,0.01,98.85,2108.89,204.43,19.05,201122.98,189063.13,4469.98,63422.6,5.2,6312,0,8,130,73,4007,982,7,982,0,96.61,24.32,28.25,214.64,671.7,5,0,0,323,329,713,5983,6.18
place,beanstalk hard,module-level,"{""flag_clean"": 0.6, ""flag_recall"": 0.9, ""placement_fallback"": ""wait""}",beanstalk,2,500,5000,50,True,5000,419.3284,11.9238,12.0309,25.783,118.658,38.728,1.02,0.1,0.01,98.88,2128.39,202.18,19.09,207314.55,195465.81,3068.34,63715.0,5.06,6338,0,10,136,81,4042,992,6,992,0,82.21,24.04,29.94,214.93,472.8,4,0,0,339,344,696,5994,7.57
place,beanstalk hard,module-level,"{""flag_clean"": 0.6, ""flag_recall"": 0.9, ""placement_fallback"": ""wait""}",beanstalk,4,500,5000,50,True,5000,424.004,11.7923,11.8714,26.109,119.817,39.221,1.01,0.1,0.01,98.88,2138.8,209.09,19.03,209635.08,195405.1,5911.25,63603.6,5.0,6331,0,10,139,71,4014,965,8,965,0,130.63,24.92,31.19,246.65,979.9,4,0,0,355,362,667,5969,7.6
place,beanstalk soft,module-level,"{""flag_clean"": 0.6, ""flag_recall"": 0.9, ""placement_fallback"": ""least-overlap""}",beanstalk,3,500,5000,50,True,5000,42.0624,118.871,302.0769,679.145,1380.511,699.279,10.19,9.09,0.53,80.19,2143.65,1911.11,110.98,16865.47,15.78,16766.04,55455.5,43.95,5520,0,50,9792,934,3323,2344,49,2344,4961,314.34,36.44,525.09,1385.73,2376.0,94,0,0,734,2182,1659,3338,16.13
place,beanstalk hard,module-level,"{""flag_clean"": 0.6, ""flag_recall"": 0.9, ""placement_fallback"": ""wait""}",beanstalk,3,500,5000,50,True,5000,422.1084,11.8453,11.9972,25.312,116.684,38.629,1.02,0.1,0.01,98.88,2143.65,207.12,19.03,208684.41,196256.24,3873.03,63318.5,5.0,6319,0,10,132,76,3963,983,7,983,0,126.11,24.29,29.07,317.54,780.2,4,0,0,331,335,695,5984,10.11
place,beanstalk hard,module-level,"{""flag_clean"": 0.6, ""flag_recall"": 0.9, ""placement_fallback"": ""wait""}",beanstalk,5,500,5000,50,True,5000,409.0734,12.2227,12.3725,25.232,107.088,37.392,1.02,0.1,0.01,98.87,2084.71,199.76,19.14,202233.08,189750.32,4339.35,63736.5,5.19,6350,0,9,117,70,4061,1018,7,1018,0,108.75,23.83,28.54,298.6,695.6,5,0,0,325,333,736,6017,10.75
place,beanstalk soft,module-level,"{""flag_clean"": 0.6, ""flag_recall"": 0.9, ""placement_fallback"": ""least-overlap""}",beanstalk,0,500,5000,50,True,5000,39.9542,125.1433,131.1631,528.514,973.791,557.744,10.73,10.67,0.62,77.98,2143.14,2130.8,124.77,15578.4,3.74,15520.97,53958.0,45.02,5363,0,50,10858,1031,3128,2438,33,2438,4988,285.09,36.84,407.89,980.59,2208.3,92,0,0,747,2219,1724,3144,20.6
place,beanstalk hard,module-level,"{""flag_clean"": 0.6, ""flag_recall"": 0.9, ""placement_fallback"": ""wait""}",beanstalk,7,500,5000,50,True,5000,432.5128,11.5604,11.5404,23.513,105.17,36.365,1.01,0.1,0.01,98.89,2180.71,208.46,18.89,213848.32,200118.01,4884.23,63187.6,4.87,6297,0,9,125,68,3901,949,10,949,0,127.96,25.16,28.16,292.25,952.3,5,0,0,338,344,673,5953,11.12
place,beanstalk hard,module-level,"{""flag_clean"": 0.6, ""flag_recall"": 0.9, ""placement_fallback"": ""wait""}",beanstalk,6,500,5000,50,True,5000,416.6886,11.9994,12.0511,30.125,138.658,45.725,1.02,0.11,0.01,98.86,2135.17,230.09,19.45,205959.57,191595.01,6489.11,65068.8,5.21,6482,0,11,141,58,4375,1084,9,1084,0,119.08,24.97,36.56,280.25,1028.0,5,0,0,397,403,733,6079,12.17
place,beanstalk soft,module-level,"{""flag_clean"": 0.6, ""flag_recall"": 0.9, ""placement_fallback"": ""least-overlap""}",beanstalk,1,500,5000,50,True,5000,46.0812,108.5041,116.7775,1141.387,2045.858,1074.861,9.15,8.57,0.5,81.78,2108.89,1974.05,115.5,18842.17,12.42,18761.12,53592.8,38.77,5334,0,50,10011,935,3201,2405,46,2405,4961,280.02,36.21,827.82,2051.79,2536.3,93,0,0,712,2117,1739,3217,23.54
place,beanstalk soft,module-level,"{""flag_clean"": 0.6, ""flag_recall"": 0.9, ""placement_fallback"": ""least-overlap""}",beanstalk,7,500,5000,50,True,5000,49.0201,101.9989,98.0174,372.92,740.272,423.345,8.9,8.77,0.52,81.82,2180.71,2149.09,126.48,20053.79,10.29,19970.08,55742.5,37.9,5554,0,50,11028,1041,3196,2559,47,2559,4945,365.09,36.75,243.93,743.29,2674.7,96,0,0,777,2311,1830,3243,21.89
place,beanstalk soft,module-level,"{""flag_clean"": 0.6, ""flag_recall"": 0.9, ""placement_fallback"": ""least-overlap""}",beanstalk,5,500,5000,50,True,5000,39.8904,125.3434,147.8286,507.845,1289.315,628.262,10.45,9.73,0.57,79.25,2084.71,1940.44,113.48,15806.57,45.15,15348.28,55568.6,46.43,5525,0,50,9848,909,3203,2497,45,2497,4974,226.05,36.33,491.3,1293.53,2231.8,107,0,0,738,2312,1804,3213,22.61
place,beanstalk hard,module-level,"{""flag_clean"": 0.6, ""flag_recall"": 0.9, ""placement_fallback"": ""wait""}",beanstalk,8,500,5000,50,True,5000,404.1906,12.3704,12.4766,24.746,124.917,39.359,1.04,0.1,0.01,98.85,2100.4,200.07,19.03,199775.79,185756.76,5873.55,63308.8,5.22,6306,0,11,142,62,3938,959,7,959,0,137.06,24.43,29.79,279.71,875.8,7,0,0,342,346,671,5960,10.83
place,beanstalk hard,module-level,"{""flag_clean"": 0.6, ""flag_recall"": 0.9, ""placement_fallback"": ""wait""}",beanstalk,9,500,5000,50,True,5000,415.3298,12.0386,12.369,26.059,114.193,39.357,1.02,0.1,0.01,98.87,2122.66,205.39,19.12,205317.75,193535.42,3786.23,63427.8,5.09,6318,0,10,134,63,4054,995,7,995,0,115.67,24.0,30.83,311.74,755.0,5,0,0,322,327,724,5991,9.75
place,beanstalk soft,module-level,"{""flag_clean"": 0.6, ""flag_recall"": 0.9, ""placement_fallback"": ""least-overlap""}",beanstalk,4,500,5000,50,True,5000,46.3093,107.9696,147.2757,569.129,1117.84,676.015,9.24,8.86,0.49,81.42,2138.8,2050.68,113.61,18851.57,6.29,18730.9,54255.8,39.05,5384,0,50,9996,977,3109,2354,44,2354,4973,337.46,37.11,485.9,1121.42,2637.0,97,0,0,751,2249,1648,3135,24.19
place,beanstalk soft,module-level,"{""flag_clean"": 0.6, ""flag_recall"": 0.9, ""placement_fallback"": ""least-overlap""}",beanstalk,2,500,5000,50,True,5000,38.9326,128.4272,116.3379,994.123,2054.711,1090.687,10.93,10.25,0.58,78.24,2128.39,1994.62,112.94,15230.33,20.41,15015.43,54449.5,46.62,5412,0,50,10026,923,3226,2336,47,2336,4972,265.74,36.5,921.7,2061.17,2135.6,82,0,0,737,2166,1646,3246,25.75
place,beanstalk soft,module-level,"{""flag_clean"": 0.6, ""flag_recall"": 0.9, ""placement_fallback"": ""least-overlap""}",beanstalk,6,500,5000,50,True,5000,45.5395,109.7948,,1545.523,2712.683,1652.744,9.38,8.52,0.48,81.62,2135.17,1939.74,109.22,18585.61,48.9,18298.88,56740.1,41.53,5651,0,50,9408,1014,3227,2556,44,2556,4959,276.66,36.82,1350.58,2716.69,2571.0,95,0,0,819,2418,1781,3233,25.34
place,beanstalk soft,module-level,"{""flag_clean"": 0.6, ""flag_recall"": 0.9, ""placement_fallback"": ""least-overlap""}",beanstalk,9,500,5000,50,True,5000,41.3723,120.8538,248.0936,716.624,1352.456,747.974,10.26,9.59,0.56,79.59,2122.66,1983.28,115.18,16465.03,12.87,16224.15,54249.9,43.71,5404,0,50,10083,946,3171,2425,49,2425,4967,274.77,35.98,562.9,1357.23,2204.2,99,0,0,728,2223,1746,3181,25.54
place,beanstalk soft,module-level,"{""flag_clean"": 0.6, ""flag_recall"": 0.9, ""placement_fallback"": ""least-overlap""}",beanstalk,8,500,5000,50,True,5000,38.9678,128.3111,,1001.4,1976.939,1046.7,10.78,9.73,0.56,78.94,2100.4,1894.82,108.18,15380.49,31.97,15158.51,53996.4,46.19,5368,0,50,9615,878,3328,2310,40,2310,4986,268.46,35.36,876.53,1996.56,2222.0,88,0,0,705,2033,1645,3335,26.4
place,beanstalk hard,file-oracle,"{""flag_clean"": 0.05, ""flag_recall"": 1.0, ""placement_fallback"": ""wait""}",beanstalk,1,500,5000,50,True,5000,104.4872,47.8527,45.3,511.784,1613.916,652.64,4.04,0.69,0.04,95.23,2108.89,361.98,23.03,49749.71,18157.67,30399.41,68570.8,21.88,6837,0,30,273,376,6276,1468,10,1468,0,198.39,27.01,602.67,1894.51,4329.1,13,0,0,432,531,1046,6306,6.9
place,beanstalk hard,file-oracle,"{""flag_clean"": 0.05, ""flag_recall"": 1.0, ""placement_fallback"": ""wait""}",beanstalk,2,500,5000,50,True,5000,107.2052,46.6395,49.2108,534.293,2211.735,790.854,3.97,0.69,0.04,95.3,2128.39,367.36,23.25,51083.58,18056.27,31362.81,68657.2,21.35,6824,0,28,334,427,6258,1464,10,1464,0,181.56,27.18,700.69,2438.35,4493.2,15,0,0,436,527,1038,6297,7.26
place,beanstalk hard,file-oracle,"{""flag_clean"": 0.05, ""flag_recall"": 1.0, ""placement_fallback"": ""wait""}",beanstalk,0,500,5000,50,True,5000,110.3374,45.3156,48.3791,483.718,1067.754,515.749,3.88,0.69,0.04,95.38,2143.14,380.38,23.52,52621.66,18374.45,32746.64,69649.2,21.04,6932,0,29,316,410,6352,1555,10,1555,0,161.65,26.69,436.22,1227.27,4755.3,14,0,0,462,529,1103,6403,8.26
place,beanstalk hard,file-oracle,"{""flag_clean"": 0.05, ""flag_recall"": 1.0, ""placement_fallback"": ""wait""}",beanstalk,5,500,5000,50,True,5000,105.6827,47.3115,62.8301,1054.082,3554.751,1400.179,3.95,0.71,0.04,95.3,2084.71,376.65,23.5,50356.46,16543.8,32293.86,69318.5,21.86,6897,0,27,341,410,6328,1529,8,1529,0,136.28,27.04,1331.47,3818.87,4455.4,15,0,0,457,541,1080,6356,6.7
place,beanstalk hard,file-oracle,"{""flag_clean"": 0.05, ""flag_recall"": 1.0, ""placement_fallback"": ""wait""}",beanstalk,6,500,5000,50,True,5000,110.5277,45.2375,53.4657,702.388,1964.803,877.707,3.86,0.7,0.04,95.4,2135.17,385.96,23.67,52719.05,17493.04,33852.28,70935.8,21.39,7068,0,28,312,428,6416,1611,14,1611,0,239.65,26.96,770.41,2140.85,4812.3,17,0,0,514,631,1111,6437,4.77
place,beanstalk hard,file-oracle,"{""flag_clean"": 0.05, ""flag_recall"": 1.0, ""placement_fallback"": ""wait""}",beanstalk,4,500,5000,50,True,5000,113.552,44.0327,44.8854,789.979,1644.061,812.63,3.77,0.7,0.04,95.49,2138.8,396.37,23.38,54217.44,17789.51,34825.46,69454.4,20.39,6905,0,27,328,386,6293,1504,17,1504,0,197.48,28.13,742.91,1922.6,4897.4,13,0,0,475,568,1046,6337,10.13
place,beanstalk hard,file-oracle,"{""flag_clean"": 0.05, ""flag_recall"": 1.0, ""placement_fallback"": ""wait""}",beanstalk,3,500,5000,50,True,5000,106.4391,46.9752,64.5725,450.874,1703.081,650.105,4.03,0.7,0.04,95.23,2143.65,370.35,23.48,50682.08,18354.73,30679.18,68944.9,21.59,6856,0,28,337,398,6262,1492,13,1492,0,143.98,27.07,581.63,1953.21,4428.9,13,0,0,446,541,1060,6315,11.94
place,beanstalk soft,file-oracle,"{""flag_clean"": 0.05, ""flag_recall"": 1.0, ""placement_fallback"": ""least-overlap""}",beanstalk,2,500,5000,50,True,5000,41.3435,120.938,364.2339,732.407,1684.971,870.001,10.3,9.12,0.5,80.08,2128.39,1886.17,104.06,16553.12,7.24,16484.83,55025.2,44.36,5466,0,50,9215,970,3373,2372,50,2372,4715,292.93,36.36,661.89,1688.09,2284.2,86,0,0,725,2062,1697,3404,20.91
place,beanstalk hard,file-oracle,"{""flag_clean"": 0.05, ""flag_recall"": 1.0, ""placement_fallback"": ""wait""}",beanstalk,7,500,5000,50,True,5000,112.494,44.4468,43.5187,429.176,1726.315,587.024,3.88,0.66,0.04,95.42,2180.71,369.92,22.97,53673.42,19765.4,32495.92,67962.1,20.14,6771,0,28,336,432,6191,1423,8,1423,0,185.25,27.83,506.85,1989.36,4701.2,13,0,0,425,511,1007,6260,8.37
place,beanstalk hard,file-oracle,"{""flag_clean"": 0.05, ""flag_recall"": 1.0, ""placement_fallback"": ""wait""}",beanstalk,8,500,5000,50,True,5000,107.679,46.4343,48.5163,382.424,871.256,418.101,3.9,0.66,0.04,95.4,2100.4,354.6,23.25,51361.26,19246.19,30736.46,68926.5,21.34,6869,0,27,309,372,6216,1473,16,1473,0,200.09,26.93,355.61,1176.19,4370.6,13,0,0,462,565,1030,6304,12.01
place,beanstalk soft,file-oracle,"{""flag_clean"": 0.05, ""flag_recall"": 1.0, ""placement_fallback"": ""least-overlap""}",beanstalk,3,500,5000,50,True,5000,39.3332,127.1191,,986.996,1979.213,1057.353,10.9,9.57,0.54,78.99,2143.65,1882.62,106.58,15533.75,24.18,15434.57,56498.8,47.88,5623,0,50,9395,1013,3196,2362,47,2362,4746,201.06,36.97,862.31,1985.23,2188.9,88,0,0,787,2422,1622,3201,25.21
place,beanstalk soft,file-oracle,"{""flag_clean"": 0.05, ""flag_recall"": 1.0, ""placement_fallback"": ""least-overlap""}",beanstalk,5,500,5000,50,True,5000,43.2074,115.721,106.1252,504.848,863.962,513.266,9.65,8.29,0.5,81.56,2084.71,1790.45,108.43,17620.1,12.54,17552.48,54364.0,41.94,5406,0,50,9023,1009,2938,2502,48,2502,4743,286.01,36.19,349.09,870.86,2393.7,110,0,0,743,2451,1807,2955,25.65
place,beanstalk soft,file-oracle,"{""flag_clean"": 0.05, ""flag_recall"": 1.0, ""placement_fallback"": ""least-overlap""}",beanstalk,0,500,5000,50,True,5000,44.9691,111.1874,126.0931,451.99,632.472,427.336,9.53,8.44,0.5,81.53,2143.14,1897.04,112.6,18331.78,10.59,18289.46,55067.0,40.82,5478,0,50,9496,995,3014,2504,47,2504,4725,370.91,35.79,257.9,650.47,2422.9,91,0,0,747,2434,1804,3044,30.45
place,beanstalk soft,file-oracle,"{""flag_clean"": 0.05, ""flag_recall"": 1.0, ""placement_fallback"": ""least-overlap""}",beanstalk,4,500,5000,50,True,5000,41.3223,121.0001,143.0195,580.56,1668.489,819.631,10.35,9.31,0.52,79.82,2138.8,1923.59,107.59,16491.16,43.95,16202.33,54062.0,43.61,5369,0,50,9238,956,2986,2445,40,2445,4752,279.15,36.86,624.81,1672.61,2243.6,95,0,0,751,2364,1734,3005,26.85
place,beanstalk soft,file-oracle,"{""flag_clean"": 0.05, ""flag_recall"": 1.0, ""placement_fallback"": ""least-overlap""}",beanstalk,1,500,5000,50,True,5000,43.3996,115.2084,,1393.614,2465.839,1452.748,9.72,8.78,0.49,81.01,2108.89,1904.2,106.96,17579.76,10.33,17487.16,54105.7,41.56,5388,0,50,9403,885,3334,2452,45,2452,4695,267.07,35.56,1175.38,2471.68,2348.7,87,0,0,701,2047,1796,3341,34.05
place,beanstalk soft,file-oracle,"{""flag_clean"": 0.05, ""flag_recall"": 1.0, ""placement_fallback"": ""least-overlap""}",beanstalk,8,500,5000,50,True,5000,43.7764,114.2168,274.1289,827.768,1453.091,763.234,9.6,8.32,0.49,81.59,2100.4,1822.08,107.08,17858.62,30.04,17660.2,54976.4,41.86,5457,0,50,9042,1015,3075,2457,46,2457,4714,314.3,36.75,563.41,1472.3,2398.9,102,0,0,739,2360,1764,3097,28.77
place,beanstalk hard,file-oracle,"{""flag_clean"": 0.05, ""flag_recall"": 1.0, ""placement_fallback"": ""wait""}",beanstalk,9,500,5000,50,True,5000,109.7721,45.5489,46.3587,528.228,1661.12,637.041,3.87,0.69,0.04,95.4,2122.66,377.59,23.42,52362.4,18466.72,32388.34,69431.2,21.08,6919,0,30,319,384,6343,1535,15,1535,0,167.42,26.8,567.73,1903.72,4593.5,13,0,0,431,526,1121,6393,17.88
place,beanstalk soft,hot-file-rule,"{""flag_clean"": 0.02, ""flag_recall"": 0.3, ""placement_fallback"": ""least-overlap""}",beanstalk,3,500,5000,50,True,5000,40.9547,122.0862,172.0991,497.353,784.669,487.746,10.47,9.21,0.54,79.78,2143.65,1885.71,111.2,16336.77,68.15,15859.96,54746.1,44.56,5461,0,50,9634,970,3097,2322,51,2322,4312,216.64,37.14,330.99,790.31,2177.3,103,0,0,735,2337,1640,3124,13.43
place,beanstalk soft,file-oracle,"{""flag_clean"": 0.05, ""flag_recall"": 1.0, ""placement_fallback"": ""least-overlap""}",beanstalk,6,500,5000,50,True,5000,43.6729,114.4874,229.4497,696.023,1231.465,700.091,9.78,8.24,0.47,81.51,2135.17,1799.07,102.91,17799.31,29.97,17279.87,56827.4,43.37,5668,0,50,8731,1043,3095,2539,45,2539,4728,445.09,36.36,517.88,1236.5,2414.4,96,0,0,818,2551,1766,3117,30.07
place,beanstalk soft,hot-file-rule,"{""flag_clean"": 0.02, ""flag_recall"": 0.3, ""placement_fallback"": ""least-overlap""}",beanstalk,1,500,5000,50,True,5000,42.4877,117.6812,107.4855,615.755,1299.701,675.426,9.93,8.58,0.5,80.99,2108.89,1822.42,107.1,17205.41,29.2,16780.07,54084.5,42.43,5385,0,50,9234,879,3157,2324,50,2324,4272,284.78,36.66,509.17,1302.69,2346.2,97,0,0,728,2203,1647,3182,16.33
place,beanstalk soft,hot-file-rule,"{""flag_clean"": 0.02, ""flag_recall"": 0.3, ""placement_fallback"": ""least-overlap""}",beanstalk,0,500,5000,50,True,5000,46.6437,107.1955,112.1202,333.087,876.39,447.004,9.19,8.47,0.49,81.85,2143.14,1975.9,113.99,19088.84,29.65,18693.24,53725.7,38.39,5339,0,50,9784,1066,3122,2401,30,2401,4335,224.1,36.18,275.17,884.88,2442.3,102,0,0,712,2193,1720,3146,18.23
place,beanstalk soft,file-oracle,"{""flag_clean"": 0.05, ""flag_recall"": 1.0, ""placement_fallback"": ""least-overlap""}",beanstalk,9,500,5000,50,True,5000,42.8981,116.5553,115.3638,393.48,852.334,512.563,9.9,9.49,0.56,80.05,2122.66,2035.74,121.03,17169.62,5.08,17150.92,56354.4,43.79,5610,0,50,10376,971,3084,2602,56,2602,4737,310.68,36.95,331.27,857.17,2245.9,108,0,0,780,2507,1878,3103,31.44
place,beanstalk soft,file-oracle,"{""flag_clean"": 0.05, ""flag_recall"": 1.0, ""placement_fallback"": ""least-overlap""}",beanstalk,7,500,5000,50,True,5000,46.286,108.024,97.8517,1314.621,2442.409,1382.999,9.42,8.45,0.47,81.66,2180.71,1955.37,109.24,18897.7,15.7,18820.6,57076.0,41.1,5687,0,50,9511,1042,3319,2547,37,2547,4717,329.33,36.68,1092.94,2445.31,2639.5,102,0,0,789,2348,1795,3339,32.13
place,beanstalk soft,hot-file-rule,"{""flag_clean"": 0.02, ""flag_recall"": 0.3, ""placement_fallback"": ""least-overlap""}",beanstalk,2,500,5000,50,True,5000,39.7571,125.7636,389.7582,618.363,1647.229,832.629,10.71,10.41,0.59,78.29,2128.39,2069.67,117.52,15562.98,5.81,15508.36,55492.0,46.53,5517,0,50,10256,932,2961,2476,53,2476,4367,214.57,37.37,650.89,1649.92,2179.3,89,0,0,776,2531,1754,2986,17.29
place,beanstalk soft,hot-file-rule,"{""flag_clean"": 0.02, ""flag_recall"": 0.3, ""placement_fallback"": ""least-overlap""}",beanstalk,5,500,5000,50,True,5000,39.4848,126.6311,138.9964,536.64,1403.166,667.746,10.56,9.78,0.61,79.04,2084.71,1931.36,121.17,15605.14,3.06,15552.96,54238.5,45.79,5396,0,50,10118,994,2818,2464,57,2464,4337,294.77,37.6,501.97,1407.74,2174.1,110,0,0,740,2556,1781,2840,12.17
place,beanstalk hard,hot-file-rule,"{""flag_clean"": 0.02, ""flag_recall"": 0.3, ""placement_fallback"": ""wait""}",beanstalk,0,500,5000,50,True,5000,86.7364,57.6459,73.5381,596.915,1775.279,725.335,4.94,1.58,0.07,93.4,2143.14,686.85,31.61,40506.62,9234.12,30321.8,67599.3,25.98,6722,0,36,2043,383,6073,1501,17,1501,0,171.72,27.29,641.75,1922.98,4208.7,18,0,0,452,607,1067,6115,6.18
place,beanstalk soft,hot-file-rule,"{""flag_clean"": 0.02, ""flag_recall"": 0.3, ""placement_fallback"": ""least-overlap""}",beanstalk,4,500,5000,50,True,5000,44.7635,111.6982,118.8005,560.207,715.193,483.486,9.56,8.86,0.5,81.08,2138.8,1983.69,112.42,18146.84,12.71,18056.06,54085.1,40.27,5382,0,50,9786,990,2907,2367,45,2367,4362,352.68,37.95,317.78,718.32,2501.3,107,0,0,752,2441,1660,2941,16.38
place,beanstalk hard,hot-file-rule,"{""flag_clean"": 0.02, ""flag_recall"": 0.3, ""placement_fallback"": ""wait""}",beanstalk,1,500,5000,50,True,5000,85.24,58.6579,58.5231,1182.606,3386.615,1379.965,4.95,1.51,0.07,93.47,2108.89,643.31,31.25,39836.54,9415.27,29454.21,66817.5,26.13,6645,0,37,1963,348,6009,1462,12,1462,0,147.36,27.53,1290.6,3569.29,4107.8,17,0,0,433,582,1043,6063,5.4
place,beanstalk soft,hot-file-rule,"{""flag_clean"": 0.02, ""flag_recall"": 0.3, ""placement_fallback"": ""least-overlap""}",beanstalk,8,500,5000,50,True,5000,44.151,113.2478,145.0349,814.747,1646.442,875.286,9.51,8.57,0.5,81.41,2100.4,1892.13,110.44,17972.51,7.78,17916.58,54127.4,40.87,5393,0,50,9416,1011,3207,2468,41,2468,4331,258.2,35.64,665.37,1654.36,2419.7,91,0,0,739,2179,1770,3214,11.61
place,beanstalk hard,hot-file-rule,"{""flag_clean"": 0.02, ""flag_recall"": 0.3, ""placement_fallback"": ""wait""}",beanstalk,4,500,5000,50,True,5000,89.0943,56.1203,55.9319,515.432,1549.865,646.276,4.8,1.51,0.07,93.62,2138.8,673.27,30.76,41704.34,9086.73,31431.78,67370.2,25.21,6691,0,36,1909,344,6011,1465,7,1465,0,216.68,28.13,541.33,1762.49,4377.3,16,0,0,466,617,1006,6074,5.49
place,beanstalk hard,hot-file-rule,"{""flag_clean"": 0.02, ""flag_recall"": 0.3, ""placement_fallback"": ""wait""}",beanstalk,3,500,5000,50,True,5000,84.5343,59.1476,62.3979,400.955,1466.385,530.99,5.07,1.56,0.08,93.29,2143.65,658.93,31.99,39432.58,9210.92,29025.2,67321.2,26.55,6685,0,44,2075,346,5992,1483,14,1483,0,170.84,27.49,453.36,1635.41,3976.2,17,0,0,457,622,1041,6063,6.01
place,beanstalk hard,hot-file-rule,"{""flag_clean"": 0.02, ""flag_recall"": 0.3, ""placement_fallback"": ""wait""}",beanstalk,2,500,5000,50,True,5000,81.9474,61.0148,66.7777,996.874,3131.914,1290.598,5.19,1.61,0.08,93.12,2128.39,658.49,31.57,38155.25,8592.97,28448.27,66598.8,27.09,6628,0,36,2030,390,6046,1472,6,1472,0,144.58,26.98,1174.9,3283.44,3918.2,17,0,0,421,536,1057,6092,6.75
place,beanstalk hard,hot-file-rule,"{""flag_clean"": 0.02, ""flag_recall"": 0.3, ""placement_fallback"": ""wait""}",beanstalk,6,500,5000,50,True,5000,87.2401,57.3131,56.5791,791.275,2809.225,1072.205,4.89,1.52,0.07,93.51,2135.17,663.58,31.6,40789.68,8829.9,31011.76,69382.5,26.51,6904,0,37,1885,413,6179,1623,12,1623,0,144.57,28.04,988.49,2961.66,4337.5,18,0,0,519,712,1116,6192,6.31
place,beanstalk soft,hot-file-rule,"{""flag_clean"": 0.02, ""flag_recall"": 0.3, ""placement_fallback"": ""least-overlap""}",beanstalk,6,500,5000,50,True,5000,44.0987,113.382,191.0482,823.73,1369.616,837.437,9.68,8.42,0.48,81.41,2135.17,1856.92,106.09,17951.17,26.41,17838.27,58398.8,44.14,5819,0,50,8966,1091,3125,2651,49,2651,4270,301.63,36.99,652.05,1373.4,2424.6,95,0,0,844,2672,1858,3147,16.54
place,beanstalk hard,hot-file-rule,"{""flag_clean"": 0.02, ""flag_recall"": 0.3, ""placement_fallback"": ""wait""}",beanstalk,7,500,5000,50,True,5000,91.174,54.8402,59.6323,457.264,1519.94,593.259,4.78,1.51,0.07,93.64,2180.71,686.19,31.96,42688.13,10492.79,31185.08,67378.1,24.63,6711,0,37,2080,402,6047,1505,12,1505,0,251.37,28.05,480.03,1673.65,4393.1,17,0,0,446,606,1071,6105,5.74
place,beanstalk hard,hot-file-rule,"{""flag_clean"": 0.02, ""flag_recall"": 0.3, ""placement_fallback"": ""wait""}",beanstalk,8,500,5000,50,True,5000,84.4649,59.1962,55.7839,573.964,1494.679,639.137,4.97,1.51,0.07,93.44,2100.4,636.77,31.27,39464.02,9399.6,29089.19,67259.6,26.54,6695,0,36,1911,369,6038,1485,14,1485,0,240.85,27.98,550.21,1636.89,4146.4,15,0,0,469,639,1030,6056,6.09
place,beanstalk hard,hot-file-rule,"{""flag_clean"": 0.02, ""flag_recall"": 0.3, ""placement_fallback"": ""wait""}",beanstalk,5,500,5000,50,True,5000,83.1435,60.137,66.4079,1238.661,3435.232,1514.757,5.01,1.5,0.08,93.41,2084.71,623.63,31.83,38831.59,9015.08,28652.66,66552.3,26.68,6634,0,35,2035,340,6035,1506,13,1506,0,161.99,26.71,1423.7,3605.72,4083.7,19,0,0,436,589,1083,6045,7.84
place,beanstalk soft,hot-file-rule,"{""flag_clean"": 0.02, ""flag_recall"": 0.3, ""placement_fallback"": ""least-overlap""}",beanstalk,9,500,5000,50,True,5000,38.1693,130.9954,,1551.304,2270.955,1408.506,11.12,10.37,0.6,77.91,2122.66,1978.95,114.95,14868.07,8.26,14806.17,55498.1,48.47,5528,0,50,9890,915,2994,2477,60,2477,4342,325.29,37.21,1132.81,2277.83,2099.9,103,0,0,780,2528,1757,3000,15.67
place,beanstalk soft,hot-file-rule,"{""flag_clean"": 0.02, ""flag_recall"": 0.3, ""placement_fallback"": ""least-overlap""}",beanstalk,7,500,5000,50,True,5000,47.019,106.34,104.1703,977.527,2292.645,1216.403,9.28,8.83,0.5,81.4,2180.71,2075.01,117.8,19135.98,43.38,18736.31,55712.1,39.5,5552,0,50,10222,1079,3220,2555,55,2555,4336,237.84,36.73,953.7,2296.61,2454.9,94,0,0,771,2304,1839,3248,16.72
place,beanstalk hard,hot-file-rule,"{""flag_clean"": 0.02, ""flag_recall"": 0.3, ""placement_fallback"": ""wait""}",beanstalk,9,500,5000,50,True,5000,83.9962,59.5265,80.6916,388.475,1230.981,513.154,5.05,1.53,0.08,93.34,2122.66,642.26,31.55,39201.64,10005.67,27997.65,67496.4,26.79,6719,0,36,2000,400,6042,1492,17,1492,0,158.72,27.45,442.6,1451.51,4049.1,16,0,0,462,633,1050,6086,7.19
rho,beanstalk soft,,"{""flag_recall"": 0.4}",beanstalk,0,500,5000,50,True,5000,41.3435,120.938,124.2393,506.61,777.971,473.658,10.37,10.36,0.59,78.68,2143.14,2140.97,122.12,16265.51,6.35,16258.97,54942.1,44.3,5473,0,50,10608,1099,3193,2506,40,2506,4917,253.06,35.89,316.84,787.05,2360.5,98,0,0,738,2268,1808,3205,8.33
rho,beanstalk soft,,"{""flag_recall"": 0.4}",beanstalk,2,500,5000,50,True,5000,44.2568,112.9771,285.634,884.792,1796.544,981.648,9.62,9.15,0.51,80.72,2128.39,2023.87,113.18,17862.94,9.52,17822.18,56124.8,42.27,5585,0,50,9982,913,3285,2447,47,2447,4875,330.81,37.12,741.67,1800.79,2467.1,101,0,0,773,2278,1723,3307,9.64
rho,beanstalk soft,,"{""flag_recall"": 0.4}",beanstalk,5,500,5000,50,True,5000,43.4023,115.2013,127.1037,797.035,1878.542,943.748,9.61,9.01,0.55,80.83,2084.71,1955.73,119.03,17541.66,12.76,17277.55,55154.0,42.36,5482,0,50,10073,896,3133,2615,40,2615,4851,301.54,35.56,753.91,1881.48,2393.9,104,0,0,735,2336,1920,3146,9.31
rho,beanstalk soft,,"{""flag_recall"": 0.4}",beanstalk,4,500,5000,50,True,5000,44.5083,112.3386,124.3829,522.607,849.888,513.023,9.61,9.29,0.53,80.57,2138.8,2067.69,117.63,17930.03,3.74,17872.52,55157.6,41.31,5475,0,50,10313,927,2925,2414,50,2414,4857,236.14,37.63,347.15,853.02,2490.7,104,0,0,746,2523,1718,2952,10.64
rho,beanstalk soft,,"{""flag_recall"": 0.4}",beanstalk,3,500,5000,50,True,5000,41.5104,120.4518,112.1792,340.25,651.003,424.99,10.33,9.96,0.6,79.11,2143.65,2067.83,123.98,16419.74,6.42,16405.83,53580.6,43.03,5344,0,50,10779,960,3025,2432,41,2432,4881,327.86,36.79,264.17,656.25,2261.8,90,0,0,757,2288,1716,3056,11.14
rho,beanstalk soft,,"{""flag_recall"": 0.4}",beanstalk,1,500,5000,50,True,5000,38.7519,129.026,,1357.829,2276.458,1316.443,10.88,10.2,0.58,78.34,2108.89,1975.57,112.78,15178.71,18.92,14790.55,53371.0,45.91,5310,0,50,10017,873,3333,2293,44,2293,4888,270.5,35.62,1117.99,2279.89,2180.0,88,0,0,682,1966,1655,3344,12.74
rho,beanstalk soft,,"{""flag_recall"": 0.4}",beanstalk,6,500,5000,50,True,5000,46.7483,106.9558,104.4177,364.952,895.531,479.898,9.13,8.64,0.5,81.73,2135.17,2019.75,115.99,19103.22,16.94,18917.48,57190.5,40.78,5695,0,50,9854,1046,2905,2589,52,2589,4869,348.85,37.78,289.56,901.05,2442.5,100,0,0,833,2755,1808,2940,10.8
rho,beanstalk soft,,"{""flag_recall"": 0.4}",beanstalk,7,500,5000,50,True,5000,49.469,101.0735,128.0558,955.304,1864.34,1021.06,8.82,8.33,0.48,82.38,2180.71,2059.26,117.96,20376.56,11.86,20359.42,54601.4,36.79,5444,0,50,10371,1043,3360,2465,46,2465,4883,377.98,36.17,773.31,1871.68,2803.2,91,0,0,738,2071,1773,3373,10.19
rho,beanstalk soft,,"{""flag_recall"": 0.4}",beanstalk,8,500,5000,50,True,5000,41.7933,119.6363,153.709,649.724,1275.518,654.587,10.05,9.62,0.58,79.75,2100.4,2010.78,121.17,16664.31,6.02,16625.19,54096.1,43.15,5377,0,50,10502,957,3176,2427,52,2427,4853,312.29,36.46,482.83,1284.23,2266.6,88,0,0,764,2196,1715,3181,9.65
rho,beanstalk soft,,"{""flag_recall"": 0.4}",beanstalk,9,500,5000,50,True,5000,43.2835,115.5174,156.1964,311.583,846.024,432.308,9.81,9.44,0.55,80.19,2122.66,2043.8,119.7,17355.6,7.47,17263.38,53905.4,41.51,5358,0,50,10355,953,3141,2484,51,2484,4855,238.05,36.13,275.48,851.42,2275.1,118,0,0,723,2178,1812,3180,9.96
rho,beanstalk soft,,"{""flag_recall"": 0.6}",beanstalk,2,500,5000,50,True,5000,41.5144,120.44,198.93,699.561,1265.877,799.669,10.25,9.69,0.55,79.51,2128.39,2010.59,114.01,16504.23,31.24,16234.72,54611.2,43.85,5436,0,50,10096,952,3195,2391,48,2391,4888,215.06,36.46,614.46,1270.02,2321.4,84,0,0,737,2227,1702,3209,9.24
rho,beanstalk soft,,"{""flag_recall"": 0.6}",beanstalk,1,500,5000,50,True,5000,41.7539,119.7492,125.926,856.505,1895.577,960.252,10.1,9.13,0.53,80.24,2108.89,1906.68,109.66,16751.74,6.97,16649.28,53222.9,42.49,5298,0,50,9719,886,3287,2280,40,2280,4884,316.32,36.59,768.56,1900.98,2303.2,86,0,0,671,1985,1649,3313,10.31
rho,beanstalk soft,,"{""flag_recall"": 0.6}",beanstalk,5,500,5000,50,True,5000,40.4617,123.5737,,1195.879,2225.077,1248.008,10.3,9.88,0.61,79.21,2084.71,1998.89,123.03,16024.21,14.8,15816.76,54568.6,44.95,5428,0,50,10407,909,3088,2572,42,2572,4861,290.31,36.35,1026.05,2228.65,2180.1,105,0,0,746,2324,1869,3104,10.57
rho,beanstalk soft,,"{""flag_recall"": 0.6}",beanstalk,3,500,5000,50,True,5000,40.0411,124.8716,144.1613,532.592,1337.105,635.754,10.71,9.48,0.57,79.24,2143.65,1898.57,114.48,15863.87,45.21,15578.69,53982.9,44.94,5374,0,50,9816,971,3110,2354,50,2354,4847,315.35,36.49,461.97,1342.18,2188.6,97,0,0,724,2245,1680,3129,12.01
rho,beanstalk soft,,"{""flag_recall"": 0.6}",beanstalk,0,500,5000,50,True,5000,42.3527,118.0562,,1357.229,2367.705,1376.121,10.12,9.86,0.54,79.48,2143.14,2087.34,114.92,16830.96,7.8,16762.01,56155.5,44.2,5594,0,50,10154,1093,3407,2520,44,2520,4924,265.09,35.56,1122.14,2385.85,2299.6,86,0,0,744,2173,1820,3421,14.31
rho,beanstalk soft,,"{""flag_recall"": 0.6}",beanstalk,4,500,5000,50,True,5000,45.142,110.7616,105.7481,383.163,1554.45,666.09,9.48,8.28,0.48,81.77,2138.8,1868.96,107.79,18455.46,9.66,18162.65,52296.2,38.62,5196,0,50,9504,936,3127,2191,36,2191,4839,263.0,36.5,520.58,1558.14,2491.5,96,0,0,687,2046,1540,3150,13.79
rho,beanstalk soft,,"{""flag_recall"": 0.6}",beanstalk,7,500,5000,50,True,5000,44.4261,112.5464,113.0325,1048.595,2111.743,1070.418,9.82,9.58,0.56,80.04,2180.71,2127.77,124.51,17780.06,7.26,17723.66,53948.5,40.48,5382,0,50,10838,1104,3266,2529,37,2529,4872,325.65,35.77,884.7,2115.84,2495.1,99,0,0,738,2090,1830,3292,11.2
rho,beanstalk soft,,"{""flag_recall"": 0.6}",beanstalk,6,500,5000,50,True,5000,43.2888,115.5034,141.6447,568.729,900.792,588.217,9.86,9.06,0.52,80.55,2135.17,1961.63,112.46,17435.11,7.04,17427.64,56478.6,43.49,5635,0,50,9586,997,2993,2497,63,2497,4857,288.13,37.78,418.99,906.87,2445.9,102,0,0,827,2625,1733,3010,14.22
rho,beanstalk soft,,"{""flag_recall"": 0.6}",beanstalk,9,500,5000,50,True,5000,43.0046,116.2667,138.053,563.18,1161.608,625.644,9.87,9.48,0.54,80.11,2122.66,2037.55,116.6,17225.47,6.97,17183.53,56143.6,43.52,5594,0,50,10184,899,3191,2540,47,2540,4864,250.83,37.23,459.61,1168.96,2333.7,99,0,0,773,2389,1814,3205,12.04
rho,beanstalk soft,,"{""flag_recall"": 0.8}",beanstalk,1,500,5000,50,True,5000,41.4018,120.7677,116.85,797.131,1784.386,828.678,10.19,9.76,0.58,79.47,2108.89,2020.63,120.69,16450.69,4.79,16412.77,53466.0,43.05,5329,0,50,10424,1001,3037,2455,46,2455,4851,305.95,36.51,679.9,1789.4,2258.1,104,0,0,745,2262,1757,3067,11.64
rho,beanstalk soft,,"{""flag_recall"": 0.8}",beanstalk,5,500,5000,50,True,5000,42.4587,117.7614,119.9021,816.649,1995.944,1000.066,9.82,9.18,0.57,80.43,2084.71,1949.61,121.03,17074.02,5.17,16979.14,54950.1,43.14,5472,0,50,10035,962,3011,2575,45,2575,4873,280.31,35.89,841.52,2001.13,2350.6,94,0,0,754,2454,1866,3018,12.1
rho,beanstalk soft,,"{""flag_recall"": 0.8}",beanstalk,7,500,5000,50,True,5000,47.0143,106.3507,224.9809,712.448,1583.279,859.72,9.28,9.13,0.53,81.06,2180.71,2147.12,123.48,19055.83,13.68,18994.66,56889.4,40.33,5667,0,50,10742,1056,3126,2557,49,2557,4887,336.85,37.67,651.28,1589.57,2611.9,93,0,0,793,2527,1814,3140,11.32
rho,beanstalk soft,,"{""flag_recall"": 0.8}",beanstalk,2,500,5000,50,True,5000,40.8149,122.5043,421.8242,862.573,1816.396,949.229,10.43,9.66,0.53,79.38,2128.39,1970.69,108.13,16200.23,33.46,16022.01,55554.5,45.37,5525,0,50,9665,943,3228,2418,46,2418,4898,242.43,36.33,741.78,1820.54,2263.7,92,0,0,777,2277,1687,3248,13.71
rho,beanstalk soft,,"{""flag_recall"": 0.6}",beanstalk,8,500,5000,50,True,5000,42.2704,118.2862,,1505.039,2516.642,1512.789,9.94,9.02,0.5,80.54,2100.4,1906.79,106.62,17021.36,8.54,16864.91,54841.1,43.25,5453,0,50,9509,907,3406,2330,51,2330,4908,325.04,35.51,1268.11,2536.22,2282.6,90,0,0,714,2046,1667,3407,15.92
rho,beanstalk soft,,"{""flag_recall"": 0.8}",beanstalk,9,500,5000,50,True,5000,43.8224,114.0968,146.0154,622.68,975.104,599.723,9.69,9.33,0.55,80.43,2122.66,2045.05,120.25,17623.26,16.6,17478.63,54512.1,41.46,5426,0,50,10365,890,3035,2499,50,2499,4876,271.1,37.22,409.15,979.7,2318.5,101,0,0,744,2362,1806,3064,9.28
rho,beanstalk soft,,"{""flag_recall"": 0.8}",beanstalk,0,500,5000,50,True,5000,43.8346,114.0651,303.7296,735.109,1607.76,788.73,9.78,9.32,0.54,80.36,2143.14,2042.91,118.21,17613.05,62.16,17091.1,53941.1,41.02,5361,0,50,10235,1090,3242,2445,35,2445,4924,283.8,35.33,628.55,1625.9,2212.7,89,0,0,708,2113,1772,3248,14.93
rho,beanstalk soft,,"{""flag_recall"": 0.8}",beanstalk,4,500,5000,50,True,5000,40.3263,123.9885,162.5096,468.606,1053.539,578.128,10.61,9.42,0.55,79.43,2138.8,1899.52,110.0,16014.85,10.87,15755.19,52994.3,43.8,5260,0,50,9556,916,3112,2256,41,2256,4852,343.79,36.16,432.28,1055.43,2227.1,88,0,0,695,2123,1603,3137,13.44
rho,beanstalk soft,,"{""flag_recall"": 0.8}",beanstalk,3,500,5000,50,True,5000,43.5837,114.7219,202.4683,676.477,1342.338,710.922,9.84,8.67,0.51,80.98,2143.65,1889.62,111.38,17647.18,32.43,17552.99,54651.1,41.8,5438,0,50,9659,958,3169,2321,54,2321,4863,319.24,36.21,521.45,1347.46,2427.4,86,0,0,732,2242,1643,3196,15.14
rho,beanstalk soft,,"{""flag_recall"": 0.8}",beanstalk,6,500,5000,50,True,5000,45.4228,110.0768,213.9583,851.176,1519.404,849.824,9.4,8.38,0.48,81.74,2135.17,1903.39,109.33,18563.51,9.04,18543.47,57200.6,41.98,5692,0,50,9361,976,3161,2518,43,2518,4837,345.3,37.46,656.25,1523.4,2521.2,98,0,0,809,2510,1752,3182,13.97
rho,beanstalk soft,,"{""flag_recall"": 0.8}",beanstalk,8,500,5000,50,True,5000,41.2222,121.2937,170.6167,317.022,776.636,431.738,10.19,9.27,0.54,80.01,2100.4,1910.38,110.28,16490.05,69.0,16042.41,54147.2,43.78,5391,0,50,9651,926,3136,2298,45,2298,4867,282.52,37.18,290.09,796.2,2320.8,93,0,0,743,2232,1600,3159,12.22
qsem,batched k=1,,"{""batch_k"": 1, ""q_sem"": 0.0}",batched,2,500,5000,50,True,5000,191.4765,26.1129,26.0267,1108.458,1304.902,1051.414,2.22,1.03,90.49,6.26,2128.39,981.56,86636.29,5992.01,655.45,0.0,206321.4,35.92,22456,6190,20,6190,1328,2782,903,86,903,0,0.0,0.0,6.76,48.7,0.0,0,0,16467,0,0,0,0,2.9
qsem,batched k=1,,"{""batch_k"": 1, ""q_sem"": 0.0}",batched,1,500,5000,50,True,5000,185.6496,26.9325,26.944,1076.895,1190.773,1029.906,2.27,1.03,91.43,5.27,2108.89,953.36,84872.14,4890.41,530.98,0.0,200056.7,35.92,21876,5940,20,5995,1347,2599,871,87,871,0,0.0,0.0,6.47,41.53,0.0,0,0,15918,0,0,0,0,4.61
qsem,batched k=1,,"{""batch_k"": 1, ""q_sem"": 0.0}",batched,4,500,5000,50,True,5000,190.2842,26.2765,27.0001,1112.44,1267.342,1050.961,2.25,1.04,91.01,5.7,2138.8,991.53,86588.59,5423.16,629.32,0.0,205687.9,36.03,22443,6094,20,6052,1297,2644,854,124,854,0,0.0,0.0,6.61,45.07,0.0,0,0,16465,0,0,0,0,3.83
qsem,batched k=1,,"{""batch_k"": 1, ""q_sem"": 0.0}",batched,5,500,5000,50,True,5000,195.1151,25.6259,25.86,1129.382,1254.345,1081.578,2.14,0.97,91.42,5.48,2084.71,949.21,89182.33,5341.31,646.08,0.0,211503.8,36.13,23121,6513,20,6048,1245,2799,917,100,917,0,0.0,0.0,7.13,75.38,0.0,0,0,17104,0,0,0,0,3.6
qsem,batched k=1,,"{""batch_k"": 1, ""q_sem"": 0.0}",batched,0,500,5000,50,True,5000,193.2244,25.8766,26.1143,1133.975,1340.742,1072.728,2.22,1.03,91.5,5.25,2143.14,995.59,88398.39,5075.11,630.7,0.0,209203.1,36.09,22857,6351,20,6244,1410,2841,906,91,906,0,0.0,0.0,6.71,51.53,0.0,0,0,16860,0,0,0,0,5.87
qsem,batched k=1,,"{""batch_k"": 1, ""q_sem"": 0.0}",batched,3,500,5000,50,True,5000,186.3098,26.837,26.9378,1073.569,1234.831,1038.126,2.3,1.04,91.83,4.83,2143.65,967.61,85542.86,4500.79,399.21,0.0,200942.6,35.95,21978,5854,20,6044,1317,2561,864,93,864,0,0.0,0.0,6.42,40.8,0.0,0,0,16021,0,0,0,0,5.49
qsem,batched k=1,,"{""batch_k"": 1, ""q_sem"": 0.0}",batched,6,500,5000,50,True,5000,204.8309,24.4104,24.2724,1182.856,1369.819,1146.126,2.08,0.91,92.35,4.66,2135.17,931.42,94579.05,4769.82,682.21,0.0,221961.9,36.12,24134,6824,20,5718,1415,3020,969,96,969,0,0.0,0.0,7.09,53.58,0.0,0,0,18069,0,0,0,0,3.71
rho,beanstalk soft,,"{""flag_recall"": 1.0}",beanstalk,1,500,5000,50,True,5000,40.8278,122.4656,128.102,535.294,1037.218,572.792,10.33,8.98,0.52,80.16,2108.89,1833.96,107.06,16364.0,6.65,16242.57,51380.9,41.95,5102,0,50,9412,902,3288,2186,37,2186,4911,248.9,34.91,417.86,1042.14,2299.9,83,0,0,648,1790,1575,3312,14.17
qsem,batched k=1,,"{""batch_k"": 1, ""q_sem"": 0.0}",batched,7,500,5000,50,True,5000,191.887,26.057,26.2802,1067.772,1374.56,1045.525,2.27,1.03,89.78,6.92,2180.71,992.75,86134.31,6635.71,732.22,0.0,205693.0,35.73,22449,6101,20,6046,1355,2740,855,130,855,0,0.0,0.0,7.04,96.33,0.0,0,0,16464,0,0,0,0,2.58
qsem,batched k=1,,"{""batch_k"": 1, ""q_sem"": 0.0}",batched,9,500,5000,50,True,5000,192.9706,25.9107,26.0693,1116.641,1260.221,1072.758,2.2,0.97,91.69,5.15,2122.66,933.9,88462.61,4966.12,604.58,0.0,208255.4,35.97,22604,6031,20,5794,1222,2678,882,120,882,0,0.0,0.0,6.86,52.27,0.0,0,0,16602,0,0,0,0,2.77
rho,beanstalk soft,,"{""flag_recall"": 1.0}",beanstalk,0,500,5000,50,True,5000,41.1975,121.3666,139.1815,480.18,867.83,496.923,10.4,9.53,0.57,79.5,2143.14,1963.02,116.65,16375.94,18.42,16220.1,55094.2,44.58,5486,0,50,10043,1055,3077,2403,47,2403,4889,275.18,36.22,344.47,872.21,2276.7,93,0,0,739,2392,1711,3094,17.2
rho,beanstalk soft,,"{""flag_recall"": 1.0}",beanstalk,2,500,5000,50,True,5000,41.7103,119.8744,,1359.913,2483.586,1428.692,10.21,9.26,0.51,80.03,2128.39,1930.49,105.48,16690.8,8.96,16638.68,55022.5,43.97,5471,0,50,9444,939,3301,2393,50,2393,4886,255.28,36.14,1235.81,2487.04,2301.1,90,0,0,746,2158,1697,3313,14.96
rho,beanstalk soft,,"{""flag_recall"": 1.0}",beanstalk,4,500,5000,50,True,5000,55.5247,90.0499,102.2028,942.454,1808.564,941.529,7.7,7.35,0.4,84.55,2138.8,2041.74,109.72,23472.12,30.24,22537.85,54747.4,32.87,5433,0,50,9777,922,3194,2369,47,2369,4897,339.22,37.53,674.65,1811.79,2685.9,94,0,0,746,2213,1671,3220,14.09
qsem,batched k=1,,"{""batch_k"": 1, ""q_sem"": 0.0}",batched,8,500,5000,50,True,5000,184.239,27.1387,27.4124,1047.341,1208.543,1015.947,2.28,1.01,90.89,5.82,2100.4,932.04,83730.24,5356.81,928.67,0.0,198489.8,35.91,21770,5989,20,5949,1318,2538,853,97,853,0,0.0,0.0,6.69,62.59,0.0,0,0,15820,0,0,0,0,6.28
rho,beanstalk soft,,"{""flag_recall"": 1.0}",beanstalk,3,500,5000,50,True,5000,40.3772,123.8323,112.1112,624.131,1137.413,654.743,10.62,9.74,0.57,79.07,2143.65,1965.62,116.0,15963.32,16.12,15911.5,55232.2,45.6,5488,0,50,10004,971,3134,2436,55,2436,4885,277.96,36.81,487.44,1146.61,2224.3,93,0,0,754,2337,1737,3151,16.67
rho,beanstalk soft,,"{""flag_recall"": 1.0}",beanstalk,8,500,5000,50,True,5000,43.8094,114.1308,113.6543,320.736,907.63,425.237,9.59,9.37,0.55,80.49,2100.4,2052.33,121.09,17630.87,18.85,17470.43,52801.5,40.18,5251,0,50,10516,960,3148,2418,40,2418,4878,340.73,36.49,277.1,912.73,2335.8,87,0,0,730,2073,1729,3178,13.41
rho,beanstalk soft,,"{""flag_recall"": 1.0}",beanstalk,5,500,5000,50,True,5000,44.1101,113.3528,117.7027,589.819,1664.943,779.6,9.45,8.49,0.51,81.55,2084.71,1872.96,111.39,17985.97,17.03,17849.55,54809.1,41.42,5454,0,50,9578,912,3319,2554,38,2554,4867,283.48,34.6,620.15,1672.78,2544.7,105,0,0,727,2127,1865,3327,15.94
rho,beanstalk soft,,"{""flag_recall"": 1.0}",beanstalk,7,500,5000,50,True,5000,46.5445,107.424,134.0417,629.852,1284.412,691.684,9.37,8.94,0.51,81.17,2180.71,2080.66,119.77,18891.12,21.6,18709.86,56465.3,40.44,5632,0,50,10393,1033,3239,2531,55,2531,4901,380.1,36.82,490.2,1290.82,2575.1,94,0,0,787,2370,1801,3262,15.99
rho,beanstalk soft,,"{""flag_recall"": 1.0}",beanstalk,6,500,5000,50,True,5000,45.6173,109.6076,141.23,865.287,1688.976,910.401,9.36,8.64,0.48,81.52,2135.17,1969.85,110.39,18593.22,23.63,18055.95,58300.9,42.6,5804,0,50,9470,972,3189,2573,54,2573,4847,295.34,37.34,686.29,1695.15,2444.3,92,0,0,837,2604,1790,3200,18.27
rho,beanstalk soft,,"{""flag_recall"": 1.0}",beanstalk,9,500,5000,50,True,5000,40.3213,124.0038,213.2949,756.139,1154.907,694.811,10.53,10.17,0.58,78.71,2122.66,2051.32,117.58,15869.1,4.54,15800.59,54595.3,45.13,5437,0,50,10163,877,3123,2449,39,2449,4886,283.88,37.1,541.9,1159.15,2229.0,99,0,0,749,2301,1739,3136,17.75
qsem,beanstalk,,"{""q_sem"": 0.0}",beanstalk,0,500,5000,50,True,5000,30.4839,164.0208,193.8707,438.941,938.92,485.913,14.06,9.84,0.61,75.48,2143.14,1499.92,93.66,11505.24,22.75,11304.71,36642.5,40.07,3645,0,50,8289,779,2880,906,13,906,4974,266.0,32.93,338.48,943.44,1610.2,40,0,0,265,746,654,2899,9.08
qsem,beanstalk,,"{""q_sem"": 0.0}",beanstalk,1,500,5000,50,True,5000,32.6619,153.0837,398.9866,596.578,1277.256,672.311,12.91,8.37,0.57,78.14,2108.89,1366.76,93.51,12761.78,9.56,12660.35,35112.8,35.83,3489,0,50,8055,750,2781,871,18,871,4859,302.0,33.85,510.74,1280.89,1753.7,38,0,0,246,690,643,2799,8.61
qsem,beanstalk,,"{""q_sem"": 0.0}",beanstalk,3,500,5000,50,True,5000,29.0489,172.1238,681.7259,370.081,1031.526,459.672,14.76,9.51,0.62,75.11,2143.65,1381.04,90.4,10909.34,49.9,10477.72,36972.2,42.43,3681,0,50,8010,755,2914,864,11,864,4926,218.63,33.52,347.51,1036.64,1539.1,38,0,0,272,741,604,2940,8.07
qsem,beanstalk,,"{""q_sem"": 0.0}",beanstalk,2,500,5000,50,True,5000,28.9748,172.5635,,1016.861,1706.834,1014.292,14.69,9.73,0.62,74.96,2128.39,1409.64,90.02,10859.38,9.89,10763.71,37923.0,43.63,3771,0,50,7989,729,2940,903,19,903,4943,160.13,33.54,842.03,1710.98,1511.5,46,0,0,287,819,635,2952,11.81
qsem,beanstalk,,"{""q_sem"": 0.0}",beanstalk,5,500,5000,50,True,5000,29.3714,170.2335,,1028.876,1679.266,1008.602,14.2,8.92,0.61,76.27,2084.71,1310.14,89.6,11201.26,2.43,11146.75,35927.7,40.77,3574,0,50,7718,754,2886,917,12,917,4930,241.8,33.25,803.75,1682.84,1606.0,42,0,0,258,673,671,2901,8.68
qsem,beanstalk,,"{""q_sem"": 0.0}",beanstalk,4,500,5000,50,True,5000,32.0148,156.1776,465.6409,533.176,1235.704,637.21,13.36,8.69,0.53,77.42,2138.8,1390.69,84.97,12392.96,16.09,12222.53,37184.9,38.72,3701,0,50,7613,770,2948,854,20,854,4956,224.46,34.33,469.99,1239.43,1703.8,40,0,0,271,733,603,2968,9.79
qsem,batched-par k=1,,"{""batch_k"": 1, ""q_sem"": 0.0}",batched-par,4,500,5000,50,True,5000,113.7751,43.9463,45.5115,646.126,808.508,614.497,3.76,2.91,87.11,6.22,2138.8,1654.51,49553.57,3540.67,309.54,0.0,178652.8,52.34,19290,5620,50,10750,1947,2237,854,93,854,0,0.0,0.0,4.75,39.78,0.0,0,0,13343,0,0,0,0,20.22
qsem,batched-par k=1,,"{""batch_k"": 1, ""q_sem"": 0.0}",batched-par,2,500,5000,50,True,5000,115.4301,43.3163,43.2207,640.132,847.184,621.355,3.69,2.83,86.89,6.6,2128.39,1633.39,50146.22,3807.04,346.69,0.0,184839.9,53.38,19887,5413,50,10909,2074,2554,903,113,903,0,0.0,0.0,4.74,39.93,0.0,0,0,13871,0,0,0,0,21.17
qsem,batched-par k=1,,"{""batch_k"": 1, ""q_sem"": 0.0}",batched-par,1,500,5000,50,True,5000,115.1375,43.4263,43.9449,645.387,818.287,618.598,3.66,2.74,86.81,6.79,2108.89,1574.6,49975.21,3910.07,698.24,0.0,184805.0,53.5,19896,5645,50,10746,2079,2381,871,98,871,0,0.0,0.0,4.73,32.54,0.0,0,0,13927,0,0,0,0,21.95
qsem,batched-par k=1,,"{""batch_k"": 1, ""q_sem"": 0.0}",batched-par,9,500,5000,50,True,5000,121.573,41.1275,41.6835,680.039,836.534,649.011,3.49,2.49,86.48,7.53,2122.66,1513.02,52571.22,4579.62,752.42,0.0,186962.3,51.26,19909,5294,50,10165,1973,2359,882,107,882,0,0.0,0.0,5.28,84.22,0.0,0,0,13920,0,0,0,0,17.12
qsem,beanstalk,,"{""q_sem"": 0.0}",beanstalk,6,500,5000,50,True,5000,32.4873,153.9063,232.6997,629.881,1023.261,614.89,13.14,8.51,0.55,77.8,2135.17,1382.01,89.17,12637.3,58.22,11853.85,37142.2,38.11,3697,0,50,7745,811,2874,969,7,969,4939,202.22,34.56,430.79,1028.21,1695.4,43,0,0,317,812,660,2885,9.07
qsem,batched-par k=1,,"{""batch_k"": 1, ""q_sem"": 0.0}",batched-par,5,500,5000,50,True,5000,119.3263,41.9019,44.1285,662.414,820.982,638.385,3.49,2.61,86.56,7.34,2084.71,1555.96,51642.83,4379.63,618.32,0.0,192391.1,53.74,20797,6021,50,10712,1977,2514,917,95,917,0,0.0,0.0,4.75,40.81,0.0,0,0,14785,0,0,0,0,21.84
qsem,beanstalk,,"{""q_sem"": 0.0}",beanstalk,7,500,5000,50,True,5000,36.7705,135.9785,200.1883,412.95,782.091,467.052,11.86,7.59,0.52,80.03,2180.71,1396.14,94.91,14713.5,49.86,14242.97,35611.5,32.28,3554,0,50,8232,772,2889,855,12,855,4884,336.49,33.72,291.22,789.61,1889.1,35,0,0,248,644,620,2910,9.62
qsem,batched-par k=1,,"{""batch_k"": 1, ""q_sem"": 0.0}",batched-par,3,500,5000,50,True,5000,114.4765,43.6771,44.3831,645.004,797.928,617.881,3.75,2.77,87.19,6.3,2143.65,1583.98,49906.06,3604.57,433.96,0.0,179503.4,52.27,19232,5242,50,10766,2180,2288,864,105,864,0,0.0,0.0,4.68,41.9,0.0,0,0,13263,0,0,0,0,24.37
qsem,batched-par k=1,,"{""batch_k"": 1, ""q_sem"": 0.0}",batched-par,0,500,5000,50,True,5000,121.208,41.2514,42.4571,681.451,851.553,655.086,3.54,2.69,87.38,6.39,2143.14,1631.99,52958.49,3870.36,560.29,0.0,189063.5,51.99,20429,5756,50,10918,2196,2564,906,110,906,0,0.0,0.0,4.98,65.81,0.0,0,0,14413,0,0,0,0,25.86
qsem,batched-par k=1,,"{""batch_k"": 1, ""q_sem"": 0.0}",batched-par,6,500,5000,50,True,5000,125.8354,39.7344,39.773,718.414,920.436,688.492,3.39,2.39,88.8,5.42,2135.17,1503.06,55871.26,3408.23,651.78,0.0,201911.4,53.49,21898,6511,50,9854,2070,2674,969,99,969,0,0.0,0.0,4.87,44.72,0.0,0,0,15830,0,0,0,0,23.12
qsem,beanstalk,,"{""q_sem"": 0.0}",beanstalk,9,500,5000,50,True,5000,32.1115,155.7073,216.5138,606.433,1100.342,588.568,13.22,8.22,0.57,77.99,2122.66,1320.54,91.45,12521.12,7.81,12499.04,35660.8,37.02,3555,0,50,7879,727,2865,882,14,882,4887,256.9,33.41,426.53,1105.95,1640.2,40,0,0,248,675,648,2880,8.08
qsem,batched-par k=1,,"{""batch_k"": 1, ""q_sem"": 0.0}",batched-par,8,500,5000,50,True,5000,112.9745,44.2578,45.5028,632.897,780.875,606.998,3.72,2.73,86.82,6.73,2100.4,1540.33,49042.86,3803.68,638.51,0.0,178905.9,52.79,19203,5307,50,10579,2040,2233,853,103,853,0,0.0,0.0,4.65,40.01,0.0,0,0,13247,0,0,0,0,22.78
qsem,beanstalk,,"{""q_sem"": 0.0}",beanstalk,8,500,5000,50,True,5000,28.9889,172.4796,207.0647,562.076,1147.729,608.985,14.49,9.59,0.65,75.28,2100.4,1389.34,93.82,10910.91,20.47,10741.51,35116.7,40.38,3498,0,50,8103,727,2785,853,12,853,4938,204.63,33.83,480.57,1155.29,1547.0,42,0,0,263,709,602,2789,10.32
qsem,batched-par k=1,,"{""batch_k"": 1, ""q_sem"": 0.0}",batched-par,7,500,5000,50,True,5000,119.68,41.7781,42.6936,669.082,870.386,637.868,3.64,2.74,86.09,7.53,2180.71,1637.59,51518.09,4503.62,718.04,0.0,184580.0,51.41,19545,5107,50,10899,2154,2300,855,105,855,0,0.0,0.0,5.13,57.08,0.0,0,0,13585,0,0,0,0,25.19
qsem,beanstalk quarantine,,"{""green_mode"": ""quarantine"", ""q_sem"": 0.0}",beanstalk,1,500,5000,50,True,5000,35.4739,140.9486,159.1759,209.951,385.787,217.79,11.89,7.52,0.51,80.08,2108.89,1333.07,91.11,14203.9,16.2,13974.74,40787.9,38.33,4056,0,50,7762,720,2240,871,14,871,4893,314.31,104.17,23.13,165.47,1940.1,95,0,0,261,1109,648,2947,9.8
qsem,batched k=1,,"{""batch_k"": 1, ""q_sem"": 0.05}",batched,0,500,5000,50,True,5000,567.7623,8.8065,8.739,3355.232,3786.624,3218.09,0.75,0.46,94.01,4.78,2143.14,1294.13,266880.0,13563.86,1262.12,0.0,627584.6,36.85,65296,21215,20,5678,1397,22333,3053,91,3053,0,0.0,0.0,8.45,76.29,0.0,0,0,57152,0,0,0,0,5.62
qsem,batched k=1,,"{""batch_k"": 1, ""q_sem"": 0.05}",batched,1,500,5000,50,True,5000,560.1427,8.9263,8.9298,3300.584,3666.133,3169.481,0.75,0.45,93.86,4.94,2108.89,1253.57,262869.83,13839.05,1175.1,0.0,617523.9,36.75,64308,20588,20,5577,1305,21775,2980,114,2980,0,0.0,0.0,8.48,67.21,0.0,0,0,56214,0,0,0,0,6.08
qsem,beanstalk quarantine,,"{""green_mode"": ""quarantine"", ""q_sem"": 0.0}",beanstalk,0,500,5000,50,True,5000,33.9681,147.1969,166.7921,234.815,417.792,236.728,12.62,8.65,0.56,78.17,2143.14,1469.27,94.87,13276.78,9.49,13119.17,39104.7,38.37,3893,0,50,8144,793,2125,906,19,906,4955,391.86,114.58,15.6,93.64,1791.0,112,0,0,280,930,663,2963,12.1
qsem,beanstalk quarantine,,"{""green_mode"": ""quarantine"", ""q_sem"": 0.0}",beanstalk,3,500,5000,50,True,5000,37.3313,133.9358,147.2207,202.361,324.832,197.948,11.48,6.8,0.48,81.23,2143.65,1270.19,90.35,15161.48,47.38,14959.79,41870.0,37.39,4175,0,50,7657,712,2574,864,24,864,4862,288.25,88.02,23.01,155.68,2109.1,67,0,0,289,1109,612,3066,10.71
qsem,batched k=1,,"{""batch_k"": 1, ""q_sem"": 0.05}",batched,3,500,5000,50,True,5000,555.5366,9.0003,8.9969,3264.515,3563.788,3142.906,0.77,0.47,93.83,4.94,2143.65,1292.15,260616.69,13715.83,1010.41,0.0,612826.1,36.77,63774,20338,20,5692,1306,21226,2968,101,2968,0,0.0,0.0,8.37,49.15,0.0,0,0,55705,0,0,0,0,5.05
qsem,beanstalk quarantine,,"{""green_mode"": ""quarantine"", ""q_sem"": 0.0}",beanstalk,2,500,5000,50,True,5000,36.3864,137.4139,137.2836,168.817,371.207,188.712,11.7,7.26,0.48,80.56,2128.39,1320.45,87.98,14656.39,36.56,14110.9,44176.4,40.47,4402,0,50,7653,694,2640,903,13,903,4871,364.34,88.2,25.52,163.57,1951.5,90,0,0,294,1295,639,3107,11.43
qsem,batched k=1,,"{""batch_k"": 1, ""q_sem"": 0.05}",batched,5,500,5000,50,True,5000,544.4277,9.184,9.261,3230.116,3402.197,3074.79,0.77,0.45,93.68,5.11,2084.71,1221.14,255011.35,13896.63,953.87,0.0,600228.0,36.75,62453,19633,20,5611,1226,20543,2888,114,2888,0,0.0,0.0,8.41,51.2,0.0,0,0,54451,0,0,0,0,4.77
qsem,beanstalk quarantine,,"{""green_mode"": ""quarantine"", ""q_sem"": 0.0}",beanstalk,7,500,5000,50,True,5000,36.0199,138.8121,137.3297,281.637,490.508,277.846,12.11,7.79,0.53,79.58,2180.71,1402.26,94.88,14332.1,5.27,14277.92,39498.0,36.55,3932,0,50,8172,780,2418,855,13,855,4868,349.65,134.47,49.47,295.15,1940.9,86,0,0,266,1027,623,2905,8.92
qsem,batched k=1,,"{""batch_k"": 1, ""q_sem"": 0.05}",batched,2,500,5000,50,True,5000,544.0889,9.1897,9.1315,3239.702,3484.532,3067.568,0.78,0.47,93.5,5.25,2128.39,1268.64,254362.02,14285.38,1274.48,0.0,600727.1,36.8,62537,19881,20,5713,1328,20863,2915,94,2915,0,0.0,0.0,8.31,73.55,0.0,0,0,54528,0,0,0,0,5.98
qsem,beanstalk quarantine,,"{""green_mode"": ""quarantine"", ""q_sem"": 0.0}",beanstalk,5,500,5000,50,True,5000,30.4276,164.3244,162.9371,214.604,418.326,227.529,13.7,8.79,0.63,76.88,2084.71,1337.12,96.09,11695.89,2.58,11655.16,36134.0,39.58,3592,0,50,7892,771,2037,917,6,917,4922,269.17,121.63,23.62,173.57,1609.5,107,0,0,276,842,670,2750,11.31
qsem,batched k=1,,"{""batch_k"": 1, ""q_sem"": 0.05}",batched,4,500,5000,50,True,5000,564.4661,8.8579,8.7996,3349.165,3728.734,3194.999,0.76,0.46,93.87,4.91,2138.8,1304.41,264945.53,13844.3,1022.27,0.0,624398.5,36.87,64991,21272,20,5619,1265,21626,3036,94,3036,0,0.0,0.0,8.48,65.23,0.0,0,0,56861,0,0,0,0,6.67
qsem,beanstalk quarantine,,"{""green_mode"": ""quarantine"", ""q_sem"": 0.0}",beanstalk,4,500,5000,50,True,5000,33.2385,150.4281,177.558,219.102,388.075,227.302,12.87,9.1,0.58,77.45,2138.8,1512.32,96.85,12871.27,27.16,12590.55,37168.7,37.27,3689,0,50,8361,759,2132,854,12,854,4933,422.55,108.22,24.54,143.3,1807.7,104,0,0,279,874,599,2815,12.38
qsem,batched k=1,,"{""batch_k"": 1, ""q_sem"": 0.05}",batched,9,500,5000,50,True,5000,572.475,8.734,8.6327,3407.017,3617.215,3226.848,0.74,0.44,93.5,5.31,2122.66,1258.09,267645.88,15210.87,741.69,0.0,631152.2,36.75,65589,20891,20,5476,1187,22449,3074,90,3074,0,0.0,0.0,8.51,51.41,0.0,0,0,57425,0,0,0,0,3.48
qsem,batched k=1,,"{""batch_k"": 1, ""q_sem"": 0.05}",batched,6,500,5000,50,True,5000,569.9834,8.7722,8.7595,3360.295,3607.322,3205.782,0.75,0.44,93.3,5.51,2135.17,1255.35,265893.11,15708.08,1582.09,0.0,627988.0,36.73,65231,20326,20,5387,1383,22323,3051,94,3051,0,0.0,0.0,8.43,60.48,0.0,0,0,57086,0,0,0,0,5.03
qsem,beanstalk quarantine,,"{""green_mode"": ""quarantine"", ""q_sem"": 0.0}",beanstalk,6,500,5000,50,True,5000,40.923,122.1807,133.3054,243.077,417.195,243.341,10.44,6.1,0.43,83.04,2135.17,1247.17,88.38,16990.77,39.21,16293.47,42691.5,34.77,4250,0,50,7296,780,2465,969,15,969,4822,351.69,114.98,35.35,248.68,2233.4,97,0,0,338,1217,664,3033,12.04
qsem,beanstalk quarantine,,"{""green_mode"": ""quarantine"", ""q_sem"": 0.0}",beanstalk,9,500,5000,50,True,5000,34.5822,144.5832,166.9295,211.988,402.286,223.019,12.28,7.63,0.54,79.56,2122.66,1319.56,92.6,13756.26,11.92,13673.26,36877.8,35.55,3675,0,50,7814,733,1688,882,11,882,4904,337.04,123.63,16.07,115.55,1772.9,93,0,0,272,757,653,2918,10.71
qsem,batched k=1,,"{""batch_k"": 1, ""q_sem"": 0.05}",batched,7,500,5000,50,True,5000,554.7298,9.0134,8.9992,3289.869,3484.56,3110.046,0.79,0.47,92.97,5.77,2180.71,1305.87,257864.63,16013.7,1434.86,0.0,612264.6,36.79,63710,20510,20,5655,1351,21362,2973,94,2973,0,0.0,0.0,8.49,52.52,0.0,0,0,55643,0,0,0,0,4.94
qsem,beanstalk quarantine,,"{""green_mode"": ""quarantine"", ""q_sem"": 0.0}",beanstalk,8,500,5000,50,True,5000,31.9536,156.4767,169.6977,172.686,303.639,177.565,13.15,8.66,0.6,77.59,2100.4,1384.03,95.2,12397.19,12.05,12272.83,38940.3,40.62,3869,0,50,8096,740,2322,853,20,853,4910,240.86,80.78,19.28,122.86,1645.8,84,0,0,273,1027,612,2842,11.36
qsem,batched k=1,,"{""batch_k"": 1, ""q_sem"": 0.05}",batched,8,500,5000,50,True,5000,559.7764,8.9321,8.8994,3331.619,3473.772,3146.962,0.75,0.44,93.26,5.55,2100.4,1230.01,261016.8,15540.98,1841.05,0.0,616282.8,36.7,64178,20407,20,5504,1276,21469,2995,96,2995,0,0.0,0.0,8.4,55.07,0.0,0,0,56087,0,0,0,0,5.02
qsem,beanstalk,,"{""q_sem"": 0.05}",beanstalk,0,500,5000,50,True,5000,123.1813,40.5906,51.6285,2203.821,4634.126,2427.724,3.48,7.88,0.32,88.33,2143.14,4852.25,194.45,54400.8,3.54,54372.27,210644.1,57.0,20960,0,50,16423,1718,4134,10251,324,10251,4831,988.94,69.11,1965.45,4639.65,7289.6,282,0,0,3103,16808,7472,4151,16.57
qsem,beanstalk,,"{""q_sem"": 0.05}",beanstalk,2,500,5000,50,True,5000,131.1942,38.1115,52.9405,2435.038,4523.335,2426.196,3.24,7.25,0.28,89.23,2128.39,4753.83,183.6,58531.26,13.25,58422.72,211153.0,53.65,21021,0,50,15457,1770,4571,10157,282,10157,4848,790.18,70.93,1980.1,4530.45,7670.5,309,0,0,3157,16437,7282,4584,17.81
qsem,beanstalk,,"{""q_sem"": 0.05}",beanstalk,4,500,5000,50,True,5000,120.3885,41.5322,126.0127,1505.908,5300.417,2359.216,3.55,7.77,0.32,88.36,2138.8,4676.42,189.71,53189.35,6.56,53110.49,217741.5,60.29,21675,0,50,15585,1692,4103,10167,296,10167,4841,772.79,75.97,2074.19,5304.14,7079.0,283,0,0,3135,17554,7328,4121,19.18
qsem,beanstalk,,"{""q_sem"": 0.05}",beanstalk,5,500,5000,50,True,5000,120.5574,41.474,,4137.393,7211.482,4066.831,3.46,7.55,0.31,88.68,2084.71,4549.85,188.46,53455.69,3.79,53444.58,215748.5,59.65,21431,0,50,15380,1782,4198,10409,326,10409,4821,609.16,70.48,3598.37,7215.05,7090.0,312,0,0,3166,17227,7569,4204,19.19
qsem,beanstalk,,"{""q_sem"": 0.05}",beanstalk,3,500,5000,50,True,5000,115.0991,43.4408,,4059.202,6886.58,3989.399,3.72,7.67,0.32,88.28,2143.65,4413.84,184.81,50807.26,9.34,50758.64,204024.0,59.09,20309,0,50,15520,1612,3872,9461,288,9461,4853,732.45,73.08,3439.96,6892.91,6733.6,283,0,0,3002,16435,6747,3874,20.3
qsem,beanstalk,,"{""q_sem"": 0.05}",beanstalk,1,500,5000,50,True,5000,131.1585,38.1218,,4234.55,7586.494,4218.065,3.22,7.25,0.28,89.26,2108.89,4751.62,183.21,58535.54,7.55,58396.81,200600.8,50.98,19944,0,50,15986,1561,4464,9842,295,9842,4826,1260.56,66.35,3664.75,7590.13,7645.3,280,0,0,3039,15469,7098,4475,20.56
qsem,beanstalk,,"{""q_sem"": 0.05}",beanstalk,6,500,5000,50,True,5000,121.4884,41.1562,,4011.615,7269.708,4079.042,3.52,7.17,0.28,89.04,2135.17,4353.61,171.06,54084.33,15.09,53895.6,216761.8,59.47,21580,0,50,14006,1664,4291,10033,326,10033,4833,605.52,71.73,3631.49,7276.12,7111.5,283,0,0,3174,17284,7186,4296,18.82
qsem,beanstalk,,"{""q_sem"": 0.05}",beanstalk,9,500,5000,50,True,5000,121.9044,41.0158,,3772.461,7294.959,4230.367,3.48,7.32,0.31,88.9,2122.66,4458.87,185.95,54184.7,30.24,53879.52,221191.1,60.48,22002,0,50,15167,1632,3945,10113,346,10113,4883,552.67,76.76,3644.82,7301.93,6821.9,285,0,0,3185,18051,7274,3951,16.64
qsem,beanstalk,,"{""q_sem"": 0.05}",beanstalk,8,500,5000,50,True,5000,123.2269,40.5755,41.7322,2777.961,5741.024,2986.414,3.41,7.21,0.31,89.07,2100.4,4443.09,189.09,54880.89,48.43,54447.13,220712.9,59.7,21944,0,50,15139,1569,4129,9937,355,9937,4837,749.48,77.17,2415.29,5745.64,7173.3,284,0,0,3149,17810,7143,4134,17.28
qsem,beanstalk,,"{""q_sem"": 0.05}",beanstalk,7,500,5000,50,True,5000,126.1759,39.6272,,4423.861,7550.832,4519.044,3.46,7.88,0.31,88.35,2180.71,4973.04,198.71,55735.49,12.13,55678.53,217655.5,57.5,21667,0,50,16899,1846,4256,10388,342,10388,4882,772.91,71.98,3769.4,7554.65,7329.9,280,0,0,3157,17406,7574,4261,21.07
qsem,batched-par k=1,,"{""batch_k"": 1, ""q_sem"": 0.05}",batched-par,4,500,5000,50,True,5000,441.8041,11.3172,11.0481,2668.861,3016.448,2499.886,0.97,0.9,93.4,4.73,2138.8,1997.64,206326.2,10439.4,565.91,0.0,757197.6,57.13,92575,45662,50,9670,1840,31573,3824,99,3824,0,0.0,0.0,6.76,59.17,0.0,0,0,83652,0,0,0,0,44.14
qsem,batched-par k=1,,"{""batch_k"": 1, ""q_sem"": 0.05}",batched-par,2,500,5000,50,True,5000,424.462,11.7796,11.6662,2539.229,2857.581,2386.391,1.0,0.94,92.76,5.29,2128.39,1990.65,196875.26,11236.67,618.65,0.0,731560.3,57.45,89759,44134,50,9876,1986,29845,3741,92,3741,0,0.0,0.0,6.57,51.42,0.0,0,0,80926,0,0,0,0,44.55
qsem,batched-par k=1,,"{""batch_k"": 1, ""q_sem"": 0.05}",batched-par,1,500,5000,50,True,5000,444.7053,11.2434,11.2407,2625.707,3104.232,2491.445,0.95,0.87,92.5,5.68,2108.89,1937.58,205682.82,12623.34,1052.92,0.0,760560.7,57.01,92492,45521,50,9656,1970,31716,3841,122,3841,0,0.0,0.0,6.71,50.82,0.0,0,0,83529,0,0,0,0,45.3
qsem,beanstalk quarantine,,"{""green_mode"": ""quarantine"", ""q_sem"": 0.05}",beanstalk,1,500,5000,50,True,5000,123.6661,40.4314,41.878,619.206,2207.086,839.077,3.41,7.77,0.37,88.45,2108.89,4806.86,227.83,54689.47,19.83,54478.5,200864.5,54.14,19980,0,50,17313,1838,3537,10901,231,10901,4828,912.09,204.04,70.83,689.78,7145.5,663,0,0,3432,14360,7785,5620,21.49
qsem,batched-par k=1,,"{""batch_k"": 1, ""q_sem"": 0.05}",batched-par,3,500,5000,50,True,5000,447.7921,11.1659,11.1226,2665.61,2975.063,2511.533,0.96,0.88,92.6,5.56,2143.65,1971.11,207323.28,12458.04,888.5,0.0,763045.0,56.8,92271,44514,50,9667,2003,31546,3809,92,3809,0,0.0,0.0,6.7,54.1,0.0,0,0,83370,0,0,0,0,47.67
qsem,batched-par k=1,,"{""batch_k"": 1, ""q_sem"": 0.05}",batched-par,6,500,5000,50,True,5000,455.0903,10.9868,10.9692,2725.143,2996.136,2557.031,0.94,0.82,92.82,5.42,2135.17,1870.17,211215.74,12324.05,948.31,0.0,779667.4,57.11,94189,45375,50,9062,2027,32336,3855,110,3855,0,0.0,0.0,6.94,52.07,0.0,0,0,85224,0,0,0,0,47.55
qsem,batched-par k=1,,"{""batch_k"": 1, ""q_sem"": 0.05}",batched-par,8,500,5000,50,True,5000,440.4421,11.3522,11.3415,2658.01,2843.58,2467.471,0.95,0.85,92.52,5.68,2100.4,1879.71,203742.91,12498.04,1096.48,0.0,766004.4,57.97,93738,46233,50,9340,1960,31487,3796,108,3796,0,0.0,0.0,6.47,48.7,0.0,0,0,84834,0,0,0,0,47.44
qsem,batched-par k=1,,"{""batch_k"": 1, ""q_sem"": 0.05}",batched-par,5,500,5000,50,True,5000,435.3663,11.4846,11.8015,2582.109,2879.129,2433.526,0.96,0.86,92.3,5.88,2084.71,1863.23,200930.58,12804.64,580.66,0.0,753761.3,57.71,90676,44032,50,9553,1925,30565,3705,117,3705,0,0.0,0.0,6.43,52.84,0.0,0,0,81854,0,0,0,0,49.39
qsem,batched-par k=1,,"{""batch_k"": 1, ""q_sem"": 0.05}",batched-par,9,500,5000,50,True,5000,452.8576,11.041,10.8681,2745.938,2972.684,2551.795,0.94,0.84,93.08,5.15,2122.66,1893.97,210755.65,11656.54,575.14,0.0,768764.8,56.59,93608,45745,50,9137,1855,31978,3911,95,3911,0,0.0,0.0,6.59,50.31,0.0,0,0,84602,0,0,0,0,47.14
qsem,batched-par k=1,,"{""batch_k"": 1, ""q_sem"": 0.05}",batched-par,0,500,5000,50,True,5000,450.3381,11.1028,11.1437,2662.018,3006.555,2531.253,0.95,0.88,92.8,5.37,2143.14,1975.03,208962.7,12088.18,864.74,0.0,768084.7,56.85,93371,45755,50,9754,2015,31694,3863,104,3863,0,0.0,0.0,6.78,49.85,0.0,0,0,84404,0,0,0,0,51.28
qsem,batched-par k=1,,"{""batch_k"": 1, ""q_sem"": 0.05}",batched-par,7,500,5000,50,True,5000,443.3062,11.2789,11.2608,2665.081,2892.123,2471.579,0.98,0.91,92.02,6.09,2180.71,2007.64,203957.31,13507.44,920.6,0.0,746059.6,56.1,89920,42613,50,9753,2053,31449,3760,82,3760,0,0.0,0.0,6.72,50.47,0.0,0,0,81078,0,0,0,0,49.62
qsem,beanstalk quarantine,,"{""green_mode"": ""quarantine"", ""q_sem"": 0.05}",beanstalk,0,500,5000,50,True,5000,131.6839,37.9697,43.2763,746.613,3471.648,1127.992,3.25,11.82,0.79,84.14,2143.14,7779.54,518.12,55401.16,10.0,55259.12,198217.7,50.18,19709,0,50,30276,3251,3560,15373,227,15373,4877,882.57,238.79,52.16,341.87,7504.7,1027,0,0,4755,13313,10945,6396,28.86
qsem,batched k=1,,"{""batch_k"": 1, ""q_sem"": 0.1}",batched,0,500,5000,50,True,5000,739.5057,6.7613,6.7403,4386.403,4747.653,4195.287,0.58,0.4,94.15,4.87,2143.14,1491.18,348116.06,18002.48,1382.97,0.0,819804.6,36.95,84854,28852,20,5665,1387,35485,4027,97,4027,0,0.0,0.0,9.29,65.02,0.0,0,0,75730,0,0,0,0,6.49
qsem,batched k=1,,"{""batch_k"": 1, ""q_sem"": 0.1}",batched,1,500,5000,50,True,5000,737.0785,6.7835,6.7554,4391.336,4754.038,4173.389,0.57,0.39,93.98,5.06,2108.89,1427.68,346354.73,18647.96,1544.38,0.0,814411.5,36.83,84148,27591,20,5581,1304,36036,3996,98,3996,0,0.0,0.0,9.33,68.31,0.0,0,0,75054,0,0,0,0,6.05
qsem,batched k=1,,"{""batch_k"": 1, ""q_sem"": 0.1}",batched,6,500,5000,50,True,5000,738.028,6.7748,6.7304,4416.632,4613.83,4173.263,0.58,0.38,93.86,5.18,2135.17,1414.17,346357.73,19106.94,1225.04,0.0,818228.3,36.96,84755,28966,20,5319,1375,35238,4024,94,4024,0,0.0,0.0,9.38,84.54,0.0,0,0,75637,0,0,0,0,3.85
qsem,batched k=1,,"{""batch_k"": 1, ""q_sem"": 0.1}",batched,3,500,5000,50,True,5000,738.0029,6.775,6.7271,4364.245,4786.864,4187.495,0.58,0.4,94.17,4.85,2143.65,1459.81,347498.11,17899.9,1031.06,0.0,817400.0,36.92,84486,27957,20,5639,1286,35372,3985,121,3985,0,0.0,0.0,9.31,84.42,0.0,0,0,75380,0,0,0,0,6.16
qsem,batched k=1,,"{""batch_k"": 1, ""q_sem"": 0.1}",batched,4,500,5000,50,True,5000,733.2081,6.8193,6.7781,4347.504,4838.595,4158.731,0.58,0.4,94.13,4.88,2138.8,1472.78,345088.12,17904.34,1100.91,0.0,812059.6,36.92,84066,28128,20,5578,1267,35099,3987,96,3987,0,0.0,0.0,9.16,54.43,0.0,0,0,74983,0,0,0,0,6.48
qsem,batched k=1,,"{""batch_k"": 1, ""q_sem"": 0.1}",batched,2,500,5000,50,True,5000,728.5493,6.863,6.7794,4341.675,4640.206,4120.142,0.58,0.4,93.86,5.16,2128.39,1445.96,341899.23,18801.05,1355.53,0.0,806616.7,36.91,83446,27847,20,5710,1329,35134,3956,99,3956,0,0.0,0.0,9.17,60.62,0.0,0,0,74391,0,0,0,0,7.95
qsem,batched k=1,,"{""batch_k"": 1, ""q_sem"": 0.1}",batched,5,500,5000,50,True,5000,718.1243,6.9626,6.989,4246.033,4516.437,4062.093,0.58,0.39,93.89,5.14,2084.71,1393.38,337114.35,18469.72,981.03,0.0,796347.0,36.96,82340,27374,20,5603,1203,34331,3900,100,3900,0,0.0,0.0,9.02,65.33,0.0,0,0,73340,0,0,0,0,8.88
qsem,batched k=1,,"{""batch_k"": 1, ""q_sem"": 0.1}",batched,7,500,5000,50,True,5000,739.1406,6.7646,6.6992,4444.999,4659.285,4167.001,0.59,0.4,93.56,5.45,2180.71,1483.92,345766.13,20139.54,1434.2,0.0,818936.1,36.93,84736,28700,20,5632,1345,35506,4004,118,4004,0,0.0,0.0,9.29,50.92,0.0,0,0,75614,0,0,0,0,8.02
qsem,batched k=1,,"{""batch_k"": 1, ""q_sem"": 0.1}",batched,8,500,5000,50,True,5000,730.0336,6.849,6.8697,4302.913,4615.424,4104.929,0.58,0.38,93.33,5.71,2100.4,1394.76,340682.67,20838.99,2077.9,0.0,807852.0,36.89,83606,28264,20,5503,1265,34677,3968,98,3968,0,0.0,0.0,9.28,62.11,0.0,0,0,74540,0,0,0,0,6.73
qsem,batched k=1,,"{""batch_k"": 1, ""q_sem"": 0.1}",batched,9,500,5000,50,True,5000,743.2772,6.727,6.7078,4407.173,4685.514,4188.859,0.57,0.39,93.54,5.5,2122.66,1435.59,347635.98,20444.37,1047.66,0.0,823045.7,36.91,85213,28730,20,5418,1201,35630,4050,97,4050,0,0.0,0.0,9.27,63.37,0.0,0,0,76066,0,0,0,0,7.75
qsem,beanstalk quarantine,,"{""green_mode"": ""quarantine"", ""q_sem"": 0.05}",beanstalk,3,500,5000,50,True,5000,125.9461,39.6995,45.1973,721.119,2782.813,1012.598,3.4,8.02,0.48,88.09,2143.65,5052.79,302.0,55474.6,2.58,55388.34,199129.2,52.7,19830,0,50,19458,2109,3739,11038,211,11038,4871,1105.38,248.59,68.86,530.55,7228.7,930,0,0,3443,14198,7885,5632,27.52
qsem,beanstalk quarantine,,"{""green_mode"": ""quarantine"", ""q_sem"": 0.05}",beanstalk,8,500,5000,50,True,5000,128.5384,38.8989,40.8039,687.742,2114.971,872.158,3.27,8.01,0.37,88.35,2100.4,5150.18,235.03,56783.59,8.17,56602.14,232355.3,60.26,23115,0,50,18022,2052,3847,11716,283,11716,4832,802.21,193.29,70.96,493.13,7392.2,672,0,0,3629,17244,8465,5871,23.28
qsem,beanstalk quarantine,,"{""green_mode"": ""quarantine"", ""q_sem"": 0.05}",beanstalk,9,500,5000,50,True,5000,131.3371,38.07,39.1489,768.704,2344.057,953.111,3.23,7.69,0.38,88.69,2122.66,5052.5,251.83,58241.54,9.33,58147.5,233164.9,59.18,23198,0,50,18711,2099,3589,11057,262,11057,4864,898.55,219.4,79.05,535.41,7636.8,716,0,0,3503,17973,7921,5225,24.58
qsem,beanstalk quarantine,,"{""green_mode"": ""quarantine"", ""q_sem"": 0.05}",beanstalk,2,500,5000,50,True,5000,132.8487,37.6368,40.2868,1179.669,4211.933,1505.072,3.2,11.03,0.73,85.03,2128.39,7324.81,487.95,56483.22,7.54,56317.73,238123.1,59.75,23710,0,50,29542,3170,2923,13742,343,13742,4847,1042.56,304.11,158.48,902.88,7670.0,1123,0,0,4313,18994,9842,4716,31.79
qsem,beanstalk quarantine,,"{""green_mode"": ""quarantine"", ""q_sem"": 0.05}",beanstalk,5,500,5000,50,True,5000,125.043,39.9863,42.3958,670.347,2242.089,953.218,3.33,8.84,0.49,87.33,2084.71,5527.49,309.17,54600.1,4.5,54471.59,215345.6,57.41,21415,0,50,20997,2354,3622,12555,263,12555,4846,947.63,205.8,81.13,659.67,7126.2,827,0,0,3864,15705,9036,5710,28.21
qsem,beanstalk quarantine,,"{""green_mode"": ""quarantine"", ""q_sem"": 0.05}",beanstalk,7,500,5000,50,True,5000,139.243,35.9085,37.0278,1017.65,2751.043,1110.113,3.13,7.93,0.4,88.54,2180.71,5519.65,279.81,61641.32,8.14,61536.56,235846.1,56.46,23492,0,50,20073,2514,3436,12039,345,12039,4879,840.19,239.91,92.89,554.98,8049.5,722,0,0,3741,17992,8713,5500,26.9
qsem,beanstalk quarantine,,"{""green_mode"": ""quarantine"", ""q_sem"": 0.05}",beanstalk,4,500,5000,50,True,5000,126.006,39.6807,42.7397,863.979,4090.266,1455.166,3.39,11.25,0.78,84.58,2138.8,7085.84,488.73,53289.63,4.73,53216.81,216751.6,57.34,21574,0,50,28229,2807,2915,14576,277,14576,4832,1164.83,288.35,89.02,752.25,7332.9,1293,0,0,4502,16227,10426,5347,32.99
qsem,beanstalk quarantine,,"{""green_mode"": ""quarantine"", ""q_sem"": 0.05}",beanstalk,6,500,5000,50,True,5000,141.1799,35.4158,41.5139,1191.332,4791.006,1658.459,3.02,10.29,0.74,85.95,2135.17,7265.41,518.9,60670.46,3.94,60588.03,249187.6,58.83,24800,0,50,28281,3821,3302,15994,324,15994,4847,1855.03,312.44,130.56,909.47,8174.8,1225,0,0,4994,19308,11430,5492,33.52
qsem,batched-par k=1,,"{""batch_k"": 1, ""q_sem"": 0.1}",batched-par,1,500,5000,50,True,5000,550.0368,9.0903,9.1121,3268.12,3659.706,3081.488,0.77,0.78,92.6,5.86,2108.89,2135.81,254654.86,16118.85,1115.88,0.0,949459.3,57.54,117400,60453,50,9548,1943,45066,4883,95,4883,0,0.0,0.0,7.57,65.77,0.0,0,0,107422,0,0,0,0,48.44
qsem,batched-par k=1,,"{""batch_k"": 1, ""q_sem"": 0.1}",batched-par,2,500,5000,50,True,5000,537.113,9.309,9.2351,3210.886,3562.019,3027.459,0.79,0.8,93.14,5.27,2128.39,2157.64,250130.62,14139.83,805.02,0.0,937845.7,58.2,116727,60743,50,9752,2012,43515,4791,112,4791,0,0.0,0.0,7.31,52.24,0.0,0,0,106824,0,0,0,0,47.92
qsem,batched-par k=1,,"{""batch_k"": 1, ""q_sem"": 0.1}",batched-par,4,500,5000,50,True,5000,545.8874,9.1594,9.0924,3261.415,3706.227,3081.952,0.78,0.8,93.3,5.12,2138.8,2180.0,254649.36,13975.54,704.0,0.0,936101.4,57.16,117074,61238,50,9605,1824,43651,4853,116,4853,0,0.0,0.0,7.43,79.96,0.0,0,0,107105,0,0,0,0,47.38
qsem,batched-par k=1,,"{""batch_k"": 1, ""q_sem"": 0.1}",batched-par,3,500,5000,50,True,5000,544.5681,9.1816,9.174,3228.042,3646.14,3063.377,0.79,0.78,92.97,5.46,2143.65,2132.86,253148.56,14859.0,898.6,0.0,938710.3,57.46,117776,62784,50,9528,2002,42752,4824,103,4824,0,0.0,0.0,7.37,51.98,0.0,0,0,107849,0,0,0,0,53.68
qsem,beanstalk,,"{""q_sem"": 0.1}",beanstalk,2,500,5000,50,True,5000,354.1527,14.1182,13.0209,4297.473,14108.599,6235.898,1.2,6.51,0.17,92.12,2128.39,11525.75,300.14,163122.05,9.07,163109.22,520123.6,48.95,51761,0,50,25005,3291,14294,27133,720,27133,4839,2528.38,79.05,5312.27,14118.68,21145.7,399,0,0,8352,37456,19501,14305,41.38
qsem,batched-par k=1,,"{""batch_k"": 1, ""q_sem"": 0.1}",batched-par,5,500,5000,50,True,5000,541.3878,9.2355,9.3935,3235.238,3503.545,3035.792,0.77,0.76,92.7,5.77,2084.71,2053.87,250928.84,15626.47,809.89,0.0,942934.2,58.06,117744,62310,50,9511,1873,42873,4778,106,4778,0,0.0,0.0,7.24,53.03,0.0,0,0,107860,0,0,0,0,52.0
qsem,batched-par k=1,,"{""batch_k"": 1, ""q_sem"": 0.1}",batched-par,0,500,5000,50,True,5000,553.1501,9.0391,9.0804,3264.045,3697.139,3115.859,0.77,0.78,93.1,5.34,2143.14,2164.44,257490.46,14777.0,1024.88,0.0,951781.9,57.36,118597,62152,50,9667,2026,44307,4908,102,4908,0,0.0,0.0,7.43,50.61,0.0,0,0,108587,0,0,0,0,57.7
qsem,beanstalk,,"{""q_sem"": 0.1}",beanstalk,0,500,5000,50,True,5000,400.8618,12.4731,14.086,7553.568,17024.059,8979.117,1.07,6.04,0.16,92.73,2143.14,12101.87,320.49,185865.41,11.2,185799.36,540318.5,44.93,53763,0,50,26042,3293,14995,28403,701,28403,4818,4956.62,77.67,7052.18,17028.95,23825.2,393,0,0,8644,38761,20460,15002,43.69
qsem,batched-par k=1,,"{""batch_k"": 1, ""q_sem"": 0.1}",batched-par,7,500,5000,50,True,5000,571.6446,8.7467,8.6627,3430.883,3816.844,3211.247,0.76,0.77,92.85,5.61,2180.71,2208.78,265395.14,16037.69,985.2,0.0,970019.9,56.56,118117,59413,50,9675,2037,46011,4903,106,4903,0,0.0,0.0,7.48,61.08,0.0,0,0,108108,0,0,0,0,51.34
qsem,batched-par k=1,,"{""batch_k"": 1, ""q_sem"": 0.1}",batched-par,6,500,5000,50,True,5000,554.3955,9.0188,8.8993,3361.798,3668.043,3135.927,0.77,0.74,93.53,4.96,2135.17,2052.87,259274.41,13735.31,1139.73,0.0,960240.6,57.73,119513,62674,50,8945,2016,44413,4889,101,4889,0,0.0,0.0,7.33,45.42,0.0,0,0,109523,0,0,0,0,53.7
qsem,batched-par k=1,,"{""batch_k"": 1, ""q_sem"": 0.1}",batched-par,9,500,5000,50,True,5000,550.3304,9.0855,8.9099,3355.325,3573.199,3105.202,0.77,0.75,93.3,5.19,2122.66,2050.08,256716.71,14275.76,520.69,0.0,951660.9,57.64,119135,62944,50,9091,1882,43905,4887,100,4887,0,0.0,0.0,7.11,45.49,0.0,0,0,109148,0,0,0,0,47.53
qsem,batched-par k=1,,"{""batch_k"": 1, ""q_sem"": 0.1}",batched-par,8,500,5000,50,True,5000,551.2712,9.0699,9.0207,3330.186,3665.467,3094.992,0.76,0.74,92.83,5.67,2100.4,2039.39,255876.64,15619.14,1511.64,0.0,960083.2,58.05,118011,60842,50,9211,1912,44694,4820,109,4820,0,0.0,0.0,7.41,50.78,0.0,0,0,108082,0,0,0,0,50.33
qsem,beanstalk,,"{""q_sem"": 0.1}",beanstalk,4,500,5000,50,True,5000,374.272,13.3593,,12278.24,22437.495,11816.612,1.14,6.19,0.16,92.51,2138.8,11588.42,292.21,173116.57,8.52,173101.55,512991.0,45.69,51034,0,50,24483,3145,13236,26211,673,26211,4840,2479.87,80.02,11213.09,22441.24,22300.2,374,0,0,8061,37791,18823,13243,48.68
qsem,beanstalk,,"{""q_sem"": 0.1}",beanstalk,3,500,5000,50,True,5000,317.8384,15.7313,,11636.541,19050.94,11302.592,1.35,6.56,0.19,91.91,2143.65,10422.36,298.34,146054.87,14.34,146023.29,491343.6,51.53,48877,0,50,24668,2988,12116,24843,695,24843,4848,2288.15,80.98,9522.13,19057.27,18861.0,376,0,0,7738,36759,17800,12118,51.78
qsem,beanstalk,,"{""q_sem"": 0.1}",beanstalk,1,500,5000,50,True,5000,333.095,15.0107,,11028.957,19940.636,11084.96,1.27,6.47,0.17,92.09,2108.89,10779.69,286.29,153372.61,16.78,153214.6,480021.5,48.04,47758,0,50,24322,2785,12910,25052,657,25052,4823,2037.68,76.36,9952.87,19945.66,19855.1,360,0,0,7582,34840,18127,12918,55.73
qsem,batched k=1,,"{""batch_k"": 1, ""q_sem"": 0.2}",batched,0,500,5000,50,True,5000,934.9504,5.3479,5.3193,5571.933,5899.045,5304.415,0.46,0.36,94.2,4.98,2143.14,1691.62,440342.96,23297.47,1244.87,0.0,1040167.2,37.08,107310,38245,20,5663,1357,52675,5155,94,5155,0,0.0,0.0,10.18,58.6,0.0,0,0,97061,0,0,0,0,6.41
qsem,beanstalk,,"{""q_sem"": 0.1}",beanstalk,5,500,5000,50,True,5000,294.203,16.9951,,10514.694,17634.075,10178.583,1.42,6.7,0.2,91.68,2084.71,9856.73,295.06,134864.98,10.11,134852.93,491132.4,55.65,48860,0,50,23646,2830,12240,25261,655,25261,4849,1989.82,79.19,8811.57,17637.65,17550.9,417,0,0,7651,36615,18265,12245,54.76
qsem,batched k=1,,"{""batch_k"": 1, ""q_sem"": 0.2}",batched,1,500,5000,50,True,5000,928.0107,5.3879,5.3605,5561.112,5980.231,5261.292,0.45,0.36,94.13,5.06,2108.89,1652.39,436788.58,23455.5,1717.2,0.0,1031017.7,37.03,106390,37413,20,5564,1303,52926,5117,90,5117,0,0.0,0.0,10.17,74.06,0.0,0,0,96183,0,0,0,0,5.83
qsem,batched k=1,,"{""batch_k"": 1, ""q_sem"": 0.2}",batched,2,500,5000,50,True,5000,923.847,5.4122,5.379,5514.416,5843.636,5227.0,0.46,0.36,93.94,5.24,2128.39,1671.89,433911.44,24211.79,1332.75,0.0,1027041.5,37.06,105938,37163,20,5658,1324,52184,5076,104,5076,0,0.0,0.0,9.98,74.56,0.0,0,0,95758,0,0,0,0,6.36
qsem,batched k=1,,"{""batch_k"": 1, ""q_sem"": 0.2}",batched,4,500,5000,50,True,5000,919.174,5.4397,5.3662,5502.507,5986.022,5228.713,0.47,0.37,94.44,4.73,2138.8,1680.31,434045.79,21722.1,1154.16,0.0,1022627.8,37.09,105532,37080,20,5565,1240,51700,5056,104,5056,0,0.0,0.0,9.95,60.97,0.0,0,0,95372,0,0,0,0,5.01
qsem,beanstalk quarantine,,"{""green_mode"": ""quarantine"", ""q_sem"": 0.1}",beanstalk,0,500,5000,50,True,5000,285.2665,17.5275,19.6243,1798.115,7870.545,2736.675,1.5,10.07,0.59,87.84,2143.14,14356.42,847.81,125285.88,2.31,125091.49,517920.5,60.52,51523,0,50,49836,5856,6067,30849,656,30849,4860,1550.89,326.3,150.15,919.82,16658.8,1066,0,0,9562,40669,22147,10854,33.27
qsem,batched k=1,,"{""batch_k"": 1, ""q_sem"": 0.2}",batched,3,500,5000,50,True,5000,930.2768,5.3747,5.3311,5567.49,5910.184,5272.352,0.46,0.36,94.1,5.08,2143.65,1677.13,437685.58,23632.02,1036.66,0.0,1035226.2,37.09,106770,37712,20,5614,1296,52127,5121,105,5121,0,0.0,0.0,10.14,66.55,0.0,0,0,96544,0,0,0,0,6.88
qsem,beanstalk quarantine,,"{""green_mode"": ""quarantine"", ""q_sem"": 0.1}",beanstalk,3,500,5000,50,True,5000,263.1494,19.0006,22.6012,1361.164,7309.307,2245.289,1.63,9.0,0.48,88.89,2143.65,11845.67,628.64,116956.75,6.24,116781.71,451422.9,57.18,44904,0,50,40803,4901,6685,27948,535,27948,4847,1266.19,294.8,94.08,607.11,15329.7,967,0,0,8657,34618,20004,10286,32.76
qsem,beanstalk quarantine,,"{""green_mode"": ""quarantine"", ""q_sem"": 0.1}",beanstalk,1,500,5000,50,True,5000,249.5796,20.0337,20.9124,1316.457,7219.081,2396.254,1.69,11.96,0.81,85.54,2108.89,14930.65,1010.28,106739.96,0.66,106612.89,450507.3,60.17,44798,0,50,56212,5407,6241,32094,638,32094,4811,1705.99,283.89,112.21,838.74,14561.4,1289,0,0,9754,34599,23114,10199,36.01
qsem,beanstalk quarantine,,"{""green_mode"": ""quarantine"", ""q_sem"": 0.1}",beanstalk,4,500,5000,50,True,5000,278.4068,17.9593,19.2009,2288.254,8743.337,3155.977,1.54,9.82,0.58,88.06,2138.8,13667.26,810.68,122586.67,7.44,122303.98,537208.2,64.32,53446,0,50,47936,5079,5170,30112,732,30112,4834,2227.11,372.4,171.62,1190.6,16257.9,1303,0,0,9400,44189,21608,9257,35.77
qsem,beanstalk,,"{""q_sem"": 0.1}",beanstalk,7,500,5000,50,True,5000,376.24,13.2894,13.8796,6405.196,17277.749,7863.545,1.16,6.57,0.18,92.09,2180.71,12360.83,334.09,173244.38,12.59,173047.45,571510.3,50.63,56937,0,50,27456,4001,15725,30005,818,30005,4848,3101.37,76.38,7163.55,17281.61,22398.2,412,0,0,9240,41192,21583,15745,45.14
qsem,batched k=1,,"{""batch_k"": 1, ""q_sem"": 0.2}",batched,5,500,5000,50,True,5000,922.009,5.4229,5.4715,5446.135,5877.66,5223.612,0.45,0.35,94.07,5.12,2084.71,1611.18,433689.85,23618.77,1043.37,0.0,1027589.1,37.15,106084,37810,20,5552,1221,51360,5083,101,5083,0,0.0,0.0,10.17,73.24,0.0,0,0,95900,0,0,0,0,5.75
qsem,batched k=1,,"{""batch_k"": 1, ""q_sem"": 0.2}",batched,6,500,5000,50,True,5000,946.4829,5.2827,5.2674,5625.234,6031.281,5353.37,0.45,0.35,93.92,5.28,2135.17,1641.56,444472.62,24992.12,1674.01,0.0,1052332.1,37.06,108616,38557,20,5312,1395,53379,5225,91,5225,0,0.0,0.0,10.27,73.2,0.0,0,0,98300,0,0,0,0,5.38
qsem,beanstalk,,"{""q_sem"": 0.1}",beanstalk,6,500,5000,50,True,5000,326.1868,15.3286,,12147.656,19551.636,11578.192,1.31,6.16,0.17,92.36,2135.17,10044.2,276.62,150637.42,18.17,150503.94,512988.9,52.42,51054,0,50,21724,3076,12695,25759,757,25759,4855,1429.58,79.88,9772.39,19557.98,19209.4,421,0,0,8033,38356,18483,12698,46.82
qsem,batched k=1,,"{""batch_k"": 1, ""q_sem"": 0.2}",batched,7,500,5000,50,True,5000,932.8888,5.3597,5.3069,5575.582,5938.926,5267.841,0.47,0.37,93.74,5.42,2180.71,1724.91,437261.8,25276.96,1586.72,0.0,1038571.7,37.11,107224,38334,20,5617,1360,52788,5152,93,5152,0,0.0,0.0,10.11,64.23,0.0,0,0,96979,0,0,0,0,6.68
qsem,batched k=1,,"{""batch_k"": 1, ""q_sem"": 0.2}",batched,8,500,5000,50,True,5000,923.7113,5.4129,5.4296,5471.264,5850.287,5202.43,0.45,0.35,93.52,5.68,2100.4,1602.99,431932.82,26219.45,2231.46,0.0,1028049.9,37.1,106132,37969,20,5491,1286,51848,5088,106,5088,0,0.0,0.0,9.94,64.87,0.0,0,0,95938,0,0,0,0,7.11
qsem,beanstalk quarantine,,"{""green_mode"": ""quarantine"", ""q_sem"": 0.1}",beanstalk,2,500,5000,50,True,5000,278.1781,17.9741,21.166,1434.265,9215.88,3038.691,1.53,13.38,0.98,84.11,2128.39,18610.44,1358.16,116992.06,0.5,116756.82,520030.2,62.31,51720,0,50,71298,7650,5489,36577,698,36577,4856,1514.97,319.21,132.12,1190.36,16210.9,1741,0,0,11327,41382,26130,10338,42.51
qsem,batched k=1,,"{""batch_k"": 1, ""q_sem"": 0.2}",batched,9,500,5000,50,True,5000,944.8095,5.2921,5.263,5659.179,5901.76,5354.542,0.45,0.35,94.11,5.1,2122.66,1649.79,444562.07,24070.23,1008.3,0.0,1050347.0,37.06,108434,38664,20,5418,1200,53144,5202,104,5202,0,0.0,0.0,10.37,65.34,0.0,0,0,98128,0,0,0,0,7.15
qsem,beanstalk quarantine,,"{""green_mode"": ""quarantine"", ""q_sem"": 0.1}",beanstalk,6,500,5000,50,True,5000,290.0283,17.2397,21.6649,1502.388,8407.539,2626.444,1.47,9.76,0.58,88.19,2135.17,14153.68,833.93,127891.36,0.69,127566.14,488887.8,56.19,48667,0,50,47851,6844,6031,33523,641,33523,4867,1864.44,297.63,97.09,755.42,16813.4,1566,0,0,10447,37317,23873,11350,40.09
qsem,beanstalk quarantine,,"{""green_mode"": ""quarantine"", ""q_sem"": 0.1}",beanstalk,5,500,5000,50,True,5000,277.7903,17.9992,20.5935,3313.396,11409.221,4151.447,1.5,12.41,1.0,85.09,2084.71,17240.32,1386.95,118183.16,1.7,118044.89,539018.2,64.68,53580,0,50,66147,7168,4901,34632,649,34632,4851,2492.22,440.73,258.06,1974.16,16254.9,1808,0,0,10445,43632,25101,9948,43.41
qsem,beanstalk,,"{""q_sem"": 0.1}",beanstalk,8,500,5000,50,True,5000,330.7931,15.1152,,11599.303,19828.005,11181.221,1.27,6.36,0.18,92.2,2100.4,10511.92,291.78,152492.44,25.95,152403.8,499322.1,50.32,49652,0,50,23751,2900,13555,25819,713,25819,4849,1585.62,75.61,9923.79,19847.58,19638.8,396,0,0,8022,36096,18510,13556,56.0
qsem,beanstalk quarantine,,"{""green_mode"": ""quarantine"", ""q_sem"": 0.1}",beanstalk,8,500,5000,50,True,5000,275.2242,18.167,20.8315,1510.047,9637.587,2847.081,1.53,10.97,0.76,86.74,2100.4,15098.44,1052.33,119360.93,0.37,118998.62,495491.8,60.01,49312,0,50,55418,5983,5539,34162,657,34162,4829,1633.92,326.69,111.9,867.91,15869.5,1484,0,0,10485,38803,24502,10509,45.82
qsem,beanstalk quarantine,,"{""green_mode"": ""quarantine"", ""q_sem"": 0.1}",beanstalk,7,500,5000,50,True,5000,308.1964,16.2234,19.2285,2337.957,11054.828,3521.869,1.42,12.34,0.78,85.47,2180.71,19009.14,1207.55,131700.81,0.63,131448.71,578045.0,62.52,57522,0,50,67777,7277,5005,37205,778,37205,4809,2543.91,362.7,159.64,1284.4,17895.0,1507,0,0,11516,46381,26717,11141,50.1
qsem,beanstalk,,"{""q_sem"": 0.1}",beanstalk,9,500,5000,50,True,5000,333.1103,15.01,,11142.259,19967.314,11099.636,1.27,6.39,0.18,92.16,2122.66,10636.28,291.49,153504.72,12.64,153414.8,528035.7,52.84,52488,0,50,23431,3037,13721,27085,709,27085,4857,2196.25,77.94,9980.99,19974.29,19841.9,386,0,0,8375,38761,19419,13727,57.57
qsem,beanstalk quarantine,,"{""green_mode"": ""quarantine"", ""q_sem"": 0.1}",beanstalk,9,500,5000,50,True,5000,264.7513,18.8856,18.8716,1595.217,8643.561,2660.493,1.6,10.81,0.69,86.9,2122.66,14311.46,910.47,115031.08,2.27,114887.65,498045.7,62.71,49552,0,50,52713,5030,5208,32401,722,32401,4862,1488.39,301.31,169.75,1284.4,15521.1,1229,0,0,10141,40235,23128,9317,50.48
qsem,batched-par k=1,,"{""batch_k"": 1, ""q_sem"": 0.2}",batched-par,3,500,5000,50,True,5000,676.6768,7.3891,7.3667,4090.434,4415.803,3810.026,0.63,0.7,93.14,5.52,2143.65,2360.67,315141.48,18692.58,947.75,0.0,1163165.9,57.3,146507,79482,50,9465,2011,57889,6033,100,6033,0,0.0,0.0,8.27,59.48,0.0,0,0,135374,0,0,0,0,68.45
qsem,batched-par k=1,,"{""batch_k"": 1, ""q_sem"": 0.2}",batched-par,2,500,5000,50,True,5000,659.7852,7.5782,7.5257,3912.683,4462.801,3711.727,0.65,0.72,93.04,5.59,2128.39,2381.94,306928.68,18453.57,907.0,0.0,1149373.0,58.07,145271,79120,50,9633,1986,57129,5963,110,5963,0,0.0,0.0,8.21,60.17,0.0,0,0,134198,0,0,0,0,73.2
qsem,batched-par k=1,,"{""batch_k"": 1, ""q_sem"": 0.2}",batched-par,6,500,5000,50,True,5000,683.6347,7.3138,7.2508,4121.942,4539.699,3857.227,0.62,0.68,93.36,5.34,2135.17,2328.22,319107.32,18246.62,1124.17,0.0,1181434.8,57.61,149593,82334,50,8939,2032,58387,6185,104,6185,0,0.0,0.0,8.26,63.74,0.0,0,0,138304,0,0,0,0,72.1
qsem,batched-par k=1,,"{""batch_k"": 1, ""q_sem"": 0.2}",batched-par,4,500,5000,50,True,5000,667.8656,7.4865,7.3974,4007.627,4566.136,3777.218,0.64,0.73,93.53,5.1,2138.8,2446.48,312321.7,17025.84,995.81,0.0,1156305.5,57.71,146878,81204,50,9515,1824,56912,6079,115,6079,0,0.0,0.0,8.47,72.32,0.0,0,0,135684,0,0,0,0,74.84
qsem,batched-par k=1,,"{""batch_k"": 1, ""q_sem"": 0.2}",batched-par,8,500,5000,50,True,5000,679.7339,7.3558,7.3106,4097.386,4468.699,3813.764,0.62,0.67,92.84,5.87,2100.4,2291.33,315522.36,19952.88,1664.75,0.0,1194677.3,58.59,149698,80108,50,9278,1931,60042,6086,83,6086,0,0.0,0.0,8.31,61.53,0.0,0,0,138529,0,0,0,0,72.01
qsem,batched-par k=1,,"{""batch_k"": 1, ""q_sem"": 0.2}",batched-par,1,500,5000,50,True,5000,663.9607,7.5306,7.4907,4016.584,4348.336,3743.63,0.64,0.7,93.27,5.39,2108.89,2318.88,309650.25,17902.32,1211.69,0.0,1153682.3,57.92,145386,79776,50,9414,1945,56638,6048,107,6048,0,0.0,0.0,8.26,59.79,0.0,0,0,134231,0,0,0,0,82.7
qsem,batched-par k=1,,"{""batch_k"": 1, ""q_sem"": 0.2}",batched-par,9,500,5000,50,True,5000,678.7255,7.3667,7.2689,4088.634,4475.563,3840.03,0.63,0.68,93.62,5.08,2122.66,2305.51,317696.96,17237.62,644.11,0.0,1173032.2,57.61,147622,79601,50,9049,1841,58785,6074,104,6074,0,0.0,0.0,8.56,59.28,0.0,0,0,136444,0,0,0,0,76.2
qsem,batched-par k=1,,"{""batch_k"": 1, ""q_sem"": 0.2}",batched-par,7,500,5000,50,True,5000,693.9538,7.2051,7.1615,4165.323,4678.439,3902.228,0.63,0.71,93.01,5.65,2180.71,2458.7,322726.96,19610.55,1033.87,0.0,1184741.9,56.91,147566,78620,50,9613,2038,59941,6088,114,6088,0,0.0,0.0,8.43,55.41,0.0,0,0,136364,0,0,0,0,78.56
qsem,batched-par k=1,,"{""batch_k"": 1, ""q_sem"": 0.2}",batched-par,0,500,5000,50,True,5000,689.4351,7.2523,7.2977,4088.733,4655.712,3882.769,0.62,0.73,93.14,5.51,2143.14,2509.36,321054.75,19010.28,1153.54,0.0,1191181.9,57.59,149509,80849,50,9703,2023,59638,6175,110,6175,0,0.0,0.0,8.76,73.04,0.0,0,0,138224,0,0,0,0,84.53
qsem,batched-par k=1,,"{""batch_k"": 1, ""q_sem"": 0.2}",batched-par,5,500,5000,50,True,5000,674.967,7.4078,7.5173,4051.652,4392.006,3800.326,0.62,0.68,93.16,5.54,2084.71,2299.45,314394.41,18704.94,799.11,0.0,1176274.3,58.09,146565,78373,50,9459,1867,58904,6043,100,6043,0,0.0,0.0,8.39,62.31,0.0,0,0,135422,0,0,0,0,83.1
qsem,beanstalk quarantine,,"{""green_mode"": ""quarantine"", ""q_sem"": 0.2}",beanstalk,1,500,5000,50,True,5000,671.2567,7.4487,8.3425,4889.841,29863.079,9172.303,0.63,15.97,1.22,82.17,2108.89,53615.25,4101.94,275802.29,0.42,275404.83,1306407.1,64.87,129938,0,50,205102,17432,11162,94723,1681,94723,4798,3096.54,430.64,196.29,1981.12,39439.7,2001,0,0,29095,106346,67913,23592,140.76
qsem,beanstalk quarantine,,"{""green_mode"": ""quarantine"", ""q_sem"": 0.2}",beanstalk,5,500,5000,50,True,5000,650.7955,7.6829,8.2739,3998.496,27524.058,8393.48,0.64,15.25,1.14,82.97,2084.71,49618.32,3718.98,269975.75,0.3,269592.46,1202541.4,61.59,119604,0,50,186442,16731,11838,91841,1674,91841,4815,2320.26,405.14,177.71,1408.69,38278.8,2014,0,0,28060,95432,65860,24172,153.36
qsem,beanstalk quarantine,,"{""green_mode"": ""quarantine"", ""q_sem"": 0.2}",beanstalk,3,500,5000,50,True,5000,657.7571,7.6016,8.2569,5230.65,28291.922,8688.697,0.65,16.05,1.24,82.06,2143.65,52781.65,4079.43,269873.84,0.4,269453.33,1223521.5,62.0,121799,0,50,199077,18358,13019,96169,1578,96169,4848,2344.98,405.96,152.46,1089.25,38553.5,1832,0,0,29650,96180,68496,25619,165.17
qsem,beanstalk quarantine,,"{""green_mode"": ""quarantine"", ""q_sem"": 0.2}",beanstalk,4,500,5000,50,True,5000,717.2684,6.9709,7.4311,9655.005,34299.05,12212.83,0.6,18.54,1.63,79.23,2138.8,66484.75,5852.44,284158.2,0.45,283544.73,1369924.6,63.66,136292,0,50,266517,21580,12890,111579,1916,111579,4795,5643.22,477.15,268.32,3013.11,42013.3,2717,0,0,34418,110335,79472,25957,166.92
qsem,beanstalk quarantine,,"{""green_mode"": ""quarantine"", ""q_sem"": 0.2}",beanstalk,0,500,5000,50,True,5000,772.7384,6.4705,7.2524,6225.527,35846.271,10949.629,0.55,17.32,1.1,81.02,2143.14,66927.74,4251.08,313047.24,0.33,312579.45,1439113.1,62.08,143134,0,50,236119,23151,14270,113952,1968,113952,4846,3089.1,433.5,185.56,2113.09,45318.8,2449,0,0,35061,113042,81369,30092,173.26
qsem,beanstalk quarantine,,"{""green_mode"": ""quarantine"", ""q_sem"": 0.2}",beanstalk,2,500,5000,50,True,5000,701.4369,7.1282,7.7686,5264.181,32102.814,10013.817,0.61,18.22,1.19,79.98,2128.39,63907.26,4167.25,280515.54,0.35,280016.02,1279336.1,60.8,127344,0,50,234115,22646,13773,103964,1676,103964,4848,3158.48,428.32,160.34,1550.95,41159.8,2647,0,0,32186,99248,73980,28096,170.45
fixedR,serial,,"{""ci_slots"": 10}",serial,0,500,5000,10,True,5000,1091.7413,4.5798,4.5744,6541.586,6709.893,6196.756,0.39,0.14,94.46,5.01,2143.14,783.04,515613.33,27331.15,1463.63,0.0,65501.7,10.0,6405,0,1,4184,1120,1405,1300,105,1300,0,0.0,0.0,8.0,60.44,0.0,0,0,0,0,0,0,0,2.18
fixedR,serial,,"{""ci_slots"": 10}",serial,1,500,5000,10,True,5000,1088.4227,4.5938,4.6023,6498.826,6677.889,6172.851,0.39,0.14,94.38,5.09,2108.89,769.58,513634.64,27698.25,1570.6,0.0,65301.6,10.0,6385,0,1,4135,1125,1385,1276,109,1276,0,0.0,0.0,7.9,62.8,0.0,0,0,0,0,0,0,0,3.21
fixedR,serial,,"{""ci_slots"": 10}",serial,2,500,5000,10,True,5000,1094.0964,4.57,4.5524,6549.051,6766.577,6199.608,0.39,0.14,94.3,5.17,2128.39,776.32,515857.7,28285.8,1286.51,0.0,65638.6,10.0,6399,0,1,4169,1095,1399,1282,117,1282,0,0.0,0.0,8.02,53.86,0.0,0,0,0,0,0,0,0,2.87
fixedR,serial,,"{""ci_slots"": 10}",serial,4,500,5000,10,True,5000,1086.7019,4.6011,4.6091,6480.832,6667.68,6149.417,0.39,0.14,94.17,5.29,2138.8,778.04,511673.38,28760.74,1278.7,0.0,65195.4,10.0,6363,0,1,4178,1056,1363,1267,96,1267,0,0.0,0.0,7.92,58.54,0.0,0,0,0,0,0,0,0,2.25
fixedR,serial,,"{""ci_slots"": 10}",serial,3,500,5000,10,True,5000,1088.0375,4.5954,4.5972,6514.714,6712.968,6164.935,0.39,0.14,94.29,5.17,2143.65,788.49,512956.08,28130.53,1242.64,0.0,65277.9,10.0,6378,0,1,4227,1055,1378,1287,91,1287,0,0.0,0.0,7.98,61.82,0.0,0,0,0,0,0,0,0,2.33
fixedR,serial,,"{""ci_slots"": 10}",serial,6,500,5000,10,True,5000,1110.1271,4.504,4.51,6611.398,6835.173,6290.343,0.38,0.14,94.3,5.18,2135.17,781.7,523413.54,28733.13,1556.18,0.0,66605.0,10.0,6506,0,1,4059,1155,1506,1378,128,1378,0,0.0,0.0,8.29,63.8,0.0,0,0,0,0,0,0,0,2.13
fixedR,serial,,"{""ci_slots"": 10}",serial,5,500,5000,10,True,5000,1098.9158,4.5499,4.5564,6529.007,6764.588,6233.957,0.38,0.14,94.41,5.07,2084.71,776.79,518719.62,27876.76,1038.51,0.0,65930.1,10.0,6438,0,1,4181,994,1438,1329,109,1329,0,0.0,0.0,8.08,62.16,0.0,0,0,0,0,0,0,0,2.78
fixedR,serial,,"{""ci_slots"": 10}",serial,7,500,5000,10,True,5000,1086.7235,4.601,4.6123,6469.443,6661.732,6133.322,0.4,0.15,93.92,5.53,2180.71,797.48,510312.67,30070.88,1366.44,0.0,65200.7,10.0,6369,0,1,4181,1104,1369,1270,99,1270,0,0.0,0.0,7.91,54.24,0.0,0,0,0,0,0,0,0,1.77
fixedR,serial,,"{""ci_slots"": 10}",serial,8,500,5000,10,True,5000,1085.2442,4.6073,4.611,6438.993,6674.234,6125.753,0.39,0.14,93.94,5.54,2100.4,761.01,509718.43,30042.25,2235.56,0.0,65110.4,10.0,6366,0,1,4126,1062,1366,1268,98,1268,0,0.0,0.0,7.98,65.28,0.0,0,0,0,0,0,0,0,1.75
fixedR,serial,,"{""ci_slots"": 10}",serial,9,500,5000,10,True,5000,1094.1941,4.5696,4.5523,6534.9,6704.145,6192.09,0.39,0.14,94.18,5.29,2122.66,776.02,515231.51,28966.87,946.55,0.0,65644.8,10.0,6418,0,1,4130,1010,1418,1300,118,1300,0,0.0,0.0,8.01,52.16,0.0,0,0,0,0,0,0,0,1.62
fixedR,batched k=1,,"{""batch_k"": 1, ""ci_slots"": 10}",batched,0,500,5000,10,True,5000,307.7223,16.2484,16.2647,1815.676,2015.839,1729.73,1.39,0.61,93.07,4.92,2143.14,941.3,143202.83,7573.9,732.76,0.0,170284.5,92.23,18864,5579,10,5073,1240,3632,1484,106,1484,0,0.0,0.0,7.24,51.14,0.0,0,0,12274,0,0,0,0,2.16
fixedR,batched k=1,,"{""batch_k"": 1, ""ci_slots"": 10}",batched,1,500,5000,10,True,5000,297.248,16.821,16.7962,1724.436,1986.059,1670.629,1.42,0.62,93.05,4.91,2108.89,924.81,138294.26,7296.04,683.31,0.0,164141.7,92.03,18308,5304,10,5031,1210,3314,1447,94,1447,0,0.0,0.0,7.04,44.64,0.0,0,0,11767,0,0,0,0,2.02
fixedR,batched k=1,,"{""batch_k"": 1, ""ci_slots"": 10}",batched,2,500,5000,10,True,5000,304.7138,16.4088,16.2104,1801.573,1989.635,1703.55,1.4,0.62,92.56,5.43,2128.39,943.63,141018.91,8265.98,808.19,0.0,167858.9,91.81,18600,5302,10,5105,1176,3503,1464,109,1464,0,0.0,0.0,7.35,62.73,0.0,0,0,12027,0,0,0,0,2.72
fixedR,batched k=1,,"{""batch_k"": 1, ""ci_slots"": 10}",batched,3,500,5000,10,True,5000,303.9517,16.45,16.3528,1805.728,1934.654,1709.559,1.41,0.62,93.12,4.85,2143.65,937.12,141526.16,7368.91,522.71,0.0,168156.2,92.21,18740,5512,10,5014,1172,3375,1480,102,1480,0,0.0,0.0,7.23,60.76,0.0,0,0,12158,0,0,0,0,2.32
fixedR,batched k=1,,"{""batch_k"": 1, ""ci_slots"": 10}",batched,4,500,5000,10,True,5000,300.0111,16.6661,16.8781,1745.482,1951.202,1672.372,1.43,0.63,92.28,5.67,2138.8,939.09,138425.21,8502.45,714.42,0.0,165518.3,91.95,18393,5416,10,4983,1127,3311,1443,98,1443,0,0.0,0.0,7.33,50.56,0.0,0,0,11852,0,0,0,0,2.14
fixedR,batched k=1,,"{""batch_k"": 1, ""ci_slots"": 10}",batched,5,500,5000,10,True,5000,301.6853,16.5736,16.7542,1768.702,1903.131,1695.767,1.38,0.6,93.08,4.93,2084.71,909.36,140404.6,7444.01,798.98,0.0,167223.1,92.38,18585,5515,10,5046,1111,3335,1457,106,1457,0,0.0,0.0,7.25,49.04,0.0,0,0,12022,0,0,0,0,2.13
fixedR,batched k=1,,"{""batch_k"": 1, ""ci_slots"": 10}",batched,6,500,5000,10,True,5000,320.6437,15.5936,15.7511,1871.234,2053.221,1790.069,1.33,0.57,92.47,5.62,2135.17,920.9,148251.5,9014.28,906.08,0.0,177217.1,92.12,19529,5612,10,4793,1300,3809,1569,95,1569,0,0.0,0.0,7.55,75.85,0.0,0,0,12865,0,0,0,0,2.88
fixedR,batched k=1,,"{""batch_k"": 1, ""ci_slots"": 10}",batched,7,500,5000,10,True,5000,306.3606,16.3206,16.451,1782.211,1941.322,1686.535,1.42,0.63,91.12,6.83,2180.71,966.08,139578.48,10455.05,683.05,0.0,168427.9,91.63,18654,5459,10,5046,1235,3386,1472,97,1472,0,0.0,0.0,7.53,118.49,0.0,0,0,12085,0,0,0,0,2.7
fixedR,batched k=1,,"{""batch_k"": 1, ""ci_slots"": 10}",batched,8,500,5000,10,True,5000,298.5524,16.7475,16.5697,1723.56,1982.936,1665.692,1.41,0.61,92.38,5.61,2100.4,905.01,137902.65,8368.13,1165.72,0.0,165386.2,92.33,18441,5447,10,4918,1129,3282,1464,83,1464,0,0.0,0.0,7.26,45.19,0.0,0,0,11894,0,0,0,0,2.38
fixedR,batched k=1,,"{""batch_k"": 1, ""ci_slots"": 10}",batched,9,500,5000,10,True,5000,308.1988,16.2233,15.9514,1826.466,2008.304,1724.581,1.38,0.6,92.66,5.36,2122.66,927.74,142787.36,8261.64,426.14,0.0,170653.0,92.29,18965,5669,10,4893,1112,3487,1488,113,1488,0,0.0,0.0,7.36,48.0,0.0,0,0,12364,0,0,0,0,2.41
fixedR,batched-par k=1,,"{""batch_k"": 1, ""ci_slots"": 10}",batched-par,0,500,5000,10,True,5000,203.4475,24.5764,25.028,1166.186,1326.229,1126.579,2.11,1.0,91.29,5.6,2143.14,1017.5,92864.07,5699.03,350.37,0.0,115175.4,94.35,13849,4567,10,5409,1258,2451,1530,98,1530,0,0.0,0.0,4.61,42.42,0.0,0,0,7221,0,0,0,0,2.9
fixedR,batched-par k=1,,"{""batch_k"": 1, ""ci_slots"": 10}",batched-par,1,500,5000,10,True,5000,204.8633,24.4065,24.631,1177.561,1340.001,1136.875,2.06,0.96,91.53,5.45,2108.89,983.3,93756.26,5583.19,588.88,0.0,115911.2,94.3,13815,4547,10,5296,1248,2410,1485,120,1485,0,0.0,0.0,4.68,33.11,0.0,0,0,7210,0,0,0,0,3.0
fixedR,batched-par k=1,,"{""batch_k"": 1, ""ci_slots"": 10}",batched-par,2,500,5000,10,True,5000,206.1878,24.2497,24.6088,1197.872,1332.458,1136.521,2.06,0.97,90.9,6.07,2128.39,996.03,93714.03,6255.43,489.27,0.0,116542.6,94.2,13843,4462,10,5441,1241,2476,1531,99,1531,0,0.0,0.0,4.76,38.79,0.0,0,0,7213,0,0,0,0,2.79
fixedR,batched-par k=1,,"{""batch_k"": 1, ""ci_slots"": 10}",batched-par,3,500,5000,10,True,5000,205.1475,24.3727,24.5376,1204.575,1350.265,1142.894,2.09,0.98,91.87,5.06,2143.65,1006.69,94234.46,5188.94,324.02,0.0,116425.3,94.59,13887,4623,10,5388,1190,2497,1526,122,1526,0,0.0,0.0,4.77,41.69,0.0,0,0,7239,0,0,0,0,2.64
fixedR,batched-par k=1,,"{""batch_k"": 1, ""ci_slots"": 10}",batched-par,4,500,5000,10,True,5000,203.2884,24.5956,24.8039,1184.267,1303.395,1125.231,2.1,0.99,91.26,5.64,2138.8,1008.29,92760.92,5736.18,636.82,0.0,114720.5,94.05,13582,4334,10,5400,1149,2326,1473,96,1473,0,0.0,0.0,4.69,34.53,0.0,0,0,7013,0,0,0,0,3.1
fixedR,batched-par k=1,,"{""batch_k"": 1, ""ci_slots"": 10}",batched-par,5,500,5000,10,True,5000,202.5971,24.6795,25.2577,1159.652,1289.534,1125.306,2.06,0.97,91.61,5.37,2084.71,979.22,92796.3,5438.3,429.19,0.0,115438.1,94.97,13780,4622,10,5398,1164,2286,1519,96,1519,0,0.0,0.0,4.61,39.51,0.0,0,0,7165,0,0,0,0,3.23
fixedR,batched-par k=1,,"{""batch_k"": 1, ""ci_slots"": 10}",batched-par,6,500,5000,10,True,5000,219.476,22.7815,22.8392,1279.412,1430.791,1221.379,1.95,0.89,91.86,5.3,2135.17,979.17,100802.42,5821.22,633.57,0.0,124104.2,94.24,14803,5026,10,5110,1331,2720,1639,114,1639,0,0.0,0.0,4.85,52.79,0.0,0,0,8050,0,0,0,0,1.46
fixedR,batched-par k=1,,"{""batch_k"": 1, ""ci_slots"": 10}",batched-par,7,500,5000,10,True,5000,210.0853,23.7999,23.915,1218.831,1335.358,1144.916,2.08,0.97,89.86,7.09,2180.71,1018.92,94390.78,7452.26,698.7,0.0,117751.1,93.42,14108,4687,10,5369,1268,2439,1526,94,1526,0,0.0,0.0,5.24,125.61,0.0,0,0,7488,0,0,0,0,3.07
fixedR,batched-par k=1,,"{""batch_k"": 1, ""ci_slots"": 10}",batched-par,8,500,5000,10,True,5000,207.108,24.142,24.0881,1195.014,1385.108,1139.679,2.03,0.93,90.78,6.26,2100.4,964.34,94008.9,6480.39,739.53,0.0,117292.4,94.39,14033,4643,10,5222,1187,2497,1513,117,1513,0,0.0,0.0,4.83,42.11,0.0,0,0,7403,0,0,0,0,3.38
fixedR,batched-par k=1,,"{""batch_k"": 1, ""ci_slots"": 10}",batched-par,9,500,5000,10,True,5000,209.4643,23.8704,23.8408,1206.348,1381.556,1157.8,2.03,0.95,91.18,5.85,2122.66,990.65,95492.69,6126.13,336.76,0.0,118345.5,94.17,14205,4668,10,5232,1149,2526,1554,120,1554,0,0.0,0.0,4.67,48.43,0.0,0,0,7531,0,0,0,0,4.21
fixedR,beanstalk,,"{""ci_slots"": 10}",beanstalk,0,500,5000,10,True,5000,106.9083,46.769,52.8859,823.341,1911.786,1140.515,4.01,3.23,0.21,92.56,2143.14,1724.56,111.0,49475.45,36.52,48880.09,58801.7,91.67,5842,0,10,8941,906,343,2255,108,2255,4805,929.61,205.42,789.43,1918.61,6171.7,185,0,0,701,5473,1663,369,9.48
fixedR,beanstalk,,"{""ci_slots"": 10}",beanstalk,1,500,5000,10,True,5000,104.8946,47.6669,47.5345,868.961,1730.403,1021.018,4.02,3.12,0.2,92.65,2108.89,1637.6,106.58,48594.22,19.29,47887.97,57766.0,91.78,5747,0,10,8546,816,369,2195,97,2195,4828,840.15,194.25,626.2,1737.24,6071.6,192,0,0,688,5350,1605,396,9.45
fixedR,beanstalk,,"{""ci_slots"": 10}",beanstalk,2,500,5000,10,True,5000,104.6612,47.7732,245.4243,2739.094,5258.985,2631.954,4.07,3.23,0.2,92.5,2128.39,1689.34,105.27,48407.62,8.11,48353.98,58625.5,93.36,5834,0,10,8625,838,374,2243,107,2243,4838,916.69,205.33,2281.07,5263.13,6070.7,207,0,0,697,5443,1653,391,9.24
fixedR,beanstalk,,"{""ci_slots"": 10}",beanstalk,3,500,5000,10,True,5000,103.4196,48.3467,45.1326,870.08,1841.595,969.163,4.15,3.24,0.21,92.4,2143.65,1675.05,110.64,47780.46,47.49,47382.71,57543.7,92.73,5738,0,10,8871,836,346,2176,96,2176,4844,820.88,199.38,576.1,1845.0,6011.0,185,0,0,693,5361,1579,377,7.96
fixedR,beanstalk,,"{""ci_slots"": 10}",beanstalk,4,500,5000,10,True,5000,104.3914,47.8967,55.0378,1647.708,3423.298,1688.686,4.1,3.33,0.21,92.36,2138.8,1740.07,107.14,48209.7,6.07,48056.32,57599.7,91.96,5716,0,10,8776,862,352,2192,98,2192,4832,849.16,213.31,1250.2,3428.77,6039.8,194,0,0,679,5329,1611,387,9.35
fixedR,beanstalk,,"{""ci_slots"": 10}",beanstalk,5,500,5000,10,True,5000,109.1287,45.8175,45.3034,1653.433,3398.899,1614.582,3.82,2.94,0.19,93.05,2084.71,1603.8,104.73,50771.09,56.58,50103.76,60246.3,92.01,5987,0,10,8321,814,365,2243,95,2243,4838,903.64,204.86,1224.09,3403.54,6343.1,210,0,0,699,5586,1640,401,8.64
fixedR,beanstalk,,"{""ci_slots"": 10}",beanstalk,6,500,5000,10,True,5000,117.0825,42.7049,56.6302,1700.449,2859.89,1703.839,3.65,2.81,0.18,93.36,2135.17,1647.77,104.39,54653.93,8.84,54215.03,64294.5,91.52,6413,0,10,8170,922,350,2417,113,2417,4833,966.87,217.37,1239.44,2865.64,6809.5,191,0,0,774,6037,1756,376,9.07
fixedR,beanstalk,,"{""ci_slots"": 10}",beanstalk,7,500,5000,10,True,5000,106.6592,46.8783,52.8084,914.089,1835.823,1102.855,4.09,3.29,0.21,92.42,2180.71,1752.13,111.36,49285.39,65.68,48664.03,58170.5,90.9,5803,0,10,8932,928,372,2310,109,2310,4842,806.9,194.03,708.42,1841.73,6200.2,192,0,0,688,5405,1731,398,8.93
qsem,beanstalk quarantine,,"{""green_mode"": ""quarantine"", ""q_sem"": 0.2}",beanstalk,6,500,5000,50,True,5000,671.4079,7.447,8.6132,4048.402,25534.844,7406.216,0.64,12.82,0.85,85.69,2135.17,43042.3,2863.69,287662.79,1.36,287137.42,1274923.1,63.3,126912,0,50,151219,18769,12953,88516,1851,88516,4779,2008.77,367.03,171.15,1620.83,39308.7,1768,0,0,27482,103637,63251,23275,105.14
fixedR,beanstalk,,"{""ci_slots"": 10}",beanstalk,9,500,5000,10,True,5000,104.8144,47.7034,45.2535,963.239,3517.443,1584.11,4.05,3.13,0.19,92.63,2122.66,1640.3,101.06,48543.15,2.43,48505.19,57136.9,90.85,5695,0,10,8370,798,382,2181,97,2181,4844,834.94,186.46,1174.22,3521.86,6072.4,167,0,0,676,5283,1603,412,5.97
fixedR,beanstalk,,"{""ci_slots"": 10}",beanstalk,8,500,5000,10,True,5000,110.6554,45.1853,43.6667,1004.961,3603.686,1658.699,3.8,2.98,0.2,93.03,2100.4,1649.15,109.35,51468.79,11.05,51247.15,61945.0,93.3,6152,0,10,8660,873,378,2221,103,2221,4836,979.96,219.08,1186.23,3611.59,6414.1,178,0,0,721,5760,1603,392,8.06
fixedR,beanstalk quarantine,,"{""ci_slots"": 10, ""green_mode"": ""quarantine""}",beanstalk,0,500,5000,10,True,5000,103.6462,48.2411,48.4814,679.282,1051.788,659.103,4.14,3.19,0.2,92.48,2143.14,1650.91,101.86,47927.17,30.96,47057.22,55274.5,88.88,5492,0,10,8373,905,611,2182,95,2182,4846,835.35,220.28,125.05,572.64,5990.7,238,0,0,678,4678,1603,814,7.81
fixedR,beanstalk quarantine,,"{""ci_slots"": 10, ""green_mode"": ""quarantine""}",beanstalk,1,500,5000,10,True,5000,96.8524,51.625,50.274,667.977,841.086,588.3,4.35,3.28,0.21,92.16,2108.89,1588.32,100.18,44628.8,21.2,44416.57,50628.7,87.12,5035,0,10,8106,795,705,2159,72,2159,4842,678.33,221.83,104.02,430.75,5564.7,179,0,0,672,4044,1572,991,9.32
fixedR,beanstalk quarantine,,"{""ci_slots"": 10, ""green_mode"": ""quarantine""}",beanstalk,2,500,5000,10,True,5000,83.5412,59.8507,64.0423,741.518,1206.34,687.905,5.1,4.1,0.25,90.55,2128.39,1711.54,105.35,37825.3,67.51,36943.47,45889.7,91.55,4567,0,10,8579,929,578,2183,74,2183,4894,1048.77,236.31,169.12,773.64,4822.6,250,0,0,674,3847,1590,720,9.41
fixedR,beanstalk quarantine,,"{""ci_slots"": 10, ""green_mode"": ""quarantine""}",beanstalk,3,500,5000,10,True,5000,95.3362,52.446,51.1953,734.569,1077.228,674.637,4.5,3.48,0.22,91.81,2143.65,1657.98,103.17,43763.3,14.64,43658.07,52402.9,91.61,5229,0,10,8403,858,590,2195,84,2195,4886,950.53,242.18,121.1,513.48,5520.7,175,0,0,704,4387,1584,842,9.55
qsem,beanstalk quarantine,,"{""green_mode"": ""quarantine"", ""q_sem"": 0.2}",beanstalk,8,500,5000,50,True,5000,655.2275,7.6309,8.2552,4034.565,26615.482,7838.243,0.64,13.58,0.94,84.85,2100.4,44476.35,3067.85,277969.16,0.47,277350.23,1257433.5,63.97,125054,0,50,163922,16332,10868,86890,1776,86890,4836,2200.3,386.91,195.67,1423.25,38246.8,1652,0,0,26641,103270,62369,21784,100.31
fixedR,beanstalk quarantine,,"{""ci_slots"": 10, ""green_mode"": ""quarantine""}",beanstalk,4,500,5000,10,True,5000,98.2796,50.8753,49.7782,728.745,994.008,676.804,4.35,3.31,0.2,92.14,2138.8,1625.54,100.26,45275.2,27.11,44954.76,53003.1,89.88,5259,0,10,8213,840,574,2109,75,2109,4836,902.69,254.03,124.89,491.45,5713.7,179,0,0,650,4508,1540,751,9.11
fixedR,beanstalk quarantine,,"{""ci_slots"": 10, ""green_mode"": ""quarantine""}",beanstalk,6,500,5000,10,True,5000,116.3999,42.9554,41.6174,730.847,972.616,685.617,3.67,2.64,0.16,93.53,2135.17,1536.47,92.11,54436.17,8.29,54391.09,62989.2,90.19,6283,0,10,7384,773,598,2308,100,2308,4802,876.55,243.81,122.66,545.39,6798.0,169,0,0,741,5456,1676,827,8.39
fixedR,beanstalk quarantine,,"{""ci_slots"": 10, ""green_mode"": ""quarantine""}",beanstalk,5,500,5000,10,True,5000,100.2552,49.8727,49.9685,729.282,1444.468,753.622,4.16,3.26,0.22,92.36,2084.71,1636.46,108.04,46298.38,2.79,46132.6,54340.3,90.34,5402,0,10,8422,799,577,2340,72,2340,4833,999.25,258.17,120.53,660.62,5778.6,229,0,0,704,4541,1721,861,10.63
main,batched k=4,,{},batched,0,100,1000,10,True,1000,165.2809,6.0503,6.1066,976.608,1199.91,918.044,2.52,1.05,91.52,4.9,417.26,173.65,15127.08,810.09,49.68,0.0,91648.4,92.42,9494,3736,10,937,179,4052,313,1,313,0,0.0,0.0,19.78,98.99,0.0,0,628,8139,0,0,0,0,1.53
qsem,beanstalk quarantine,,"{""green_mode"": ""quarantine"", ""q_sem"": 0.2}",beanstalk,7,500,5000,50,True,5000,703.7078,7.1052,7.6702,6403.817,31634.368,10396.923,0.62,15.63,1.21,82.53,2180.71,55007.91,4273.85,290391.45,1.91,289844.21,1327504.9,62.88,132093,0,50,209771,20602,10953,95497,1809,95497,4848,3548.52,484.68,262.23,2174.23,41278.0,2179,0,0,29461,108505,68317,23588,118.51
main,batched k=4,,{},batched,1,100,1000,10,True,1000,175.6312,5.6938,5.4759,1015.782,1347.471,979.931,2.39,0.93,92.06,4.61,420.41,162.85,16169.34,810.52,49.89,0.0,97572.3,92.59,10095,4045,10,845,181,4414,331,2,331,0,0.0,0.0,19.37,124.07,0.0,0,672,8645,0,0,0,0,2.17
main,batched k=4,,{},batched,2,100,1000,10,True,1000,166.5939,6.0026,5.7935,984.241,1259.296,915.624,2.61,1.01,90.59,5.79,434.8,168.4,15092.0,964.18,118.94,0.0,92178.8,92.22,9560,3808,10,871,155,4213,314,3,314,0,0.0,0.0,18.88,121.77,0.0,0,635,8173,0,0,0,0,1.68
main,batched k=4,,{},batched,3,100,1000,10,True,1000,187.0591,5.3459,5.3453,1067.346,1292.615,1033.997,2.1,0.9,91.22,5.77,392.43,169.14,17064.15,1080.18,129.8,0.0,103682.2,92.38,10686,4157,10,972,192,4913,349,2,349,0,0.0,0.0,18.31,100.99,0.0,0,713,9157,0,0,0,0,1.44
fixedR,beanstalk quarantine,,"{""ci_slots"": 10, ""green_mode"": ""quarantine""}",beanstalk,7,500,5000,10,True,5000,107.2124,46.6364,45.5177,778.5,1069.713,736.188,4.07,3.13,0.2,92.6,2180.71,1679.9,106.51,49639.09,74.44,49035.24,56236.4,87.42,5613,0,10,8648,842,595,2193,95,2193,4850,985.51,256.73,109.87,521.87,6213.1,179,0,0,685,4755,1615,858,9.93
main,batched k=4,,{},batched,4,100,1000,10,True,1000,178.2257,5.6109,5.6296,1008.219,1318.006,974.247,2.45,1.02,90.08,6.44,436.73,182.65,16054.8,1148.39,42.61,0.0,98381.3,92.0,10175,3959,10,916,163,4543,331,7,331,0,0.0,0.0,18.88,147.37,0.0,0,677,8713,0,0,0,0,1.25
fixedR,beanstalk quarantine,,"{""ci_slots"": 10, ""green_mode"": ""quarantine""}",beanstalk,8,500,5000,10,True,5000,110.4886,45.2535,45.2838,795.356,1420.667,822.075,3.8,2.93,0.18,93.08,2100.4,1619.88,101.54,51422.49,80.27,50846.87,59710.3,90.07,5935,0,10,8206,878,631,2186,90,2186,4838,1307.31,294.19,158.97,863.24,6461.8,181,0,0,744,5099,1534,836,9.65
main,batched k=4,,{},batched,5,100,1000,10,True,1000,184.7077,5.414,5.2449,1076.307,1503.429,1039.797,2.33,0.97,92.85,3.84,431.22,179.27,17150.68,709.59,38.24,0.0,103159.1,93.08,10669,4322,10,935,137,4532,349,1,349,0,0.0,0.0,20.44,123.26,0.0,0,706,9160,0,0,0,0,1.73
main,batched k=4,,{},batched,6,100,1000,10,True,1000,187.4301,5.3353,5.0643,1093.321,1371.771,1045.796,2.27,1.01,91.98,4.74,425.13,189.46,17240.48,887.95,157.03,0.0,104050.9,92.52,10742,4130,10,974,181,4877,350,1,350,0,0.0,0.0,20.26,99.06,0.0,0,713,9222,0,0,0,0,1.58
main,batched k=4,,{},batched,7,100,1000,10,True,1000,153.2202,6.5266,6.5321,880.339,1101.793,828.941,2.78,1.05,89.12,7.05,425.68,160.46,13655.22,1080.66,55.56,0.0,84557.8,91.98,8729,3410,10,873,193,3645,288,3,288,0,0.0,0.0,17.92,95.72,0.0,0,582,7426,0,0,0,0,1.6
main,batched-aimd,,{},batched-aimd,0,100,1000,10,True,1000,95.6419,10.4557,10.5206,539.203,622.629,515.127,4.36,1.71,88.06,5.87,417.26,163.25,8422.2,561.48,44.54,0.0,52413.4,91.34,5586,1929,10,865,156,1543,307,9,307,0,0.0,0.0,10.46,52.82,0.0,0,206,4283,0,0,0,0,0.66
main,batched-aimd,,{},batched-aimd,1,100,1000,10,True,1000,103.063,9.7028,9.3116,603.0,697.003,564.582,4.08,1.6,89.7,4.62,420.41,164.8,9244.91,476.18,24.98,0.0,57195.8,92.49,6068,2002,10,804,168,1795,333,23,333,0,0.0,0.0,11.78,60.73,0.0,0,212,4706,0,0,0,0,0.9
main,batched k=4,,{},batched,9,100,1000,10,True,1000,166.6492,6.0006,5.5993,987.456,1264.525,934.192,2.6,0.98,92.45,3.97,433.66,162.9,15406.97,661.39,181.0,0.0,92660.3,92.67,9567,3628,10,778,134,4250,313,2,313,0,0.0,0.0,18.37,114.04,0.0,0,629,8182,0,0,0,0,1.45
main,batched k=4,,{},batched,8,100,1000,10,True,1000,168.126,5.9479,5.8857,991.963,1386.848,925.005,2.45,1.06,90.64,5.86,411.47,178.27,15238.48,984.38,12.23,0.0,92994.1,92.19,9612,3743,10,990,161,4204,317,1,317,0,0.0,0.0,20.57,120.64,0.0,0,640,8226,0,0,0,0,1.7
main,batched-aimd,,{},batched-aimd,2,100,1000,10,True,1000,95.7222,10.4469,10.3451,545.344,652.409,515.204,4.54,1.72,87.99,5.75,434.8,164.43,8422.31,550.68,36.55,0.0,53014.0,92.31,5645,1958,10,830,139,1541,307,6,307,0,0.0,0.0,11.21,64.91,0.0,0,212,4332,0,0,0,0,1.0
main,batched-aimd,,{},batched-aimd,5,100,1000,10,True,1000,102.008,9.8032,9.6729,575.99,704.345,558.097,4.23,1.72,89.47,4.59,431.22,175.21,9126.4,467.96,26.76,0.0,56499.1,92.31,6006,2132,10,878,130,1595,341,12,341,0,0.0,0.0,11.27,67.64,0.0,0,207,4637,0,0,0,0,0.81
main,batched-aimd,,{},batched-aimd,3,100,1000,10,True,1000,99.4795,10.0523,10.04,549.538,666.238,536.554,3.94,1.56,88.33,6.16,392.43,155.14,8787.43,612.94,67.78,0.0,54507.3,91.32,5788,1870,10,861,175,1644,326,9,326,0,0.0,0.0,11.04,61.13,0.0,0,210,4470,0,0,0,0,0.95
main,batched-aimd,,{},batched-aimd,4,100,1000,10,True,1000,101.5568,9.8467,9.8848,563.635,691.46,546.151,4.3,1.74,87.89,6.07,436.73,176.38,8926.14,616.43,19.65,0.0,56182.4,92.2,5991,1969,10,844,152,1737,330,22,330,0,0.0,0.0,11.51,75.13,0.0,0,204,4654,0,0,0,0,0.95
main,batched-aimd,,{},batched-aimd,9,100,1000,10,True,1000,95.4958,10.4717,10.2978,544.905,635.27,515.666,4.54,1.68,88.31,5.46,433.66,160.86,8433.57,521.49,105.29,0.0,52327.7,91.33,5570,1867,10,749,118,1564,309,11,309,0,0.0,0.0,10.75,48.72,0.0,0,202,4285,0,0,0,0,0.24
fixedR,beanstalk quarantine,,"{""ci_slots"": 10, ""green_mode"": ""quarantine""}",beanstalk,9,500,5000,10,True,5000,87.6401,57.0515,61.3468,675.945,1217.414,658.646,4.84,3.85,0.23,91.07,2122.66,1686.24,102.57,39908.58,17.43,39752.26,44138.3,83.94,4396,0,10,8504,861,630,2247,69,2247,4862,1069.16,240.25,117.87,621.74,5001.0,226,0,0,684,3468,1644,928,9.83
main,batched-aimd,,{},batched-aimd,8,100,1000,10,True,1000,99.2788,10.0726,9.883,566.079,674.51,540.054,4.14,1.8,88.86,5.19,411.47,178.64,8822.27,515.51,10.97,0.0,55050.8,92.42,5878,2084,10,941,147,1578,317,19,317,0,0.0,0.0,11.28,79.0,0.0,0,211,4545,0,0,0,0,0.85
main,batched-aimd,,{},batched-aimd,6,100,1000,10,True,1000,106.5785,9.3828,9.1057,612.864,730.037,582.866,3.99,1.76,89.38,4.86,425.13,188.03,9526.4,518.29,29.03,0.0,59030.5,92.31,6274,2198,10,908,166,1831,348,12,348,0,0.0,0.0,12.23,80.1,0.0,0,221,4879,0,0,0,0,1.53
main,batched-aimd,,{},batched-aimd,7,100,1000,10,True,1000,94.144,10.622,10.5461,539.079,633.275,505.696,4.52,1.66,87.86,5.95,425.68,156.58,8271.68,560.45,21.87,0.0,52054.6,92.15,5518,1880,10,825,189,1546,294,14,294,0,0.0,0.0,11.01,53.61,0.0,0,207,4232,0,0,0,0,1.03
main,batched+place,,{},batched+place,2,100,1000,10,True,1000,175.1456,5.7095,5.4605,1034.118,1316.982,957.112,2.48,0.94,90.14,6.44,434.8,165.0,15786.86,1127.9,276.3,0.0,95920.7,91.28,9874,3695,10,825,137,4419,325,4,325,987,0.0,0.0,18.75,105.15,0.0,0,660,8433,0,0,0,0,1.16
main,batched+place,,{},batched+place,3,100,1000,10,True,1000,185.0135,5.405,5.4697,1047.691,1328.451,1015.529,2.12,0.91,90.57,6.4,392.43,169.02,16756.46,1183.43,89.17,0.0,102525.5,92.36,10580,4090,10,937,204,4873,348,1,348,986,0.0,0.0,19.23,123.22,0.0,0,705,9068,0,0,0,0,1.84
main,batched+place,,{},batched+place,1,100,1000,10,True,1000,179.3037,5.5771,5.3573,1049.838,1383.389,1005.89,2.34,0.9,92.6,4.16,420.41,161.98,16602.84,745.13,15.19,0.0,100073.7,93.02,10319,4063,10,810,166,4578,335,4,335,987,0.0,0.0,18.79,115.21,0.0,0,680,8850,0,0,0,0,2.35
main,batched+place,,{},batched+place,0,100,1000,10,True,1000,174.5224,5.7299,5.7934,959.225,1302.578,956.364,2.39,1.0,90.33,6.28,417.26,174.08,15765.32,1095.58,86.2,0.0,96261.7,91.93,9924,3901,10,914,173,4398,325,4,325,990,0.0,0.0,19.2,134.17,0.0,0,664,8491,0,0,0,0,2.81
main,batched+place,,{},batched+place,4,100,1000,10,True,1000,187.2507,5.3404,5.3509,1081.893,1267.072,1031.591,2.33,0.97,90.84,5.85,436.73,182.55,17010.63,1095.16,191.35,0.0,103549.9,92.17,10699,4148,10,883,166,4805,349,5,349,988,0.0,0.0,20.37,158.62,0.0,0,715,9165,0,0,0,0,2.41
main,batched+place,,{},batched+place,8,100,1000,10,True,1000,177.0083,5.6495,5.6493,971.59,1501.453,978.986,2.32,0.98,91.2,5.5,411.47,173.87,16142.56,972.93,58.02,0.0,97886.5,92.17,10102,3992,10,940,134,4364,330,6,330,988,0.0,0.0,21.18,152.84,0.0,0,674,8656,0,0,0,0,1.96
main,batched+place,,{},batched+place,5,100,1000,10,True,1000,176.8068,5.6559,5.5682,972.294,1506.344,989.748,2.44,0.99,92.31,4.26,431.22,174.16,16321.65,753.66,34.65,0.0,98406.1,92.76,10182,4093,10,905,129,4431,335,1,335,984,0.0,0.0,20.48,104.8,0.0,0,677,8728,0,0,0,0,3.2
main,batched+place,,{},batched+place,7,100,1000,10,True,1000,165.0435,6.059,5.9565,966.089,1397.029,908.44,2.58,0.99,90.74,5.68,425.68,164.11,14976.57,938.0,102.66,0.0,92021.8,92.93,9516,3663,10,856,192,4131,307,5,307,986,0.0,0.0,19.22,118.86,0.0,0,628,8143,0,0,0,0,3.04
main,batched+place,,{},batched+place,6,100,1000,10,True,1000,200.7344,4.9817,4.9832,1131.908,1503.966,1111.564,2.12,0.93,91.36,5.59,425.13,187.44,18338.62,1122.25,56.3,0.0,111414.0,92.51,11502,4612,10,910,188,5343,374,6,374,983,0.0,0.0,20.2,120.13,0.0,0,770,9885,0,0,0,0,3.32
main,batched+place,,{},batched+place,9,100,1000,10,True,1000,188.8843,5.2942,5.0647,1033.781,1731.212,1066.288,2.3,0.88,93.2,3.62,433.66,166.92,17604.55,683.3,121.72,0.0,105309.1,92.92,10900,4310,10,792,146,4882,357,2,357,984,0.0,0.0,20.57,113.31,0.0,0,721,9366,0,0,0,0,3.34
queue,batched k=16,,"{""batch_k"": 16}",batched,0,100,1000,10,True,1000,288.6584,3.4643,3.5002,1742.87,2118.15,1621.983,1.45,0.7,92.95,4.9,417.26,201.29,26831.75,1415.53,103.11,0.0,105121.0,60.7,11049,4859,10,1134,198,5435,322,5,322,0,0.0,0.0,32.67,175.76,0.0,0,1320,9003,0,0,0,0,4.06
queue,batched k=16,,"{""batch_k"": 16}",batched,2,100,1000,10,True,1000,276.444,3.6174,3.4128,1647.004,2220.806,1554.987,1.57,0.69,93.06,4.68,434.8,191.65,25724.8,1293.15,125.61,0.0,101754.2,61.35,10703,4870,10,1073,181,5100,310,5,310,0,0.0,0.0,31.41,174.74,0.0,0,1268,8724,0,0,0,0,5.47
queue,batched k=16,,"{""batch_k"": 16}",batched,1,100,1000,10,True,1000,305.4745,3.2736,3.1256,1794.592,2341.652,1727.887,1.38,0.63,93.65,4.35,420.41,191.08,28607.04,1328.92,54.85,0.0,112940.2,61.62,11907,5382,10,1031,228,5752,351,3,351,0,0.0,0.0,30.95,204.65,0.0,0,1401,9711,0,0,0,0,6.53
queue,batched k=16,,"{""batch_k"": 16}",batched,3,100,1000,10,True,1000,320.9486,3.1158,3.0842,1849.15,2421.505,1802.175,1.22,0.61,92.98,5.19,392.43,194.87,29841.38,1666.18,416.65,0.0,115048.5,59.74,12043,5383,10,1164,237,5847,361,3,361,0,0.0,0.0,32.33,175.28,0.0,0,1472,9761,0,0,0,0,5.73
queue,batched k=16,,"{""batch_k"": 16}",batched,4,100,1000,10,True,1000,296.5752,3.3718,3.3268,1740.725,2138.946,1650.712,1.47,0.73,92.04,5.76,436.73,215.94,27295.93,1708.93,26.05,0.0,107456.9,60.39,11334,5129,10,1134,193,5427,338,2,338,0,0.0,0.0,31.92,188.54,0.0,0,1359,9211,0,0,0,0,6.06
qsem,beanstalk quarantine,,"{""green_mode"": ""quarantine"", ""q_sem"": 0.2}",beanstalk,9,500,5000,50,True,5000,682.1626,7.3296,7.8348,4531.249,29125.5,8830.663,0.62,16.46,1.12,81.79,2122.66,56153.66,3824.45,278980.55,0.38,278494.09,1264476.1,61.79,125832,0,50,204794,17586,13195,101629,1671,101629,4840,1933.29,391.43,155.66,1342.85,40023.6,1990,0,0,31372,99387,72330,26445,125.08
queue,batched-par k=4,,"{""batch_k"": 4}",batched-par,0,100,1000,10,True,1000,158.5469,6.3073,6.3093,937.24,1158.526,879.352,2.63,1.1,91.34,4.93,417.26,174.83,14481.04,781.55,42.54,0.0,88190.4,92.71,9319,3754,10,954,175,3909,316,2,316,0,0.0,0.0,18.79,111.23,0.0,0,640,7925,0,0,0,0,1.56
queue,batched k=16,,"{""batch_k"": 16}",batched,5,100,1000,10,True,1000,316.2398,3.1622,3.0908,1831.606,2611.8,1790.326,1.36,0.65,93.7,4.28,431.22,205.89,29632.87,1353.99,107.5,0.0,115155.1,60.69,12105,5489,10,1134,169,5746,361,4,361,0,0.0,0.0,36.09,241.85,0.0,0,1451,9871,0,0,0,0,6.03
queue,batched-par k=4,,"{""batch_k"": 4}",batched-par,1,100,1000,10,True,1000,165.8432,6.0298,5.7334,955.161,1284.519,926.073,2.53,0.97,92.09,4.4,420.41,161.39,15273.17,729.36,15.01,0.0,92346.3,92.8,9826,4105,10,833,183,4248,336,2,336,0,0.0,0.0,18.56,95.82,0.0,0,677,8366,0,0,0,0,0.87
queue,batched k=16,,"{""batch_k"": 16}",batched,8,100,1000,10,True,1000,286.2499,3.4935,3.3841,1636.108,2267.949,1598.402,1.44,0.73,92.33,5.5,411.47,209.83,26430.2,1573.49,19.66,0.0,104286.4,60.72,10970,4844,10,1211,189,5375,326,4,326,0,0.0,0.0,33.57,208.4,0.0,0,1306,8934,0,0,0,0,4.15
queue,batched k=16,,"{""batch_k"": 16}",batched,7,100,1000,10,True,1000,277.4878,3.6038,3.5162,1623.314,2114.069,1539.659,1.53,0.68,91.79,5.99,425.68,189.09,25471.9,1662.11,131.8,0.0,102122.2,61.34,10741,4774,10,1061,225,5197,307,5,307,0,0.0,0.0,32.0,213.03,0.0,0,1276,8746,0,0,0,0,4.48
queue,batched k=16,,"{""batch_k"": 16}",batched,6,100,1000,10,True,1000,309.5947,3.23,3.0628,1826.723,2235.269,1742.85,1.37,0.69,93.14,4.8,425.13,213.37,28834.13,1486.83,47.97,0.0,111952.9,60.27,11748,5193,10,1163,216,5758,352,1,352,0,0.0,0.0,32.85,207.19,0.0,0,1415,9557,0,0,0,0,5.04
queue,batched-par k=4,,"{""batch_k"": 4}",batched-par,2,100,1000,10,True,1000,156.4473,6.3919,6.0665,922.553,1194.723,863.272,2.78,1.07,90.9,5.25,434.8,167.13,14220.75,822.05,85.71,0.0,87131.5,92.82,9290,3926,10,871,154,3879,314,4,314,0,0.0,0.0,18.33,142.41,0.0,0,645,7875,0,0,0,0,1.31
queue,batched-par k=4,,"{""batch_k"": 4}",batched-par,3,100,1000,10,True,1000,174.1306,5.7428,5.5619,971.657,1288.458,966.395,2.25,0.97,91.53,5.25,392.43,168.86,15937.73,914.04,141.8,0.0,96948.9,92.79,10326,4335,10,957,193,4578,348,4,348,0,0.0,0.0,18.54,109.88,0.0,0,709,8806,0,0,0,0,1.43
queue,batched k=16,,"{""batch_k"": 16}",batched,9,100,1000,10,True,1000,287.1673,3.4823,3.2604,1717.881,2178.291,1633.544,1.51,0.64,94.16,3.68,433.66,184.72,27041.01,1057.34,222.15,0.0,107896.3,62.62,11346,5071,10,930,155,5530,323,6,323,0,0.0,0.0,31.19,209.84,0.0,0,1316,9280,0,0,0,0,4.12
queue,batched-par k=4,,"{""batch_k"": 4}",batched-par,7,100,1000,10,True,1000,151.2013,6.6137,6.5576,885.0,1079.496,821.512,2.82,1.08,89.48,6.63,425.68,162.85,13529.02,1002.58,29.16,0.0,83106.0,91.61,8777,3543,10,870,195,3666,302,1,302,0,0.0,0.0,19.17,97.71,0.0,0,608,7442,0,0,0,0,1.06
queue,batched-par k=4,,"{""batch_k"": 4}",batched-par,4,100,1000,10,True,1000,163.6847,6.1093,6.1776,921.714,1188.727,892.08,2.67,1.11,89.73,6.5,436.73,181.31,14686.69,1063.74,78.27,0.0,90520.4,92.17,9673,4047,10,913,170,4018,327,2,327,0,0.0,0.0,19.88,139.53,0.0,0,665,8237,0,0,0,0,1.62
queue,batched-par k=4,,"{""batch_k"": 4}",batched-par,8,100,1000,10,True,1000,162.2295,6.1641,6.1471,903.058,1272.598,883.608,2.54,1.12,89.65,6.69,411.47,182.35,14544.45,1084.68,13.64,0.0,89477.4,91.92,9438,3872,10,1006,160,3961,318,2,318,0,0.0,0.0,18.38,106.99,0.0,0,646,8024,0,0,0,0,1.25
queue,batched-par k=4,,"{""batch_k"": 4}",batched-par,5,100,1000,10,True,1000,173.5272,5.7628,5.6444,999.937,1410.962,972.306,2.49,1.03,92.36,4.13,431.22,178.98,16026.13,716.39,40.98,0.0,96881.0,93.05,10210,4151,10,940,127,4322,346,3,346,0,0.0,0.0,20.9,128.63,0.0,0,696,8719,0,0,0,0,1.79
fair,batched k=4 suspects,,"{""queue_suspects"": true}",batched,0,100,1000,10,True,1000,75.5883,13.2296,13.4249,415.328,555.908,399.819,5.52,2.32,85.84,6.32,417.26,175.22,6488.44,477.92,51.73,0.0,41106.2,90.64,4302,1471,10,929,155,1890,317,0,317,0,0.0,0.0,10.8,87.03,0.0,0,162,3501,0,0,273,0,0.74
queue,batched-par k=4,,"{""batch_k"": 4}",batched-par,6,100,1000,10,True,1000,178.5557,5.6005,5.3655,1036.847,1268.085,988.303,2.38,1.07,91.18,5.37,425.13,191.21,16280.51,958.72,42.05,0.0,99397.4,92.78,10590,4517,10,978,167,4496,364,4,364,0,0.0,0.0,20.06,125.54,0.0,0,739,9025,0,0,0,0,1.88
fair,batched k=4 suspects,,"{""queue_suspects"": true}",batched,1,100,1000,10,True,1000,68.8201,14.5306,14.2387,356.835,538.189,361.292,6.11,2.4,85.1,6.39,420.41,164.97,5856.56,440.07,27.04,0.0,37310.9,90.36,3874,1240,10,846,164,1830,334,2,334,0,0.0,0.0,9.37,45.73,0.0,0,123,3113,0,0,309,0,0.77
fair,batched k=4 suspects,,"{""queue_suspects"": true}",batched,2,100,1000,10,True,1000,75.4854,13.2476,12.89,422.912,554.362,401.988,5.76,2.28,86.47,5.48,434.8,172.25,6527.55,413.94,71.68,0.0,41388.8,91.38,4333,1436,10,880,149,1955,318,2,318,0,0.0,0.0,10.33,63.66,0.0,0,156,3512,0,0,287,0,0.7
queue,batched-par k=4,,"{""batch_k"": 4}",batched-par,9,100,1000,10,True,1000,156.2748,6.399,6.0901,924.567,1128.18,868.092,2.77,1.03,91.55,4.64,433.66,161.66,14306.54,725.62,83.21,0.0,86912.6,92.69,9289,3871,10,769,133,3868,320,3,320,0,0.0,0.0,18.14,100.55,0.0,0,645,7887,0,0,0,0,1.72
fair,batched k=4 suspects,,"{""queue_suspects"": true}",batched,3,100,1000,10,True,1000,80.6973,12.392,12.0734,447.662,589.799,433.417,4.86,2.08,87.43,5.62,392.43,168.13,7055.49,453.68,113.61,0.0,44130.1,91.14,4597,1609,10,959,176,2112,344,4,344,0,0.0,0.0,10.65,53.34,0.0,0,164,3754,0,0,307,0,1.1
fair,batched k=4 suspects,,"{""queue_suspects"": true}",batched,4,100,1000,10,True,1000,74.5205,13.4191,13.4932,392.593,561.572,392.037,5.86,2.49,85.19,6.46,436.73,185.54,6348.41,481.37,34.9,0.0,40630.8,90.87,4267,1458,10,909,167,1946,339,2,339,0,0.0,0.0,10.64,80.21,0.0,0,149,3464,0,0,307,0,0.95
fair,batched k=4 suspects,,"{""queue_suspects"": true}",batched,7,100,1000,10,True,1000,66.7368,14.9842,15.0038,357.471,531.38,348.839,6.38,2.51,84.61,6.5,425.68,167.22,5646.76,434.02,51.47,0.0,36236.1,90.49,3786,1283,10,870,198,1667,311,4,311,0,0.0,0.0,10.35,90.71,0.0,0,123,3051,0,0,285,0,0.63
fair,batched k=4 suspects,,"{""queue_suspects"": true}",batched,5,100,1000,10,True,1000,79.3868,12.5965,12.3775,440.472,633.105,431.271,5.43,2.31,88.23,4.03,431.22,183.68,7004.17,319.61,31.79,0.0,43744.6,91.84,4570,1576,10,928,142,2042,364,1,364,0,0.0,0.0,10.97,78.82,0.0,0,161,3729,0,0,323,0,1.01
fair,batched k=4 suspects,,"{""queue_suspects"": true}",batched,6,100,1000,10,True,1000,79.8773,12.5192,11.7047,451.424,614.413,432.759,5.32,2.47,87.83,4.38,425.13,197.1,7015.56,349.94,32.08,0.0,44274.0,92.38,4632,1656,10,976,172,2060,367,0,367,0,0.0,0.0,9.97,51.64,0.0,0,163,3784,0,0,325,0,1.18
fair,batched k=4 suspects,,"{""queue_suspects"": true}",batched,8,100,1000,10,True,1000,71.0849,14.0677,14.1296,379.23,535.386,370.483,5.79,2.55,84.31,7.35,411.47,181.57,5993.15,522.29,34.91,0.0,38310.4,89.82,4015,1304,10,1003,158,1834,319,1,319,0,0.0,0.0,9.61,53.48,0.0,0,141,3232,0,0,286,0,1.03
fair,batched-par k=4 suspects,,"{""batch_k"": 4, ""queue_suspects"": true}",batched-par,1,100,1000,10,True,1000,67.2202,14.8765,14.3794,372.229,530.855,356.36,6.25,2.54,85.82,5.39,420.41,170.55,5768.79,362.27,43.45,0.0,36517.9,90.54,3819,1354,10,866,174,1683,339,1,339,0,0.0,0.0,9.26,50.83,0.0,0,127,3042,0,0,304,0,0.56
fair,batched k=4 suspects,,"{""queue_suspects"": true}",batched,9,100,1000,10,True,1000,69.5453,14.3791,14.0033,385.96,490.183,367.708,6.24,2.36,85.76,5.64,433.66,164.22,5964.25,392.4,41.16,0.0,37589.5,90.08,3923,1276,10,788,120,1762,325,2,325,0,0.0,0.0,9.69,59.8,0.0,0,120,3161,0,0,293,0,0.78
fair,batched-par k=4 suspects,,"{""batch_k"": 4, ""queue_suspects"": true}",batched-par,0,100,1000,10,True,1000,72.812,13.734,13.642,416.968,564.068,391.064,5.73,2.44,87.08,4.75,417.26,177.61,6340.11,346.21,28.4,0.0,39824.6,91.16,4200,1419,10,955,165,1890,322,1,322,0,0.0,0.0,9.77,65.52,0.0,0,154,3391,0,0,282,0,0.83
fair,batched-par k=4 suspects,,"{""batch_k"": 4, ""queue_suspects"": true}",batched-par,2,100,1000,10,True,1000,69.2879,14.4325,13.8092,388.489,572.576,367.552,6.28,2.57,85.84,5.31,434.8,178.19,5947.68,368.12,53.38,0.0,37677.1,90.63,3976,1412,10,913,150,1743,320,5,320,0,0.0,0.0,9.42,51.02,0.0,0,143,3173,0,0,286,0,1.01
fair,batched-par k=4 suspects,,"{""batch_k"": 4, ""queue_suspects"": true}",batched-par,3,100,1000,10,True,1000,79.2701,12.6151,12.1041,429.999,636.119,425.72,4.95,2.21,87.29,5.54,392.43,175.52,6919.81,439.25,67.85,0.0,43076.1,90.57,4537,1616,10,997,184,2121,362,4,362,0,0.0,0.0,10.66,74.59,0.0,0,169,3679,0,0,317,0,1.18
fair,batched-par k=4 suspects,,"{""batch_k"": 4, ""queue_suspects"": true}",batched-par,4,100,1000,10,True,1000,72.3824,13.8155,14.1107,401.066,522.909,383.172,6.03,2.66,85.57,5.74,436.73,192.75,6193.45,415.31,6.76,0.0,39015.5,89.84,4132,1417,10,965,163,1901,346,1,346,0,0.0,0.0,9.13,58.39,0.0,0,139,3316,0,0,308,0,1.24
fair,batched-par k=4 suspects,,"{""batch_k"": 4, ""queue_suspects"": true}",batched-par,6,100,1000,10,True,1000,73.4715,13.6107,13.1537,406.689,540.435,392.137,5.79,2.7,86.26,5.26,425.13,198.16,6337.45,386.41,34.25,0.0,40104.9,90.98,4243,1492,10,1003,174,1905,358,2,358,0,0.0,0.0,9.46,61.0,0.0,0,147,3411,0,0,322,0,1.12
fair,batched-par k=4 suspects,,"{""batch_k"": 4, ""queue_suspects"": true}",batched-par,7,100,1000,10,True,1000,61.0907,16.3691,16.0789,336.626,515.508,320.124,6.97,2.9,84.43,5.7,425.68,177.35,5158.05,347.99,15.64,0.0,32461.9,88.56,3413,1142,10,952,210,1482,313,3,313,0,0.0,0.0,8.52,50.8,0.0,0,116,2635,0,0,280,0,1.04
fair,batched-par k=4 suspects,,"{""batch_k"": 4, ""queue_suspects"": true}",batched-par,5,100,1000,10,True,1000,74.8298,13.3637,13.4319,411.544,645.681,403.356,5.76,2.53,87.3,4.4,431.22,189.65,6532.95,329.15,51.11,0.0,41096.7,91.53,4368,1634,10,972,136,1856,349,4,349,0,0.0,0.0,10.74,74.16,0.0,0,160,3535,0,0,306,0,1.54
fair,batched-par k=4 suspects,,"{""batch_k"": 4, ""queue_suspects"": true}",batched-par,8,100,1000,10,True,1000,71.1262,14.0595,13.97,392.735,631.235,369.616,5.79,2.69,83.92,7.6,411.47,191.61,5968.65,540.88,30.44,0.0,37900.3,88.81,4012,1349,10,1062,163,1774,329,4,329,0,0.0,0.0,10.5,74.02,0.0,0,158,3182,0,0,281,0,1.13
fair,batched-par k=4 suspects,,"{""batch_k"": 4, ""queue_suspects"": true}",batched-par,9,100,1000,10,True,1000,67.6132,14.79,14.4351,388.883,498.127,357.061,6.41,2.53,85.49,5.57,433.66,170.94,5780.07,376.65,43.13,0.0,36571.7,90.15,3856,1340,10,816,129,1674,329,1,329,0,0.0,0.0,9.44,54.37,0.0,0,130,3069,0,0,287,0,1.24
place,batched+place soft,default point,"{""placement_fallback"": ""least-overlap""}",batched+place,4,100,1000,10,True,1000,187.2507,5.3404,5.3509,1081.893,1267.072,1031.591,2.33,0.97,90.84,5.85,436.73,182.55,17010.63,1095.16,191.35,0.0,103549.9,92.17,10699,4148,10,883,166,4805,349,5,349,988,0.0,0.0,20.37,158.62,0.0,0,715,9165,0,0,0,0,1.42
place,batched+place soft,default point,"{""placement_fallback"": ""least-overlap""}",batched+place,1,100,1000,10,True,1000,179.3037,5.5771,5.3573,1049.838,1383.389,1005.89,2.34,0.9,92.6,4.16,420.41,161.98,16602.84,745.13,15.19,0.0,100073.7,93.02,10319,4063,10,810,166,4578,335,4,335,987,0.0,0.0,18.79,115.21,0.0,0,680,8850,0,0,0,0,2.24
place,batched+place soft,default point,"{""placement_fallback"": ""least-overlap""}",batched+place,0,100,1000,10,True,1000,174.5224,5.7299,5.7934,959.225,1302.578,956.364,2.39,1.0,90.33,6.28,417.26,174.08,15765.32,1095.58,86.2,0.0,96261.7,91.93,9924,3901,10,914,173,4398,325,4,325,990,0.0,0.0,19.2,134.17,0.0,0,664,8491,0,0,0,0,2.48
place,batched+place soft,default point,"{""placement_fallback"": ""least-overlap""}",batched+place,3,100,1000,10,True,1000,185.0135,5.405,5.4697,1047.691,1328.451,1015.529,2.12,0.91,90.57,6.4,392.43,169.02,16756.46,1183.43,89.17,0.0,102525.5,92.36,10580,4090,10,937,204,4873,348,1,348,986,0.0,0.0,19.23,123.22,0.0,0,705,9068,0,0,0,0,2.11
place,batched+place soft,default point,"{""placement_fallback"": ""least-overlap""}",batched+place,2,100,1000,10,True,1000,175.1456,5.7095,5.4605,1034.118,1316.982,957.112,2.48,0.94,90.14,6.44,434.8,165.0,15786.86,1127.9,276.3,0.0,95920.7,91.28,9874,3695,10,825,137,4419,325,4,325,987,0.0,0.0,18.75,105.15,0.0,0,660,8433,0,0,0,0,2.59
place,batched+place soft,default point,"{""placement_fallback"": ""least-overlap""}",batched+place,5,100,1000,10,True,1000,176.8068,5.6559,5.5682,972.294,1506.344,989.748,2.44,0.99,92.31,4.26,431.22,174.16,16321.65,753.66,34.65,0.0,98406.1,92.76,10182,4093,10,905,129,4431,335,1,335,984,0.0,0.0,20.48,104.8,0.0,0,677,8728,0,0,0,0,1.83
place,batched+place hard,default point,"{""placement_fallback"": ""wait""}",batched+place,1,100,1000,10,True,1000,113.2849,8.8273,8.93,52.119,217.337,74.555,3.71,0.44,10.53,85.32,420.41,50.0,1192.59,9665.49,9281.15,0.0,28674.1,42.19,3293,1399,10,84,18,914,215,6,215,0,0.0,0.0,14.38,96.99,0.0,0,330,2189,0,0,0,0,0.92
place,batched+place hard,default point,"{""placement_fallback"": ""wait""}",batched+place,0,100,1000,10,True,1000,109.332,9.1465,9.5577,56.695,170.154,68.376,3.82,0.46,9.97,85.76,417.26,49.75,1089.85,9376.34,8902.03,0.0,27071.6,41.27,3145,1372,10,84,20,825,211,4,211,0,0.0,0.0,15.29,97.91,0.0,0,322,2079,0,0,0,0,1.02
place,batched+place soft,default point,"{""placement_fallback"": ""least-overlap""}",batched+place,7,100,1000,10,True,1000,165.0435,6.059,5.9565,966.089,1397.029,908.44,2.58,0.99,90.74,5.68,425.68,164.11,14976.57,938.0,102.66,0.0,92021.8,92.93,9516,3663,10,856,192,4131,307,5,307,986,0.0,0.0,19.22,118.86,0.0,0,628,8143,0,0,0,0,1.6
place,batched+place soft,default point,"{""placement_fallback"": ""least-overlap""}",batched+place,9,100,1000,10,True,1000,188.8843,5.2942,5.0647,1033.781,1731.212,1066.288,2.3,0.88,93.2,3.62,433.66,166.92,17604.55,683.3,121.72,0.0,105309.1,92.92,10900,4310,10,792,146,4882,357,2,357,984,0.0,0.0,20.57,113.31,0.0,0,721,9366,0,0,0,0,1.5
place,batched+place hard,default point,"{""placement_fallback"": ""wait""}",batched+place,3,100,1000,10,True,1000,120.2426,8.3165,8.93,66.857,197.324,79.792,3.26,0.43,10.63,85.68,392.43,51.6,1278.27,10301.95,9656.13,0.0,29697.1,41.16,3458,1558,10,92,25,953,230,4,230,0,0.0,0.0,15.95,95.33,0.0,0,374,2358,0,0,0,0,0.29
place,batched+place soft,default point,"{""placement_fallback"": ""least-overlap""}",batched+place,6,100,1000,10,True,1000,200.7344,4.9817,4.9832,1131.908,1503.966,1111.564,2.12,0.93,91.36,5.59,425.13,187.44,18338.62,1122.25,56.3,0.0,111414.0,92.51,11502,4612,10,910,188,5343,374,6,374,983,0.0,0.0,20.2,120.13,0.0,0,770,9885,0,0,0,0,2.22
place,batched+place soft,default point,"{""placement_fallback"": ""least-overlap""}",batched+place,8,100,1000,10,True,1000,177.0083,5.6495,5.6493,971.59,1501.453,978.986,2.32,0.98,91.2,5.5,411.47,173.87,16142.56,972.93,58.02,0.0,97886.5,92.17,10102,3992,10,940,134,4364,330,6,330,988,0.0,0.0,21.18,152.84,0.0,0,674,8656,0,0,0,0,1.85
place,batched+place hard,default point,"{""placement_fallback"": ""wait""}",batched+place,2,100,1000,10,True,1000,107.7937,9.277,8.8837,40.586,195.548,64.261,4.03,0.44,9.49,86.03,434.8,47.74,1023.28,9273.55,9045.49,0.0,25898.1,40.04,2990,1269,10,81,17,796,215,5,215,0,0.0,0.0,15.75,94.72,0.0,0,289,1897,0,0,0,0,0.61
place,batched+place hard,default point,"{""placement_fallback"": ""wait""}",batched+place,9,100,1000,10,True,1000,108.8833,9.1841,9.2135,57.253,161.801,66.795,3.98,0.45,9.77,85.79,433.66,49.16,1064.09,9341.42,8980.88,0.0,26662.0,40.81,3109,1356,10,74,20,821,208,6,208,0,0.0,0.0,14.22,88.56,0.0,0,315,2045,0,0,0,0,0.26
place,batched+place hard,default point,"{""placement_fallback"": ""wait""}",batched+place,4,100,1000,10,True,1000,122.1105,8.1893,8.1025,62.925,219.72,82.324,3.58,0.45,10.79,85.19,436.73,54.85,1317.21,10402.25,10019.93,0.0,30839.6,42.09,3568,1558,10,86,18,1014,230,4,230,0,0.0,0.0,18.12,93.42,0.0,0,371,2461,0,0,0,0,1.06
place,batched+place hard,default point,"{""placement_fallback"": ""wait""}",batched+place,6,100,1000,10,True,1000,133.1149,7.5123,7.9536,74.506,190.892,82.998,3.19,0.44,9.95,86.41,425.13,58.84,1324.45,11503.07,10890.08,0.0,31868.5,39.9,3673,1641,10,84,17,1053,246,8,246,0,0.0,0.0,19.63,165.37,0.0,0,416,2495,0,0,0,0,1.06
qsem,batched-aimd,,"{""q_sem"": 0.0}",batched-aimd,1,100,1000,10,True,1000,67.4187,14.8327,14.8824,369.938,506.698,358.915,6.24,2.0,86.72,5.04,420.41,135.14,5846.78,339.55,23.82,0.0,37277.6,92.15,3988,1397,10,828,158,921,173,4,173,0,0.0,0.0,9.98,50.64,0.0,0,193,3019,0,0,0,0,0.21
place,batched+place hard,default point,"{""placement_fallback"": ""wait""}",batched+place,5,100,1000,10,True,1000,108.8752,9.1848,9.1188,45.161,183.92,63.646,3.96,0.51,9.24,86.3,431.22,55.19,1005.58,9395.52,8877.74,0.0,25560.8,39.13,2951,1216,9,104,11,832,211,4,211,0,0.0,0.0,15.44,97.73,0.0,0,301,1858,0,0,0,0,1.24
qsem,batched-aimd,,"{""q_sem"": 0.0}",batched-aimd,0,100,1000,10,True,1000,75.2621,13.2869,13.7771,420.604,522.686,398.251,5.54,1.97,86.23,6.26,417.26,148.01,6489.52,471.42,28.95,0.0,41230.0,91.3,4390,1597,10,911,165,1017,179,15,179,0,0.0,0.0,10.91,73.91,0.0,0,211,3328,0,0,0,0,0.71
qsem,batched-aimd,,"{""q_sem"": 0.0}",batched-aimd,2,100,1000,10,True,1000,72.0874,13.872,13.0411,404.394,571.811,383.202,6.03,2.08,86.51,5.37,434.8,150.26,6236.45,387.24,50.09,0.0,40072.3,92.65,4252,1506,10,899,153,1005,166,11,166,0,0.0,0.0,12.43,53.94,0.0,0,211,3264,0,0,0,0,0.25
qsem,batched-aimd,,"{""q_sem"": 0.0}",batched-aimd,3,100,1000,10,True,1000,80.3274,12.4491,12.4448,432.066,557.153,430.561,4.89,1.82,87.51,5.78,392.43,146.54,7029.48,464.29,36.85,0.0,44425.8,92.18,4707,1727,10,943,186,1063,192,7,192,0,0.0,0.0,12.62,67.85,0.0,0,232,3610,0,0,0,0,0.26
place,batched+place hard,default point,"{""placement_fallback"": ""wait""}",batched+place,7,100,1000,10,True,1000,103.9992,9.6155,10.324,47.385,153.309,61.579,4.09,0.51,9.36,86.04,425.68,53.16,973.16,8947.93,8553.54,0.0,24636.7,39.48,2879,1266,10,94,23,710,199,6,199,0,0.0,0.0,15.88,121.06,0.0,0,283,1862,0,0,0,0,1.35
qsem,batched-aimd,,"{""q_sem"": 0.0}",batched-aimd,6,100,1000,10,True,1000,82.5697,12.111,11.7671,467.678,593.491,449.931,5.15,2.08,88.74,4.03,425.13,171.59,7327.26,332.99,22.89,0.0,45883.8,92.62,4836,1681,10,982,171,1177,207,9,207,0,0.0,0.0,12.27,65.76,0.0,0,228,3709,0,0,0,0,0.26
place,batched+place hard,default point,"{""placement_fallback"": ""wait""}",batched+place,8,100,1000,10,True,1000,113.7196,8.7936,8.9722,52.213,202.166,71.073,3.62,0.47,9.95,85.97,411.47,53.07,1131.48,9775.94,9549.56,0.0,27671.5,40.56,3206,1409,10,83,13,862,225,9,225,0,0.0,0.0,18.7,118.39,0.0,0,322,2110,0,0,0,0,1.43
qsem,batched-aimd,,"{""q_sem"": 0.0}",batched-aimd,7,100,1000,10,True,1000,66.157,15.1156,15.9477,350.52,474.587,336.283,6.43,2.2,82.52,8.85,425.68,145.52,5459.19,585.31,24.05,0.0,35950.6,90.57,3812,1320,10,880,184,842,154,8,154,0,0.0,0.0,12.05,64.99,0.0,0,195,2890,0,0,0,0,0.32
qsem,batched-aimd,,"{""q_sem"": 0.0}",batched-aimd,4,100,1000,10,True,1000,76.9007,13.0038,13.4698,414.531,546.733,407.665,5.68,2.07,86.29,5.97,436.73,158.95,6635.46,458.92,10.92,0.0,41979.8,90.98,4440,1471,10,897,149,1093,191,13,191,0,0.0,0.0,11.48,69.98,0.0,0,205,3382,0,0,0,0,0.58
qsem,batched-aimd,,"{""q_sem"": 0.0}",batched-aimd,5,100,1000,10,True,1000,71.7631,13.9347,13.6085,397.394,546.951,389.328,6.01,2.15,88.27,3.57,431.22,154.53,6334.27,256.28,41.72,0.0,39534.0,91.82,4200,1462,10,935,134,971,174,7,174,0,0.0,0.0,12.38,54.91,0.0,0,202,3208,0,0,0,0,0.87
qsem,batched-aimd,,"{""q_sem"": 0.0}",batched-aimd,8,100,1000,10,True,1000,77.8112,12.8516,13.4578,418.506,574.033,411.909,5.29,2.06,86.17,6.48,411.47,160.35,6704.79,504.5,10.64,0.0,42465.1,90.96,4485,1435,10,994,155,1089,184,17,184,0,0.0,0.0,12.54,86.24,0.0,0,212,3432,0,0,0,0,0.87
qsem,batched-aimd,,"{""q_sem"": 0.0}",batched-aimd,9,100,1000,10,True,1000,73.703,13.568,13.1259,422.104,519.31,394.29,5.88,1.89,87.28,4.95,433.66,138.94,6432.56,365.15,93.12,0.0,40559.0,91.72,4316,1530,10,774,130,986,182,6,182,0,0.0,0.0,11.5,73.6,0.0,0,209,3288,0,0,0,0,0.79
qsem,batched-aimd,,"{""q_sem"": 0.05}",batched-aimd,0,100,1000,10,True,1000,141.9234,7.0461,6.97,825.217,902.022,783.689,2.94,1.46,90.58,5.03,417.26,206.77,12854.72,713.6,49.09,0.0,78824.8,92.57,8328,2812,10,767,149,3067,623,11,623,0,0.0,0.0,10.61,53.25,0.0,0,156,6592,0,0,0,0,0.71
qsem,batched-aimd,,"{""q_sem"": 0.05}",batched-aimd,1,100,1000,10,True,1000,134.6577,7.4262,7.2862,779.953,908.068,741.898,3.12,1.46,90.37,5.05,420.41,195.97,12169.0,680.39,13.71,0.0,74896.1,92.7,7938,2745,10,724,149,2811,584,14,584,0,0.0,0.0,10.39,59.04,0.0,0,151,6261,0,0,0,0,0.71
qsem,batched-aimd,,"{""q_sem"": 0.05}",batched-aimd,2,100,1000,10,True,1000,139.5019,7.1684,6.9943,812.578,941.117,772.445,3.12,1.52,90.77,4.6,434.8,211.83,12662.25,641.3,26.71,0.0,77808.6,92.96,8262,2840,10,755,133,2907,615,17,615,0,0.0,0.0,10.75,76.27,0.0,0,148,6549,0,0,0,0,0.92
qsem,batched-aimd,,"{""q_sem"": 0.05}",batched-aimd,3,100,1000,10,True,1000,141.6999,7.0572,7.0849,817.31,908.915,778.783,2.77,1.45,90.16,5.63,392.43,204.76,12774.95,797.84,127.91,0.0,78786.1,92.67,8381,2830,10,818,164,3073,629,20,629,0,0.0,0.0,10.47,55.8,0.0,0,141,6644,0,0,0,0,0.72
qsem,batched-aimd,,"{""q_sem"": 0.05}",batched-aimd,7,100,1000,10,True,1000,137.025,7.2979,7.3334,782.42,879.0,745.479,3.11,1.47,89.21,6.22,425.68,201.26,12223.39,852.18,18.26,0.0,75426.3,91.74,7985,2690,10,742,172,2829,579,27,579,0,0.0,0.0,10.52,78.86,0.0,0,149,6293,0,0,0,0,0.56
qsem,batched-aimd,,"{""q_sem"": 0.05}",batched-aimd,4,100,1000,10,True,1000,144.4099,6.9247,6.9961,830.887,926.921,792.626,3.02,1.52,89.96,5.5,436.73,220.0,12990.44,793.82,34.19,0.0,80178.9,92.54,8481,2845,10,760,146,3154,646,22,646,0,0.0,0.0,10.64,63.74,0.0,0,136,6737,0,0,0,0,0.88
qsem,batched-aimd,,"{""q_sem"": 0.05}",batched-aimd,6,100,1000,10,True,1000,135.4542,7.3826,7.0914,789.947,886.592,744.722,3.14,1.62,90.02,5.23,425.13,218.8,12193.23,708.26,51.59,0.0,75462.3,92.85,8007,2736,10,829,162,2838,596,18,596,0,0.0,0.0,10.15,63.02,0.0,0,143,6318,0,0,0,0,0.88
qsem,batched-aimd,,"{""q_sem"": 0.05}",batched-aimd,5,100,1000,10,True,1000,146.5973,6.8214,6.8311,842.215,972.569,805.778,2.94,1.49,90.12,5.45,431.22,218.46,13211.17,798.88,30.49,0.0,81114.3,92.22,8591,2938,10,779,115,3059,655,18,655,0,0.0,0.0,10.62,52.76,0.0,0,148,6833,0,0,0,0,0.99
qsem,batched-aimd,,"{""q_sem"": 0.1}",batched-aimd,0,100,1000,10,True,1000,169.3106,5.9063,5.8815,980.759,1090.255,933.994,2.46,1.41,90.53,5.59,417.26,239.43,15327.13,947.23,52.18,0.0,93934.4,92.47,9904,3420,10,717,144,4170,835,18,835,0,0.0,0.0,10.32,56.22,0.0,0,94,7988,0,0,0,0,0.4
qsem,batched-aimd,,"{""q_sem"": 0.05}",batched-aimd,8,100,1000,10,True,1000,140.0063,7.1425,7.0165,807.724,970.609,771.156,2.94,1.52,90.28,5.26,411.47,212.77,12639.83,736.57,8.17,0.0,77394.5,92.13,8174,2729,10,824,142,2923,606,24,606,0,0.0,0.0,10.93,70.26,0.0,0,150,6477,0,0,0,0,0.8
qsem,batched-aimd,,"{""q_sem"": 0.05}",batched-aimd,9,100,1000,10,True,1000,139.44,7.1715,6.9466,812.875,924.418,766.125,3.11,1.46,90.11,5.32,433.66,203.77,12564.97,741.6,78.96,0.0,76955.3,91.98,8118,2677,10,685,113,2907,605,19,605,0,0.0,0.0,10.54,61.23,0.0,0,149,6423,0,0,0,0,0.71
qsem,batched-aimd,,"{""q_sem"": 0.1}",batched-aimd,2,100,1000,10,True,1000,164.0021,6.0975,6.0611,943.774,1098.872,903.898,2.65,1.41,90.45,5.49,434.8,231.36,14833.61,900.44,50.19,0.0,91415.0,92.9,9615,3224,10,691,131,3967,794,22,794,0,0.0,0.0,10.46,67.08,0.0,0,101,7733,0,0,0,0,0.7
qsem,batched-aimd,,"{""q_sem"": 0.1}",batched-aimd,1,100,1000,10,True,1000,165.7153,6.0344,5.9038,967.275,1100.004,919.947,2.54,1.34,91.19,4.94,420.41,221.68,15110.78,818.67,16.01,0.0,92266.1,92.8,9719,3357,10,682,134,3922,803,22,803,0,0.0,0.0,10.33,71.06,0.0,0,100,7816,0,0,0,0,0.77
qsem,batched-aimd,,"{""q_sem"": 0.1}",batched-aimd,4,100,1000,10,True,1000,168.8467,5.9225,5.9072,976.462,1100.507,932.518,2.59,1.47,90.58,5.37,436.73,247.55,15294.4,905.99,14.03,0.0,94081.5,92.87,9915,3406,10,727,143,4202,822,18,822,0,0.0,0.0,10.27,51.98,0.0,0,107,7993,0,0,0,0,0.78
qsem,batched-aimd,,"{""q_sem"": 0.1}",batched-aimd,3,100,1000,10,True,1000,164.1892,6.0905,6.0596,955.542,1058.796,912.327,2.39,1.37,91.24,5.0,392.43,225.59,14979.86,821.03,85.65,0.0,91293.1,92.67,9599,3237,10,777,149,3907,790,18,790,0,0.0,0.0,10.75,62.9,0.0,0,109,7706,0,0,0,0,0.9
qsem,batched-aimd,,"{""q_sem"": 0.1}",batched-aimd,6,100,1000,10,True,1000,156.9819,6.3702,6.1754,923.635,1010.65,864.737,2.71,1.53,90.28,5.48,425.13,239.51,14172.78,860.77,22.49,0.0,87404.3,92.8,9280,3270,10,784,153,3642,739,22,739,0,0.0,0.0,10.54,60.5,0.0,0,120,7444,0,0,0,0,0.7
qsem,batched-aimd,,"{""q_sem"": 0.1}",batched-aimd,5,100,1000,10,True,1000,173.3381,5.7691,5.7006,997.314,1159.726,959.706,2.49,1.4,90.87,5.24,431.22,243.41,15751.69,907.49,50.05,0.0,96270.4,92.57,10163,3511,10,741,114,4251,835,20,835,0,0.0,0.0,11.21,66.77,0.0,0,117,8223,0,0,0,0,0.93
qsem,batched-aimd,,"{""q_sem"": 0.1}",batched-aimd,7,100,1000,10,True,1000,159.7565,6.2595,6.2369,919.549,1075.784,876.526,2.66,1.42,90.02,5.89,425.68,226.74,14382.02,941.21,20.98,0.0,87635.6,91.43,9228,2990,10,687,167,3838,760,19,760,0,0.0,0.0,10.51,104.69,0.0,0,102,7389,0,0,0,0,0.52
qsem,batched-aimd,,"{""q_sem"": 0.1}",batched-aimd,9,100,1000,10,True,1000,162.5605,6.1516,6.2483,925.638,1080.896,889.236,2.67,1.44,89.73,6.16,433.66,233.63,14586.96,1001.8,73.18,0.0,90181.7,92.46,9495,3212,10,661,112,3851,782,15,782,0,0.0,0.0,10.26,53.15,0.0,0,110,7616,0,0,0,0,0.48
qsem,batched-aimd,,"{""q_sem"": 0.1}",batched-aimd,8,100,1000,10,True,1000,165.8115,6.0309,5.9653,957.627,1089.813,919.574,2.48,1.46,90.97,5.09,411.47,241.98,15084.26,843.45,19.97,0.0,92022.8,92.5,9711,3351,10,796,136,3973,794,14,794,0,0.0,0.0,10.95,56.33,0.0,0,120,7813,0,0,0,0,0.94
qsem,batched-aimd,,"{""q_sem"": 0.2}",batched-aimd,1,100,1000,10,True,1000,191.6808,5.217,5.1186,1138.351,1228.728,1067.477,2.19,1.33,91.49,4.99,420.41,255.1,17536.19,956.38,16.47,0.0,107151.5,93.17,11207,3861,10,647,134,5197,998,14,998,0,0.0,0.0,10.92,74.97,0.0,0,65,9135,0,0,0,0,0.83
qsem,batched-aimd,,"{""q_sem"": 0.2}",batched-aimd,0,100,1000,10,True,1000,196.8272,5.0806,5.0213,1155.792,1260.806,1094.292,2.12,1.38,91.28,5.22,417.26,271.35,17966.86,1027.25,47.4,0.0,109672.7,92.87,11488,3975,10,706,141,5465,1024,18,1024,0,0.0,0.0,10.8,52.97,0.0,0,60,9393,0,0,0,0,0.97
qsem,batched-aimd,,"{""q_sem"": 0.2}",batched-aimd,3,100,1000,10,True,1000,195.2846,5.1207,5.0881,1140.854,1285.419,1089.091,2.01,1.31,91.64,5.04,392.43,255.5,17896.01,984.51,90.01,0.0,108933.9,92.97,11423,3982,10,747,146,5266,997,22,997,0,0.0,0.0,10.89,52.57,0.0,0,78,9334,0,0,0,0,0.86
qsem,batched-aimd,,"{""q_sem"": 0.2}",batched-aimd,2,100,1000,10,True,1000,194.1321,5.1511,5.1477,1127.029,1265.237,1079.139,2.24,1.38,91.26,5.11,434.8,268.57,17717.08,992.76,48.93,0.0,108140.5,92.84,11315,3859,10,672,126,5295,991,22,991,0,0.0,0.0,10.96,66.52,0.0,0,74,9243,0,0,0,0,1.12
qsem,batched-aimd,,"{""q_sem"": 0.2}",batched-aimd,4,100,1000,10,True,1000,199.1018,5.0226,5.0203,1143.49,1323.144,1101.769,2.19,1.47,90.76,5.58,436.73,293.18,18069.64,1110.64,15.55,0.0,111157.3,93.05,11654,4011,10,704,136,5477,1032,22,1032,0,0.0,0.0,10.85,58.03,0.0,0,66,9539,0,0,0,0,0.89
qsem,batched-aimd,,"{""q_sem"": 0.2}",batched-aimd,6,100,1000,10,True,1000,188.6258,5.3015,5.264,1096.925,1201.236,1042.442,2.25,1.51,90.6,5.64,425.13,284.8,17089.23,1063.43,28.97,0.0,104665.1,92.48,10989,3752,10,766,148,5011,962,24,962,0,0.0,0.0,10.78,70.56,0.0,0,69,8945,0,0,0,0,0.54
qsem,batched-aimd,,"{""q_sem"": 0.2}",batched-aimd,7,100,1000,10,True,1000,185.9647,5.3774,5.3238,1084.719,1194.399,1031.975,2.29,1.37,91.12,5.22,425.68,254.31,16945.28,971.2,28.65,0.0,103093.7,92.4,10796,3684,10,654,162,4995,948,12,948,0,0.0,0.0,10.44,71.76,0.0,0,76,8777,0,0,0,0,0.56
qsem,batched-aimd,,"{""q_sem"": 0.2}",batched-aimd,5,100,1000,10,True,1000,197.0883,5.0739,5.0378,1145.22,1297.137,1095.962,2.19,1.42,91.26,5.13,431.22,280.15,17985.87,1011.58,41.98,0.0,109741.8,92.8,11466,3923,10,713,111,5355,1018,22,1018,0,0.0,0.0,11.01,64.5,0.0,0,68,9370,0,0,0,0,0.86
qsem,batched-aimd,,"{""q_sem"": 0.2}",batched-aimd,8,100,1000,10,True,1000,189.1295,5.2874,5.139,1111.691,1250.712,1059.338,2.18,1.41,91.94,4.47,411.47,267.48,17388.16,845.84,19.57,0.0,105092.5,92.61,11044,3798,10,771,128,5096,974,15,974,0,0.0,0.0,10.86,73.39,0.0,0,71,8996,0,0,0,0,0.48
qsem,batched-aimd,,"{""q_sem"": 0.2}",batched-aimd,9,100,1000,10,True,1000,193.9776,5.1552,5.0975,1134.28,1267.872,1074.824,2.24,1.42,90.93,5.41,433.66,274.69,17639.04,1050.36,110.86,0.0,107432.6,92.31,11249,3759,10,651,114,5231,992,19,992,0,0.0,0.0,11.12,62.72,0.0,0,73,9175,0,0,0,0,0.77
regime,batched k=4,p_self=0.05,"{""p_self"": 0.05}",batched,0,100,1000,10,True,1000,94.9059,10.5368,10.2278,509.829,757.981,505.718,4.4,1.6,87.21,6.79,417.26,151.98,8276.65,644.69,58.27,0.0,52036.9,91.38,5445,2117,10,934,172,1961,176,3,176,0,0.0,0.0,14.6,82.01,0.0,0,358,4543,0,0,0,0,0.87
regime,batched k=4,p_self=0.05,"{""p_self"": 0.05}",batched,2,100,1000,10,True,1000,106.8557,9.3584,8.8706,630.389,836.529,584.165,4.07,1.36,89.75,4.82,434.8,145.5,9590.58,514.68,183.27,0.0,59602.6,92.96,6178,2270,10,847,156,2342,196,2,196,0,0.0,0.0,14.87,79.42,0.0,0,405,5198,0,0,0,0,0.91
regime,batched k=4,p_self=0.05,"{""p_self"": 0.05}",batched,4,100,1000,10,True,1000,106.1586,9.4199,9.2472,604.457,818.828,576.155,4.11,1.49,88.97,5.43,436.73,157.77,9444.81,576.55,18.54,0.0,59124.0,92.82,6158,2269,10,904,167,2389,195,2,195,0,0.0,0.0,14.08,83.27,0.0,0,404,5168,0,0,0,0,0.87
regime,batched k=4,p_self=0.05,"{""p_self"": 0.05}",batched,1,100,1000,10,True,1000,111.689,8.9534,8.4669,654.698,844.466,611.463,3.76,1.26,89.98,4.99,420.41,140.85,10050.2,557.44,16.6,0.0,61587.3,91.9,6404,2387,10,834,172,2473,208,0,208,0,0.0,0.0,14.77,82.92,0.0,0,424,5382,0,0,0,0,1.07
regime,batched k=4,p_self=0.05,"{""p_self"": 0.05}",batched,3,100,1000,10,True,1000,106.8291,9.3607,9.1741,595.564,830.594,582.383,3.67,1.37,89.49,5.47,392.43,146.23,9560.16,584.09,99.96,0.0,59031.3,92.1,6113,2314,10,958,184,2328,195,2,195,0,0.0,0.0,13.85,77.02,0.0,0,404,5121,0,0,0,0,1.19
regime,batched k=4,p_self=0.05,"{""p_self"": 0.05}",batched,9,100,1000,10,True,1000,95.9768,10.4192,10.2422,555.938,665.418,525.606,4.52,1.42,89.86,4.21,433.66,135.92,8624.18,403.91,129.25,0.0,53471.7,92.86,5530,2053,10,770,125,1904,179,0,179,0,0.0,0.0,14.18,87.64,0.0,0,361,4625,0,0,0,0,0.54
regime,batched k=4,p_self=0.05,"{""p_self"": 0.05}",batched,7,100,1000,10,True,1000,98.5548,10.1466,10.0842,529.58,770.475,524.692,4.32,1.44,87.29,6.95,425.68,141.74,8603.14,684.93,60.32,0.0,54386.5,91.97,5657,2139,10,867,188,2063,183,3,183,0,0.0,0.0,14.74,72.5,0.0,0,373,4729,0,0,0,0,0.78
regime,batched k=4,p_self=0.05,"{""p_self"": 0.05}",batched,8,100,1000,10,True,1000,103.323,9.6784,9.5562,591.216,855.518,559.011,3.98,1.53,88.65,5.85,411.47,157.69,9159.17,603.98,46.09,0.0,57124.7,92.15,5950,2204,10,996,149,2270,188,5,188,0,0.0,0.0,14.34,79.87,0.0,0,391,4988,0,0,0,0,0.79
regime,batched k=4,p_self=0.05,"{""p_self"": 0.05}",batched,5,100,1000,10,True,1000,107.5589,9.2972,9.3524,612.097,919.832,590.793,4.01,1.44,90.1,4.45,431.22,155.27,9691.28,478.12,32.13,0.0,59646.0,92.42,6175,2265,10,930,128,2377,197,3,197,0,0.0,0.0,15.56,137.06,0.0,0,403,5182,0,0,0,0,1.53
regime,batched k=4,p_self=0.05,"{""p_self"": 0.05}",batched,6,100,1000,10,True,1000,111.7801,8.9461,8.9984,621.192,772.588,596.801,3.8,1.48,87.51,7.21,425.13,164.89,9781.8,806.19,50.95,0.0,61041.8,91.01,6331,2317,10,954,171,2428,205,2,205,0,0.0,0.0,14.23,81.36,0.0,0,422,5307,0,0,0,0,1.7
regime,batched k=4,p_self=0.30,"{""p_self"": 0.3}",batched,1,100,1000,10,True,1000,316.7631,3.1569,3.0096,1847.506,2476.387,1802.251,1.33,0.65,94.18,3.85,420.41,204.6,29832.92,1218.38,48.96,0.0,177010.4,93.13,18282,7566,10,844,187,9119,603,4,603,0,0.0,0.0,28.18,161.58,0.0,0,1218,15908,0,0,0,0,1.17
regime,batched k=4,p_self=0.30,"{""p_self"": 0.3}",batched,2,100,1000,10,True,1000,277.5677,3.6027,3.4241,1629.269,2332.806,1556.83,1.57,0.75,92.73,4.95,434.8,207.5,25739.67,1374.79,180.63,0.0,154970.5,93.05,16007,6703,10,863,152,7717,525,6,525,0,0.0,0.0,25.76,193.58,0.0,0,1070,13889,0,0,0,0,1.34
regime,batched k=4,p_self=0.30,"{""p_self"": 0.3}",batched,4,100,1000,10,True,1000,300.2117,3.331,3.4551,1703.92,2259.08,1662.732,1.45,0.74,91.57,6.24,436.73,222.0,27490.2,1872.25,23.67,0.0,167114.4,92.78,17230,6954,10,932,166,8646,568,5,568,0,0.0,0.0,26.89,166.05,0.0,0,1153,14963,0,0,0,0,1.29
regime,batched k=4,p_self=0.30,"{""p_self"": 0.3}",batched,0,100,1000,10,True,1000,301.4963,3.3168,3.3635,1812.788,2157.779,1679.406,1.38,0.72,92.12,5.78,417.26,216.93,27773.18,1742.26,123.48,0.0,167173.4,92.41,17253,7124,10,931,172,8485,573,4,573,0,0.0,0.0,29.23,167.63,0.0,0,1153,15010,0,0,0,0,2.68
regime,batched k=4,p_self=0.30,"{""p_self"": 0.3}",batched,3,100,1000,10,True,1000,299.203,3.3422,3.2665,1673.961,2308.651,1695.943,1.31,0.67,93.8,4.22,392.43,200.11,28065.6,1262.15,188.01,0.0,167527.3,93.32,17250,7002,10,965,188,8681,568,3,568,0,0.0,0.0,26.23,152.03,0.0,0,1147,14995,0,0,0,0,2.74
regime,batched k=4,p_self=0.30,"{""p_self"": 0.3}",batched,7,100,1000,10,True,1000,297.4058,3.3624,3.3874,1741.568,2088.89,1651.616,1.43,0.67,91.88,6.01,425.68,200.07,27326.86,1787.98,204.25,0.0,164927.2,92.43,16965,6767,10,866,194,8614,564,3,564,0,0.0,0.0,26.1,153.31,0.0,0,1138,14734,0,0,0,0,1.59
regime,batched k=4,p_self=0.30,"{""p_self"": 0.3}",batched,5,100,1000,10,True,1000,316.2034,3.1625,3.1618,1876.967,2335.588,1766.825,1.36,0.71,92.42,5.51,431.22,223.98,29223.1,1742.04,93.94,0.0,175877.6,92.7,18168,7617,10,944,136,9015,602,5,602,0,0.0,0.0,29.41,244.01,0.0,0,1215,15810,0,0,0,0,2.3
regime,batched k=4,p_self=0.30,"{""p_self"": 0.3}",batched,6,100,1000,10,True,1000,314.4561,3.1801,3.1032,1869.867,2203.216,1755.158,1.35,0.74,92.28,5.62,425.13,234.25,29018.38,1767.85,19.64,0.0,174613.8,92.55,18013,7384,10,985,180,8954,592,9,592,0,0.0,0.0,27.62,215.42,0.0,0,1206,15658,0,0,0,0,2.37
regime,batched k=4,p_self=0.30,"{""p_self"": 0.3}",batched,8,100,1000,10,True,1000,297.1023,3.3658,3.3029,1744.118,2216.187,1669.128,1.38,0.75,92.88,4.98,411.47,222.62,27596.18,1479.96,53.85,0.0,165612.7,92.9,17111,7016,10,1022,161,8546,563,7,563,0,0.0,0.0,27.2,153.21,0.0,0,1138,14865,0,0,0,0,2.43
regime,batched k=4,p_self=0.30,"{""p_self"": 0.3}",batched,9,100,1000,10,True,1000,314.4658,3.18,2.9758,1864.749,2383.385,1787.847,1.38,0.66,94.1,3.87,433.66,207.3,29590.15,1215.47,157.2,0.0,176101.8,93.33,18135,7394,10,790,137,9063,590,10,590,0,0.0,0.0,28.2,183.64,0.0,0,1206,15774,0,0,0,0,1.92
regime,batched k=4,aidev-upper,"{""p_file"": 0.417, ""p_per_file"": 0.35}",batched,1,100,1000,10,True,1000,140.2584,7.1297,7.0049,784.653,1152.817,769.069,3.0,3.91,87.48,5.62,420.41,547.96,12269.86,787.61,72.27,0.0,76469.3,90.87,7937,3164,10,3970,119,3112,262,3,262,0,0.0,0.0,20.79,159.64,0.0,0,532,6749,0,0,0,0,1.47
regime,batched k=4,aidev-upper,"{""p_file"": 0.417, ""p_per_file"": 0.35}",batched,0,100,1000,10,True,1000,127.4852,7.8441,8.0839,706.158,1040.303,699.147,3.27,4.68,86.72,5.32,417.26,596.35,11056.09,678.81,107.56,0.0,69451.4,90.8,7227,2858,10,4269,105,2766,240,3,240,0,0.0,0.0,17.7,103.04,0.0,0,486,6110,0,0,0,0,1.68
regime,batched k=4,aidev-upper,"{""p_file"": 0.417, ""p_per_file"": 0.35}",batched,2,100,1000,10,True,1000,125.9777,7.9379,7.5114,703.644,1054.99,687.303,3.45,4.54,86.39,5.62,434.8,571.64,10883.4,707.92,265.94,0.0,68007.0,89.97,7087,2801,10,4078,107,2677,232,2,232,0,0.0,0.0,18.27,117.0,0.0,0,480,5968,0,0,0,0,1.56
regime,batched k=4,aidev-upper,"{""p_file"": 0.417, ""p_per_file"": 0.35}",batched,3,100,1000,10,True,1000,137.638,7.2654,7.0966,758.906,1055.531,759.284,2.85,4.31,87.63,5.21,392.43,593.65,12061.09,716.62,176.45,0.0,74304.2,89.98,7695,2913,10,4519,129,3097,257,3,257,0,0.0,0.0,18.99,120.65,0.0,0,519,6527,0,0,0,0,1.79
regime,batched k=4,aidev-upper,"{""p_file"": 0.417, ""p_per_file"": 0.35}",batched,4,100,1000,10,True,1000,145.7276,6.8621,6.8196,811.673,1141.412,798.108,3.0,4.53,86.74,5.72,436.73,660.75,12641.05,834.23,29.21,0.0,78967.1,90.31,8236,3221,10,4455,104,3393,272,2,272,0,0.0,0.0,18.34,159.45,0.0,0,552,6997,0,0,0,0,1.35
regime,batched k=4,aidev-upper,"{""p_file"": 0.417, ""p_per_file"": 0.35}",batched,5,100,1000,10,True,1000,140.1584,7.1348,7.1184,826.502,1154.673,792.282,3.08,4.3,89.91,2.71,431.22,602.64,12602.06,379.92,73.75,0.0,77477.8,92.13,8035,3118,10,4291,96,3133,259,4,259,0,0.0,0.0,19.26,123.31,0.0,0,527,6828,0,0,0,0,1.35
regime,batched k=4,aidev-upper,"{""p_file"": 0.417, ""p_per_file"": 0.35}",batched,8,100,1000,10,True,1000,126.056,7.933,8.153,687.12,1080.088,684.013,3.26,4.93,85.51,6.3,411.47,621.1,10779.12,793.91,27.24,0.0,67906.2,89.78,7044,2732,10,4594,85,2743,237,1,237,0,0.0,0.0,17.73,119.29,0.0,0,475,5943,0,0,0,0,1.05
regime,batched k=4,aidev-upper,"{""p_file"": 0.417, ""p_per_file"": 0.35}",batched,7,100,1000,10,True,1000,115.2562,8.6763,8.938,625.995,903.858,608.98,3.69,5.01,83.05,8.24,425.68,577.55,9572.12,950.28,61.39,0.0,61335.7,88.69,6390,2532,10,4165,120,2258,214,1,214,0,0.0,0.0,17.69,105.46,0.0,0,433,5370,0,0,0,0,1.16
regime,batched k=4,aidev-upper,"{""p_file"": 0.417, ""p_per_file"": 0.35}",batched,6,100,1000,10,True,1000,148.965,6.713,6.4509,843.4,1120.091,825.949,2.85,4.4,88.01,4.74,425.13,654.88,13110.93,705.56,27.35,0.0,81089.1,90.72,8446,3442,10,4571,112,3342,277,4,277,0,0.0,0.0,19.36,125.19,0.0,0,564,7183,0,0,0,0,1.43
regime,batched k=4,aidev-upper,"{""p_file"": 0.417, ""p_per_file"": 0.35}",batched,9,100,1000,10,True,1000,131.3975,7.6105,7.1314,768.86,1032.989,729.876,3.3,4.1,88.48,4.12,433.66,539.06,11625.53,541.5,120.23,0.0,72026.8,91.36,7439,2803,10,3679,86,2901,246,1,246,0,0.0,0.0,16.8,99.58,0.0,0,496,6296,0,0,0,0,1.05
regime,batched k=4,T=30min,"{""test_minutes"": 30.0}",batched,3,100,1000,10,True,1000,546.6301,1.8294,1.8185,3152.453,3890.692,3075.674,0.72,0.3,93.47,5.51,392.43,165.19,51096.04,3009.35,331.42,0.0,303237.2,92.46,10557,4070,10,957,186,4915,344,5,344,0,0.0,0.0,56.19,311.79,0.0,0,702,9054,0,0,0,0,0.84
regime,batched k=4,T=30min,"{""test_minutes"": 30.0}",batched,5,100,1000,10,True,1000,538.7653,1.8561,1.7905,3190.754,4563.487,3099.435,0.8,0.33,95.55,3.32,431.22,178.17,51479.08,1788.05,88.93,0.0,301401.9,93.24,10518,4050,10,931,133,4648,342,2,342,0,0.0,0.0,65.32,573.31,0.0,0,693,9031,0,0,0,0,0.56
regime,batched k=4,T=30min,"{""test_minutes"": 30.0}",batched,2,100,1000,10,True,1000,481.0928,2.0786,1.9594,2900.47,3884.803,2716.107,0.9,0.34,93.76,5.0,434.8,161.27,45107.19,2406.02,221.33,0.0,267507.7,92.67,9380,3716,10,855,153,4082,305,2,305,0,0.0,0.0,55.93,320.15,0.0,0,622,8010,0,0,0,0,1.25
regime,batched k=4,T=30min,"{""test_minutes"": 30.0}",batched,0,100,1000,10,True,1000,511.7464,1.9541,1.9664,3110.591,3708.041,2895.888,0.82,0.34,93.98,4.87,417.26,173.29,48091.51,2492.57,215.55,0.0,283825.3,92.44,9922,3708,10,933,180,4488,322,6,322,0,0.0,0.0,57.71,327.7,0.0,0,656,8506,0,0,0,0,1.47
regime,batched k=4,T=30min,"{""test_minutes"": 30.0}",batched,1,100,1000,10,True,1000,543.0315,1.8415,1.7518,3171.004,4316.231,3079.691,0.77,0.3,94.22,4.7,420.41,164.46,51163.73,2554.56,107.32,0.0,301639.9,92.58,10552,4158,10,840,179,4802,342,5,342,0,0.0,0.0,56.92,355.98,0.0,0,702,9051,0,0,0,0,1.69
regime,batched k=4,T=30min,"{""test_minutes"": 30.0}",batched,7,100,1000,10,True,1000,481.5152,2.0768,2.0764,2844.297,3569.239,2678.712,0.88,0.34,92.38,6.4,425.68,162.8,44482.4,3080.65,470.43,0.0,266225.7,92.15,9314,3634,10,862,196,4012,303,6,303,0,0.0,0.0,53.43,363.14,0.0,0,621,7953,0,0,0,0,0.46
main,serial,,{},serial,1,100,1000,10,True,1000,221.5799,4.513,4.4621,1306.432,1421.019,1238.718,1.9,0.52,92.65,4.93,420.41,115.7,20529.61,1092.28,20.55,0.0,13293.1,10.0,1300,0,1,509,102,300,281,19,281,0,0.0,0.0,8.18,49.82,0.0,0,0,0,0,0,0,0,0.09
main,serial,,{},serial,2,100,1000,10,True,1000,219.4335,4.5572,4.4843,1295.459,1406.338,1224.64,1.98,0.51,92.51,5.0,434.8,110.95,20299.72,1097.88,41.31,0.0,13164.1,10.0,1282,0,1,518,106,282,260,22,260,0,0.0,0.0,8.03,46.83,0.0,0,0,0,0,0,0,0,0.09
regime,batched k=4,T=30min,"{""test_minutes"": 30.0}",batched,8,100,1000,10,True,1000,514.7162,1.9428,1.902,3062.11,4127.94,2884.266,0.8,0.35,93.04,5.81,411.47,179.77,47891.33,2989.04,74.33,0.0,284313.5,92.06,9956,3974,10,1001,162,4319,323,8,323,0,0.0,0.0,62.69,385.15,0.0,0,665,8526,0,0,0,0,0.55
main,serial,,{},serial,3,100,1000,10,True,1000,220.1468,4.5424,4.5409,1279.582,1382.961,1227.178,1.78,0.51,92.4,5.31,392.43,112.25,20340.72,1169.28,99.19,0.0,13198.9,9.99,1289,0,1,564,114,289,274,15,274,0,0.0,0.0,7.95,41.05,0.0,0,0,0,0,0,0,0,0.1
main,serial,,{},serial,4,100,1000,10,True,1000,225.9187,4.4264,4.4199,1319.827,1420.664,1256.991,1.93,0.54,92.19,5.34,436.73,122.48,20827.37,1205.29,15.53,0.0,13551.8,10.0,1322,0,1,515,114,322,302,20,302,0,0.0,0.0,8.52,53.7,0.0,0,0,0,0,0,0,0,0.1
regime,batched k=4,T=30min,"{""test_minutes"": 30.0}",batched,9,100,1000,10,True,1000,497.4413,2.0103,1.9041,2984.743,3737.46,2834.183,0.87,0.33,94.63,4.17,433.66,163.31,47073.07,2074.09,231.45,0.0,277652.7,93.03,9721,3837,10,779,135,4158,319,1,319,0,0.0,0.0,53.64,340.47,0.0,0,640,8313,0,0,0,0,0.6
main,serial,,{},serial,0,100,1000,10,True,1000,218.3936,4.5789,4.6112,1276.506,1354.197,1212.05,1.91,0.53,91.97,5.59,417.26,114.99,20085.85,1221.27,48.28,0.0,13063.8,9.97,1280,0,1,535,120,280,266,14,266,0,0.0,0.0,8.1,52.85,0.0,0,0,0,0,0,0,0,0.36
main,serial,,{},serial,8,100,1000,10,True,1000,220.9448,4.526,4.5386,1282.96,1421.178,1230.658,1.86,0.53,92.3,5.3,411.47,116.95,20394.02,1172.04,14.03,0.0,13249.6,9.99,1290,0,1,543,103,290,272,18,272,0,0.0,0.0,8.19,53.95,0.0,0,0,0,0,0,0,0,0.13
regime,batched k=4,T=30min,"{""test_minutes"": 30.0}",batched,4,100,1000,10,True,1000,525.2019,1.904,1.8919,3122.632,3886.44,2946.725,0.83,0.35,93.16,5.66,436.73,182.49,48929.59,2971.37,30.64,0.0,292304.7,92.76,10199,3924,10,909,167,4567,335,0,335,0,0.0,0.0,56.5,396.38,0.0,0,675,8738,0,0,0,0,1.94
regime,batched k=4,T=30min,"{""test_minutes"": 30.0}",batched,6,100,1000,10,True,1000,546.0097,1.8315,1.7421,3256.068,4010.96,3114.246,0.78,0.34,94.72,4.16,425.13,186.61,51717.49,2271.74,51.16,0.0,305745.4,93.33,10707,4379,10,979,173,4570,349,3,349,0,0.0,0.0,58.76,397.77,0.0,0,707,9197,0,0,0,0,1.47
main,serial,,{},serial,6,100,1000,10,True,1000,226.7859,4.4094,4.3352,1333.468,1454.626,1270.416,1.87,0.59,92.77,4.76,425.13,133.62,21039.97,1079.87,29.79,0.0,13603.1,10.0,1327,0,1,558,120,327,304,23,304,0,0.0,0.0,8.48,51.47,0.0,0,0,0,0,0,0,0,0.43
main,serial,,{},serial,5,100,1000,10,True,1000,220.7458,4.5301,4.5056,1290.051,1430.817,1235.019,1.95,0.54,92.71,4.8,431.22,119.26,20464.39,1059.71,40.75,0.0,13242.2,10.0,1291,0,1,540,86,291,268,23,268,0,0.0,0.0,8.11,70.16,0.0,0,0,0,0,0,0,0,0.51
main,serial,,{},serial,7,100,1000,10,True,1000,214.4071,4.664,4.6612,1263.136,1371.447,1191.639,1.99,0.5,92.13,5.38,425.68,107.44,19753.2,1154.39,24.5,0.0,12860.4,10.0,1255,0,1,500,131,255,239,16,239,0,0.0,0.0,7.99,61.09,0.0,0,0,0,0,0,0,0,0.55
main,beanstalk,,{},beanstalk,0,100,1000,10,True,1000,17.1821,58.2001,89.3758,185.783,404.128,228.923,24.28,8.95,0.45,66.32,417.26,153.71,7.73,1139.51,5.0,1107.89,7857.6,76.22,784,0,10,639,76,372,293,8,293,933,153.37,39.17,159.5,421.99,793.4,22,0,0,110,396,194,388,0.3
main,serial,,{},serial,9,100,1000,10,True,1000,223.4626,4.475,4.4216,1298.961,1458.76,1246.566,1.94,0.53,92.44,5.09,433.66,119.46,20656.64,1136.5,83.1,0.0,13393.1,9.99,1301,0,1,501,89,301,271,30,271,0,0.0,0.0,8.08,44.84,0.0,0,0,0,0,0,0,0,0.5
main,beanstalk,,{},beanstalk,2,100,1000,10,True,1000,16.2423,61.5677,81.2604,336.497,573.566,326.57,26.77,8.56,0.44,64.23,434.8,139.03,7.1,1043.3,1.61,1019.95,7493.1,76.89,748,0,10,531,76,414,280,8,280,936,118.96,36.69,238.88,578.95,759.0,23,0,0,91,313,198,435,0.38
main,beanstalk,,{},beanstalk,3,100,1000,10,True,1000,18.2611,54.7611,,561.438,989.618,561.466,21.49,8.13,0.43,69.96,392.43,148.39,7.83,1277.46,6.62,1171.99,7800.7,71.2,775,0,10,615,91,419,320,1,320,911,113.13,36.29,453.49,994.51,817.7,32,0,0,101,352,220,423,0.7
main,beanstalk,,{},beanstalk,1,100,1000,10,True,1000,19.4256,51.4785,68.4788,249.624,520.518,260.637,21.64,7.74,0.37,70.24,420.41,150.43,7.25,1364.48,4.06,1197.29,7189.2,61.68,715,0,10,552,71,472,273,8,273,912,138.21,34.03,176.58,523.45,875.8,20,0,0,82,227,199,488,0.82
main,beanstalk,,{},beanstalk,6,100,1000,10,True,1000,21.4531,46.6134,60.0283,311.927,790.928,388.342,19.82,7.7,0.37,72.12,425.13,165.09,7.83,1547.25,2.79,1474.99,8479.6,65.88,847,0,10,613,89,410,350,7,350,908,185.19,38.69,286.62,792.83,982.8,24,0,0,116,420,241,427,0.73
main,beanstalk,,{},beanstalk,4,100,1000,10,True,1000,17.3003,57.8026,54.8325,236.144,619.289,288.526,25.24,10.03,0.45,64.28,436.73,173.52,7.79,1111.99,0.8,1095.51,7817.7,75.31,774,0,10,629,71,433,327,6,327,945,127.37,36.59,224.53,623.99,871.4,22,0,0,103,329,230,445,0.91
main,beanstalk-noplace,,{},beanstalk-noplace,0,100,1000,10,True,1000,17.1066,58.4568,75.8749,159.178,296.417,184.963,24.39,8.96,0.45,66.19,417.26,153.28,7.77,1132.36,3.72,1120.93,7304.3,71.16,728,0,10,625,69,385,298,6,298,0,145.13,36.42,117.5,314.15,763.1,25,0,0,99,330,205,398,0.21
main,beanstalk-noplace,,{},beanstalk-noplace,2,100,1000,10,True,1000,18.3123,54.6081,53.2659,211.604,432.36,225.77,23.74,7.96,0.4,67.89,434.8,145.75,7.4,1243.28,4.95,1188.14,7763.4,70.66,774,0,10,570,64,405,287,5,287,0,176.66,36.85,142.46,441.39,839.4,23,0,0,103,340,189,434,0.09
main,beanstalk,,{},beanstalk,7,100,1000,10,True,1000,16.9864,58.8706,60.4586,239.901,516.439,267.159,25.06,9.25,0.43,65.26,425.68,157.04,7.36,1108.56,12.15,989.87,7221.8,70.86,722,0,10,580,91,480,289,6,289,906,162.94,33.15,178.92,519.0,804.6,18,0,0,80,217,217,505,0.88
main,beanstalk-noplace,,{},beanstalk-noplace,1,100,1000,10,True,1000,17.7094,56.467,,566.45,1015.736,578.155,23.74,8.52,0.42,67.32,420.41,150.88,7.38,1192.27,6.12,1155.01,7612.7,71.64,760,0,10,541,75,487,321,6,321,0,138.98,34.16,490.16,1020.22,872.6,22,0,0,94,267,233,493,0.26
main,beanstalk,,{},beanstalk,5,100,1000,10,True,1000,18.0638,55.3593,,568.651,1017.391,571.294,23.87,8.64,0.41,67.08,431.22,156.05,7.41,1211.7,4.64,1153.8,7842.0,72.35,779,0,10,570,58,526,310,3,310,926,136.08,34.0,484.41,1023.5,900.3,24,0,0,85,249,228,530,1.21
main,beanstalk-noplace,,{},beanstalk-noplace,3,100,1000,10,True,1000,18.9038,52.8993,140.9484,241.158,537.452,280.991,20.76,7.9,0.41,70.93,392.43,149.37,7.7,1340.88,16.24,1097.38,7629.6,67.27,755,0,10,628,91,433,307,5,307,0,147.07,34.98,199.06,557.41,838.6,23,0,0,103,313,210,442,0.1
main,beanstalk-noplace,,{},beanstalk-noplace,4,100,1000,10,True,1000,17.1117,58.4396,124.4032,298.889,524.839,291.707,25.52,9.06,0.44,64.98,436.73,154.96,7.61,1111.86,5.59,1029.39,7552.4,73.56,749,0,10,606,72,429,307,8,307,0,120.82,35.01,209.34,528.92,821.7,20,0,0,96,306,219,443,0.1
main,beanstalk,,{},beanstalk,8,100,1000,10,True,1000,17.3299,57.7037,151.7183,319.068,704.106,386.691,23.74,9.21,0.45,66.6,411.47,159.57,7.77,1154.18,0.79,1111.64,7336.4,70.56,727,0,10,632,63,477,299,6,299,927,154.0,32.74,287.83,707.84,855.3,19,0,0,88,242,217,485,0.67
main,beanstalk-noplace,,{},beanstalk-noplace,8,100,1000,10,True,1000,17.7457,56.3517,154.3077,313.76,736.025,390.303,23.19,8.3,0.43,68.09,411.47,147.25,7.58,1208.27,2.68,1144.47,7785.5,73.12,773,0,10,600,67,419,295,6,295,0,166.35,36.94,301.3,741.12,879.2,24,0,0,107,345,194,428,0.09
main,beanstalk-noplace,,{},beanstalk-noplace,7,100,1000,10,True,1000,16.5732,60.3382,73.4282,254.416,450.197,245.504,25.68,9.1,0.45,64.77,425.68,150.75,7.5,1073.4,3.67,1051.32,7162.7,72.03,714,0,10,593,88,440,275,3,275,0,157.72,34.55,166.76,454.52,771.1,18,0,0,83,256,195,458,0.1
main,beanstalk-noplace,,{},beanstalk-noplace,5,100,1000,10,True,1000,17.5505,56.9785,80.4259,270.969,586.851,297.562,24.57,8.89,0.43,66.11,431.22,156.03,7.47,1160.33,3.89,1142.79,7528.8,71.5,749,0,10,606,61,493,291,4,291,0,113.22,33.26,235.33,591.79,873.8,20,0,0,82,238,213,511,0.28
main,beanstalk-noplace,,{},beanstalk-noplace,9,100,1000,10,True,1000,18.8328,53.0989,67.0226,344.897,706.339,370.371,23.03,8.12,0.39,68.47,433.66,152.83,7.4,1289.39,2.4,1260.33,7425.5,65.71,739,0,10,550,67,428,304,8,304,0,173.88,35.2,280.56,715.28,858.8,22,0,0,90,303,222,436,0.16
main,beanstalk-noplace,,{},beanstalk-noplace,6,100,1000,10,True,1000,17.9452,55.7252,57.6093,233.431,533.358,268.731,23.69,9.42,0.44,66.45,425.13,169.05,7.93,1192.41,4.48,1153.69,7997.6,74.28,794,0,10,634,96,418,348,6,348,0,139.81,35.85,189.46,537.33,888.4,24,0,0,109,360,245,434,0.37
main,beanstalk,,{},beanstalk,9,100,1000,10,True,1000,16.9303,59.0657,63.339,344.863,748.282,407.027,25.61,8.61,0.42,65.36,433.66,145.72,7.06,1106.59,3.54,1092.38,7412.0,72.97,741,0,10,497,68,471,307,4,307,919,113.23,33.72,312.21,753.15,799.9,21,0,0,90,266,221,475,0.9
queue,batched k=1,,"{""batch_k"": 1}",batched,4,100,1000,10,True,1000,64.74,15.4464,15.6258,341.84,464.708,337.17,6.75,2.2,84.6,6.45,436.73,142.46,5477.04,417.78,7.78,0.0,35480.6,91.34,3916,1141,10,607,120,766,312,19,312,0,0.0,0.0,7.65,52.01,0.0,0,0,2585,0,0,0,0,0.16
queue,batched k=1,,"{""batch_k"": 1}",batched,5,100,1000,10,True,1000,64.213,15.5732,15.5598,353.485,474.702,341.791,6.72,2.15,86.56,4.57,431.22,138.08,5558.43,293.56,36.82,0.0,35203.3,91.37,3851,1078,10,635,96,744,309,20,309,0,0.0,0.0,7.67,44.24,0.0,0,0,2522,0,0,0,0,0.19
queue,batched k=1,,"{""batch_k"": 1}",batched,2,100,1000,10,True,1000,57.8768,17.2781,16.8109,314.79,411.068,302.916,7.51,2.17,85.06,5.26,434.8,125.32,4923.28,304.28,19.15,0.0,31785.0,91.53,3543,1017,10,606,118,624,277,17,277,0,0.0,0.0,6.84,38.98,0.0,0,0,2249,0,0,0,0,0.34
queue,batched k=1,,"{""batch_k"": 1}",batched,1,100,1000,10,True,1000,63.4832,15.7522,14.984,354.06,468.245,340.07,6.62,2.09,87.19,4.1,420.41,132.51,5535.31,260.09,9.0,0.0,34612.3,90.87,3833,1076,10,590,114,735,307,25,307,0,0.0,0.0,7.17,44.04,0.0,0,0,2501,0,0,0,0,0.47
queue,batched k=1,,"{""batch_k"": 1}",batched,3,100,1000,10,True,1000,62.5468,15.988,15.7223,341.468,433.201,331.127,6.27,2.1,86.13,5.49,392.43,131.4,5387.39,343.46,66.25,0.0,34124.3,90.93,3752,1065,10,656,124,703,304,16,304,0,0.0,0.0,7.18,61.53,0.0,0,0,2432,0,0,0,0,0.36
queue,batched k=1,,"{""batch_k"": 1}",batched,0,100,1000,10,True,1000,59.9731,16.6741,17.1345,323.155,410.217,313.18,6.96,2.2,84.84,6.01,417.26,131.69,5087.97,360.39,24.79,0.0,32444.0,90.16,3587,991,10,626,126,681,281,21,281,0,0.0,0.0,6.7,39.09,0.0,0,0,2285,0,0,0,0,0.57
queue,batched k=1,,"{""batch_k"": 1}",batched,7,100,1000,10,True,1000,57.5293,17.3825,17.3987,314.758,388.86,298.173,7.4,2.23,84.16,6.22,425.68,128.14,4841.41,357.69,34.51,0.0,31539.2,91.37,3510,975,10,602,147,635,275,20,275,0,0.0,0.0,6.62,39.15,0.0,0,0,2215,0,0,0,0,0.15
queue,batched k=1,,"{""batch_k"": 1}",batched,9,100,1000,10,True,1000,61.4,16.2866,16.5544,326.712,422.655,314.149,7.06,2.17,83.1,7.66,433.66,133.21,5102.61,470.52,49.52,0.0,33156.8,90.0,3684,1087,10,580,93,664,288,24,288,0,0.0,0.0,6.99,38.06,0.0,0,0,2372,0,0,0,0,0.14
queue,batched-par k=1,,"{""batch_k"": 1}",batched-par,0,100,1000,10,True,1000,45.0891,22.1783,23.1483,231.605,334.039,226.66,9.25,3.2,80.58,6.96,417.26,144.28,3633.38,313.99,26.89,0.0,24965.0,92.28,2982,1002,10,673,132,560,297,30,297,0,0.0,0.0,4.86,40.27,0.0,0,0,1655,0,0,0,0,0.16
queue,batched-par k=1,,"{""batch_k"": 1}",batched-par,3,100,1000,10,True,1000,45.0257,22.2096,22.2048,228.676,318.077,227.137,8.72,3.04,81.03,7.21,392.43,137.03,3648.58,324.52,37.94,0.0,25031.0,92.65,2930,959,10,700,139,539,311,23,311,0,0.0,0.0,5.09,32.27,0.0,0,0,1596,0,0,0,0,0.16
queue,batched-par k=1,,"{""batch_k"": 1}",batched-par,4,100,1000,10,True,1000,44.2719,22.5877,22.966,217.649,324.07,218.688,9.86,3.56,78.76,7.81,436.73,157.73,3487.06,345.67,14.37,0.0,24470.4,92.12,2954,1016,10,668,123,529,322,22,322,0,0.0,0.0,5.02,34.32,0.0,0,0,1610,0,0,0,0,0.16
queue,batched k=1,,"{""batch_k"": 1}",batched,8,100,1000,10,True,1000,62.5088,15.9978,15.8959,353.592,441.464,329.105,6.58,2.2,85.55,5.67,411.47,137.57,5347.51,354.33,24.59,0.0,34123.6,90.98,3778,1098,10,645,109,673,298,23,298,0,0.0,0.0,7.18,46.1,0.0,0,0,2457,0,0,0,0,0.52
queue,batched-par k=1,,"{""batch_k"": 1}",batched-par,5,100,1000,10,True,1000,44.7858,22.3285,22.4607,236.298,300.892,228.12,9.63,3.29,81.6,5.48,431.22,147.43,3654.57,245.35,11.97,0.0,24891.8,92.63,2943,929,10,685,102,521,306,15,306,0,0.0,0.0,5.45,41.77,0.0,0,0,1622,0,0,0,0,0.23
queue,batched k=1,,"{""batch_k"": 1}",batched,6,100,1000,10,True,1000,66.7843,14.9736,14.5601,369.169,479.586,357.517,6.37,2.23,86.99,4.41,425.13,148.95,5809.67,294.68,16.74,0.0,36837.4,91.93,4068,1231,10,668,120,812,330,18,330,0,0.0,0.0,7.4,39.09,0.0,0,0,2720,0,0,0,0,0.66
queue,batched-par k=1,,"{""batch_k"": 1}",batched-par,1,100,1000,10,True,1000,41.2962,24.2153,24.166,214.957,291.395,208.295,10.18,3.37,80.69,5.75,420.41,139.22,3332.36,237.64,19.03,0.0,22984.8,92.76,2751,904,10,634,132,510,308,28,308,0,0.0,0.0,4.19,32.65,0.0,0,0,1415,0,0,0,0,0.52
queue,batched-par k=1,,"{""batch_k"": 1}",batched-par,2,100,1000,10,True,1000,43.0898,23.2074,21.6152,231.93,325.866,222.806,10.09,3.1,83.08,3.73,434.8,133.71,3579.73,160.73,17.23,0.0,24204.7,93.62,2805,888,10,639,110,518,295,25,295,0,0.0,0.0,4.69,32.4,0.0,0,0,1485,0,0,0,0,0.52
queue,batched-par k=1,,"{""batch_k"": 1}",batched-par,6,100,1000,10,True,1000,48.1221,20.7805,19.9471,259.409,342.026,249.21,8.83,3.42,82.89,4.85,425.13,164.43,3989.06,233.58,6.34,0.0,27000.0,93.51,3208,1113,10,719,128,611,340,30,340,0,0.0,0.0,4.84,27.05,0.0,0,0,1838,0,0,0,0,0.47
fair,batched k=1 released,,"{""batch_k"": 1, ""queue_agents"": ""released""}",batched,1,100,1000,10,True,1000,61.5197,16.255,15.9156,1740.539,3110.405,1691.426,6.83,2.84,0.0,90.33,420.41,174.43,0.0,5557.13,0.0,0.0,33594.2,91.01,3696,1041,10,891,222,705,291,22,291,0,0.0,0.0,6.89,35.75,0.0,0,0,2383,0,0,0,0,0.25
queue,batched-par k=1,,"{""batch_k"": 1}",batched-par,7,100,1000,10,True,1000,39.0756,25.5914,26.7495,194.504,258.954,191.66,10.89,3.38,78.37,7.36,425.68,132.09,3062.25,287.54,7.44,0.0,21793.2,92.95,2586,866,10,641,142,404,266,14,266,0,0.0,0.0,4.37,21.97,0.0,0,0,1306,0,0,0,0,0.45
queue,batched-par k=1,,"{""batch_k"": 1}",batched-par,9,100,1000,10,True,1000,42.0771,23.7659,25.3457,201.427,285.098,197.408,10.31,3.4,74.79,11.5,433.66,143.04,3147.09,483.93,59.66,0.0,22286.5,88.28,2681,852,10,624,95,491,293,14,293,0,0.0,0.0,6.16,90.66,0.0,0,0,1374,0,0,0,0,0.48
fair,batched k=1 released,,"{""batch_k"": 1, ""queue_agents"": ""released""}",batched,3,100,1000,10,True,1000,62.8358,15.9145,16.0177,1704.18,3129.523,1658.116,6.25,2.75,0.0,91.0,392.43,172.99,0.0,5718.16,0.0,0.0,34114.0,90.48,3753,1071,10,983,274,727,303,18,303,0,0.0,0.0,7.2,48.66,0.0,0,0,2432,0,0,0,0,0.2
queue,batched-par k=1,,"{""batch_k"": 1}",batched-par,8,100,1000,10,True,1000,43.3307,23.0783,22.725,227.845,304.493,218.734,9.5,3.38,80.75,6.37,411.47,146.44,3499.12,276.04,7.08,0.0,24128.4,92.81,2916,1050,10,690,109,505,315,20,315,0,0.0,0.0,5.01,32.41,0.0,0,0,1581,0,0,0,0,0.76
fair,batched k=1 released,,"{""batch_k"": 1, ""queue_agents"": ""released""}",batched,5,100,1000,10,True,1000,65.773,15.2038,15.5687,1811.431,3253.783,1754.796,6.56,2.82,0.0,90.63,431.22,185.17,0.0,5960.9,0.0,0.0,36342.2,92.09,3991,1179,10,975,194,794,313,24,313,0,0.0,0.0,7.68,55.73,0.0,0,0,2654,0,0,0,0,0.29
fair,batched k=1 released,,"{""batch_k"": 1, ""queue_agents"": ""released""}",batched,0,100,1000,10,True,1000,64.2688,15.5596,15.4211,1699.647,3212.833,1659.675,6.49,2.74,0.0,90.77,417.26,176.01,0.0,5833.61,0.0,0.0,34851.2,90.38,3872,1112,10,922,187,776,319,17,319,0,0.0,0.0,7.0,32.98,0.0,0,0,2536,0,0,0,0,0.82
fair,batched k=1 released,,"{""batch_k"": 1, ""queue_agents"": ""released""}",batched,2,100,1000,10,True,1000,62.8234,15.9176,15.8871,1588.319,3089.128,1571.513,6.92,2.8,0.0,90.28,434.8,175.82,0.0,5671.71,0.0,0.0,33878.8,89.88,3763,1110,10,921,182,714,294,24,294,0,0.0,0.0,7.72,43.17,0.0,0,0,2445,0,0,0,0,0.69
fair,batched k=1 released,,"{""batch_k"": 1, ""queue_agents"": ""released""}",batched,4,100,1000,10,True,1000,62.7975,15.9242,16.3361,1631.698,3102.626,1643.611,6.95,3.01,0.0,90.03,436.73,189.33,0.0,5653.69,0.0,0.0,34382.8,91.25,3798,1081,10,984,250,711,299,24,299,0,0.0,0.0,7.21,39.55,0.0,0,0,2475,0,0,0,0,0.6
fair,batched k=1 released,,"{""batch_k"": 1, ""queue_agents"": ""released""}",batched,8,100,1000,10,True,1000,60.1342,16.6295,17.0701,1537.876,2983.342,1524.995,6.84,2.87,0.0,90.29,411.47,172.71,0.0,5429.24,0.0,0.0,33009.9,91.49,3676,1089,10,933,198,639,287,21,287,0,0.0,0.0,6.95,42.88,0.0,0,0,2368,0,0,0,0,0.19
fair,batched k=1 released,,"{""batch_k"": 1, ""queue_agents"": ""released""}",batched,6,100,1000,10,True,1000,65.2367,15.3288,15.019,1710.61,3307.394,1712.718,6.52,2.81,0.0,90.67,425.13,183.39,0.0,5915.15,0.0,0.0,35715.1,91.25,3942,1158,10,927,253,743,322,18,322,0,0.0,0.0,7.39,51.29,0.0,0,0,2602,0,0,0,0,0.67
fair,batched k=1 released,,"{""batch_k"": 1, ""queue_agents"": ""released""}",batched,7,100,1000,10,True,1000,58.9583,16.9611,16.5321,1497.377,2918.313,1501.299,7.22,2.98,0.0,89.8,425.68,175.72,0.0,5294.43,0.0,0.0,32403.5,91.6,3645,1068,10,915,251,637,277,22,277,0,0.0,0.0,6.93,41.06,0.0,0,0,2346,0,0,0,0,0.66
fair,batched k=1 released,,"{""batch_k"": 1, ""queue_agents"": ""released""}",batched,9,100,1000,10,True,1000,61.9873,16.1323,15.806,1632.294,3116.377,1627.131,7.0,2.83,0.0,90.17,433.66,175.37,0.0,5589.7,0.0,0.0,33598.6,90.34,3688,1040,10,874,221,733,292,22,292,0,0.0,0.0,7.32,43.56,0.0,0,0,2374,0,0,0,0,0.74
fair,beanstalk quarantine,,"{""green_mode"": ""quarantine""}",beanstalk,1,100,1000,10,True,1000,19.2116,52.0518,49.653,135.429,244.539,140.992,21.88,7.54,0.37,70.21,420.41,144.76,7.14,1348.86,3.1,1341.56,8947.8,77.62,888,0,10,513,65,387,305,6,305,931,174.08,60.41,22.95,98.61,1006.5,30,0,0,98,418,216,470,0.85
fair,beanstalk quarantine,,"{""green_mode"": ""quarantine""}",beanstalk,3,100,1000,10,True,1000,20.6278,48.4783,54.3769,135.033,215.437,130.318,19.02,6.34,0.36,74.28,392.43,130.7,7.37,1532.27,12.04,1328.99,8833.2,71.37,877,0,10,544,90,342,297,7,297,916,198.04,47.81,17.87,98.31,972.4,25,0,0,99,438,207,439,0.72
fair,beanstalk quarantine,,"{""green_mode"": ""quarantine""}",beanstalk,0,100,1000,10,True,1000,19.081,52.4081,58.0667,178.045,302.871,179.058,21.87,8.0,0.4,69.73,417.26,152.63,7.64,1330.57,7.77,1295.43,8771.7,76.62,870,0,10,592,73,333,307,4,307,919,222.18,85.2,21.02,109.5,953.6,41,0,0,107,389,208,481,1.18
fair,beanstalk quarantine,,"{""green_mode"": ""quarantine""}",beanstalk,2,100,1000,10,True,1000,20.7707,48.1447,49.7872,167.009,273.572,161.531,20.93,6.93,0.36,71.78,434.8,143.95,7.5,1490.82,2.89,1471.35,9573.3,76.82,958,0,10,567,75,317,299,10,299,919,237.87,62.55,21.87,77.75,1047.4,37,0,0,105,555,207,402,1.22
fair,beanstalk quarantine,,"{""green_mode"": ""quarantine""}",beanstalk,4,100,1000,10,True,1000,21.5129,46.4838,51.892,141.325,280.844,158.211,20.3,7.11,0.34,72.25,436.73,153.0,7.33,1554.23,11.82,1368.72,9483.3,73.47,936,0,10,556,77,390,311,9,311,911,240.72,60.86,26.58,178.95,1017.3,32,0,0,105,464,219,472,1.01
fair,beanstalk quarantine,,"{""green_mode"": ""quarantine""}",beanstalk,7,100,1000,10,True,1000,19.729,50.6868,57.2001,150.6,293.514,159.87,21.58,7.63,0.38,70.41,425.68,150.63,7.5,1389.1,6.83,1382.09,8663.0,73.18,868,0,10,570,94,383,309,6,309,914,219.53,60.11,28.05,127.42,1037.6,31,0,0,91,373,227,495,0.53
fair,beanstalk quarantine,,"{""green_mode"": ""quarantine""}",beanstalk,6,100,1000,10,True,1000,21.9121,45.6368,55.4046,156.782,277.218,160.303,19.4,7.85,0.35,72.4,425.13,172.08,7.6,1586.41,2.07,1573.1,9065.2,68.95,904,0,10,611,63,425,327,9,327,917,203.64,64.55,18.82,101.82,1143.2,34,0,0,107,375,233,529,0.65
fair,beanstalk quarantine,,"{""green_mode"": ""quarantine""}",beanstalk,5,100,1000,10,True,1000,19.9119,50.2212,53.9525,141.653,306.28,152.181,21.66,7.92,0.39,70.04,431.22,157.67,7.7,1394.6,8.87,1346.24,8879.0,74.32,883,0,10,582,82,369,351,2,351,921,211.32,71.1,15.35,78.2,1000.0,35,0,0,93,337,261,546,1.03
fair,beanstalk no-budget,,"{""budget"": false}",beanstalk,0,100,1000,10,True,1000,17.6134,56.775,,889.051,1038.937,883.315,23.69,14.18,0.57,61.55,417.26,249.82,10.12,1084.14,8.15,0.0,9632.0,91.14,959,0,10,960,112,76,354,22,354,990,670.41,165.76,528.4,1056.8,0.0,145,0,0,122,882,254,77,0.76
fair,beanstalk quarantine,,"{""green_mode"": ""quarantine""}",beanstalk,9,100,1000,10,True,1000,18.7982,53.1966,57.1579,142.176,285.03,150.572,23.07,8.07,0.38,68.48,433.66,151.66,7.23,1287.27,4.66,1261.48,8476.7,75.16,846,0,10,533,74,363,298,6,298,942,201.7,67.75,27.9,149.01,928.2,42,0,0,94,389,212,457,0.95
fair,beanstalk quarantine,,"{""green_mode"": ""quarantine""}",beanstalk,8,100,1000,10,True,1000,18.4623,54.1643,60.0,126.36,199.724,122.821,22.29,7.85,0.41,69.46,411.47,144.91,7.52,1282.34,4.07,1269.59,8626.0,77.87,857,0,10,577,59,381,295,5,295,917,154.2,55.08,17.98,81.46,912.7,27,0,0,95,387,208,470,1.1
fair,beanstalk no-budget,,"{""budget"": false}",beanstalk,1,100,1000,10,True,1000,13.8327,72.2922,,664.575,810.071,659.015,30.39,15.98,0.67,52.96,420.41,221.08,9.2,732.58,10.87,0.0,7769.8,93.62,771,0,10,812,92,66,312,13,312,987,489.67,139.34,399.17,813.84,0.0,114,0,0,96,703,229,68,0.85
fair,beanstalk no-budget,,"{""budget"": false}",beanstalk,3,100,1000,10,True,1000,18.404,54.3361,,942.369,1085.486,938.115,21.32,12.54,0.54,65.6,392.43,230.7,9.93,1207.34,3.8,0.0,9989.6,90.47,995,0,10,905,106,71,348,16,348,986,768.12,193.66,538.44,1090.38,0.0,153,0,0,118,922,246,73,0.69
fair,beanstalk no-budget,,"{""budget"": false}",beanstalk,2,100,1000,10,True,1000,17.787,56.2208,,890.575,1047.957,883.51,24.45,12.46,0.53,62.57,434.8,221.59,9.36,1112.94,11.1,0.0,10074.5,94.4,1009,0,10,827,107,55,344,19,344,988,683.2,198.37,516.51,1049.9,0.0,142,0,0,116,943,247,66,0.92
fair,beanstalk no-budget,,"{""budget"": false}",beanstalk,4,100,1000,10,True,1000,17.2167,58.083,,864.932,1010.641,854.812,25.37,13.66,0.57,60.41,436.73,235.1,9.78,1040.07,21.44,0.0,9460.3,91.58,936,0,10,917,96,61,355,17,355,987,598.14,159.6,504.36,1020.72,0.0,113,0,0,114,873,258,63,0.44
fair,beanstalk no-budget,,"{""budget"": false}",beanstalk,6,100,1000,10,True,1000,17.7004,56.4959,,890.766,1042.386,883.428,24.02,13.01,0.55,62.42,425.13,230.33,9.7,1104.88,14.65,0.0,9582.1,90.23,953,0,10,893,115,79,348,17,348,984,658.92,170.05,515.12,1045.9,0.0,117,0,0,117,870,248,83,0.38
fair,beanstalk no-budget,,"{""budget"": false}",beanstalk,7,100,1000,10,True,1000,14.3546,69.6639,,678.679,841.508,676.107,29.65,16.08,0.67,53.6,425.68,230.83,9.58,769.37,8.01,0.0,7990.5,92.77,798,0,10,881,122,94,326,14,326,987,561.74,112.02,413.77,844.1,0.0,90,0,0,100,700,240,98,0.33
fair,beanstalk no-budget,,"{""budget"": false}",beanstalk,5,100,1000,10,True,1000,16.5761,60.3279,,817.687,976.452,813.961,26.01,14.77,0.59,58.62,431.22,244.87,9.86,971.65,10.06,0.0,9414.2,94.66,934,0,10,921,99,65,358,14,358,984,752.68,155.86,485.42,982.56,0.0,136,0,0,114,867,258,67,1.12
fair,beanstalk quarantine no-budget,,"{""budget"": false, ""green_mode"": ""quarantine""}",beanstalk,0,100,1000,10,True,1000,20.6903,48.3318,71.0866,816.432,958.351,754.653,20.17,11.7,0.47,67.67,417.26,241.99,9.77,1400.01,12.05,0.0,10203.9,82.2,1014,0,10,892,103,76,350,20,350,990,856.53,213.63,168.79,607.58,0.0,159,0,0,114,902,257,112,0.79
fair,beanstalk quarantine no-budget,,"{""budget"": false, ""green_mode"": ""quarantine""}",beanstalk,1,100,1000,10,True,1000,14.3492,69.6904,132.47,386.513,568.96,384.661,29.3,15.07,0.64,54.99,420.41,216.28,9.12,789.11,0.67,0.0,6825.2,79.27,677,0,10,794,95,112,329,9,329,987,400.15,152.67,62.85,250.93,0.0,146,0,0,102,519,237,158,0.83
fair,beanstalk no-budget,,"{""budget"": false}",beanstalk,9,100,1000,10,True,1000,16.4963,60.6197,,810.564,970.414,811.035,26.29,14.2,0.58,58.93,433.66,234.32,9.51,972.14,6.51,0.0,8335.0,84.21,833,0,10,836,89,79,351,19,351,984,556.27,139.95,494.89,989.78,0.0,127,0,0,104,753,266,80,1.14
fair,beanstalk no-budget,,"{""budget"": false}",beanstalk,8,100,1000,10,True,1000,16.8348,59.4009,,836.081,990.378,831.691,24.44,14.13,0.59,60.84,411.47,237.95,9.9,1024.16,1.99,0.0,9380.8,92.87,929,0,10,942,71,78,327,16,327,988,837.47,154.33,489.27,994.11,0.0,125,0,0,115,845,229,84,1.23
fair,beanstalk quarantine no-budget,,"{""budget"": false, ""green_mode"": ""quarantine""}",beanstalk,2,100,1000,10,True,1000,17.4449,57.3235,63.7002,689.281,854.799,611.57,24.92,11.82,0.51,62.75,434.8,206.23,8.86,1094.59,3.2,0.0,9250.8,88.38,927,0,10,760,90,95,325,13,325,988,644.95,201.83,122.21,438.38,0.0,86,0,0,108,795,233,132,1.17
fair,beanstalk quarantine no-budget,,"{""budget"": false, ""green_mode"": ""quarantine""}",beanstalk,4,100,1000,10,True,1000,20.0441,49.89,65.2714,864.48,1021.934,782.879,21.79,11.68,0.48,66.06,436.73,234.05,9.6,1324.03,13.4,0.0,11019.8,91.63,1091,0,10,854,103,101,383,18,383,987,795.11,236.91,97.69,354.75,0.0,126,0,0,126,964,275,127,1.14
fair,beanstalk quarantine no-budget,,"{""budget"": false, ""green_mode"": ""quarantine""}",beanstalk,5,100,1000,10,True,1000,18.1953,54.9594,74.0157,709.257,923.693,666.327,23.7,13.31,0.53,62.46,431.22,242.15,9.63,1136.52,12.25,0.0,9766.7,89.46,969,0,10,901,89,122,348,15,348,983,696.57,218.03,124.66,424.73,0.0,155,0,0,111,814,255,155,1.09
fair,beanstalk quarantine no-budget,,"{""budget"": false, ""green_mode"": ""quarantine""}",beanstalk,3,100,1000,10,True,1000,21.246,47.0676,60.2901,952.86,1084.261,870.322,18.47,10.56,0.46,70.51,392.43,224.45,9.73,1497.98,10.4,0.0,11395.5,89.39,1134,0,10,864,121,93,379,17,379,986,889.73,287.14,95.06,302.39,0.0,133,0,0,125,1018,271,116,1.29
fair,beanstalk quarantine no-budget,,"{""budget"": false, ""green_mode"": ""quarantine""}",beanstalk,7,100,1000,10,True,1000,16.9146,59.1204,69.4389,617.876,795.546,514.481,25.17,12.85,0.55,61.44,425.68,217.32,9.32,1039.15,26.93,0.0,8523.9,83.99,854,0,10,837,134,193,313,15,313,986,526.07,172.77,115.95,454.57,0.0,114,0,0,91,628,238,225,1.03
fair,beanstalk-noplace quarantine,,"{""green_mode"": ""quarantine""}",beanstalk-noplace,0,100,1000,10,True,1000,17.4681,57.2472,61.3715,144.641,249.929,144.153,23.89,8.96,0.44,66.72,417.26,156.49,7.6,1165.46,2.96,1151.17,7751.0,73.95,766,0,10,624,79,348,281,3,281,0,178.02,74.54,18.08,72.76,886.4,42,0,0,90,270,195,496,0.12
fair,beanstalk-noplace quarantine,,"{""green_mode"": ""quarantine""}",beanstalk-noplace,2,100,1000,10,True,1000,19.5987,51.0239,52.6039,163.654,251.436,150.361,22.19,7.37,0.38,70.06,434.8,144.37,7.52,1373.17,2.37,1345.88,9142.3,77.75,913,0,10,573,73,357,293,10,293,0,202.53,62.87,18.2,97.46,997.0,43,0,0,100,472,205,441,0.1
fair,beanstalk quarantine no-budget,,"{""budget"": false, ""green_mode"": ""quarantine""}",beanstalk,6,100,1000,10,True,1000,19.9722,50.0697,50.9254,832.901,1008.568,717.813,21.29,11.47,0.47,66.77,425.13,229.08,9.43,1333.58,25.17,0.0,10721.8,89.47,1068,0,10,841,122,170,349,16,349,984,753.38,254.05,95.12,355.8,0.0,122,0,0,118,865,248,203,1.18
fair,beanstalk-noplace quarantine,,"{""green_mode"": ""quarantine""}",beanstalk-noplace,1,100,1000,10,True,1000,20.5701,48.6143,51.8582,120.002,242.845,130.286,20.44,6.93,0.34,72.29,420.41,142.46,7.05,1487.1,8.13,1357.42,8815.4,71.43,881,0,10,496,70,362,307,9,307,0,176.45,59.41,19.99,105.13,1058.5,31,0,0,100,400,227,481,0.21
fair,beanstalk-noplace quarantine,,"{""green_mode"": ""quarantine""}",beanstalk-noplace,3,100,1000,10,True,1000,19.114,52.3176,59.7281,117.768,191.683,117.049,20.53,7.3,0.39,71.77,392.43,139.61,7.46,1371.89,12.43,1252.15,8635.9,75.3,855,0,10,576,88,392,297,4,297,0,139.12,50.65,16.68,103.84,923.2,20,0,0,100,372,204,483,0.29
fair,beanstalk-noplace quarantine,,"{""green_mode"": ""quarantine""}",beanstalk-noplace,5,100,1000,10,True,1000,17.4299,57.3728,59.2773,138.63,293.215,148.128,24.74,9.89,0.46,64.91,431.22,172.46,7.94,1131.37,2.69,1115.07,7449.1,71.23,742,0,10,638,63,321,329,5,329,0,181.55,88.02,14.23,70.72,882.2,50,0,0,98,210,239,532,0.25
fair,beanstalk-noplace quarantine,,"{""green_mode"": ""quarantine""}",beanstalk-noplace,7,100,1000,10,True,1000,19.2078,52.0622,52.6464,141.634,240.2,141.416,22.16,7.6,0.39,69.85,425.68,145.99,7.42,1341.7,2.6,1330.62,9138.2,79.29,913,0,10,570,97,394,280,9,280,0,217.76,60.59,25.71,168.54,966.9,29,0,0,93,433,200,479,0.2
fair,beanstalk-noplace quarantine,,"{""green_mode"": ""quarantine""}",beanstalk-noplace,4,100,1000,10,True,1000,20.8472,47.9682,49.9768,170.076,375.169,180.145,20.95,7.83,0.36,70.86,436.73,163.3,7.55,1477.14,2.04,1457.19,9107.6,72.81,909,0,10,569,74,378,330,8,330,0,260.4,76.03,18.74,93.96,1020.1,48,0,0,111,392,228,517,0.45
fair,beanstalk-noplace quarantine,,"{""green_mode"": ""quarantine""}",beanstalk-noplace,6,100,1000,10,True,1000,21.6368,46.2176,48.6447,132.692,201.554,124.637,19.65,7.43,0.37,72.56,425.13,160.73,7.92,1569.9,4.15,1518.35,9649.6,74.33,958,0,10,631,96,401,327,10,327,0,151.06,49.98,17.05,77.74,1077.8,24,0,0,109,461,234,497,0.37
fair,beanstalk quarantine no-budget,,"{""budget"": false, ""green_mode"": ""quarantine""}",beanstalk,8,100,1000,10,True,1000,19.1805,52.1364,56.4429,757.954,918.449,684.763,21.45,12.18,0.5,65.86,411.47,233.6,9.68,1263.29,7.33,0.0,9404.5,81.72,930,0,10,899,89,136,328,18,328,988,777.37,192.16,96.21,367.46,0.0,118,0,0,101,769,245,161,1.39
fair,beanstalk quarantine no-budget,,"{""budget"": false, ""green_mode"": ""quarantine""}",beanstalk,9,100,1000,10,True,1000,18.5542,53.8963,87.2867,622.289,773.76,576.059,23.37,12.15,0.51,63.96,433.66,225.49,9.5,1186.77,3.31,0.0,8785.0,78.91,878,0,10,829,89,125,363,12,363,984,616.69,203.36,102.82,423.16,0.0,157,0,0,106,704,274,174,0.73
fair,beanstalk-noplace quarantine,,"{""green_mode"": ""quarantine""}",beanstalk-noplace,8,100,1000,10,True,1000,19.6935,50.7781,52.7978,141.401,295.284,158.149,20.89,7.3,0.37,71.43,411.47,143.77,7.34,1406.77,4.82,1396.99,9294.8,78.66,927,0,10,562,61,376,294,8,294,0,177.15,66.64,24.38,135.07,1030.5,31,0,0,102,437,203,490,0.35
fair,beanstalk-noplace quarantine,,"{""green_mode"": ""quarantine""}",beanstalk-noplace,9,100,1000,10,True,1000,23.2881,42.9404,51.3321,141.847,301.085,153.05,18.62,6.35,0.32,74.72,433.66,147.77,7.36,1740.02,18.5,1563.39,9338.8,66.84,926,0,10,555,59,390,291,9,291,0,263.17,58.32,22.82,83.2,1061.3,35,0,0,97,431,207,495,0.4
fair,beanstalk snapshot=green,,"{""snapshot"": ""green""}",beanstalk,0,100,1000,10,True,1000,20.701,48.3068,54.7073,182.21,307.878,203.469,20.16,8.51,0.44,70.89,417.26,176.21,9.15,1467.48,0.0,1405.1,8310.2,66.91,827,0,10,862,98,422,341,14,341,987,159.01,35.49,122.96,321.01,1010.9,21,0,0,115,385,240,442,0.76
fair,beanstalk snapshot=green,,"{""snapshot"": ""green""}",beanstalk,5,100,1000,10,True,1000,19.2123,52.0501,243.6862,398.175,827.58,444.343,22.45,10.38,0.5,66.67,431.22,199.37,9.67,1280.96,2.11,1214.51,8183.8,70.99,812,0,10,969,111,462,347,5,347,983,211.39,34.25,320.85,834.57,939.4,20,0,0,105,335,247,476,0.47
fair,beanstalk snapshot=green,,"{""snapshot"": ""green""}",beanstalk,4,100,1000,10,True,1000,20.1823,49.5484,,557.668,1025.894,569.374,21.64,9.24,0.45,68.67,436.73,186.48,9.15,1385.87,1.17,1191.59,8146.4,67.27,808,0,10,935,106,503,304,6,304,977,140.41,33.57,448.75,1035.57,853.7,22,0,0,97,300,213,508,0.68
fair,beanstalk snapshot=green,,"{""snapshot"": ""green""}",beanstalk,1,100,1000,10,True,1000,19.5323,51.1972,65.4001,268.806,505.782,275.035,21.52,9.35,0.45,68.68,420.41,182.67,8.74,1341.41,4.03,1270.79,7803.2,66.58,774,0,10,810,85,444,319,8,319,981,192.05,36.04,173.73,504.94,847.3,24,0,0,95,302,232,472,1.06
fair,beanstalk snapshot=green,,"{""snapshot"": ""green""}",beanstalk,3,100,1000,10,True,1000,18.5298,53.967,64.894,188.631,551.646,271.632,21.18,9.04,0.49,69.29,392.43,167.48,9.16,1283.91,0.66,1159.27,7520.5,67.64,749,0,10,893,119,415,300,4,300,978,149.8,34.59,177.83,558.33,818.0,20,0,0,89,316,215,433,1.13
fair,beanstalk snapshot=green,,"{""snapshot"": ""green""}",beanstalk,2,100,1000,10,True,1000,17.7321,56.3948,325.4717,453.837,829.109,446.536,24.52,10.93,0.53,64.02,434.8,193.74,9.39,1135.27,0.18,1097.01,7900.0,74.25,789,0,10,946,130,379,317,9,317,988,169.56,37.01,336.75,831.49,822.6,22,0,0,114,395,212,394,1.2
fair,beanstalk snapshot=green,,"{""snapshot"": ""green""}",beanstalk,6,100,1000,10,True,1000,18.5714,53.8464,138.6938,315.89,642.747,333.52,22.89,10.94,0.5,65.67,425.13,203.21,9.21,1219.58,2.56,1181.9,7654.0,68.69,762,0,10,941,154,486,325,4,325,979,143.53,33.22,240.88,646.27,857.4,22,0,0,91,261,239,500,0.53
fair,beanstalk snapshot=green,,"{""snapshot"": ""green""}",beanstalk,8,100,1000,10,True,1000,22.3274,44.7881,,733.029,1121.181,703.638,18.43,8.64,0.42,72.51,411.47,192.98,9.3,1618.98,4.62,1111.65,8585.4,64.09,849,0,10,942,91,501,327,4,327,977,139.58,35.74,479.01,1125.1,822.7,26,0,0,113,337,218,512,0.45
fair,beanstalk module placement,,"{""placement_model"": ""module""}",beanstalk,1,100,1000,10,True,1000,17.6096,56.7873,226.539,418.903,784.483,400.215,23.87,8.33,0.43,67.37,420.41,146.61,7.58,1186.36,2.12,1176.26,7258.2,68.7,723,0,10,580,85,433,292,4,292,905,150.12,34.42,315.68,789.17,825.9,18,0,0,82,284,214,439,0.15
fair,beanstalk module placement,,"{""placement_model"": ""module""}",beanstalk,3,100,1000,10,True,1000,17.6761,56.5735,,580.56,913.302,552.44,22.2,8.42,0.44,68.94,392.43,148.9,7.76,1218.52,5.19,1187.64,7382.3,69.61,734,0,10,619,73,419,300,5,300,912,190.92,34.78,400.82,914.68,817.4,21,0,0,95,309,210,425,0.16
fair,beanstalk module placement,,"{""placement_model"": ""module""}",beanstalk,4,100,1000,10,True,1000,19.843,50.3956,322.991,527.519,940.193,536.072,22.01,8.34,0.38,69.27,436.73,165.56,7.52,1374.49,5.84,1299.63,7855.4,65.98,782,0,10,610,64,476,312,5,312,913,188.63,35.21,384.78,944.46,952.8,24,0,0,100,294,217,488,0.15
fair,beanstalk module placement,,"{""placement_model"": ""module""}",beanstalk,0,100,1000,10,True,1000,18.9692,52.7169,,435.002,864.647,473.834,22.0,7.52,0.38,70.11,417.26,142.57,7.22,1329.87,35.8,1114.75,7636.6,67.1,758,0,10,513,87,432,304,5,304,908,114.86,36.05,344.59,866.76,792.1,23,0,0,95,314,215,444,0.4
fair,beanstalk module placement,,"{""placement_model"": ""module""}",beanstalk,6,100,1000,10,True,1000,21.534,46.4383,49.968,526.716,951.965,520.55,19.74,7.72,0.34,72.19,425.13,166.35,7.36,1554.56,10.47,1515.48,8561.7,66.27,852,0,10,582,89,542,317,8,317,898,135.89,37.47,399.03,959.41,1046.0,19,0,0,109,308,216,544,0.15
fair,beanstalk module placement,,"{""placement_model"": ""module""}",beanstalk,7,100,1000,10,True,1000,17.2298,58.039,55.215,469.769,857.817,464.37,24.71,9.01,0.43,65.85,425.68,155.19,7.49,1134.62,5.27,1111.97,7157.6,69.24,713,0,10,612,89,487,276,5,276,896,121.7,33.49,368.14,859.54,789.6,19,0,0,79,212,202,501,0.16
fair,beanstalk module placement,,"{""placement_model"": ""module""}",beanstalk,2,100,1000,10,True,1000,17.4517,57.3009,270.6962,290.349,639.678,318.334,24.91,8.3,0.43,66.36,434.8,144.82,7.45,1158.09,14.13,1043.79,7799.2,74.48,779,0,10,587,71,377,285,8,285,911,147.46,38.89,231.63,642.53,823.0,20,0,0,101,381,192,398,0.5
fair,beanstalk module placement,,"{""placement_model"": ""module""}",beanstalk,8,100,1000,10,True,1000,18.4883,54.0882,88.7555,376.358,530.697,358.955,22.26,8.75,0.44,68.56,411.47,161.8,8.09,1267.47,2.14,1256.43,8085.7,72.89,801,0,10,676,73,435,319,6,319,909,149.84,37.85,251.96,536.14,936.9,21,0,0,109,356,216,445,0.15
fair,beanstalk snapshot=green,,"{""snapshot"": ""green""}",beanstalk,7,100,1000,10,True,1000,18.8954,52.9229,62.6777,182.1,614.355,273.438,22.53,9.62,0.47,67.38,425.68,181.75,8.97,1273.15,3.07,1151.78,7751.1,68.37,775,0,10,888,105,444,296,5,296,985,179.18,35.14,195.43,618.9,819.2,20,0,0,99,299,204,476,1.17
fair,beanstalk module placement,,"{""placement_model"": ""module""}",beanstalk,5,100,1000,10,True,1000,19.2663,51.9042,,603.155,1042.297,622.667,22.38,8.22,0.39,69.0,431.22,158.37,7.59,1329.44,10.18,1222.32,7613.7,65.86,756,0,10,601,58,529,316,4,316,922,152.18,31.7,481.19,1050.84,882.5,19,0,0,86,223,234,533,0.7
place,beanstalk soft,predicted-best,"{""flag_clean"": 0.15, ""flag_recall"": 0.6, ""placement_fallback"": ""least-overlap""}",beanstalk,2,100,1000,10,True,1000,17.1924,58.1653,67.4935,167.372,307.808,184.571,25.29,7.72,0.42,66.57,434.8,132.69,7.27,1144.48,1.8,1094.5,7488.8,72.6,748,0,10,534,79,383,284,6,284,877,166.88,35.69,114.67,306.39,790.3,21,0,0,91,327,199,420,0.3
fair,beanstalk snapshot=green,,"{""snapshot"": ""green""}",beanstalk,9,100,1000,10,True,1000,23.4593,42.627,53.6646,330.878,710.382,363.841,18.49,7.43,0.38,73.7,433.66,174.4,8.88,1728.99,4.89,1468.8,7924.0,56.3,790,0,10,820,94,471,328,8,328,978,146.37,33.28,240.66,718.41,885.9,26,0,0,91,307,245,483,1.27
fair,beanstalk module placement,,"{""placement_model"": ""module""}",beanstalk,9,100,1000,10,True,1000,21.5504,46.4028,42.6695,703.854,1116.912,687.121,20.12,7.3,0.33,72.25,433.66,157.28,7.05,1557.05,19.41,1436.95,7964.6,61.6,792,0,10,514,61,562,317,7,317,910,114.61,33.56,499.23,1123.52,1058.8,23,0,0,86,228,239,564,0.59
place,beanstalk soft,predicted-best,"{""flag_clean"": 0.15, ""flag_recall"": 0.6, ""placement_fallback"": ""least-overlap""}",beanstalk,5,100,1000,10,True,1000,17.1037,58.4667,,523.142,956.314,519.246,25.21,9.12,0.43,65.23,431.22,156.03,7.37,1115.75,2.42,1105.04,7345.4,71.58,729,0,10,571,66,461,297,7,297,891,144.98,34.83,448.79,958.36,841.3,21,0,0,87,261,217,468,0.32
place,beanstalk soft,predicted-best,"{""flag_clean"": 0.15, ""flag_recall"": 0.6, ""placement_fallback"": ""least-overlap""}",beanstalk,0,100,1000,10,True,1000,19.1765,52.1473,130.6167,322.129,637.779,336.555,21.76,8.37,0.39,69.47,417.26,160.54,7.57,1332.28,6.5,1319.45,7559.0,65.7,748,0,10,587,76,405,316,8,316,879,132.82,36.53,252.42,657.04,860.7,27,0,0,100,338,225,410,0.87
place,beanstalk soft,predicted-best,"{""flag_clean"": 0.15, ""flag_recall"": 0.6, ""placement_fallback"": ""least-overlap""}",beanstalk,3,100,1000,10,True,1000,17.1785,58.2125,70.1335,331.645,673.015,358.914,22.84,8.52,0.44,68.19,392.43,146.41,7.62,1171.38,6.62,1129.21,7676.9,74.48,761,0,10,581,83,456,312,2,312,879,152.78,35.82,280.23,676.12,810.3,21,0,0,93,300,221,461,0.88
place,beanstalk soft,predicted-best,"{""flag_clean"": 0.15, ""flag_recall"": 0.6, ""placement_fallback"": ""least-overlap""}",beanstalk,1,100,1000,10,True,1000,17.7158,56.4467,57.7305,236.051,524.231,264.738,23.73,8.76,0.42,67.09,420.41,155.21,7.48,1188.49,0.81,1180.6,7626.0,71.74,755,0,10,546,78,402,326,9,326,885,192.59,36.8,187.72,529.83,895.6,27,0,0,101,339,234,416,1.31
place,beanstalk soft,predicted-best,"{""flag_clean"": 0.15, ""flag_recall"": 0.6, ""placement_fallback"": ""least-overlap""}",beanstalk,8,100,1000,10,True,1000,16.9578,58.9699,,632.587,999.143,611.428,24.26,9.46,0.46,65.82,411.47,160.4,7.79,1116.13,1.33,1103.96,7903.5,77.68,786,0,10,589,62,412,348,9,348,888,145.61,36.48,492.68,1001.2,817.2,21,0,0,110,370,247,416,0.58
place,beanstalk soft,predicted-best,"{""flag_clean"": 0.15, ""flag_recall"": 0.6, ""placement_fallback"": ""least-overlap""}",beanstalk,6,100,1000,10,True,1000,20.1031,49.7436,47.1713,532.335,1007.179,540.083,21.15,7.61,0.36,70.88,425.13,152.96,7.28,1424.94,11.07,1288.13,8308.0,68.88,826,0,10,540,85,477,316,8,316,865,156.37,36.64,433.73,1008.24,995.9,22,0,0,100,331,224,495,1.01
place,beanstalk soft,predicted-best,"{""flag_clean"": 0.15, ""flag_recall"": 0.6, ""placement_fallback"": ""least-overlap""}",beanstalk,4,100,1000,10,True,1000,18.3099,54.6152,81.7123,298.019,578.964,316.638,23.85,8.37,0.4,67.37,436.73,153.32,7.32,1233.62,7.18,1184.95,7730.8,70.37,769,0,10,559,80,422,309,7,309,874,137.76,36.98,235.95,582.69,850.4,24,0,0,100,338,216,431,1.24
place,beanstalk hard,predicted-best,"{""flag_clean"": 0.15, ""flag_recall"": 0.6, ""placement_fallback"": ""wait""}",beanstalk,1,100,1000,10,True,1000,31.8323,31.4146,65.4206,293.757,673.398,310.663,13.21,2.12,0.14,84.54,420.41,67.33,4.41,2691.09,1944.4,671.21,12344.3,64.63,1227,0,10,113,40,1084,242,1,242,0,139.23,26.4,245.94,725.2,564.5,7,0,0,75,93,168,1134,0.51
place,beanstalk soft,predicted-best,"{""flag_clean"": 0.15, ""flag_recall"": 0.6, ""placement_fallback"": ""least-overlap""}",beanstalk,9,100,1000,10,True,1000,17.5334,57.034,70.5312,170.016,352.375,203.249,24.73,8.34,0.42,66.5,433.66,146.31,7.32,1166.05,1.46,1153.72,7161.8,68.08,714,0,10,532,60,431,300,9,300,877,139.69,32.87,132.32,362.39,833.2,21,0,0,88,265,221,449,0.83
place,beanstalk hard,predicted-best,"{""flag_clean"": 0.15, ""flag_recall"": 0.6, ""placement_fallback"": ""wait""}",beanstalk,0,100,1000,10,True,1000,30.8009,32.4666,45.2964,211.014,444.95,218.68,13.55,2.28,0.15,84.02,417.26,70.29,4.51,2588.03,1751.58,759.39,11995.3,64.91,1188,0,10,119,38,1073,245,2,245,0,112.65,26.92,172.45,470.73,643.9,8,0,0,79,97,168,1091,0.74
place,beanstalk soft,predicted-best,"{""flag_clean"": 0.15, ""flag_recall"": 0.6, ""placement_fallback"": ""least-overlap""}",beanstalk,7,100,1000,10,True,1000,16.5151,60.5507,,510.603,928.481,532.805,25.78,8.45,0.43,65.34,425.68,139.63,7.04,1079.16,2.32,1039.7,7195.8,72.62,719,0,10,506,99,467,273,5,273,870,114.85,34.26,438.62,931.97,799.2,17,0,0,85,237,193,482,1.27
place,beanstalk hard,predicted-best,"{""flag_clean"": 0.15, ""flag_recall"": 0.6, ""placement_fallback"": ""wait""}",beanstalk,4,100,1000,10,True,1000,35.3151,28.3165,33.1958,145.519,429.105,168.586,12.37,2.15,0.13,85.36,436.73,75.88,4.52,3014.38,2191.72,727.23,12381.3,58.43,1226,0,10,149,46,1096,233,3,233,0,133.22,26.98,140.87,500.75,653.5,9,0,0,76,87,161,1139,0.26
place,beanstalk hard,predicted-best,"{""flag_clean"": 0.15, ""flag_recall"": 0.6, ""placement_fallback"": ""wait""}",beanstalk,5,100,1000,10,True,1000,32.1666,31.0882,32.6956,168.55,433.887,179.02,13.41,2.19,0.14,84.26,431.22,70.5,4.49,2710.44,1860.56,777.96,12122.0,62.81,1207,0,10,127,31,1078,234,0,234,0,137.66,26.24,156.7,472.41,624.6,8,0,0,68,76,167,1131,0.26
place,beanstalk hard,predicted-best,"{""flag_clean"": 0.15, ""flag_recall"": 0.6, ""placement_fallback"": ""wait""}",beanstalk,2,100,1000,10,True,1000,28.1859,35.4788,41.3071,182.2,555.654,234.23,15.43,1.98,0.15,82.44,434.8,55.75,4.35,2323.68,1945.41,309.65,12022.9,71.09,1193,0,10,105,41,1077,218,5,218,0,69.3,24.66,200.06,614.22,258.7,9,0,0,75,85,149,1108,0.74
place,beanstalk hard,predicted-best,"{""flag_clean"": 0.15, ""flag_recall"": 0.6, ""placement_fallback"": ""wait""}",beanstalk,8,100,1000,10,True,1000,29.8315,33.5216,32.231,195.838,401.708,202.253,13.79,2.57,0.16,83.48,411.47,76.71,4.63,2490.35,1623.98,780.07,12242.9,68.4,1218,0,10,170,33,1089,238,2,238,0,82.12,27.08,178.55,436.7,581.1,8,0,0,80,100,160,1118,0.26
place,beanstalk hard,predicted-best,"{""flag_clean"": 0.15, ""flag_recall"": 0.6, ""placement_fallback"": ""wait""}",beanstalk,9,100,1000,10,True,1000,31.0942,32.1604,39.2599,228.157,786.745,298.178,13.95,2.25,0.14,83.66,433.66,69.86,4.47,2601.43,1956.04,560.99,12233.3,65.57,1218,0,10,129,23,1110,232,3,232,0,99.71,25.65,248.51,832.69,449.1,9,0,0,68,80,167,1138,0.26
place,beanstalk soft,predicted-typical,"{""flag_clean"": 0.25, ""flag_recall"": 0.6, ""placement_fallback"": ""least-overlap""}",beanstalk,0,100,1000,10,True,1000,17.1821,58.2001,89.3758,185.783,404.128,228.923,24.28,8.95,0.45,66.32,417.26,153.71,7.73,1139.51,5.0,1107.89,7857.6,76.22,784,0,10,639,76,372,293,8,293,933,153.37,39.17,159.5,421.99,793.4,22,0,0,110,396,194,388,0.29
place,beanstalk hard,predicted-best,"{""flag_clean"": 0.15, ""flag_recall"": 0.6, ""placement_fallback"": ""wait""}",beanstalk,3,100,1000,10,True,1000,30.8669,32.3971,40.1142,258.34,569.518,268.364,12.71,2.42,0.15,84.71,392.43,74.74,4.65,2614.86,1615.97,928.41,12204.7,65.9,1217,0,10,141,64,1090,266,2,266,0,153.82,26.61,220.22,627.83,790.4,9,0,0,84,106,184,1111,0.96
place,beanstalk hard,predicted-best,"{""flag_clean"": 0.15, ""flag_recall"": 0.6, ""placement_fallback"": ""wait""}",beanstalk,7,100,1000,10,True,1000,30.0535,33.274,37.938,156.132,357.643,167.001,14.16,2.21,0.15,83.48,425.68,66.38,4.38,2508.9,1921.67,510.18,12027.3,66.7,1197,0,10,123,41,1081,213,3,213,0,113.71,26.1,133.28,393.6,421.7,8,0,0,56,69,161,1128,0.87
place,beanstalk hard,predicted-best,"{""flag_clean"": 0.15, ""flag_recall"": 0.6, ""placement_fallback"": ""wait""}",beanstalk,6,100,1000,10,True,1000,33.09,30.2206,35.436,413.788,1167.872,495.714,12.85,2.51,0.14,84.5,425.13,82.9,4.75,2796.22,1802.88,924.48,12545.5,63.19,1245,0,10,160,45,1112,269,2,269,0,134.52,26.68,408.18,1237.52,732.3,9,0,0,90,100,181,1145,1.04
place,beanstalk soft,predicted-typical,"{""flag_clean"": 0.25, ""flag_recall"": 0.6, ""placement_fallback"": ""least-overlap""}",beanstalk,1,100,1000,10,True,1000,19.4256,51.4785,68.4788,249.624,520.518,260.637,21.64,7.74,0.37,70.24,420.41,150.43,7.25,1364.48,4.06,1197.29,7189.2,61.68,715,0,10,552,71,472,273,8,273,912,138.21,34.03,176.58,523.45,875.8,20,0,0,82,227,199,488,0.76
place,beanstalk soft,predicted-typical,"{""flag_clean"": 0.25, ""flag_recall"": 0.6, ""placement_fallback"": ""least-overlap""}",beanstalk,2,100,1000,10,True,1000,16.2423,61.5677,81.2604,336.497,573.566,326.57,26.77,8.56,0.44,64.23,434.8,139.03,7.1,1043.3,1.61,1019.95,7493.1,76.89,748,0,10,531,76,414,280,8,280,936,118.96,36.69,238.88,578.95,759.0,23,0,0,91,313,198,435,0.7
place,beanstalk soft,predicted-typical,"{""flag_clean"": 0.25, ""flag_recall"": 0.6, ""placement_fallback"": ""least-overlap""}",beanstalk,5,100,1000,10,True,1000,18.0638,55.3593,,568.651,1017.391,571.294,23.87,8.64,0.41,67.08,431.22,156.05,7.41,1211.7,4.64,1153.8,7842.0,72.35,779,0,10,570,58,526,310,3,310,926,136.08,34.0,484.41,1023.5,900.3,24,0,0,85,249,228,530,0.37
place,beanstalk soft,predicted-typical,"{""flag_clean"": 0.25, ""flag_recall"": 0.6, ""placement_fallback"": ""least-overlap""}",beanstalk,3,100,1000,10,True,1000,18.2611,54.7611,,561.438,989.618,561.466,21.49,8.13,0.43,69.96,392.43,148.39,7.83,1277.46,6.62,1171.99,7800.7,71.2,775,0,10,615,91,419,320,1,320,911,113.13,36.29,453.49,994.51,817.7,32,0,0,101,352,220,423,0.77
place,beanstalk soft,predicted-typical,"{""flag_clean"": 0.25, ""flag_recall"": 0.6, ""placement_fallback"": ""least-overlap""}",beanstalk,4,100,1000,10,True,1000,17.3003,57.8026,54.8325,236.144,619.289,288.526,25.24,10.03,0.45,64.28,436.73,173.52,7.79,1111.99,0.8,1095.51,7817.7,75.31,774,0,10,629,71,433,327,6,327,945,127.37,36.59,224.53,623.99,871.4,22,0,0,103,329,230,445,0.8
place,beanstalk soft,predicted-typical,"{""flag_clean"": 0.25, ""flag_recall"": 0.6, ""placement_fallback"": ""least-overlap""}",beanstalk,6,100,1000,10,True,1000,21.4531,46.6134,60.0283,311.927,790.928,388.342,19.82,7.7,0.37,72.12,425.13,165.09,7.83,1547.25,2.79,1474.99,8479.6,65.88,847,0,10,613,89,410,350,7,350,908,185.19,38.69,286.62,792.83,982.8,24,0,0,116,420,241,427,0.37
place,beanstalk soft,predicted-typical,"{""flag_clean"": 0.25, ""flag_recall"": 0.6, ""placement_fallback"": ""least-overlap""}",beanstalk,8,100,1000,10,True,1000,17.3299,57.7037,151.7183,319.068,704.106,386.691,23.74,9.21,0.45,66.6,411.47,159.57,7.77,1154.18,0.79,1111.64,7336.4,70.56,727,0,10,632,63,477,299,6,299,927,154.0,32.74,287.83,707.84,855.3,19,0,0,88,242,217,485,0.28
place,beanstalk soft,predicted-typical,"{""flag_clean"": 0.25, ""flag_recall"": 0.6, ""placement_fallback"": ""least-overlap""}",beanstalk,9,100,1000,10,True,1000,16.9303,59.0657,63.339,344.863,748.282,407.027,25.61,8.61,0.42,65.36,433.66,145.72,7.06,1106.59,3.54,1092.38,7412.0,72.97,741,0,10,497,68,471,307,4,307,919,113.23,33.72,312.21,753.15,799.9,21,0,0,90,266,221,475,0.27
place,beanstalk hard,predicted-typical,"{""flag_clean"": 0.25, ""flag_recall"": 0.6, ""placement_fallback"": ""wait""}",beanstalk,2,100,1000,10,True,1000,40.6182,24.6195,25.3734,88.902,392.555,123.009,10.7,1.31,0.1,87.88,434.8,53.39,4.21,3569.42,3109.75,334.18,12661.5,51.95,1264,0,10,99,30,1060,208,2,208,0,102.31,24.45,97.35,485.16,248.4,7,0,0,73,81,140,1183,0.23
place,beanstalk hard,predicted-typical,"{""flag_clean"": 0.25, ""flag_recall"": 0.6, ""placement_fallback"": ""wait""}",beanstalk,3,100,1000,10,True,1000,39.3337,25.4235,32.4898,107.161,293.829,124.716,9.98,1.65,0.11,88.26,392.43,64.79,4.42,3471.72,2694.2,676.73,13033.0,55.22,1299,0,10,106,28,1152,261,0,261,0,100.35,25.07,97.58,334.79,519.4,7,0,0,79,88,182,1211,0.23
place,beanstalk hard,predicted-typical,"{""flag_clean"": 0.25, ""flag_recall"": 0.6, ""placement_fallback"": ""wait""}",beanstalk,4,100,1000,10,True,1000,43.6711,22.8984,27.583,115.289,469.751,161.789,10.0,1.57,0.1,88.33,436.73,68.67,4.31,3857.4,3155.05,551.62,13021.8,49.7,1297,0,10,122,34,1133,232,1,232,0,86.38,26.2,132.01,510.41,483.0,7,0,0,72,77,162,1220,0.23
place,beanstalk hard,predicted-typical,"{""flag_clean"": 0.25, ""flag_recall"": 0.6, ""placement_fallback"": ""wait""}",beanstalk,5,100,1000,10,True,1000,42.5,23.5294,25.4502,77.462,230.978,94.701,10.15,1.45,0.1,88.31,431.22,61.42,4.34,3753.02,3214.67,426.64,12738.7,49.96,1272,0,10,116,31,1086,226,0,226,0,135.57,24.65,75.73,301.43,343.4,5,0,0,62,68,165,1204,0.23
place,beanstalk hard,predicted-typical,"{""flag_clean"": 0.25, ""flag_recall"": 0.6, ""placement_fallback"": ""wait""}",beanstalk,6,100,1000,10,True,1000,44.8488,22.2972,24.2359,139.917,742.538,230.131,9.48,1.6,0.1,88.83,425.13,71.56,4.41,3983.78,3255.01,630.18,13141.4,48.84,1311,0,10,123,40,1155,247,3,247,0,102.96,26.01,196.64,853.84,450.0,8,0,0,86,95,167,1216,0.23
place,beanstalk hard,predicted-typical,"{""flag_clean"": 0.25, ""flag_recall"": 0.6, ""placement_fallback"": ""wait""}",beanstalk,7,100,1000,10,True,1000,38.5641,25.9308,26.9902,72.112,282.972,100.612,11.04,1.41,0.11,87.45,425.68,54.23,4.12,3372.39,2928.01,318.48,12517.4,54.1,1242,0,10,93,35,1052,197,0,197,0,82.51,25.61,86.45,414.43,239.2,5,0,0,62,66,138,1176,0.23
place,beanstalk hard,predicted-typical,"{""flag_clean"": 0.25, ""flag_recall"": 0.6, ""placement_fallback"": ""wait""}",beanstalk,8,100,1000,10,True,1000,37.113,26.9447,27.736,119.784,341.039,143.122,11.09,1.54,0.11,87.26,411.47,56.98,4.25,3238.61,2756.11,374.73,12923.0,58.03,1286,0,10,100,48,1131,227,2,227,0,76.32,24.64,125.23,447.16,257.6,6,0,0,78,87,153,1199,0.24
place,beanstalk soft,predicted-typical,"{""flag_clean"": 0.25, ""flag_recall"": 0.6, ""placement_fallback"": ""least-overlap""}",beanstalk,7,100,1000,10,True,1000,16.9864,58.8706,60.4586,239.901,516.439,267.159,25.06,9.25,0.43,65.26,425.68,157.04,7.36,1108.56,12.15,989.87,7221.8,70.86,722,0,10,580,91,480,289,6,289,906,162.94,33.15,178.92,519.0,804.6,18,0,0,80,217,217,505,1.09
place,beanstalk hard,predicted-typical,"{""flag_clean"": 0.25, ""flag_recall"": 0.6, ""placement_fallback"": ""wait""}",beanstalk,9,100,1000,10,True,1000,43.4304,23.0254,30.4042,117.659,450.793,156.803,9.99,1.52,0.1,88.39,433.66,66.1,4.31,3838.97,3110.29,594.59,12865.1,49.37,1275,0,10,110,24,1099,231,0,231,0,113.98,25.82,127.46,536.19,515.8,6,0,0,70,73,164,1202,0.3
place,beanstalk hard,predicted-typical,"{""flag_clean"": 0.25, ""flag_recall"": 0.6, ""placement_fallback"": ""wait""}",beanstalk,0,100,1000,10,True,1000,44.0401,22.7066,26.9078,116.655,462.994,157.08,9.47,1.56,0.1,88.87,417.26,68.52,4.43,3913.8,3259.71,532.31,13141.0,49.73,1312,0,10,128,29,1120,246,3,246,0,105.68,26.11,125.61,535.48,485.1,6,0,0,87,93,166,1219,0.94
place,beanstalk hard,predicted-typical,"{""flag_clean"": 0.25, ""flag_recall"": 0.6, ""placement_fallback"": ""wait""}",beanstalk,1,100,1000,10,True,1000,39.1047,25.5724,26.4038,82.873,547.454,145.172,10.75,1.46,0.11,87.68,420.41,57.24,4.18,3428.64,2974.25,331.27,12673.8,54.02,1261,0,10,97,32,1077,211,2,211,0,65.05,24.89,127.78,637.17,254.7,5,0,0,62,67,153,1194,0.88
place,beanstalk soft,module-level,"{""flag_clean"": 0.6, ""flag_recall"": 0.9, ""placement_fallback"": ""least-overlap""}",beanstalk,4,100,1000,10,True,1000,17.6754,56.5757,233.5839,466.86,804.805,451.451,24.71,9.35,0.43,65.51,436.73,165.29,7.58,1157.95,1.66,1141.01,7953.9,75.0,791,0,10,606,57,424,310,9,310,978,182.48,37.47,329.61,812.66,861.8,22,0,0,101,352,218,439,0.28
place,beanstalk soft,module-level,"{""flag_clean"": 0.6, ""flag_recall"": 0.9, ""placement_fallback"": ""least-overlap""}",beanstalk,3,100,1000,10,True,1000,18.7502,53.3327,239.1542,323.791,785.76,398.017,20.93,7.97,0.41,70.69,392.43,149.48,7.72,1325.39,3.45,1222.97,7565.6,67.25,753,0,10,609,84,408,311,5,311,972,141.92,36.67,301.41,790.53,826.6,21,0,0,102,339,215,414,0.29
place,beanstalk soft,module-level,"{""flag_clean"": 0.6, ""flag_recall"": 0.9, ""placement_fallback"": ""least-overlap""}",beanstalk,6,100,1000,10,True,1000,18.2887,54.6787,,655.729,1077.376,647.531,23.25,9.27,0.42,67.07,425.13,169.45,7.69,1226.6,5.55,1136.93,8117.0,73.97,809,0,10,625,97,521,338,6,338,982,152.44,34.42,532.2,1080.62,906.4,22,0,0,98,283,246,526,0.29
place,beanstalk soft,module-level,"{""flag_clean"": 0.6, ""flag_recall"": 0.9, ""placement_fallback"": ""least-overlap""}",beanstalk,2,100,1000,10,True,1000,22.0857,45.2781,49.5451,223.665,555.577,274.06,19.69,6.35,0.33,73.64,434.8,140.2,7.23,1626.34,3.67,1590.46,8543.3,64.47,854,0,10,507,72,350,322,13,322,965,182.41,40.7,170.45,556.32,1059.6,27,0,0,121,469,214,385,0.89
place,beanstalk soft,module-level,"{""flag_clean"": 0.6, ""flag_recall"": 0.9, ""placement_fallback"": ""least-overlap""}",beanstalk,1,100,1000,10,True,1000,17.487,57.1853,61.7136,245.227,404.704,245.283,24.04,8.59,0.42,66.95,420.41,150.2,7.39,1170.7,1.26,1149.3,7512.3,71.6,749,0,10,556,72,424,291,6,291,981,154.06,35.55,160.76,408.69,849.8,23,0,0,93,309,205,440,1.03
place,beanstalk soft,module-level,"{""flag_clean"": 0.6, ""flag_recall"": 0.9, ""placement_fallback"": ""least-overlap""}",beanstalk,0,100,1000,10,True,1000,18.3036,54.6342,174.8916,263.583,684.805,343.165,22.8,8.01,0.41,68.78,417.26,146.67,7.45,1258.98,2.38,1252.9,7454.2,67.88,743,0,10,578,74,392,300,5,300,977,160.9,37.65,253.68,688.95,848.0,24,0,0,100,336,205,407,1.18
place,beanstalk hard,module-level,"{""flag_clean"": 0.6, ""flag_recall"": 0.9, ""placement_fallback"": ""wait""}",beanstalk,0,100,1000,10,True,1000,84.9899,11.7661,12.2308,23.555,89.797,33.671,4.91,0.48,0.05,94.57,417.26,40.49,3.84,8037.4,7560.57,166.91,12944.3,25.38,1280,0,8,32,18,785,198,4,198,0,114.26,24.8,23.72,148.36,144.8,5,0,0,81,81,133,1199,0.23
place,beanstalk soft,module-level,"{""flag_clean"": 0.6, ""flag_recall"": 0.9, ""placement_fallback"": ""least-overlap""}",beanstalk,5,100,1000,10,True,1000,19.4304,51.4658,64.788,280.021,730.763,352.13,22.19,7.7,0.38,69.73,431.22,149.55,7.37,1354.89,2.36,1313.34,7415.4,63.61,738,0,10,560,73,475,295,5,295,982,130.79,34.38,272.29,733.56,936.4,19,0,0,82,245,218,493,1.07
place,beanstalk soft,module-level,"{""flag_clean"": 0.6, ""flag_recall"": 0.9, ""placement_fallback"": ""least-overlap""}",beanstalk,9,100,1000,10,True,1000,18.6687,53.5655,,725.84,1099.501,689.702,23.23,8.33,0.38,68.06,433.66,155.46,7.16,1270.6,3.2,1219.88,7760.5,69.28,776,0,10,531,66,528,306,3,306,986,116.47,31.61,560.06,1120.12,835.0,17,0,0,94,247,215,529,0.29
place,beanstalk soft,module-level,"{""flag_clean"": 0.6, ""flag_recall"": 0.9, ""placement_fallback"": ""least-overlap""}",beanstalk,7,100,1000,10,True,1000,15.9678,62.626,60.157,185.514,426.659,237.593,26.66,8.84,0.46,64.05,425.68,141.13,7.31,1022.66,3.73,989.93,6960.0,72.65,693,0,10,555,89,416,254,7,254,978,136.67,35.03,172.57,432.71,735.4,19,0,0,81,253,181,440,1.13
place,beanstalk soft,module-level,"{""flag_clean"": 0.6, ""flag_recall"": 0.9, ""placement_fallback"": ""least-overlap""}",beanstalk,8,100,1000,10,True,1000,19.1238,52.2909,,432.345,882.613,481.271,21.52,7.75,0.4,70.34,411.47,148.17,7.66,1345.08,9.95,1134.1,7620.0,66.41,756,0,10,619,50,482,285,5,285,980,140.86,33.69,367.75,900.59,852.1,24,0,0,95,266,195,490,0.84
place,beanstalk hard,module-level,"{""flag_clean"": 0.6, ""flag_recall"": 0.9, ""placement_fallback"": ""wait""}",beanstalk,1,100,1000,10,True,1000,88.14,11.3456,12.2116,25.789,131.801,40.676,4.77,0.48,0.04,94.7,420.41,42.59,3.79,8347.21,7803.99,198.51,12670.5,23.96,1263,0,9,25,15,797,199,1,199,0,137.53,24.78,31.27,258.7,221.4,4,0,0,61,62,144,1201,0.5
place,beanstalk hard,module-level,"{""flag_clean"": 0.6, ""flag_recall"": 0.9, ""placement_fallback"": ""wait""}",beanstalk,2,100,1000,10,True,1000,86.9285,11.5037,12.1489,21.492,86.704,33.461,5.0,0.39,0.04,94.56,434.8,34.14,3.76,8220.14,7850.58,38.82,12634.4,24.22,1257,0,10,26,7,722,181,2,181,0,58.59,23.33,24.04,232.91,42.2,4,0,0,73,75,119,1182,0.57
place,beanstalk hard,module-level,"{""flag_clean"": 0.6, ""flag_recall"": 0.9, ""placement_fallback"": ""wait""}",beanstalk,3,100,1000,10,True,1000,78.1468,12.7964,13.437,29.487,102.314,38.672,5.02,0.5,0.05,94.43,392.43,38.98,3.9,7379.36,7006.38,86.31,12869.6,27.45,1281,0,10,29,15,865,210,0,210,0,77.51,23.24,28.16,133.04,79.7,5,0,0,70,73,147,1208,0.74
place,beanstalk hard,module-level,"{""flag_clean"": 0.6, ""flag_recall"": 0.9, ""placement_fallback"": ""wait""}",beanstalk,4,100,1000,10,True,1000,89.5672,11.1648,12.0906,31.295,110.946,41.275,4.88,0.5,0.04,94.58,436.73,44.8,3.87,8471.32,7819.59,333.02,13129.9,24.43,1304,0,9,28,13,885,217,3,217,0,71.79,24.65,29.52,154.78,221.0,5,0,0,82,86,150,1218,0.78
place,beanstalk hard,module-level,"{""flag_clean"": 0.6, ""flag_recall"": 0.9, ""placement_fallback"": ""wait""}",beanstalk,6,100,1000,10,True,1000,88.732,11.2699,12.4947,30.435,115.904,43.498,4.79,0.51,0.04,94.66,425.13,45.09,3.86,8399.12,7900.89,142.87,12983.3,24.39,1293,0,10,26,13,873,221,4,221,0,86.11,24.19,36.25,210.35,119.4,4,0,0,73,74,157,1219,0.61
place,beanstalk hard,module-level,"{""flag_clean"": 0.6, ""flag_recall"": 0.9, ""placement_fallback"": ""wait""}",beanstalk,5,100,1000,10,True,1000,87.5696,11.4195,11.7384,21.679,90.786,32.567,4.92,0.45,0.04,94.58,431.22,39.6,3.82,8282.31,7841.26,202.22,12647.8,24.07,1255,0,9,31,9,733,194,1,194,0,100.51,23.11,23.57,142.26,143.0,5,0,0,61,62,145,1193,0.72
place,beanstalk hard,module-level,"{""flag_clean"": 0.6, ""flag_recall"": 0.9, ""placement_fallback"": ""wait""}",beanstalk,7,100,1000,10,True,1000,84.9145,11.7766,12.4169,19.894,85.328,30.801,5.01,0.42,0.04,94.52,425.68,35.62,3.71,8026.45,7531.78,93.43,12338.7,24.22,1230,0,9,20,18,713,172,1,172,0,62.6,24.11,22.44,147.28,58.4,3,0,0,57,58,126,1172,0.94
place,beanstalk hard,module-level,"{""flag_clean"": 0.6, ""flag_recall"": 0.9, ""placement_fallback"": ""wait""}",beanstalk,8,100,1000,10,True,1000,83.5605,11.9674,13.454,27.656,120.668,41.242,4.92,0.43,0.05,94.6,411.47,36.29,3.8,7904.48,7516.28,103.79,12855.4,25.64,1274,0,9,16,19,832,201,1,201,0,51.98,23.88,33.26,194.43,60.4,5,0,0,71,73,138,1201,0.77
place,beanstalk hard,module-level,"{""flag_clean"": 0.6, ""flag_recall"": 0.9, ""placement_fallback"": ""wait""}",beanstalk,9,100,1000,10,True,1000,89.6863,11.15,12.0066,32.61,125.682,45.216,4.84,0.54,0.04,94.58,433.66,48.25,3.88,8482.84,7885.0,277.62,12887.9,23.95,1286,0,9,32,6,873,213,1,213,0,77.84,24.96,35.23,224.44,233.3,5,0,0,69,71,153,1215,0.68
place,beanstalk soft,file-oracle,"{""flag_clean"": 0.05, ""flag_recall"": 1.0, ""placement_fallback"": ""least-overlap""}",beanstalk,5,100,1000,10,True,1000,16.7842,59.58,131.9548,191.634,622.447,296.34,25.69,8.17,0.43,65.71,431.22,137.16,7.13,1102.9,2.37,1083.4,7276.3,72.25,724,0,10,504,85,402,304,9,304,770,145.33,34.78,226.42,627.4,810.6,21,0,0,88,302,225,422,0.46
place,beanstalk soft,file-oracle,"{""flag_clean"": 0.05, ""flag_recall"": 1.0, ""placement_fallback"": ""least-overlap""}",beanstalk,3,100,1000,10,True,1000,16.6141,60.1898,69.9677,360.215,676.035,376.96,23.62,8.08,0.43,67.87,392.43,134.17,7.17,1127.64,8.24,1062.87,7474.4,74.98,741,0,10,461,116,407,331,3,331,765,99.38,34.51,274.91,680.03,783.3,23,0,0,96,320,238,421,0.87
place,beanstalk soft,file-oracle,"{""flag_clean"": 0.05, ""flag_recall"": 1.0, ""placement_fallback"": ""least-overlap""}",beanstalk,1,100,1000,10,True,1000,18.5312,53.9629,185.7591,264.536,753.196,369.165,22.69,6.17,0.35,70.8,420.41,114.3,6.47,1311.94,5.19,1204.76,7684.1,69.11,760,0,10,361,84,409,306,5,306,728,147.46,36.11,289.04,757.64,877.2,23,0,0,96,340,215,420,1.44
place,beanstalk soft,file-oracle,"{""flag_clean"": 0.05, ""flag_recall"": 1.0, ""placement_fallback"": ""least-overlap""}",beanstalk,0,100,1000,10,True,1000,18.9236,52.844,83.7993,257.886,444.902,256.75,22.05,6.67,0.35,70.92,417.26,126.3,6.69,1342.12,6.81,1262.43,8069.0,71.07,802,0,10,387,83,408,329,9,329,744,156.54,38.05,169.41,446.5,843.3,25,0,0,108,373,230,429,1.61
place,beanstalk soft,file-oracle,"{""flag_clean"": 0.05, ""flag_recall"": 1.0, ""placement_fallback"": ""least-overlap""}",beanstalk,4,100,1000,10,True,1000,19.7377,50.6646,,755.784,1161.034,723.87,22.13,7.37,0.34,70.17,436.73,145.38,6.76,1384.9,6.12,1333.59,8274.7,69.87,819,0,10,405,113,485,351,8,351,715,160.24,34.79,576.13,1168.09,941.6,21,0,0,113,327,246,492,1.09
place,beanstalk soft,file-oracle,"{""flag_clean"": 0.05, ""flag_recall"": 1.0, ""placement_fallback"": ""least-overlap""}",beanstalk,2,100,1000,10,True,1000,20.7265,48.2474,60.4445,428.076,780.818,432.168,20.98,6.26,0.33,72.43,434.8,129.69,6.85,1501.3,1.39,1490.28,8236.5,66.23,822,0,10,434,74,372,300,12,300,747,188.76,42.02,324.34,786.09,1031.4,27,0,0,109,436,203,386,1.51
place,beanstalk soft,file-oracle,"{""flag_clean"": 0.05, ""flag_recall"": 1.0, ""placement_fallback"": ""least-overlap""}",beanstalk,6,100,1000,10,True,1000,18.989,52.6621,,735.115,1117.489,674.142,22.39,7.52,0.38,69.71,425.13,142.89,7.19,1323.69,3.69,1293.37,8097.4,71.07,808,0,10,483,104,387,331,8,331,775,149.56,39.11,551.77,1121.2,916.2,25,0,0,110,410,229,398,1.15
place,beanstalk soft,file-oracle,"{""flag_clean"": 0.05, ""flag_recall"": 1.0, ""placement_fallback"": ""least-overlap""}",beanstalk,7,100,1000,10,True,1000,17.6962,56.5094,68.3612,341.563,689.83,352.672,24.05,7.09,0.38,68.48,425.68,125.4,6.73,1211.81,14.08,1090.58,7534.3,70.96,754,0,10,428,99,450,292,8,292,750,177.95,36.42,253.34,701.28,874.6,26,0,0,83,291,217,463,1.03
place,beanstalk hard,file-oracle,"{""flag_clean"": 0.05, ""flag_recall"": 1.0, ""placement_fallback"": ""wait""}",beanstalk,0,100,1000,10,True,1000,23.2872,42.942,56.7895,354.286,816.617,412.225,17.92,2.57,0.19,79.32,417.26,59.83,4.48,1847.15,680.88,1139.14,9790.9,70.07,970,0,10,56,97,794,265,4,265,0,158.58,29.48,300.15,834.28,868.0,14,0,0,92,163,177,807,0.78
place,beanstalk hard,file-oracle,"{""flag_clean"": 0.05, ""flag_recall"": 1.0, ""placement_fallback"": ""wait""}",beanstalk,4,100,1000,10,True,1000,26.9447,37.113,,738.342,1328.73,709.384,16.21,2.73,0.17,80.89,436.73,73.61,4.6,2179.54,880.52,1270.15,10539.1,65.19,1047,0,10,54,87,888,304,2,304,0,117.89,28.83,569.57,1346.66,1052.0,13,0,0,97,148,209,899,0.4
place,beanstalk soft,file-oracle,"{""flag_clean"": 0.05, ""flag_recall"": 1.0, ""placement_fallback"": ""least-overlap""}",beanstalk,9,100,1000,10,True,1000,21.3413,46.8575,63.7415,221.633,593.2,277.722,20.32,6.41,0.31,72.96,433.66,136.76,6.72,1556.99,16.47,1281.8,8039.2,62.78,804,0,10,414,79,463,308,10,308,733,179.5,36.3,202.16,599.92,997.5,28,0,0,102,325,217,479,1.28
place,beanstalk hard,file-oracle,"{""flag_clean"": 0.05, ""flag_recall"": 1.0, ""placement_fallback"": ""wait""}",beanstalk,1,100,1000,10,True,1000,22.5133,44.4181,63.0547,328.38,713.912,363.876,18.67,2.85,0.2,78.27,420.41,64.21,4.55,1762.17,604.51,1136.02,9803.0,72.57,978,0,10,49,70,813,273,2,273,0,111.52,28.81,279.57,743.97,844.2,13,0,0,83,146,192,832,1.35
place,beanstalk soft,file-oracle,"{""flag_clean"": 0.05, ""flag_recall"": 1.0, ""placement_fallback"": ""least-overlap""}",beanstalk,8,100,1000,10,True,1000,18.0236,55.4827,103.4442,226.412,561.1,265.23,22.83,7.52,0.41,69.25,411.47,135.45,7.32,1248.13,3.45,1176.47,7498.3,69.34,742,0,10,504,67,416,322,6,322,782,183.36,34.18,195.6,563.53,832.6,26,0,0,97,309,231,433,1.63
place,beanstalk hard,file-oracle,"{""flag_clean"": 0.05, ""flag_recall"": 1.0, ""placement_fallback"": ""wait""}",beanstalk,3,100,1000,10,True,1000,22.8806,43.7051,,773.996,1259.703,749.156,17.15,2.8,0.21,79.84,392.43,64.07,4.7,1826.86,687.02,1107.23,9858.6,71.81,980,0,10,61,92,809,301,4,301,0,109.08,27.93,604.03,1287.07,885.3,13,0,0,92,164,213,816,0.83
place,beanstalk hard,file-oracle,"{""flag_clean"": 0.05, ""flag_recall"": 1.0, ""placement_fallback"": ""wait""}",beanstalk,2,100,1000,10,True,1000,22.1533,45.1401,53.1617,327.748,870.796,407.263,19.63,2.87,0.21,77.3,434.8,63.55,4.62,1712.35,629.52,1054.63,9877.1,74.31,988,0,10,71,66,818,277,3,277,0,97.56,28.31,336.7,886.9,812.2,11,0,0,84,149,196,839,1.23
place,beanstalk hard,file-oracle,"{""flag_clean"": 0.05, ""flag_recall"": 1.0, ""placement_fallback"": ""wait""}",beanstalk,5,100,1000,10,True,1000,24.2062,41.3117,45.6315,415.738,1010.506,502.029,17.81,2.98,0.19,79.01,431.22,72.11,4.69,1912.6,777.81,1104.75,10262.5,70.66,1018,0,10,68,63,852,297,2,297,0,134.46,29.09,417.42,1032.9,884.4,13,0,0,83,152,216,866,0.73
place,beanstalk hard,file-oracle,"{""flag_clean"": 0.05, ""flag_recall"": 1.0, ""placement_fallback"": ""wait""}",beanstalk,6,100,1000,10,True,1000,26.7293,37.4121,,709.341,1228.396,675.373,15.9,2.88,0.18,81.03,425.13,77.1,4.72,2165.97,836.13,1305.92,10293.9,64.19,1022,0,10,58,85,817,326,5,326,0,119.93,29.01,499.08,1249.59,897.0,13,0,0,102,184,229,838,0.84
place,beanstalk hard,file-oracle,"{""flag_clean"": 0.05, ""flag_recall"": 1.0, ""placement_fallback"": ""wait""}",beanstalk,7,100,1000,10,True,1000,22.2811,44.8811,43.5929,317.388,726.114,337.477,19.1,2.98,0.21,77.71,425.68,66.42,4.61,1731.41,631.03,1069.08,9952.7,74.45,991,0,10,62,86,833,271,4,271,0,130.28,29.8,267.1,752.64,813.7,14,0,0,76,141,200,850,1.03
place,beanstalk soft,hot-file-rule,"{""flag_clean"": 0.02, ""flag_recall"": 0.3, ""placement_fallback"": ""least-overlap""}",beanstalk,1,100,1000,10,True,1000,15.9632,62.6441,,542.515,897.302,513.351,26.34,8.37,0.44,64.85,420.41,133.62,7.02,1035.27,2.38,1026.28,7418.4,77.45,737,0,10,460,98,397,313,8,313,471,123.04,35.76,426.15,903.14,774.0,26,0,0,96,327,225,410,0.54
place,beanstalk soft,hot-file-rule,"{""flag_clean"": 0.02, ""flag_recall"": 0.3, ""placement_fallback"": ""least-overlap""}",beanstalk,0,100,1000,10,True,1000,19.4492,51.4159,122.3725,306.296,599.291,332.849,21.45,7.06,0.38,71.11,417.26,137.4,7.3,1382.97,21.26,1184.32,7757.0,66.47,773,0,10,518,109,429,316,6,316,450,121.4,35.57,231.49,602.3,797.9,24,0,0,102,332,220,441,0.78
place,beanstalk soft,hot-file-rule,"{""flag_clean"": 0.02, ""flag_recall"": 0.3, ""placement_fallback"": ""least-overlap""}",beanstalk,2,100,1000,10,True,1000,18.3151,54.5996,55.8054,184.778,513.22,241.978,23.74,7.02,0.39,68.85,434.8,128.63,7.06,1261.02,0.98,1255.36,7852.6,71.46,785,0,10,471,88,332,308,8,308,475,150.51,38.82,161.08,516.25,898.1,25,0,0,110,413,207,372,0.52
place,beanstalk soft,hot-file-rule,"{""flag_clean"": 0.02, ""flag_recall"": 0.3, ""placement_fallback"": ""least-overlap""}",beanstalk,4,100,1000,10,True,1000,17.4357,57.3534,221.9958,459.781,807.842,456.233,25.05,8.99,0.42,65.54,436.73,156.73,7.39,1142.72,2.04,1112.5,7803.0,74.59,773,0,10,563,80,396,315,9,315,449,179.48,38.42,341.21,817.78,842.3,25,0,0,108,373,216,400,0.27
place,beanstalk hard,file-oracle,"{""flag_clean"": 0.05, ""flag_recall"": 1.0, ""placement_fallback"": ""wait""}",beanstalk,9,100,1000,10,True,1000,27.1757,36.7975,37.056,315.104,682.973,324.504,15.96,2.33,0.16,81.54,433.66,63.39,4.48,2216.04,881.19,1300.62,10019.9,61.45,996,0,10,48,53,817,263,2,263,0,182.06,29.97,236.9,708.1,1065.3,11,0,0,82,154,183,842,1.2
place,beanstalk hard,file-oracle,"{""flag_clean"": 0.05, ""flag_recall"": 1.0, ""placement_fallback"": ""wait""}",beanstalk,8,100,1000,10,True,1000,24.0084,41.6522,165.9728,548.429,1085.145,555.068,17.14,3.0,0.19,79.67,411.47,72.07,4.64,1912.65,678.77,1211.29,10605.6,73.62,1056,0,10,57,70,838,308,3,308,0,130.23,29.56,449.59,1108.8,925.1,12,0,0,108,186,205,870,1.24
place,beanstalk soft,hot-file-rule,"{""flag_clean"": 0.02, ""flag_recall"": 0.3, ""placement_fallback"": ""least-overlap""}",beanstalk,6,100,1000,10,True,1000,20.6614,48.3995,48.0259,199.692,548.995,265.679,20.58,7.75,0.37,71.31,425.13,160.03,7.63,1473.35,1.33,1467.94,8259.0,66.62,820,0,10,543,93,381,363,11,363,486,217.39,39.17,176.28,557.19,1032.2,23,0,0,111,422,263,398,0.28
place,beanstalk soft,hot-file-rule,"{""flag_clean"": 0.02, ""flag_recall"": 0.3, ""placement_fallback"": ""least-overlap""}",beanstalk,3,100,1000,10,True,1000,18.6693,53.5638,112.4843,259.4,444.321,266.459,21.02,7.41,0.38,71.19,392.43,138.42,7.1,1328.98,15.27,1081.12,7510.0,67.04,748,0,10,506,115,504,305,3,305,390,142.44,31.76,182.73,447.25,797.6,22,0,0,91,238,217,510,0.52
place,beanstalk hard,hot-file-rule,"{""flag_clean"": 0.02, ""flag_recall"": 0.3, ""placement_fallback"": ""wait""}",beanstalk,1,100,1000,10,True,1000,18.4851,54.0975,148.1342,304.815,659.8,342.602,22.74,6.17,0.32,70.77,420.41,114.04,5.9,1308.17,369.84,931.69,8588.6,77.44,854,0,10,349,75,617,274,4,274,0,148.79,32.5,249.94,668.17,799.5,17,0,0,87,218,191,636,0.25
place,beanstalk hard,hot-file-rule,"{""flag_clean"": 0.02, ""flag_recall"": 0.3, ""placement_fallback"": ""wait""}",beanstalk,0,100,1000,10,True,1000,20.9447,47.7448,88.0896,186.466,540.498,234.214,19.92,5.4,0.29,74.39,417.26,113.05,6.14,1558.01,333.45,1217.73,8408.9,66.91,835,0,10,374,47,552,280,9,280,0,127.48,32.88,163.27,550.82,860.8,20,0,0,94,254,196,581,0.32
place,beanstalk soft,hot-file-rule,"{""flag_clean"": 0.02, ""flag_recall"": 0.3, ""placement_fallback"": ""least-overlap""}",beanstalk,7,100,1000,10,True,1000,16.134,61.9808,97.6294,234.936,455.586,241.173,26.38,9.1,0.45,64.07,425.68,146.78,7.24,1033.71,5.4,985.76,7172.6,74.09,715,0,10,551,99,427,276,7,276,436,165.73,35.34,172.03,459.44,810.1,21,0,0,81,256,203,459,0.72
place,beanstalk soft,hot-file-rule,"{""flag_clean"": 0.02, ""flag_recall"": 0.3, ""placement_fallback"": ""least-overlap""}",beanstalk,5,100,1000,10,True,1000,16.9546,58.9811,84.5151,281.315,559.323,324.117,25.43,9.11,0.44,65.02,431.22,154.41,7.46,1102.37,0.73,1098.15,7247.6,71.25,724,0,10,567,70,418,309,5,309,471,150.74,34.57,246.45,560.27,859.9,21,0,0,92,287,222,437,0.96
place,beanstalk soft,hot-file-rule,"{""flag_clean"": 0.02, ""flag_recall"": 0.3, ""placement_fallback"": ""least-overlap""}",beanstalk,8,100,1000,10,True,1000,18.6493,53.6214,189.5277,281.756,698.999,364.013,22.06,7.5,0.39,70.04,411.47,139.92,7.27,1306.27,1.69,1201.93,8085.8,72.26,801,0,10,522,73,409,306,8,306,405,227.46,37.44,258.36,703.11,938.9,24,0,0,112,379,202,422,0.93
place,beanstalk soft,hot-file-rule,"{""flag_clean"": 0.02, ""flag_recall"": 0.3, ""placement_fallback"": ""least-overlap""}",beanstalk,9,100,1000,10,True,1000,19.2663,51.9041,51.9559,259.281,482.751,285.641,22.51,7.62,0.37,69.5,433.66,146.79,7.18,1339.0,2.17,1305.65,7617.0,65.89,761,0,10,496,62,455,318,7,318,464,222.78,35.6,198.16,491.12,910.8,25,0,0,92,296,234,465,0.98
place,beanstalk hard,hot-file-rule,"{""flag_clean"": 0.02, ""flag_recall"": 0.3, ""placement_fallback"": ""wait""}",beanstalk,4,100,1000,10,True,1000,21.4283,46.6673,99.0847,323.248,567.24,318.96,20.38,6.09,0.29,73.24,436.73,130.43,6.29,1569.37,389.02,1177.22,8788.0,68.35,871,0,10,368,66,617,322,4,322,0,128.47,31.42,222.39,579.35,872.9,18,0,0,101,236,225,635,0.77
place,beanstalk hard,hot-file-rule,"{""flag_clean"": 0.02, ""flag_recall"": 0.3, ""placement_fallback"": ""wait""}",beanstalk,2,100,1000,10,True,1000,19.7191,50.7123,65.3703,372.906,720.573,377.719,22.05,5.81,0.3,71.84,434.8,114.57,5.91,1416.63,206.63,1194.67,8630.2,72.94,861,0,10,327,63,612,284,10,284,0,134.09,32.08,299.08,726.74,911.2,18,0,0,96,232,199,629,1.11
place,beanstalk hard,hot-file-rule,"{""flag_clean"": 0.02, ""flag_recall"": 0.3, ""placement_fallback"": ""wait""}",beanstalk,3,100,1000,10,True,1000,21.2155,47.1354,147.442,317.293,802.791,407.147,18.5,5.6,0.3,75.61,392.43,118.78,6.32,1604.01,277.59,1319.97,8558.9,67.24,852,0,10,387,93,605,310,5,310,0,127.99,31.46,304.26,813.42,978.3,19,0,0,95,239,220,613,1.15
place,beanstalk hard,hot-file-rule,"{""flag_clean"": 0.02, ""flag_recall"": 0.3, ""placement_fallback"": ""wait""}",beanstalk,5,100,1000,10,True,1000,20.0441,49.8899,46.4149,271.116,736.657,349.431,21.51,6.37,0.31,71.81,431.22,127.62,6.22,1439.36,298.73,1130.62,8560.7,71.18,852,0,10,374,66,614,303,3,303,0,91.1,31.69,271.23,743.83,881.5,16,0,0,87,219,219,633,0.91
place,beanstalk hard,hot-file-rule,"{""flag_clean"": 0.02, ""flag_recall"": 0.3, ""placement_fallback"": ""wait""}",beanstalk,6,100,1000,10,True,1000,20.5726,48.6083,80.669,274.771,583.608,292.801,20.66,6.35,0.31,72.67,425.13,130.55,6.47,1495.11,316.61,1161.26,8793.0,71.24,873,0,10,400,60,566,330,5,330,0,101.37,33.03,219.79,590.03,875.5,18,0,0,112,290,223,583,0.84
place,beanstalk hard,hot-file-rule,"{""flag_clean"": 0.02, ""flag_recall"": 0.3, ""placement_fallback"": ""wait""}",beanstalk,7,100,1000,10,True,1000,18.2096,54.9161,57.4109,194.357,661.019,291.195,23.38,6.42,0.34,69.87,425.68,116.96,6.11,1272.22,267.31,967.7,7864.4,71.98,788,0,10,399,80,561,254,6,254,0,139.78,31.86,228.72,667.9,738.5,15,0,0,76,202,184,586,0.78
place,beanstalk module soft,module sets,"{""placement_fallback"": ""least-overlap"", ""placement_model"": ""module""}",beanstalk,2,100,1000,10,True,1000,17.4517,57.3009,270.6962,290.349,639.678,318.334,24.91,8.3,0.43,66.36,434.8,144.82,7.45,1158.09,14.13,1043.79,7799.2,74.48,779,0,10,587,71,377,285,8,285,911,147.46,38.89,231.63,642.53,823.0,20,0,0,101,381,192,398,0.15
place,beanstalk module soft,module sets,"{""placement_fallback"": ""least-overlap"", ""placement_model"": ""module""}",beanstalk,3,100,1000,10,True,1000,17.6761,56.5735,,580.56,913.302,552.44,22.2,8.42,0.44,68.94,392.43,148.9,7.76,1218.52,5.19,1187.64,7382.3,69.61,734,0,10,619,73,419,300,5,300,912,190.92,34.78,400.82,914.68,817.4,21,0,0,95,309,210,425,0.16
place,beanstalk module soft,module sets,"{""placement_fallback"": ""least-overlap"", ""placement_model"": ""module""}",beanstalk,4,100,1000,10,True,1000,19.843,50.3956,322.991,527.519,940.193,536.072,22.01,8.34,0.38,69.27,436.73,165.56,7.52,1374.49,5.84,1299.63,7855.4,65.98,782,0,10,610,64,476,312,5,312,913,188.63,35.21,384.78,944.46,952.8,24,0,0,100,294,217,488,0.16
place,beanstalk module soft,module sets,"{""placement_fallback"": ""least-overlap"", ""placement_model"": ""module""}",beanstalk,0,100,1000,10,True,1000,18.9692,52.7169,,435.002,864.647,473.834,22.0,7.52,0.38,70.11,417.26,142.57,7.22,1329.87,35.8,1114.75,7636.6,67.1,758,0,10,513,87,432,304,5,304,908,114.86,36.05,344.59,866.76,792.1,23,0,0,95,314,215,444,0.46
place,beanstalk module soft,module sets,"{""placement_fallback"": ""least-overlap"", ""placement_model"": ""module""}",beanstalk,5,100,1000,10,True,1000,19.2663,51.9042,,603.155,1042.297,622.667,22.38,8.22,0.39,69.0,431.22,158.37,7.59,1329.44,10.18,1222.32,7613.7,65.86,756,0,10,601,58,529,316,4,316,922,152.18,31.7,481.19,1050.84,882.5,19,0,0,86,223,234,533,0.16
place,beanstalk hard,hot-file-rule,"{""flag_clean"": 0.02, ""flag_recall"": 0.3, ""placement_fallback"": ""wait""}",beanstalk,9,100,1000,10,True,1000,23.6182,42.3402,46.5732,341.955,563.809,334.638,18.36,4.93,0.24,76.46,433.66,116.53,5.79,1805.84,348.67,1451.57,8600.1,60.69,861,0,10,304,62,622,281,6,281,0,174.05,33.57,231.43,577.68,1132.3,15,0,0,89,228,198,633,0.63
place,beanstalk module soft,module sets,"{""placement_fallback"": ""least-overlap"", ""placement_model"": ""module""}",beanstalk,6,100,1000,10,True,1000,21.534,46.4383,49.968,526.716,951.965,520.55,19.74,7.72,0.34,72.19,425.13,166.35,7.36,1554.56,10.47,1515.48,8561.7,66.27,852,0,10,582,89,542,317,8,317,898,135.89,37.47,399.03,959.41,1046.0,19,0,0,109,308,216,544,0.16
place,beanstalk module soft,module sets,"{""placement_fallback"": ""least-overlap"", ""placement_model"": ""module""}",beanstalk,8,100,1000,10,True,1000,18.4883,54.0882,88.7555,376.358,530.697,358.955,22.26,8.75,0.44,68.56,411.47,161.8,8.09,1267.47,2.14,1256.43,8085.7,72.89,801,0,10,676,73,435,319,6,319,909,149.84,37.85,251.96,536.14,936.9,21,0,0,109,356,216,445,0.15
place,beanstalk module soft,module sets,"{""placement_fallback"": ""least-overlap"", ""placement_model"": ""module""}",beanstalk,1,100,1000,10,True,1000,17.6096,56.7873,226.539,418.903,784.483,400.215,23.87,8.33,0.43,67.37,420.41,146.61,7.58,1186.36,2.12,1176.26,7258.2,68.7,723,0,10,580,85,433,292,4,292,905,150.12,34.42,315.68,789.17,825.9,18,0,0,82,284,214,439,0.54
place,beanstalk hard,hot-file-rule,"{""flag_clean"": 0.02, ""flag_recall"": 0.3, ""placement_fallback"": ""wait""}",beanstalk,8,100,1000,10,True,1000,20.3133,49.2288,151.2539,352.704,788.737,411.277,20.26,6.6,0.31,72.84,411.47,133.97,6.28,1479.61,368.4,1102.47,8664.3,71.09,860,0,10,408,54,627,300,4,300,0,116.05,31.94,302.78,798.68,848.7,15,0,0,99,222,206,638,0.89
place,beanstalk module hard,module sets,"{""placement_fallback"": ""wait"", ""placement_model"": ""module""}",beanstalk,1,100,1000,10,True,1000,209.8044,4.7663,4.8197,11.501,66.726,22.834,2.0,0.16,0.02,97.82,420.41,33.49,3.68,20522.86,20334.07,69.82,12520.8,9.95,1246,0,10,12,6,519,178,1,178,0,66.22,23.98,20.17,165.43,35.2,5,0,0,68,69,125,1177,0.11
place,beanstalk module hard,module sets,"{""placement_fallback"": ""wait"", ""placement_model"": ""module""}",beanstalk,0,100,1000,10,True,1000,228.4542,4.3772,4.6832,11.647,82.352,25.497,1.83,0.14,0.02,98.02,417.26,32.12,3.71,22392.33,22209.42,80.98,12686.5,9.26,1263,0,10,8,2,548,186,0,186,0,68.74,23.39,22.1,194.52,56.4,4,0,0,77,77,124,1186,0.19
place,beanstalk module hard,module sets,"{""placement_fallback"": ""wait"", ""placement_model"": ""module""}",beanstalk,4,100,1000,10,True,1000,231.0621,4.3278,4.6492,11.561,74.37,24.697,1.89,0.15,0.02,97.94,436.73,34.47,3.72,22631.28,22238.06,216.43,12907.3,9.31,1279,0,9,9,4,539,193,1,193,0,77.17,23.96,24.2,161.45,104.3,3,0,0,77,77,132,1202,0.11
place,beanstalk module hard,module sets,"{""placement_fallback"": ""wait"", ""placement_model"": ""module""}",beanstalk,5,100,1000,10,True,1000,220.8962,4.527,4.5112,11.241,62.807,21.739,1.95,0.15,0.02,97.88,431.22,32.37,3.67,21622.35,21404.16,36.67,12538.2,9.46,1251,0,10,10,1,489,182,0,182,0,62.02,22.85,21.97,175.89,26.2,3,0,0,66,65,132,1185,0.11
place,beanstalk module hard,module sets,"{""placement_fallback"": ""wait"", ""placement_model"": ""module""}",beanstalk,6,100,1000,10,True,1000,232.5288,4.3005,4.4444,12.012,85.089,27.696,1.83,0.17,0.02,97.98,425.13,40.65,3.79,22783.31,22516.38,160.16,12971.0,9.3,1295,0,10,18,2,592,209,1,209,0,63.91,24.3,27.05,193.43,86.8,3,0,0,80,80,144,1215,0.12
place,beanstalk module hard,module sets,"{""placement_fallback"": ""wait"", ""placement_model"": ""module""}",beanstalk,7,100,1000,10,True,1000,202.7672,4.9318,5.0933,11.065,69.499,22.265,2.1,0.16,0.02,97.73,425.68,31.51,3.63,19815.9,19517.7,157.06,12253.6,10.07,1223,0,10,16,1,470,155,4,155,0,62.77,24.37,20.54,138.65,53.7,3,0,0,63,64,113,1159,0.11
place,beanstalk module hard,module sets,"{""placement_fallback"": ""wait"", ""placement_model"": ""module""}",beanstalk,8,100,1000,10,True,1000,212.9531,4.6959,4.8142,11.767,122.192,29.829,1.93,0.16,0.02,97.89,411.47,33.39,3.72,20846.74,20651.49,76.82,12686.0,9.93,1255,0,10,16,4,534,186,0,186,0,52.91,23.11,22.43,186.7,29.3,4,0,0,70,70,128,1185,0.11
place,beanstalk module hard,module sets,"{""placement_fallback"": ""wait"", ""placement_model"": ""module""}",beanstalk,2,100,1000,10,True,1000,230.9317,4.3303,4.4654,11.123,55.245,20.066,1.88,0.12,0.02,97.98,434.8,27.49,3.65,22627.22,22442.71,26.0,12572.1,9.07,1249,0,10,11,3,450,171,0,171,0,47.07,22.64,19.85,142.26,11.7,3,0,0,73,73,114,1176,0.45
place,beanstalk module soft,module sets,"{""placement_fallback"": ""least-overlap"", ""placement_model"": ""module""}",beanstalk,7,100,1000,10,True,1000,17.2298,58.039,55.215,469.769,857.817,464.37,24.71,9.01,0.43,65.85,425.68,155.19,7.49,1134.62,5.27,1111.97,7157.6,69.24,713,0,10,612,89,487,276,5,276,896,121.7,33.49,368.14,859.54,789.6,19,0,0,79,212,202,501,0.64
place,beanstalk module hard,module sets,"{""placement_fallback"": ""wait"", ""placement_model"": ""module""}",beanstalk,9,100,1000,10,True,1000,228.8874,4.369,4.4905,11.414,68.861,22.826,1.89,0.15,0.02,97.94,433.66,34.7,3.7,22416.68,22022.41,216.79,12693.5,9.24,1258,0,9,13,4,497,186,2,186,0,114.95,23.9,23.99,154.49,107.2,4,0,0,67,67,133,1191,0.11
place,beanstalk module hard,module sets,"{""placement_fallback"": ""wait"", ""placement_model"": ""module""}",beanstalk,3,100,1000,10,True,1000,199.2013,5.02,5.1394,11.916,71.113,25.195,1.97,0.16,0.02,97.85,392.43,31.69,3.69,19492.31,19253.04,75.32,12886.2,10.78,1276,0,10,3,4,560,198,0,198,0,52.89,22.59,21.64,161.03,17.6,4,0,0,72,72,140,1204,0.45
place,beanstalk module soft,module sets,"{""placement_fallback"": ""least-overlap"", ""placement_model"": ""module""}",beanstalk,9,100,1000,10,True,1000,21.5504,46.4028,42.6695,703.854,1116.912,687.121,20.12,7.3,0.33,72.25,433.66,157.28,7.05,1557.05,19.41,1436.95,7964.6,61.6,792,0,10,514,61,562,317,7,317,910,114.61,33.56,499.23,1123.52,1058.8,23,0,0,86,228,239,564,0.63
rho,beanstalk soft,,"{""flag_recall"": 0.4}",beanstalk,0,100,1000,10,True,1000,17.4606,57.2719,65.4566,233.192,380.685,239.062,23.9,8.83,0.43,66.85,417.26,154.13,7.5,1167.16,11.72,1085.51,7548.1,72.05,750,0,10,587,80,421,301,5,301,927,141.41,37.17,173.26,385.59,823.5,25,0,0,101,316,205,434,0.26
rho,beanstalk soft,,"{""flag_recall"": 0.4}",beanstalk,1,100,1000,10,True,1000,17.7188,56.4372,87.3053,218.338,494.184,256.616,23.73,8.24,0.42,67.62,420.41,145.96,7.36,1198.16,3.29,1165.5,7606.3,71.55,755,0,10,573,66,457,285,4,285,919,130.84,35.56,187.3,499.99,860.3,17,0,0,87,282,203,473,0.56
rho,beanstalk soft,,"{""flag_recall"": 0.4}",beanstalk,3,100,1000,10,True,1000,18.1813,55.0016,,639.997,1071.66,659.848,21.58,7.89,0.41,70.12,392.43,143.38,7.47,1274.85,17.63,1094.1,7613.8,69.8,754,0,10,558,70,469,314,6,314,898,149.73,33.18,545.44,1090.88,833.8,20,0,0,98,284,222,470,0.61
rho,beanstalk soft,,"{""flag_recall"": 0.4}",beanstalk,7,100,1000,10,True,1000,17.1452,58.3252,63.2265,343.105,746.357,382.356,24.83,8.32,0.42,66.43,425.68,142.68,7.21,1138.96,2.34,1086.64,7383.6,71.78,738,0,10,538,87,468,279,3,279,920,155.97,34.43,290.43,749.75,819.3,17,0,0,84,255,198,483,0.25
rho,beanstalk soft,,"{""flag_recall"": 0.4}",beanstalk,2,100,1000,10,True,1000,15.4524,64.7151,73.0501,293.779,645.494,330.971,28.14,8.74,0.47,62.65,434.8,135.05,7.22,968.16,2.68,949.87,7210.3,77.77,717,0,10,537,70,424,264,3,264,941,123.66,35.49,266.17,652.78,714.0,26,0,0,88,289,179,428,0.83
rho,beanstalk soft,,"{""flag_recall"": 0.4}",beanstalk,5,100,1000,10,True,1000,19.386,51.5836,126.8088,361.784,767.136,424.388,22.24,8.74,0.4,68.62,431.22,169.42,7.69,1330.27,8.07,1303.7,7566.7,65.05,754,0,10,624,64,496,321,1,321,930,143.67,32.76,318.42,773.11,943.4,20,0,0,91,254,231,500,0.86
rho,beanstalk soft,,"{""flag_recall"": 0.4}",beanstalk,8,100,1000,10,True,1000,18.5967,53.773,81.5723,304.655,473.653,282.835,22.13,7.93,0.41,69.54,411.47,147.4,7.65,1293.15,8.34,1140.81,7667.9,68.72,760,0,10,604,58,405,307,6,307,901,128.91,36.19,188.78,476.95,826.5,23,0,0,109,334,205,426,0.38
rho,beanstalk soft,,"{""flag_recall"": 0.4}",beanstalk,4,100,1000,10,True,1000,18.4288,54.2629,206.8328,454.682,851.582,449.16,23.7,9.07,0.4,66.82,436.73,167.21,7.45,1231.5,1.89,1180.49,8046.1,72.77,796,0,10,604,92,524,310,1,310,904,133.41,34.12,356.18,856.62,914.8,20,0,0,97,266,214,530,1.07
rho,beanstalk hard,,"{""flag_recall"": 0.4, ""placement_fallback"": ""wait""}",beanstalk,0,100,1000,10,True,1000,41.5163,24.0869,28.2948,96.775,384.502,132.81,10.05,1.71,0.11,88.13,417.26,71.04,4.44,3658.89,3067.2,479.53,12979.8,52.11,1292,0,10,156,19,1127,227,1,227,0,78.8,25.8,104.3,480.87,353.5,6,0,0,77,84,152,1208,0.42
rho,beanstalk soft,,"{""flag_recall"": 0.4}",beanstalk,6,100,1000,10,True,1000,21.1026,47.3876,67.9553,304.353,450.392,278.079,20.15,8.05,0.38,71.43,425.13,169.82,8.05,1507.26,2.16,1469.38,9017.6,71.22,900,0,10,632,104,392,362,11,362,922,273.4,43.42,182.21,453.75,1032.6,40,0,0,129,498,244,402,1.26
rho,beanstalk hard,,"{""flag_recall"": 0.4, ""placement_fallback"": ""wait""}",beanstalk,1,100,1000,10,True,1000,40.0285,24.9822,26.3913,97.336,305.493,116.572,10.5,1.69,0.11,87.7,420.41,67.7,4.33,3510.42,2954.93,427.9,12617.8,52.54,1256,0,10,139,41,1089,214,2,214,0,106.62,25.49,98.64,370.02,310.9,6,0,0,64,65,153,1191,0.7
rho,beanstalk hard,,"{""flag_recall"": 0.4, ""placement_fallback"": ""wait""}",beanstalk,2,100,1000,10,True,1000,38.2323,26.1559,27.0278,71.768,259.298,92.648,11.37,1.51,0.11,87.01,434.8,57.69,4.3,3326.44,3033.46,186.93,12645.5,55.13,1266,0,10,135,18,1067,204,3,204,0,62.96,23.87,75.09,318.77,139.5,6,0,0,73,80,134,1186,0.78
rho,beanstalk soft,,"{""flag_recall"": 0.4}",beanstalk,9,100,1000,10,True,1000,19.1394,52.2483,126.3769,353.914,714.982,375.06,22.66,8.22,0.38,68.74,433.66,157.33,7.31,1315.64,2.32,1300.18,8079.1,70.35,807,0,10,549,66,471,320,7,320,929,157.68,36.45,284.09,718.48,948.3,20,0,0,102,322,225,485,1.03
rho,beanstalk hard,,"{""flag_recall"": 0.4, ""placement_fallback"": ""wait""}",beanstalk,4,100,1000,10,True,1000,41.2832,24.2229,34.4723,97.011,338.664,129.778,10.58,1.77,0.11,87.55,436.73,72.88,4.49,3614.22,3079.32,382.01,13024.5,52.58,1291,0,10,149,38,1094,243,1,243,0,103.82,24.73,108.22,376.16,306.0,6,0,0,82,87,164,1204,0.62
rho,beanstalk hard,,"{""flag_recall"": 0.4, ""placement_fallback"": ""wait""}",beanstalk,3,100,1000,10,True,1000,37.0093,27.0202,31.0763,120.878,324.619,138.928,10.6,2.0,0.12,87.27,392.43,73.98,4.62,3229.89,2448.49,644.41,13349.5,60.12,1328,0,10,159,30,1194,271,1,271,0,79.02,24.4,114.27,429.05,397.9,7,0,0,88,94,185,1234,0.73
rho,beanstalk hard,,"{""flag_recall"": 0.4, ""placement_fallback"": ""wait""}",beanstalk,7,100,1000,10,True,1000,39.8011,25.1249,30.9877,125.693,304.616,134.082,10.7,1.55,0.11,87.65,425.68,61.56,4.33,3488.54,2961.92,397.97,12586.0,52.7,1249,0,10,138,24,1070,206,1,206,0,117.95,25.83,107.2,369.83,327.4,7,0,0,63,69,148,1180,0.2
rho,beanstalk hard,,"{""flag_recall"": 0.4, ""placement_fallback"": ""wait""}",beanstalk,6,100,1000,10,True,1000,44.5707,22.4362,23.9426,92.436,349.444,123.202,9.54,1.89,0.1,88.46,425.13,84.37,4.65,3942.92,2980.89,858.94,13415.0,50.16,1336,0,10,162,37,1144,272,3,272,0,164.59,26.09,98.24,417.85,709.7,6,0,0,90,95,189,1241,0.4
rho,beanstalk hard,,"{""flag_recall"": 0.4, ""placement_fallback"": ""wait""}",beanstalk,5,100,1000,10,True,1000,44.1994,22.6248,22.0611,70.748,257.477,95.139,9.76,1.55,0.1,88.59,431.22,68.64,4.32,3915.76,3289.29,515.53,12553.1,47.34,1252,0,10,142,21,1028,205,1,205,0,148.28,25.81,76.73,293.07,464.3,6,0,0,62,63,146,1189,0.69
rho,beanstalk hard,,"{""flag_recall"": 0.4, ""placement_fallback"": ""wait""}",beanstalk,8,100,1000,10,True,1000,39.3723,25.3986,24.4079,137.517,577.572,193.999,10.45,1.71,0.11,87.73,411.47,67.33,4.43,3453.99,2884.67,464.44,12997.7,55.02,1289,0,10,143,17,1133,232,1,232,0,87.32,25.16,166.11,679.17,340.5,6,0,0,77,82,158,1207,0.49
rho,beanstalk soft,,"{""flag_recall"": 0.6}",beanstalk,0,100,1000,10,True,1000,17.1821,58.2001,89.3758,185.783,404.128,228.923,24.28,8.95,0.45,66.32,417.26,153.71,7.73,1139.51,5.0,1107.89,7857.6,76.22,784,0,10,639,76,372,293,8,293,933,153.37,39.17,159.5,421.99,793.4,22,0,0,110,396,194,388,0.6
rho,beanstalk hard,,"{""flag_recall"": 0.4, ""placement_fallback"": ""wait""}",beanstalk,9,100,1000,10,True,1000,41.0047,24.3875,28.8233,97.118,285.301,117.528,10.58,1.56,0.11,87.75,433.66,64.14,4.4,3598.27,3051.04,424.44,12646.8,51.4,1259,0,10,138,29,1088,220,1,220,0,98.81,25.39,90.3,351.0,357.1,6,0,0,68,77,154,1182,0.74
rho,beanstalk soft,,"{""flag_recall"": 0.6}",beanstalk,2,100,1000,10,True,1000,16.2423,61.5677,81.2604,336.497,573.566,326.57,26.77,8.56,0.44,64.23,434.8,139.03,7.1,1043.3,1.61,1019.95,7493.1,76.89,748,0,10,531,76,414,280,8,280,936,118.96,36.69,238.88,578.95,759.0,23,0,0,91,313,198,435,0.72
rho,beanstalk soft,,"{""flag_recall"": 0.6}",beanstalk,4,100,1000,10,True,1000,17.3003,57.8026,54.8325,236.144,619.289,288.526,25.24,10.03,0.45,64.28,436.73,173.52,7.79,1111.99,0.8,1095.51,7817.7,75.31,774,0,10,629,71,433,327,6,327,945,127.37,36.59,224.53,623.99,871.4,22,0,0,103,329,230,445,0.6
rho,beanstalk soft,,"{""flag_recall"": 0.6}",beanstalk,1,100,1000,10,True,1000,19.4256,51.4785,68.4788,249.624,520.518,260.637,21.64,7.74,0.37,70.24,420.41,150.43,7.25,1364.48,4.06,1197.29,7189.2,61.68,715,0,10,552,71,472,273,8,273,912,138.21,34.03,176.58,523.45,875.8,20,0,0,82,227,199,488,0.98
rho,beanstalk soft,,"{""flag_recall"": 0.6}",beanstalk,5,100,1000,10,True,1000,18.0638,55.3593,,568.651,1017.391,571.294,23.87,8.64,0.41,67.08,431.22,156.05,7.41,1211.7,4.64,1153.8,7842.0,72.35,779,0,10,570,58,526,310,3,310,926,136.08,34.0,484.41,1023.5,900.3,24,0,0,85,249,228,530,0.62
rho,beanstalk soft,,"{""flag_recall"": 0.6}",beanstalk,3,100,1000,10,True,1000,18.2611,54.7611,,561.438,989.618,561.466,21.49,8.13,0.43,69.96,392.43,148.39,7.83,1277.46,6.62,1171.99,7800.7,71.2,775,0,10,615,91,419,320,1,320,911,113.13,36.29,453.49,994.51,817.7,32,0,0,101,352,220,423,1.01
rho,beanstalk soft,,"{""flag_recall"": 0.6}",beanstalk,6,100,1000,10,True,1000,21.4531,46.6134,60.0283,311.927,790.928,388.342,19.82,7.7,0.37,72.12,425.13,165.09,7.83,1547.25,2.79,1474.99,8479.6,65.88,847,0,10,613,89,410,350,7,350,908,185.19,38.69,286.62,792.83,982.8,24,0,0,116,420,241,427,0.8
rho,beanstalk soft,,"{""flag_recall"": 0.6}",beanstalk,7,100,1000,10,True,1000,16.9864,58.8706,60.4586,239.901,516.439,267.159,25.06,9.25,0.43,65.26,425.68,157.04,7.36,1108.56,12.15,989.87,7221.8,70.86,722,0,10,580,91,480,289,6,289,906,162.94,33.15,178.92,519.0,804.6,18,0,0,80,217,217,505,0.65
rho,beanstalk soft,,"{""flag_recall"": 0.6}",beanstalk,9,100,1000,10,True,1000,16.9303,59.0657,63.339,344.863,748.282,407.027,25.61,8.61,0.42,65.36,433.66,145.72,7.06,1106.59,3.54,1092.38,7412.0,72.97,741,0,10,497,68,471,307,4,307,919,113.23,33.72,312.21,753.15,799.9,21,0,0,90,266,221,475,0.66
rho,beanstalk hard,,"{""flag_recall"": 0.6, ""placement_fallback"": ""wait""}",beanstalk,0,100,1000,10,True,1000,44.0401,22.7066,26.9078,116.655,462.994,157.08,9.47,1.56,0.1,88.87,417.26,68.52,4.43,3913.8,3259.71,532.31,13141.0,49.73,1312,0,10,128,29,1120,246,3,246,0,105.68,26.11,125.61,535.48,485.1,6,0,0,87,93,166,1219,0.55
rho,beanstalk hard,,"{""flag_recall"": 0.6, ""placement_fallback"": ""wait""}",beanstalk,1,100,1000,10,True,1000,39.1047,25.5724,26.4038,82.873,547.454,145.172,10.75,1.46,0.11,87.68,420.41,57.24,4.18,3428.64,2974.25,331.27,12673.8,54.02,1261,0,10,97,32,1077,211,2,211,0,65.05,24.89,127.78,637.17,254.7,5,0,0,62,67,153,1194,0.51
rho,beanstalk soft,,"{""flag_recall"": 0.6}",beanstalk,8,100,1000,10,True,1000,17.3299,57.7037,151.7183,319.068,704.106,386.691,23.74,9.21,0.45,66.6,411.47,159.57,7.77,1154.18,0.79,1111.64,7336.4,70.56,727,0,10,632,63,477,299,6,299,927,154.0,32.74,287.83,707.84,855.3,19,0,0,88,242,217,485,0.84
rho,beanstalk hard,,"{""flag_recall"": 0.6, ""placement_fallback"": ""wait""}",beanstalk,4,100,1000,10,True,1000,43.6711,22.8984,27.583,115.289,469.751,161.789,10.0,1.57,0.1,88.33,436.73,68.67,4.31,3857.4,3155.05,551.62,13021.8,49.7,1297,0,10,122,34,1133,232,1,232,0,86.38,26.2,132.01,510.41,483.0,7,0,0,72,77,162,1220,0.37
rho,beanstalk hard,,"{""flag_recall"": 0.6, ""placement_fallback"": ""wait""}",beanstalk,6,100,1000,10,True,1000,44.8488,22.2972,24.2359,139.917,742.538,230.131,9.48,1.6,0.1,88.83,425.13,71.56,4.41,3983.78,3255.01,630.18,13141.4,48.84,1311,0,10,123,40,1155,247,3,247,0,102.96,26.01,196.64,853.84,450.0,8,0,0,86,95,167,1216,0.31
rho,beanstalk hard,,"{""flag_recall"": 0.6, ""placement_fallback"": ""wait""}",beanstalk,3,100,1000,10,True,1000,39.3337,25.4235,32.4898,107.161,293.829,124.716,9.98,1.65,0.11,88.26,392.43,64.79,4.42,3471.72,2694.2,676.73,13033.0,55.22,1299,0,10,106,28,1152,261,0,261,0,100.35,25.07,97.58,334.79,519.4,7,0,0,79,88,182,1211,0.83
rho,beanstalk hard,,"{""flag_recall"": 0.6, ""placement_fallback"": ""wait""}",beanstalk,2,100,1000,10,True,1000,40.6182,24.6195,25.3734,88.902,392.555,123.009,10.7,1.31,0.1,87.88,434.8,53.39,4.21,3569.42,3109.75,334.18,12661.5,51.95,1264,0,10,99,30,1060,208,2,208,0,102.31,24.45,97.35,485.16,248.4,7,0,0,73,81,140,1183,0.92
rho,beanstalk hard,,"{""flag_recall"": 0.6, ""placement_fallback"": ""wait""}",beanstalk,7,100,1000,10,True,1000,38.5641,25.9308,26.9902,72.112,282.972,100.612,11.04,1.41,0.11,87.45,425.68,54.23,4.12,3372.39,2928.01,318.48,12517.4,54.1,1242,0,10,93,35,1052,197,0,197,0,82.51,25.61,86.45,414.43,239.2,5,0,0,62,66,138,1176,0.64
rho,beanstalk hard,,"{""flag_recall"": 0.6, ""placement_fallback"": ""wait""}",beanstalk,5,100,1000,10,True,1000,42.5,23.5294,25.4502,77.462,230.978,94.701,10.15,1.45,0.1,88.31,431.22,61.42,4.34,3753.02,3214.67,426.64,12738.7,49.96,1272,0,10,116,31,1086,226,0,226,0,135.57,24.65,75.73,301.43,343.4,5,0,0,62,68,165,1204,0.84
rho,beanstalk hard,,"{""flag_recall"": 0.6, ""placement_fallback"": ""wait""}",beanstalk,8,100,1000,10,True,1000,37.113,26.9447,27.736,119.784,341.039,143.122,11.09,1.54,0.11,87.26,411.47,56.98,4.25,3238.61,2756.11,374.73,12923.0,58.03,1286,0,10,100,48,1131,227,2,227,0,76.32,24.64,125.23,447.16,257.6,6,0,0,78,87,153,1199,0.47
rho,beanstalk hard,,"{""flag_recall"": 0.6, ""placement_fallback"": ""wait""}",beanstalk,9,100,1000,10,True,1000,43.4304,23.0254,30.4042,117.659,450.793,156.803,9.99,1.52,0.1,88.39,433.66,66.1,4.31,3838.97,3110.29,594.59,12865.1,49.37,1275,0,10,110,24,1099,231,0,231,0,113.98,25.82,127.46,536.19,515.8,6,0,0,70,73,164,1202,0.48
rho,beanstalk soft,,"{""flag_recall"": 0.8}",beanstalk,0,100,1000,10,True,1000,22.1005,45.2478,52.2335,362.86,606.224,331.374,18.88,7.11,0.33,73.68,417.26,157.12,7.36,1628.31,8.36,1580.87,8343.2,62.92,829,0,10,541,89,427,332,9,332,916,171.83,39.15,232.42,608.79,1016.4,23,0,0,114,381,227,448,0.81
rho,beanstalk soft,,"{""flag_recall"": 0.8}",beanstalk,1,100,1000,10,True,1000,18.8263,53.1173,97.4089,326.868,546.15,337.537,22.33,8.19,0.39,69.09,420.41,154.21,7.38,1300.63,2.06,1286.72,7375.0,65.29,734,0,10,557,68,436,295,4,295,923,193.93,36.29,247.96,566.51,901.8,23,0,0,84,289,215,445,0.92
rho,beanstalk soft,,"{""flag_recall"": 0.8}",beanstalk,5,100,1000,10,True,1000,15.4764,64.6146,62.3201,148.911,420.604,197.751,27.86,9.7,0.48,61.95,431.22,150.19,7.46,958.76,2.55,936.21,6919.7,74.52,687,0,10,573,69,427,292,2,292,941,96.84,33.19,139.77,424.4,724.7,20,0,0,81,249,213,438,0.94
rho,beanstalk soft,,"{""flag_recall"": 0.8}",beanstalk,2,100,1000,10,True,1000,18.1227,55.1795,57.2397,234.456,649.6,321.678,23.99,7.5,0.4,68.12,434.8,135.86,7.17,1234.43,12.09,1156.39,7952.1,73.13,793,0,10,508,63,366,295,12,295,915,182.78,40.77,234.58,653.22,808.7,24,0,0,104,402,204,391,1.15
rho,beanstalk soft,,"{""flag_recall"": 0.8}",beanstalk,4,100,1000,10,True,1000,18.5429,53.9289,189.8102,398.514,807.626,422.489,23.55,8.69,0.39,67.37,436.73,161.06,7.31,1249.19,1.96,1241.79,8175.9,73.49,811,0,10,561,68,466,311,6,311,930,165.03,35.86,324.19,813.0,938.4,22,0,0,104,333,213,478,1.14
rho,beanstalk soft,,"{""flag_recall"": 0.8}",beanstalk,3,100,1000,10,True,1000,18.2276,54.8619,67.4906,367.708,703.234,390.902,21.53,8.38,0.44,69.65,392.43,152.69,8.01,1269.62,2.31,1261.61,7787.8,71.21,775,0,10,620,99,378,356,6,356,910,144.98,36.3,288.61,703.24,896.7,25,0,0,111,385,251,390,1.19
rho,beanstalk soft,,"{""flag_recall"": 0.8}",beanstalk,8,100,1000,10,True,1000,16.89,59.2067,112.1361,349.848,565.91,331.56,24.36,9.07,0.44,66.13,411.47,153.27,7.4,1116.87,2.05,1070.18,7812.8,77.1,774,0,10,579,60,489,299,9,299,933,161.01,33.98,249.09,569.9,859.7,20,0,0,97,273,211,500,0.58
rho,beanstalk hard,,"{""flag_recall"": 0.8, ""placement_fallback"": ""wait""}",beanstalk,1,100,1000,10,True,1000,39.3215,25.4314,27.435,64.623,161.726,73.116,10.69,1.3,0.1,87.91,420.41,50.93,4.08,3456.73,2952.21,380.61,12833.4,54.4,1272,0,10,66,31,1093,214,0,214,0,74.15,25.28,54.26,191.11,275.7,5,0,0,71,74,146,1198,0.39
rho,beanstalk soft,,"{""flag_recall"": 0.8}",beanstalk,7,100,1000,10,True,1000,17.4398,57.3401,,561.824,943.121,544.516,24.41,8.69,0.42,66.49,425.68,151.51,7.25,1159.54,11.69,1044.85,7407.8,70.79,740,0,10,559,92,487,285,3,285,922,153.17,35.0,429.34,945.84,797.6,18,0,0,82,247,206,493,1.03
rho,beanstalk soft,,"{""flag_recall"": 0.8}",beanstalk,6,100,1000,10,True,1000,18.2689,54.7378,,657.967,1011.845,614.057,23.27,8.41,0.4,67.92,425.13,153.71,7.27,1240.78,3.62,1106.77,7717.0,70.4,767,0,10,553,84,496,312,2,312,922,149.43,34.17,472.06,1015.53,882.5,19,0,0,97,265,217,502,1.24
rho,beanstalk hard,,"{""flag_recall"": 0.8, ""placement_fallback"": ""wait""}",beanstalk,0,100,1000,10,True,1000,40.9164,24.4401,24.8276,108.756,400.497,142.547,10.2,1.6,0.1,88.1,417.26,65.32,4.28,3604.78,3030.84,469.64,13097.4,53.35,1302,0,10,82,36,1145,244,5,244,0,89.16,26.12,120.76,489.1,351.1,7,0,0,83,89,166,1213,0.76
rho,beanstalk soft,,"{""flag_recall"": 0.8}",beanstalk,9,100,1000,10,True,1000,18.5116,54.0203,55.2371,153.49,301.596,172.396,23.43,7.93,0.39,68.25,433.66,146.8,7.31,1263.39,9.87,1191.19,7135.4,64.24,713,0,10,545,63,402,287,7,287,926,155.46,34.72,101.95,305.73,864.7,26,0,0,87,289,207,424,0.89
rho,beanstalk hard,,"{""flag_recall"": 0.8, ""placement_fallback"": ""wait""}",beanstalk,5,100,1000,10,True,1000,39.8365,25.1026,25.9429,93.107,435.108,132.849,10.82,1.4,0.11,87.67,431.22,55.96,4.19,3492.28,2915.45,468.43,12818.4,53.63,1279,0,10,77,18,1089,230,0,230,0,78.71,24.73,111.3,530.71,358.5,8,0,0,63,69,168,1210,0.55
rho,beanstalk hard,,"{""flag_recall"": 0.8, ""placement_fallback"": ""wait""}",beanstalk,2,100,1000,10,True,1000,40.6698,24.5883,26.0714,63.146,317.181,96.074,10.69,1.21,0.1,88.0,434.8,49.06,4.13,3578.98,3121.96,337.08,12700.7,52.05,1268,0,10,64,29,1071,218,2,218,0,109.16,24.22,83.8,449.8,273.0,6,0,0,68,69,153,1199,0.91
rho,beanstalk hard,,"{""flag_recall"": 0.8, ""placement_fallback"": ""wait""}",beanstalk,3,100,1000,10,True,1000,35.9548,27.8127,29.9901,139.876,621.082,205.018,10.91,1.58,0.12,87.39,392.43,56.7,4.23,3142.12,2565.11,465.84,12877.0,59.69,1281,0,10,63,43,1142,247,2,247,0,87.48,24.91,175.8,704.36,327.2,6,0,0,80,85,172,1196,0.92
rho,beanstalk hard,,"{""flag_recall"": 0.8, ""placement_fallback"": ""wait""}",beanstalk,4,100,1000,10,True,1000,41.0212,24.3777,32.4918,104.453,601.243,183.775,10.65,1.41,0.1,87.84,436.73,57.87,4.22,3603.3,2939.66,514.13,13081.1,53.15,1305,0,10,67,39,1137,243,0,243,0,80.61,24.79,140.15,675.58,391.8,7,0,0,76,78,169,1227,0.75
rho,beanstalk hard,,"{""flag_recall"": 0.8, ""placement_fallback"": ""wait""}",beanstalk,8,100,1000,10,True,1000,37.9296,26.3646,29.5148,150.663,423.94,175.665,10.85,1.52,0.11,87.52,411.47,57.56,4.2,3319.74,2680.0,534.75,12886.8,56.63,1284,0,10,67,23,1153,240,1,240,0,86.01,25.54,150.64,490.08,404.3,7,0,0,74,80,167,1204,0.28
rho,beanstalk hard,,"{""flag_recall"": 0.8, ""placement_fallback"": ""wait""}",beanstalk,6,100,1000,10,True,1000,42.6305,23.4574,25.6793,91.861,326.92,122.513,9.97,1.39,0.1,88.54,425.13,59.07,4.24,3774.62,3229.74,445.85,13030.2,50.94,1296,0,10,61,31,1115,248,2,248,0,96.43,25.2,98.13,439.57,381.6,7,0,0,80,86,172,1210,0.93
rho,beanstalk soft,,"{""flag_recall"": 1.0}",beanstalk,2,100,1000,10,True,1000,18.426,54.2711,61.866,233.107,587.492,298.095,23.6,7.28,0.39,68.72,434.8,134.23,7.28,1266.29,1.66,1244.51,7868.4,71.17,782,0,10,535,74,369,284,6,284,924,174.14,40.44,201.9,599.78,867.3,24,0,0,101,392,189,390,0.38
rho,beanstalk hard,,"{""flag_recall"": 0.8, ""placement_fallback"": ""wait""}",beanstalk,7,100,1000,10,True,1000,40.4531,24.72,29.5393,98.24,256.515,112.127,10.52,1.32,0.1,88.06,425.68,53.4,4.07,3562.16,3058.34,370.74,12461.4,51.34,1241,0,10,64,44,1077,202,2,202,0,147.8,25.95,90.67,312.77,335.2,6,0,0,63,68,144,1173,1.27
rho,beanstalk hard,,"{""flag_recall"": 0.8, ""placement_fallback"": ""wait""}",beanstalk,9,100,1000,10,True,1000,41.4949,24.0993,33.1429,115.392,551.479,178.63,10.45,1.41,0.1,88.04,433.66,58.66,4.12,3653.06,2945.35,587.51,13176.4,52.92,1307,0,10,62,28,1134,238,2,238,0,95.04,25.68,149.73,620.13,418.9,6,0,0,79,84,168,1223,0.98
rho,beanstalk soft,,"{""flag_recall"": 1.0}",beanstalk,1,100,1000,10,True,1000,19.405,51.5331,61.4344,320.242,387.721,280.865,21.66,7.98,0.38,69.97,420.41,154.94,7.32,1357.84,2.04,1335.07,7764.1,66.68,769,0,10,519,68,450,321,4,321,921,193.83,36.3,186.68,388.98,1017.6,21,0,0,96,309,230,460,1.31
rho,beanstalk soft,,"{""flag_recall"": 1.0}",beanstalk,5,100,1000,10,True,1000,16.8689,59.2807,400.0582,425.909,816.228,438.735,25.56,9.3,0.45,64.69,431.22,156.83,7.56,1091.28,4.78,923.47,7381.8,72.93,732,0,10,601,67,483,304,4,304,935,149.07,33.26,342.84,823.17,784.0,20,0,0,87,242,222,490,0.76
rho,beanstalk soft,,"{""flag_recall"": 1.0}",beanstalk,4,100,1000,10,True,1000,19.3372,51.7138,56.1917,381.513,845.672,461.086,22.58,8.41,0.39,68.62,436.73,162.61,7.49,1326.89,4.51,1277.08,8215.8,70.81,814,0,10,575,66,473,341,7,341,927,161.89,35.6,348.55,851.28,931.4,22,0,0,105,331,243,483,0.96
rho,beanstalk soft,,"{""flag_recall"": 1.0}",beanstalk,0,100,1000,10,True,1000,19.8577,50.3583,69.4158,315.437,681.713,337.72,21.01,7.2,0.37,71.42,417.26,142.99,7.38,1418.14,12.68,1226.29,7818.3,65.62,781,0,10,557,80,442,303,7,303,932,151.4,36.48,250.92,690.62,842.1,22,0,0,97,325,214,456,1.66
rho,beanstalk soft,,"{""flag_recall"": 1.0}",beanstalk,3,100,1000,10,True,1000,19.2724,51.8876,57.3563,458.558,827.541,455.129,20.36,7.68,0.4,71.55,392.43,148.02,7.76,1379.03,3.73,1354.2,8016.0,69.32,795,0,10,588,87,377,314,11,314,928,193.34,40.12,330.31,835.83,900.6,27,0,0,104,415,221,380,1.36
rho,beanstalk soft,,"{""flag_recall"": 1.0}",beanstalk,6,100,1000,10,True,1000,19.4855,51.3202,51.2468,272.623,577.635,305.364,21.82,9.04,0.4,68.74,425.13,176.22,7.74,1339.47,6.93,1311.93,8401.9,71.86,834,0,10,614,78,421,347,10,347,929,215.53,41.21,206.29,581.03,936.9,35,0,0,109,394,248,440,1.08
rho,beanstalk soft,,"{""flag_recall"": 1.0}",beanstalk,7,100,1000,10,True,1000,16.252,61.5308,71.8527,236.021,653.933,309.896,26.19,8.83,0.44,64.54,425.68,143.59,7.1,1048.84,11.82,929.1,7097.7,72.79,709,0,10,540,95,478,273,4,273,919,140.48,33.78,244.36,657.85,742.8,18,0,0,73,217,205,492,0.86
rho,beanstalk soft,,"{""flag_recall"": 1.0}",beanstalk,9,100,1000,10,True,1000,17.7491,56.3407,58.0113,190.81,338.79,205.571,24.43,8.07,0.41,67.09,433.66,143.32,7.21,1190.73,6.64,1041.98,7148.9,67.13,713,0,10,534,62,455,291,6,291,926,112.42,32.54,126.5,342.05,785.1,21,0,0,88,247,209,466,0.83
rho,beanstalk hard,,"{""flag_recall"": 1.0, ""placement_fallback"": ""wait""}",beanstalk,1,100,1000,10,True,1000,40.067,24.9582,36.0779,178.019,550.674,216.547,10.49,1.26,0.1,88.15,420.41,50.42,3.96,3531.91,2938.09,466.7,12848.4,53.45,1276,0,10,23,35,1144,218,5,218,0,106.69,26.37,184.97,624.82,391.5,7,0,0,69,74,154,1202,0.81
rho,beanstalk soft,,"{""flag_recall"": 1.0}",beanstalk,8,100,1000,10,True,1000,16.0429,62.3329,123.7023,328.447,554.952,313.295,25.65,9.02,0.47,64.86,411.47,144.78,7.53,1040.5,0.65,1037.93,7727.1,80.28,764,0,10,572,66,451,306,4,306,927,160.89,34.8,239.73,559.05,820.7,28,0,0,102,304,208,460,1.18
rho,beanstalk hard,,"{""flag_recall"": 1.0, ""placement_fallback"": ""wait""}",beanstalk,0,100,1000,10,True,1000,41.6566,24.0058,25.1012,117.104,489.361,167.879,10.02,1.38,0.1,88.51,417.26,57.36,4.12,3686.91,2822.37,759.45,13177.5,52.72,1311,0,10,39,40,1144,249,2,249,0,114.88,26.75,133.73,555.62,581.1,8,0,0,86,91,167,1220,1.06
rho,beanstalk hard,,"{""flag_recall"": 1.0, ""placement_fallback"": ""wait""}",beanstalk,2,100,1000,10,True,1000,41.0242,24.3759,27.0183,132.522,555.3,184.531,10.6,1.06,0.1,88.24,434.8,43.46,3.99,3620.17,2954.12,530.22,12896.8,52.4,1281,0,10,21,29,1113,218,2,218,0,98.68,25.67,153.28,652.27,386.0,7,0,0,83,89,138,1192,1.03
rho,beanstalk hard,,"{""flag_recall"": 1.0, ""placement_fallback"": ""wait""}",beanstalk,6,100,1000,10,True,1000,41.067,24.3505,25.7916,153.065,458.541,193.326,10.35,1.34,0.1,88.21,425.13,55.04,4.14,3622.38,2776.67,739.62,13283.7,53.91,1323,0,10,23,41,1161,264,4,264,0,97.78,25.63,162.24,543.13,517.5,7,0,0,83,92,186,1231,0.43
rho,beanstalk hard,,"{""flag_recall"": 1.0, ""placement_fallback"": ""wait""}",beanstalk,3,100,1000,10,True,1000,37.4005,26.7376,32.347,89.605,245.144,106.577,10.49,1.25,0.11,88.15,392.43,46.6,4.12,3296.89,2795.32,399.36,12811.6,57.09,1271,0,10,34,47,1147,239,0,239,0,119.63,24.24,88.79,305.96,343.0,6,0,0,72,77,167,1194,1.04
rho,beanstalk hard,,"{""flag_recall"": 1.0, ""placement_fallback"": ""wait""}",beanstalk,4,100,1000,10,True,1000,40.3426,24.7877,29.2449,109.017,481.67,161.205,10.83,1.19,0.1,87.88,436.73,48.17,4.0,3545.36,2922.84,471.23,13027.8,53.82,1297,0,10,21,40,1126,238,1,238,0,73.68,25.02,136.89,572.38,381.5,8,0,0,75,81,164,1216,1.1
qsem,batched k=1,,"{""batch_k"": 1, ""q_sem"": 0.0}",batched,0,100,1000,10,True,1000,44.8727,22.2853,23.4783,226.62,307.254,226.179,9.3,2.64,81.37,6.69,417.26,118.41,3651.23,300.36,11.37,0.0,24219.8,89.96,2696,735,10,644,120,333,179,22,179,0,0.0,0.0,6.76,44.95,0.0,0,0,1495,0,0,0,0,0.27
rho,beanstalk hard,,"{""flag_recall"": 1.0, ""placement_fallback"": ""wait""}",beanstalk,5,100,1000,10,True,1000,41.5836,24.0479,23.7112,85.055,262.901,102.812,10.37,1.28,0.1,88.25,431.22,53.39,4.07,3669.68,3051.46,498.35,13009.0,52.14,1298,0,10,34,37,1104,236,3,236,0,133.44,25.6,88.4,286.82,429.9,7,0,0,70,75,170,1223,1.04
rho,beanstalk hard,,"{""flag_recall"": 1.0, ""placement_fallback"": ""wait""}",beanstalk,9,100,1000,10,True,1000,44.5995,22.4218,29.2918,137.567,408.44,156.367,9.72,1.27,0.09,88.91,433.66,56.76,3.99,3965.55,3192.08,650.56,12944.8,48.37,1287,0,10,27,25,1151,232,2,232,0,111.55,26.9,126.8,505.69,565.3,6,0,0,71,75,163,1212,0.65
rho,beanstalk hard,,"{""flag_recall"": 1.0, ""placement_fallback"": ""wait""}",beanstalk,7,100,1000,10,True,1000,38.7463,25.8089,25.8443,89.941,502.691,145.048,10.99,1.17,0.1,87.74,425.68,45.27,3.95,3399.73,2902.91,359.98,12561.0,54.03,1251,0,10,13,42,1093,211,0,211,0,61.54,25.45,124.09,579.1,247.7,6,0,0,64,66,150,1185,1.04
qsem,batched k=1,,"{""batch_k"": 1, ""q_sem"": 0.0}",batched,2,100,1000,10,True,1000,43.1703,23.1641,22.345,224.619,318.254,218.784,10.07,2.65,81.81,5.46,434.8,114.43,3531.96,235.83,33.82,0.0,23432.0,90.46,2604,662,10,630,120,322,166,23,166,0,0.0,0.0,5.99,37.29,0.0,0,0,1415,0,0,0,0,0.33
qsem,batched k=1,,"{""batch_k"": 1, ""q_sem"": 0.0}",batched,5,100,1000,10,True,1000,43.6734,22.8972,22.6071,229.956,313.313,222.47,9.87,2.8,82.1,5.23,431.22,122.18,3585.65,228.28,25.27,0.0,23682.5,90.38,2677,798,10,661,105,299,174,22,174,0,0.0,0.0,6.65,41.98,0.0,0,0,1481,0,0,0,0,0.15
qsem,batched k=1,,"{""batch_k"": 1, ""q_sem"": 0.0}",batched,3,100,1000,10,True,1000,46.1005,21.6917,21.6601,238.586,298.553,235.155,8.51,2.5,82.52,6.47,392.43,115.04,3804.21,298.36,41.35,0.0,24757.0,89.5,2745,729,10,682,122,347,192,18,192,0,0.0,0.0,6.8,39.53,0.0,0,0,1535,0,0,0,0,0.45
qsem,batched k=1,,"{""batch_k"": 1, ""q_sem"": 0.0}",batched,1,100,1000,10,True,1000,44.5247,22.4594,22.4962,238.766,326.161,227.314,9.44,2.54,82.55,5.47,420.41,113.24,3675.32,243.5,17.42,0.0,24350.7,91.15,2708,753,10,606,116,335,173,29,173,0,0.0,0.0,6.23,33.29,0.0,0,0,1506,0,0,0,0,0.59
qsem,batched k=1,,"{""batch_k"": 1, ""q_sem"": 0.0}",batched,4,100,1000,10,True,1000,46.2349,21.6287,22.0877,237.327,309.256,232.004,9.45,2.61,81.02,6.92,436.73,120.67,3746.06,320.03,10.48,0.0,24856.4,89.6,2742,778,10,617,121,346,191,17,191,0,0.0,0.0,6.98,53.59,0.0,0,0,1534,0,0,0,0,0.31
rho,beanstalk hard,,"{""flag_recall"": 1.0, ""placement_fallback"": ""wait""}",beanstalk,8,100,1000,10,True,1000,41.0563,24.3568,25.0114,86.541,328.059,123.779,10.02,1.24,0.1,88.64,411.47,50.98,4.07,3639.11,2932.66,605.22,12996.8,52.76,1288,0,10,34,35,1113,226,2,226,0,91.27,25.98,100.11,380.78,470.9,9,0,0,77,84,152,1204,1.08
qsem,batched k=1,,"{""batch_k"": 1, ""q_sem"": 0.0}",batched,7,100,1000,10,True,1000,41.0278,24.3737,25.1966,208.698,275.556,200.852,10.38,2.78,78.82,8.03,425.68,113.88,3233.66,329.57,16.54,0.0,22233.7,90.32,2481,659,10,626,136,258,154,22,154,0,0.0,0.0,6.49,32.1,0.0,0,0,1305,0,0,0,0,0.32
qsem,batched k=1,,"{""batch_k"": 1, ""q_sem"": 0.0}",batched,6,100,1000,10,True,1000,48.1378,20.7737,21.1503,254.319,320.83,248.667,8.83,2.78,83.31,5.07,425.13,133.92,4010.52,244.21,22.09,0.0,26364.7,91.28,2928,840,10,674,136,389,207,18,207,0,0.0,0.0,6.51,31.9,0.0,0,0,1703,0,0,0,0,0.42
qsem,batched k=1,,"{""batch_k"": 1, ""q_sem"": 0.0}",batched,8,100,1000,10,True,1000,45.206,22.121,23.0205,229.782,349.172,228.965,9.1,2.75,81.66,6.48,411.47,124.41,3691.67,293.05,6.5,0.0,24415.6,90.02,2756,784,10,677,111,325,184,22,184,0,0.0,0.0,6.28,34.96,0.0,0,0,1550,0,0,0,0,0.29
qsem,batched-par k=1,,"{""batch_k"": 1, ""q_sem"": 0.0}",batched-par,0,100,1000,10,True,1000,32.2798,30.9791,32.1427,160.465,212.367,156.569,12.93,4.02,76.82,6.23,417.26,129.91,2479.58,201.23,17.16,0.0,17909.1,92.47,2115,611,10,722,123,242,179,24,179,0,0.0,0.0,4.03,20.29,0.0,0,0,912,0,0,0,0,0.27
qsem,batched-par k=1,,"{""batch_k"": 1, ""q_sem"": 0.0}",batched-par,2,100,1000,10,True,1000,32.1474,31.1067,31.1748,151.562,245.246,154.251,13.53,3.96,76.01,6.5,434.8,127.23,2443.61,209.09,26.1,0.0,17935.6,92.99,2045,539,10,677,111,243,166,30,166,0,0.0,0.0,3.99,21.89,0.0,0,0,849,0,0,0,0,0.16
qsem,batched k=1,,"{""batch_k"": 1, ""q_sem"": 0.0}",batched,9,100,1000,10,True,1000,45.6851,21.889,21.3935,242.776,313.417,232.214,9.49,2.54,82.18,5.79,433.66,115.93,3754.3,264.63,34.06,0.0,24671.5,90.01,2728,734,10,598,86,345,182,26,182,0,0.0,0.0,6.66,31.83,0.0,0,0,1520,0,0,0,0,0.39
qsem,batched-par k=1,,"{""batch_k"": 1, ""q_sem"": 0.0}",batched-par,1,100,1000,10,True,1000,30.0256,33.3049,35.3381,145.797,197.251,139.181,14.0,4.15,73.11,8.74,420.41,124.6,2195.08,262.48,12.77,0.0,16493.4,91.55,1893,496,10,688,133,230,173,27,173,0,0.0,0.0,4.07,41.22,0.0,0,0,693,0,0,0,0,0.34
qsem,batched-par k=1,,"{""batch_k"": 1, ""q_sem"": 0.0}",batched-par,7,100,1000,10,True,1000,29.977,33.3589,34.3915,144.662,201.747,142.451,14.2,4.35,74.85,6.6,425.68,130.37,2243.82,197.83,9.97,0.0,16829.4,93.57,1907,509,10,685,156,209,154,25,154,0,0.0,0.0,3.88,25.43,0.0,0,0,728,0,0,0,0,0.13
qsem,batched-par k=1,,"{""batch_k"": 1, ""q_sem"": 0.0}",batched-par,3,100,1000,10,True,1000,33.1071,30.205,30.3498,157.978,235.568,160.571,11.85,3.63,77.21,7.31,392.43,120.09,2556.09,242.1,32.66,0.0,18256.8,91.91,2093,568,10,705,134,263,192,27,192,0,0.0,0.0,4.03,24.16,0.0,0,0,874,0,0,0,0,0.31
qsem,batched-par k=1,,"{""batch_k"": 1, ""q_sem"": 0.0}",batched-par,8,100,1000,10,True,1000,32.7987,30.489,31.2876,156.933,224.553,156.833,12.55,4.08,75.61,7.76,411.47,133.88,2480.01,254.52,9.96,0.0,18116.4,92.06,2087,624,10,743,113,242,184,23,184,0,0.0,0.0,4.41,35.08,0.0,0,0,880,0,0,0,0,0.13
qsem,batched-par k=1,,"{""batch_k"": 1, ""q_sem"": 0.0}",batched-par,9,100,1000,10,True,1000,32.36,30.9023,31.1851,155.116,214.746,153.723,13.4,3.85,75.32,7.43,433.66,124.74,2437.32,240.29,16.02,0.0,17844.9,91.91,2067,575,10,642,101,244,182,19,182,0,0.0,0.0,3.96,30.3,0.0,0,0,866,0,0,0,0,0.13
qsem,batched-par k=1,,"{""batch_k"": 1, ""q_sem"": 0.0}",batched-par,4,100,1000,10,True,1000,32.7066,30.5749,31.6029,158.635,214.235,154.659,13.35,4.12,74.69,7.84,436.73,134.87,2442.77,256.29,17.93,0.0,18172.2,92.6,2093,632,10,706,125,246,191,13,191,0,0.0,0.0,4.25,24.75,0.0,0,0,889,0,0,0,0,0.4
qsem,batched-par k=1,,"{""batch_k"": 1, ""q_sem"": 0.0}",batched-par,5,100,1000,10,True,1000,32.9991,30.3038,30.6648,163.674,225.192,161.138,13.07,4.17,77.22,5.55,431.22,137.55,2548.09,183.05,15.87,0.0,18485.8,93.36,2092,598,10,762,103,249,174,22,174,0,0.0,0.0,4.43,28.93,0.0,0,0,896,0,0,0,0,0.49
qsem,batched-par k=1,,"{""batch_k"": 1, ""q_sem"": 0.0}",batched-par,6,100,1000,10,True,1000,35.4742,28.1895,29.3808,169.86,228.088,166.206,11.98,4.42,73.67,9.93,425.13,156.66,2613.44,352.19,15.92,0.0,18974.1,89.15,2224,673,10,768,143,273,207,19,207,0,0.0,0.0,6.6,101.05,0.0,0,0,998,0,0,0,0,0.47
qsem,beanstalk,,"{""q_sem"": 0.0}",beanstalk,1,100,1000,10,True,1000,13.8698,72.099,97.3613,291.048,482.361,288.685,30.31,8.94,0.49,60.26,420.41,123.94,6.84,835.79,4.14,817.54,5929.8,71.26,588,0,10,543,80,429,173,6,173,956,148.83,33.31,204.05,484.3,635.2,15,0,0,52,154,127,434,0.65
qsem,beanstalk,,"{""q_sem"": 0.0}",beanstalk,0,100,1000,10,True,1000,16.0334,62.3698,,426.131,769.786,436.612,26.02,7.78,0.44,65.76,417.26,124.76,6.98,1054.34,12.16,886.3,6307.2,65.56,626,0,10,554,79,446,179,7,179,947,95.18,33.24,337.79,787.65,599.8,14,0,0,62,174,124,452,0.84
qsem,beanstalk,,"{""q_sem"": 0.0}",beanstalk,2,100,1000,10,True,1000,14.2508,70.1714,165.8272,186.372,488.509,242.375,30.51,7.6,0.47,61.41,434.8,108.34,6.74,875.2,11.32,808.77,6141.0,71.82,616,0,10,516,77,383,166,8,166,937,126.8,34.51,165.51,490.45,614.3,16,0,0,58,201,116,415,0.94
qsem,beanstalk,,"{""q_sem"": 0.0}",beanstalk,5,100,1000,10,True,1000,13.9194,71.8422,165.7592,269.79,505.332,289.788,30.98,9.23,0.52,59.26,431.22,128.53,7.29,824.9,1.03,814.98,6079.7,72.8,606,0,10,604,62,453,174,5,174,944,150.33,32.01,206.09,511.44,635.3,12,0,0,48,146,131,460,0.79
qsem,beanstalk,,"{""q_sem"": 0.0}",beanstalk,3,100,1000,10,True,1000,12.0991,82.6506,100.5075,254.387,468.28,273.203,32.43,10.93,0.61,56.02,392.43,132.25,7.4,677.83,6.01,620.58,5953.0,82.0,591,0,10,603,85,420,192,2,192,955,123.3,30.0,191.86,472.32,547.5,14,0,0,58,161,136,430,0.98
qsem,beanstalk,,"{""q_sem"": 0.0}",beanstalk,4,100,1000,10,True,1000,14.0489,71.1802,,485.289,717.052,446.696,31.09,10.09,0.51,58.31,436.73,141.7,7.22,819.24,10.76,709.17,6230.5,73.91,619,0,10,619,70,445,191,3,191,961,117.01,31.81,319.65,727.13,605.4,15,0,0,62,170,132,449,0.98
qsem,beanstalk,,"{""q_sem"": 0.0}",beanstalk,8,100,1000,10,True,1000,14.0348,71.2512,96.085,198.054,311.605,196.471,29.32,9.36,0.52,60.8,411.47,131.37,7.27,853.37,0.37,852.37,6136.0,72.87,613,0,10,602,55,388,184,5,184,950,134.32,33.93,130.75,315.02,675.7,16,0,0,61,199,128,413,0.38
qsem,beanstalk,,"{""q_sem"": 0.0}",beanstalk,7,100,1000,10,True,1000,12.485,80.0962,,387.038,628.203,371.333,34.1,9.94,0.55,55.42,425.68,124.04,6.81,691.97,10.04,604.25,5756.9,76.85,572,0,10,547,97,441,154,2,154,958,128.56,32.13,270.17,630.8,527.6,13,0,0,44,124,112,448,0.72
qsem,beanstalk,,"{""q_sem"": 0.0}",beanstalk,6,100,1000,10,True,1000,15.8453,63.1104,,540.216,867.059,534.794,26.83,8.72,0.45,64.0,425.13,138.13,7.11,1014.16,3.58,960.26,6336.5,66.65,630,0,10,584,91,451,207,2,207,953,130.29,32.29,400.87,870.57,675.4,14,0,0,66,174,143,456,0.95
qsem,beanstalk quarantine,,"{""green_mode"": ""quarantine"", ""q_sem"": 0.0}",beanstalk,2,100,1000,10,True,1000,14.4835,69.0439,82.0203,92.631,162.186,92.81,30.02,7.6,0.47,61.92,434.8,110.01,6.78,896.76,7.35,750.65,6854.2,78.87,681,0,10,524,66,333,166,3,166,938,119.31,45.32,16.78,70.99,598.9,15,0,0,61,245,112,436,0.28
qsem,beanstalk,,"{""q_sem"": 0.0}",beanstalk,9,100,1000,10,True,1000,14.4529,69.1903,,447.611,793.067,481.31,30.0,8.88,0.49,60.62,433.66,128.34,7.09,876.2,2.72,828.2,5913.1,68.19,592,0,10,575,57,420,182,4,182,957,148.14,32.78,381.18,812.43,602.0,15,0,0,54,168,132,424,0.79
qsem,beanstalk quarantine,,"{""green_mode"": ""quarantine"", ""q_sem"": 0.0}",beanstalk,0,100,1000,10,True,1000,15.2407,65.614,64.6317,149.508,279.853,147.103,27.38,8.43,0.46,63.73,417.26,128.47,7.08,971.26,2.24,935.96,6495.7,71.03,644,0,10,581,68,328,179,3,179,946,186.25,77.95,18.73,99.04,784.5,25,0,0,67,164,119,479,0.95
qsem,beanstalk quarantine,,"{""green_mode"": ""quarantine"", ""q_sem"": 0.0}",beanstalk,1,100,1000,10,True,1000,16.4883,60.649,73.7325,116.834,179.434,110.159,25.5,6.73,0.42,67.36,420.41,110.99,6.86,1110.58,1.18,1061.99,6941.4,70.16,692,0,10,509,64,375,173,5,173,924,167.83,43.21,17.85,113.86,746.5,17,0,0,55,243,125,449,0.87
qsem,beanstalk quarantine,,"{""green_mode"": ""quarantine"", ""q_sem"": 0.0}",beanstalk,3,100,1000,10,True,1000,14.835,67.4082,79.2292,102.697,175.267,104.823,26.45,8.61,0.47,64.47,392.43,127.7,7.02,956.35,3.96,919.73,6742.2,75.75,670,0,10,562,69,373,192,6,192,947,122.92,45.57,16.61,69.3,662.9,16,0,0,59,211,141,459,0.74
qsem,beanstalk quarantine,,"{""green_mode"": ""quarantine"", ""q_sem"": 0.0}",beanstalk,8,100,1000,10,True,1000,14.5231,68.8559,87.4431,126.821,200.368,119.983,28.33,8.66,0.49,62.52,411.47,125.71,7.12,908.01,9.6,756.99,6878.3,78.94,685,0,10,583,59,391,184,4,184,949,149.39,51.1,19.64,74.16,690.1,20,0,0,62,217,129,467,0.29
qsem,beanstalk-noplace,,"{""q_sem"": 0.0}",beanstalk-noplace,0,100,1000,10,True,1000,13.9997,71.4303,97.5658,216.734,363.236,205.053,29.81,9.06,0.51,60.62,417.26,126.85,7.19,848.66,9.84,804.61,6025.6,71.73,599,0,10,605,62,421,179,5,179,0,112.92,32.83,137.55,367.82,609.4,15,0,0,62,174,122,425,0.08
qsem,beanstalk quarantine,,"{""green_mode"": ""quarantine"", ""q_sem"": 0.0}",beanstalk,4,100,1000,10,True,1000,18.4911,54.08,62.254,107.046,259.719,122.402,23.62,6.99,0.37,69.01,436.73,129.33,6.89,1276.16,6.73,1222.34,7395.6,66.66,733,0,10,555,56,394,191,6,191,936,236.97,47.08,21.87,152.09,913.7,16,0,0,65,222,133,511,1.03
qsem,beanstalk quarantine,,"{""green_mode"": ""quarantine"", ""q_sem"": 0.0}",beanstalk,5,100,1000,10,True,1000,14.37,69.5896,74.6042,111.868,263.893,125.326,30.01,8.49,0.47,61.03,431.22,122.01,6.74,877.01,5.12,810.04,6439.7,74.69,645,0,10,524,54,371,174,0,174,934,154.07,70.19,14.66,72.11,702.5,25,0,0,51,115,128,530,0.96
qsem,beanstalk-noplace,,"{""q_sem"": 0.0}",beanstalk-noplace,3,100,1000,10,True,1000,14.7406,67.8399,,489.903,761.517,476.415,26.62,8.31,0.49,64.58,392.43,122.48,7.15,951.99,15.33,669.51,6052.1,68.43,600,0,10,572,81,437,192,3,192,0,81.07,30.42,351.24,781.47,531.7,14,0,0,57,161,138,439,0.08
qsem,beanstalk quarantine,,"{""green_mode"": ""quarantine"", ""q_sem"": 0.0}",beanstalk,7,100,1000,10,True,1000,12.7363,78.5155,80.4268,103.354,222.251,112.947,33.42,9.08,0.52,56.98,425.68,115.63,6.63,725.69,0.94,722.01,6188.7,80.99,622,0,10,515,84,310,154,3,154,942,155.31,62.61,22.31,133.26,603.7,25,0,0,49,165,114,455,0.75
qsem,beanstalk quarantine,,"{""green_mode"": ""quarantine"", ""q_sem"": 0.0}",beanstalk,9,100,1000,10,True,1000,15.4309,64.8052,71.9638,109.596,192.442,109.218,28.1,7.8,0.45,63.65,433.66,120.29,6.97,982.17,7.13,833.85,6671.3,72.06,667,0,10,535,68,377,182,4,182,931,161.37,46.6,19.89,79.57,667.8,18,0,0,55,218,133,448,0.54
qsem,beanstalk-noplace,,"{""q_sem"": 0.0}",beanstalk-noplace,5,100,1000,10,True,1000,14.0183,71.3353,80.5772,243.468,585.381,312.787,30.76,9.33,0.5,59.41,431.22,130.82,6.96,832.82,4.93,806.22,6268.1,74.52,620,0,10,572,58,455,174,3,174,0,130.43,31.88,238.27,590.47,637.6,13,0,0,49,145,128,475,0.08
qsem,beanstalk-noplace,,"{""q_sem"": 0.0}",beanstalk-noplace,4,100,1000,10,True,1000,15.1334,66.079,218.7569,396.042,630.83,369.818,28.86,9.6,0.48,61.06,436.73,145.35,7.22,924.04,2.07,896.04,6314.4,69.54,626,0,10,614,74,442,191,2,191,0,109.35,32.94,249.15,635.1,695.3,16,0,0,61,175,132,451,0.15
qsem,beanstalk-noplace,,"{""q_sem"": 0.0}",beanstalk-noplace,1,100,1000,10,True,1000,12.6059,79.3279,89.1041,143.307,390.861,196.361,33.35,9.71,0.55,56.39,420.41,122.4,6.88,710.91,9.91,616.13,5829.5,77.07,581,0,10,527,75,423,173,2,173,0,81.97,31.31,131.53,394.93,516.0,14,0,0,51,142,124,439,0.47
qsem,beanstalk-noplace,,"{""q_sem"": 0.0}",beanstalk-noplace,6,100,1000,10,True,1000,16.0735,62.2141,,642.903,943.875,597.276,26.45,8.63,0.44,64.48,425.13,138.74,7.08,1036.41,3.69,993.32,6579.6,68.22,654,0,10,581,86,481,207,5,207,0,132.16,31.1,465.06,947.02,710.0,15,0,0,66,161,146,492,0.08
qsem,beanstalk quarantine,,"{""green_mode"": ""quarantine"", ""q_sem"": 0.0}",beanstalk,6,100,1000,10,True,1000,16.2982,61.3566,62.8819,121.815,221.013,124.252,26.08,8.97,0.45,64.5,425.13,146.13,7.3,1051.26,0.85,1048.3,7066.0,72.26,703,0,10,621,79,377,207,6,207,934,184.12,53.03,15.1,53.59,812.6,24,0,0,66,254,148,449,1.08
qsem,beanstalk-noplace,,"{""q_sem"": 0.0}",beanstalk-noplace,7,100,1000,10,True,1000,11.7732,84.939,129.0546,159.448,306.918,175.971,36.16,10.26,0.6,52.99,425.68,120.76,7.07,623.8,1.29,616.86,5453.5,77.2,544,0,10,566,92,424,154,2,154,0,139.69,31.57,114.76,308.5,520.0,14,0,0,43,110,113,434,0.08
qsem,beanstalk-noplace,,"{""q_sem"": 0.0}",beanstalk-noplace,2,100,1000,10,True,1000,11.7232,85.3012,92.7843,198.625,506.727,256.126,37.09,9.75,0.59,52.57,434.8,114.29,6.92,616.3,6.67,521.73,5864.6,83.38,587,0,10,546,68,402,166,1,166,0,77.58,31.91,201.9,511.9,473.7,14,0,0,57,165,110,422,0.34
qsem,beanstalk-noplace,,"{""q_sem"": 0.0}",beanstalk-noplace,9,100,1000,10,True,1000,14.1494,70.6743,80.358,254.698,585.989,305.277,30.65,8.82,0.48,60.05,433.66,124.76,6.81,849.72,9.01,735.89,6006.6,70.75,600,0,10,534,54,435,182,5,182,0,148.17,31.56,225.16,591.95,609.1,17,0,0,55,154,132,446,0.24
qsem,batched k=1,,"{""batch_k"": 1, ""q_sem"": 0.05}",batched,3,100,1000,10,True,1000,104.6735,9.5535,9.6,582.982,710.207,567.608,3.75,1.65,88.73,5.87,392.43,172.89,9287.25,614.77,62.08,0.0,57659.4,91.81,6195,1867,10,664,124,1877,553,17,553,0,0.0,0.0,8.09,41.4,0.0,0,0,4625,0,0,0,0,0.21
qsem,batched k=1,,"{""batch_k"": 1, ""q_sem"": 0.05}",batched,5,100,1000,10,True,1000,110.1747,9.0765,9.0099,638.048,769.595,600.047,3.91,1.71,89.06,5.31,431.22,188.53,9812.26,585.46,38.7,0.0,60889.6,92.11,6565,2186,10,620,102,1996,587,24,587,0,0.0,0.0,8.87,61.77,0.0,0,0,4954,0,0,0,0,0.19
qsem,beanstalk-noplace,,"{""q_sem"": 0.0}",beanstalk-noplace,8,100,1000,10,True,1000,13.72,72.8863,,479.277,797.383,476.937,29.99,10.05,0.53,59.42,411.47,137.95,7.32,815.26,0.4,806.47,6219.6,75.55,618,0,10,622,62,443,184,2,184,0,149.93,33.02,391.28,802.48,691.2,16,0,0,58,171,128,447,0.5
qsem,batched k=1,,"{""batch_k"": 1, ""q_sem"": 0.05}",batched,4,100,1000,10,True,1000,112.8204,8.8636,8.8381,642.99,771.342,614.119,3.87,1.73,88.99,5.41,436.73,195.04,10040.28,609.99,10.13,0.0,62301.0,92.04,6709,2209,10,613,129,2109,599,23,599,0,0.0,0.0,8.42,52.62,0.0,0,0,5087,0,0,0,0,0.22
qsem,batched k=1,,"{""batch_k"": 1, ""q_sem"": 0.05}",batched,1,100,1000,10,True,1000,101.0522,9.8959,9.6938,579.061,717.594,551.103,4.16,1.67,89.23,4.95,420.41,168.5,9016.55,499.76,13.94,0.0,55655.3,91.79,5962,1754,10,593,115,1772,530,19,530,0,0.0,0.0,8.46,68.67,0.0,0,0,4413,0,0,0,0,0.6
qsem,batched k=1,,"{""batch_k"": 1, ""q_sem"": 0.05}",batched,8,100,1000,10,True,1000,105.2357,9.5025,9.4279,596.226,714.514,569.063,3.91,1.72,88.41,5.96,411.47,180.74,9303.64,627.71,7.38,0.0,57712.1,91.4,6260,1940,10,654,114,1907,551,25,551,0,0.0,0.0,8.53,49.26,0.0,0,0,4684,0,0,0,0,0.18
qsem,batched k=1,,"{""batch_k"": 1, ""q_sem"": 0.05}",batched,0,100,1000,10,True,1000,105.4242,9.4855,9.5409,601.717,689.07,572.808,3.96,1.72,88.84,5.49,417.26,181.29,9365.51,578.37,31.1,0.0,57943.0,91.6,6215,1905,10,632,128,1938,562,15,562,0,0.0,0.0,8.35,43.31,0.0,0,0,4638,0,0,0,0,0.67
qsem,batched k=1,,"{""batch_k"": 1, ""q_sem"": 0.05}",batched,2,100,1000,10,True,1000,105.1206,9.5129,9.3586,601.751,774.527,571.59,4.14,1.69,88.93,5.24,434.8,178.04,9348.46,550.77,21.8,0.0,58358.4,92.53,6264,1978,10,609,123,1902,555,26,555,0,0.0,0.0,8.36,44.15,0.0,0,0,4683,0,0,0,0,0.86
qsem,batched k=1,,"{""batch_k"": 1, ""q_sem"": 0.05}",batched,9,100,1000,10,True,1000,103.8194,9.6321,9.155,602.552,727.333,564.562,4.18,1.75,88.88,5.19,433.66,181.69,9227.68,538.92,37.58,0.0,57261.6,91.92,6132,1912,10,576,89,1852,539,31,539,0,0.0,0.0,8.55,49.47,0.0,0,0,4562,0,0,0,0,0.41
qsem,batched-par k=1,,"{""batch_k"": 1, ""q_sem"": 0.05}",batched-par,2,100,1000,10,True,1000,73.8358,13.5436,12.9939,401.794,641.608,394.62,5.89,2.55,86.53,5.04,434.8,188.25,6388.75,371.78,17.13,0.0,41483.6,93.64,4887,1841,10,641,127,1461,575,22,575,0,0.0,0.0,6.13,39.5,0.0,0,0,3290,0,0,0,0,0.19
qsem,batched k=1,,"{""batch_k"": 1, ""q_sem"": 0.05}",batched,6,100,1000,10,True,1000,103.0437,9.7046,9.2089,596.895,711.338,563.726,4.13,1.83,89.35,4.7,425.13,188.69,9206.74,483.81,21.44,0.0,57323.9,92.72,6190,1922,10,669,133,1942,546,19,546,0,0.0,0.0,8.41,54.25,0.0,0,0,4625,0,0,0,0,0.67
qsem,batched k=1,,"{""batch_k"": 1, ""q_sem"": 0.05}",batched,7,100,1000,10,True,1000,102.0928,9.795,9.8528,575.16,675.893,543.751,4.17,1.73,87.04,7.06,425.68,176.45,8886.06,721.09,16.36,0.0,55682.0,90.9,6020,1877,10,593,144,1804,532,20,532,0,0.0,0.0,8.44,84.39,0.0,0,0,4468,0,0,0,0,0.64
qsem,batched-par k=1,,"{""batch_k"": 1, ""q_sem"": 0.05}",batched-par,0,100,1000,10,True,1000,77.8092,12.8519,13.3131,421.767,542.196,408.994,5.36,2.52,85.09,7.03,417.26,195.85,6620.71,547.09,29.07,0.0,43377.3,92.91,5130,1945,10,668,134,1560,606,20,606,0,0.0,0.0,6.1,51.29,0.0,0,0,3504,0,0,0,0,0.48
qsem,batched-par k=1,,"{""batch_k"": 1, ""q_sem"": 0.05}",batched-par,1,100,1000,10,True,1000,67.0542,14.9133,14.8847,372.365,500.751,355.408,6.27,2.67,85.67,5.39,420.41,178.97,5744.5,361.54,14.38,0.0,37684.1,93.67,4585,1784,10,633,123,1293,564,16,564,0,0.0,0.0,5.44,31.09,0.0,0,0,3005,0,0,0,0,0.56
qsem,batched-par k=1,,"{""batch_k"": 1, ""q_sem"": 0.05}",batched-par,4,100,1000,10,True,1000,73.4133,13.6215,13.5996,395.371,531.113,383.952,5.95,2.82,84.35,6.88,436.73,206.82,6192.38,505.39,11.67,0.0,41140.1,93.4,5085,2111,10,657,136,1455,628,19,628,0,0.0,0.0,5.85,41.5,0.0,0,0,3438,0,0,0,0,0.19
qsem,batched-par k=1,,"{""batch_k"": 1, ""q_sem"": 0.05}",batched-par,3,100,1000,10,True,1000,71.8049,13.9266,14.0519,399.449,510.283,380.468,5.47,2.62,85.69,6.22,392.43,187.82,6153.31,446.92,54.05,0.0,40301.7,93.54,4905,1921,10,697,144,1421,586,22,586,0,0.0,0.0,6.08,38.93,0.0,0,0,3297,0,0,0,0,0.39
qsem,batched-par k=1,,"{""batch_k"": 1, ""q_sem"": 0.05}",batched-par,7,100,1000,10,True,1000,71.7408,13.9391,14.8376,378.142,470.772,365.418,5.93,2.67,82.23,9.17,425.68,191.33,5898.97,658.11,16.52,0.0,39133.9,90.91,4723,1835,10,634,153,1364,568,14,568,0,0.0,0.0,7.44,125.21,0.0,0,0,3141,0,0,0,0,0.34
qsem,batched-par k=1,,"{""batch_k"": 1, ""q_sem"": 0.05}",batched-par,5,100,1000,10,True,1000,79.1875,12.6283,12.3185,446.483,585.331,425.888,5.45,2.58,87.06,4.92,431.22,203.99,6894.14,389.4,16.94,0.0,44201.1,93.03,5240,2001,10,684,121,1608,608,20,608,0,0.0,0.0,6.41,43.02,0.0,0,0,3612,0,0,0,0,0.38
qsem,batched-par k=1,,"{""batch_k"": 1, ""q_sem"": 0.05}",batched-par,6,100,1000,10,True,1000,73.8642,13.5384,13.0709,409.249,497.171,389.74,5.76,2.85,85.09,6.3,425.13,210.69,6284.98,465.62,25.48,0.0,40946.2,92.39,4857,1858,10,715,133,1449,588,20,588,0,0.0,0.0,7.06,87.22,0.0,0,0,3249,0,0,0,0,0.51
qsem,batched-par k=1,,"{""batch_k"": 1, ""q_sem"": 0.05}",batched-par,8,100,1000,10,True,1000,72.7278,13.7499,13.5434,398.031,528.422,383.451,5.66,2.66,85.21,6.47,411.47,193.59,6197.25,470.47,5.13,0.0,40689.6,93.25,4978,2010,10,697,123,1416,585,16,585,0,0.0,0.0,5.87,38.14,0.0,0,0,3377,0,0,0,0,0.75
qsem,batched-par k=1,,"{""batch_k"": 1, ""q_sem"": 0.05}",batched-par,9,100,1000,10,True,1000,75.7878,13.1947,13.1175,416.304,548.041,397.693,5.72,2.56,84.89,6.82,433.66,194.38,6433.85,516.9,46.94,0.0,42352.6,93.14,5083,1935,10,620,107,1532,593,23,593,0,0.0,0.0,6.08,40.9,0.0,0,0,3467,0,0,0,0,0.85
qsem,beanstalk,,"{""q_sem"": 0.05}",beanstalk,1,100,1000,10,True,1000,34.9282,28.6302,30.4083,493.785,1560.882,656.371,12.04,7.08,0.26,80.62,420.41,247.23,9.2,2815.98,2.28,2771.53,15513.7,74.03,1546,0,10,592,97,401,773,24,773,894,305.17,52.94,606.69,1567.36,1833.3,46,0,0,265,1128,534,418,0.89
qsem,beanstalk,,"{""q_sem"": 0.05}",beanstalk,0,100,1000,10,True,1000,35.9001,27.8551,32.6854,643.283,1453.813,718.434,11.62,7.91,0.28,80.19,417.26,283.93,10.13,2878.68,1.55,2851.33,17548.7,81.47,1744,0,10,741,98,408,829,31,829,906,269.63,64.28,595.38,1458.86,1974.8,53,0,0,279,1323,581,421,0.98
qsem,beanstalk,,"{""q_sem"": 0.05}",beanstalk,3,100,1000,10,True,1000,34.1929,29.2458,,1220.262,2032.824,1140.897,11.48,7.85,0.29,80.38,392.43,268.3,10.01,2748.55,1.52,2739.5,16321.1,79.55,1626,0,10,684,107,415,828,23,828,904,328.02,58.46,1012.03,2037.72,1872.2,57,0,0,258,1209,593,417,0.89
qsem,beanstalk,,"{""q_sem"": 0.05}",beanstalk,2,100,1000,10,True,1000,34.8762,28.6728,60.1408,420.049,1277.365,616.473,12.47,7.36,0.28,79.89,434.8,256.81,9.65,2786.36,5.05,2723.53,17122.2,81.82,1711,0,10,648,90,423,799,29,799,911,283.23,62.74,463.99,1278.15,1899.1,53,0,0,269,1266,559,445,1.11
qsem,beanstalk,,"{""q_sem"": 0.05}",beanstalk,4,100,1000,10,True,1000,38.8939,25.711,64.193,733.352,1550.47,848.442,11.23,7.51,0.25,81.01,436.73,292.19,9.62,3150.85,2.83,3138.64,17694.8,75.82,1754,0,10,702,95,394,788,24,788,894,286.56,64.12,641.36,1560.55,2107.5,49,0,0,287,1356,525,398,0.94
qsem,beanstalk,,"{""q_sem"": 0.05}",beanstalk,5,100,1000,10,True,1000,32.5248,30.7458,53.7601,314.021,809.356,420.695,13.26,8.19,0.3,78.25,431.22,266.45,9.79,2545.02,9.12,2402.4,14977.2,76.75,1484,0,10,713,87,396,781,26,781,898,224.2,51.26,291.43,815.46,1795.1,45,0,0,238,1079,569,405,0.98
qsem,beanstalk,,"{""q_sem"": 0.05}",beanstalk,8,100,1000,10,True,1000,31.6197,31.6259,,751.579,1628.014,842.913,13.01,7.12,0.28,79.59,411.47,225.03,8.98,2516.49,7.34,2417.69,14422.4,76.02,1428,0,10,641,63,438,675,19,675,895,212.12,49.41,716.78,1631.74,1647.1,45,0,0,243,973,451,455,0.56
qsem,beanstalk,,"{""q_sem"": 0.05}",beanstalk,7,100,1000,10,True,1000,31.6961,31.5496,61.5349,518.619,1000.693,540.586,13.43,8.83,0.3,77.44,425.68,279.9,9.42,2454.61,3.41,2408.12,13478.1,70.87,1345,0,10,693,104,499,727,19,727,902,213.09,48.82,425.43,1002.58,1671.7,50,0,0,212,832,534,513,0.74
qsem,beanstalk,,"{""q_sem"": 0.05}",beanstalk,6,100,1000,10,True,1000,40.0838,24.9477,,1565.305,2385.392,1521.456,10.61,7.67,0.25,81.48,425.13,307.36,9.94,3265.95,2.53,3209.39,17326.0,72.04,1724,0,10,712,112,441,862,25,862,895,302.68,61.72,1186.49,2388.9,2174.7,65,0,0,275,1279,612,445,1.01
qsem,beanstalk,,"{""q_sem"": 0.05}",beanstalk,9,100,1000,10,True,1000,31.5177,31.7282,56.8207,542.577,1027.994,528.029,13.76,7.72,0.29,78.23,433.66,243.18,9.21,2465.72,2.49,2444.7,14021.3,74.14,1396,0,10,583,85,426,775,22,775,899,195.04,48.19,392.18,1047.36,1644.3,47,0,0,233,964,565,432,0.81
qsem,beanstalk quarantine,,"{""green_mode"": ""quarantine"", ""q_sem"": 0.05}",beanstalk,5,100,1000,10,True,1000,40.9928,24.3945,25.833,267.601,568.15,284.413,10.52,7.07,0.23,82.17,431.22,289.99,9.57,3368.5,5.06,3339.59,16833.2,68.44,1672,0,10,649,89,493,844,15,844,883,321.17,101.45,35.66,240.86,2276.5,62,0,0,244,968,619,704,0.39
qsem,beanstalk quarantine,,"{""green_mode"": ""quarantine"", ""q_sem"": 0.05}",beanstalk,2,100,1000,10,True,1000,37.958,26.3449,27.6986,287.273,710.202,330.054,11.45,6.54,0.24,81.77,434.8,248.27,8.98,3103.74,8.51,3041.5,18311.6,80.4,1832,0,10,624,94,449,700,16,700,888,463.67,123.64,45.15,243.63,2087.4,77,0,0,248,1218,475,614,0.95
qsem,beanstalk quarantine,,"{""green_mode"": ""quarantine"", ""q_sem"": 0.05}",beanstalk,1,100,1000,10,True,1000,36.4834,27.4097,30.6474,281.47,852.182,357.975,11.52,8.24,0.28,79.96,420.41,300.51,10.38,2917.04,8.05,2896.97,16558.3,75.64,1650,0,10,725,129,319,866,13,866,912,461.03,140.47,41.99,274.27,1948.0,105,0,0,290,1096,592,554,0.99
qsem,beanstalk quarantine,,"{""green_mode"": ""quarantine"", ""q_sem"": 0.05}",beanstalk,0,100,1000,10,True,1000,38.077,26.2626,27.8208,301.044,483.106,286.603,10.96,7.2,0.26,81.59,417.26,274.0,9.74,3106.71,1.38,3095.91,17919.5,78.44,1783,0,10,690,92,456,806,27,806,911,357.29,103.23,31.23,155.26,2105.2,71,0,0,255,1139,581,644,1.27
qsem,beanstalk quarantine,,"{""green_mode"": ""quarantine"", ""q_sem"": 0.05}",beanstalk,3,100,1000,10,True,1000,40.5,24.6913,27.3308,340.772,722.653,377.97,9.69,7.11,0.26,82.94,392.43,287.98,10.7,3358.89,8.57,3327.17,18426.2,75.83,1833,0,10,771,119,365,887,21,887,898,493.88,127.57,53.11,331.15,2132.1,112,0,0,281,1283,634,550,1.51
qsem,beanstalk quarantine,,"{""green_mode"": ""quarantine"", ""q_sem"": 0.05}",beanstalk,4,100,1000,10,True,1000,36.8146,27.1632,27.5013,315.522,601.19,317.289,11.86,7.61,0.27,80.26,436.73,280.32,9.77,2954.64,2.03,2946.84,17646.9,79.89,1751,0,10,717,97,403,766,21,766,930,351.26,109.61,40.66,211.13,1984.5,86,0,0,267,1201,528,550,1.37
qsem,beanstalk quarantine,,"{""green_mode"": ""quarantine"", ""q_sem"": 0.05}",beanstalk,6,100,1000,10,True,1000,40.1084,24.9324,25.6536,369.104,740.694,393.107,10.6,6.96,0.25,82.19,425.13,279.29,9.92,3296.5,13.46,3232.71,18918.6,78.61,1884,0,10,714,112,409,813,21,813,914,525.79,130.08,44.53,218.69,2157.5,104,0,0,265,1326,573,558,1.04
qsem,beanstalk-noplace,,"{""q_sem"": 0.05}",beanstalk-noplace,0,100,1000,10,True,1000,39.1816,25.5222,,1245.903,2283.768,1323.868,10.65,8.02,0.26,81.08,417.26,314.15,10.01,3176.74,5.08,3154.89,16808.6,71.5,1670,0,10,741,110,566,855,20,855,0,395.35,55.3,1126.83,2301.5,2172.8,63,0,0,276,1101,599,569,0.26
qsem,beanstalk-noplace,,"{""q_sem"": 0.05}",beanstalk-noplace,3,100,1000,10,True,1000,34.0039,29.4084,52.6606,643.735,995.854,605.321,11.54,7.11,0.29,81.06,392.43,241.71,9.75,2756.5,4.07,2712.55,15071.5,73.87,1496,0,10,717,134,400,733,21,733,0,267.96,55.1,459.17,1015.81,1717.4,56,0,0,237,1093,517,403,0.18
qsem,beanstalk quarantine,,"{""green_mode"": ""quarantine"", ""q_sem"": 0.05}",beanstalk,8,100,1000,10,True,1000,34.6608,28.851,28.3997,260.216,691.459,312.549,11.87,7.92,0.28,79.92,411.47,274.61,9.82,2770.18,5.28,2748.8,16587.7,79.76,1647,0,10,696,75,421,809,14,809,927,405.69,116.75,52.06,299.77,1907.6,97,0,0,280,1029,556,617,1.02
qsem,beanstalk-noplace,,"{""q_sem"": 0.05}",beanstalk-noplace,1,100,1000,10,True,1000,30.1221,33.1982,60.8267,502.475,980.415,488.46,13.96,8.34,0.31,77.39,420.41,251.14,9.37,2331.3,0.7,2305.58,14764.1,81.69,1473,0,10,640,76,425,771,22,771,0,219.96,51.56,377.38,984.9,1626.0,47,0,0,236,1036,558,437,0.42
qsem,beanstalk-noplace,,"{""q_sem"": 0.05}",beanstalk-noplace,4,100,1000,10,True,1000,34.8803,28.6695,26.2868,927.671,1816.091,981.053,12.52,8.07,0.27,79.14,436.73,281.55,9.36,2760.39,2.54,2735.19,15283.7,73.03,1523,0,10,644,105,483,801,22,801,0,235.17,50.8,806.23,1819.83,1876.1,50,0,0,248,1031,575,492,0.11
qsem,beanstalk-noplace,,"{""q_sem"": 0.05}",beanstalk-noplace,5,100,1000,10,True,1000,36.2308,27.6008,39.7732,546.943,946.283,514.577,11.9,7.91,0.28,79.91,431.22,286.68,10.03,2895.16,4.07,2867.16,15209.1,69.96,1515,0,10,740,83,454,803,18,803,0,231.16,48.38,373.33,950.42,1877.4,45,0,0,247,1044,574,471,0.11
qsem,beanstalk-noplace,,"{""q_sem"": 0.05}",beanstalk-noplace,2,100,1000,10,True,1000,31.5187,31.7272,143.4622,498.145,1379.48,693.432,13.8,8.56,0.3,77.35,434.8,269.69,9.42,2437.96,4.65,2362.58,14520.7,76.78,1443,0,10,652,75,505,789,23,789,0,219.74,44.9,541.13,1383.82,1719.7,42,0,0,239,922,573,521,0.4
qsem,beanstalk-noplace,,"{""q_sem"": 0.05}",beanstalk-noplace,7,100,1000,10,True,1000,32.4126,30.8522,30.523,776.84,1558.452,847.575,13.13,8.26,0.29,78.31,425.68,267.8,9.45,2538.34,2.02,2533.6,14102.7,72.52,1408,0,10,682,137,559,759,10,759,0,213.95,45.77,663.38,1566.09,1781.9,50,0,0,212,842,557,566,0.11
qsem,beanstalk-noplace,,"{""q_sem"": 0.05}",beanstalk-noplace,8,100,1000,10,True,1000,30.1186,33.202,,971.673,1789.08,1023.218,13.66,8.33,0.3,77.71,411.47,250.82,9.1,2340.48,3.31,2251.75,14549.5,80.51,1447,0,10,664,79,477,686,15,686,0,259.19,53.62,890.71,1794.17,1670.2,53,0,0,229,967,472,479,0.17
qsem,beanstalk-noplace,,"{""q_sem"": 0.05}",beanstalk-noplace,6,100,1000,10,True,1000,35.9657,27.8042,31.6294,500.018,776.476,499.545,11.82,8.35,0.27,79.55,425.13,300.42,9.82,2861.21,2.85,2846.27,14953.3,69.29,1481,0,10,722,103,560,825,19,825,0,186.88,44.36,355.57,785.59,1921.9,48,0,0,264,904,580,577,0.36
qsem,beanstalk quarantine,,"{""green_mode"": ""quarantine"", ""q_sem"": 0.05}",beanstalk,7,100,1000,10,True,1000,36.9631,27.054,28.0147,319.131,651.125,329.277,11.52,7.98,0.27,80.23,425.68,294.91,10.1,2965.63,5.6,2932.2,17514.4,78.97,1748,0,10,715,116,378,836,30,836,912,436.93,122.25,61.01,336.35,1992.9,104,0,0,242,1132,628,616,1.54
qsem,beanstalk quarantine,,"{""green_mode"": ""quarantine"", ""q_sem"": 0.05}",beanstalk,9,100,1000,10,True,1000,40.0824,24.9486,26.1234,308.515,572.326,312.376,10.82,7.4,0.24,81.54,433.66,296.49,9.74,3268.35,2.74,3242.49,16341.5,67.95,1624,0,10,644,102,434,852,15,852,902,300.21,121.63,34.88,179.61,2186.7,77,0,0,253,934,627,690,1.43
qsem,beanstalk-noplace,,"{""q_sem"": 0.05}",beanstalk-noplace,9,100,1000,10,True,1000,34.5835,28.9155,34.1554,645.678,1391.414,729.645,12.54,7.78,0.27,79.41,433.66,269.19,9.3,2746.21,2.98,2685.56,15565.2,75.01,1549,0,10,622,87,450,795,19,795,0,244.48,51.55,573.47,1394.82,1844.2,46,0,0,244,1092,570,457,0.36
qsem,batched k=1,,"{""batch_k"": 1, ""q_sem"": 0.1}",batched,0,100,1000,10,True,1000,142.0534,7.0396,6.9522,810.119,972.669,783.126,2.94,1.54,90.34,5.18,417.26,218.39,12833.7,735.98,30.92,0.0,78600.5,92.22,8348,2706,10,630,130,3197,773,16,773,0,0.0,0.0,9.47,51.25,0.0,0,0,6559,0,0,0,0,0.6
qsem,batched k=1,,"{""batch_k"": 1, ""q_sem"": 0.1}",batched,1,100,1000,10,True,1000,131.1544,7.6246,7.3747,751.303,923.946,725.427,3.21,1.5,90.69,4.61,420.41,196.64,11893.81,604.58,17.88,0.0,73037.1,92.81,7784,2520,10,583,112,2837,712,17,712,0,0.0,0.0,8.96,53.16,0.0,0,0,6055,0,0,0,0,0.65
qsem,batched k=1,,"{""batch_k"": 1, ""q_sem"": 0.1}",batched,2,100,1000,10,True,1000,134.1407,7.4549,7.3619,766.833,930.464,735.436,3.24,1.55,89.83,5.38,434.8,207.93,12049.34,722.0,28.13,0.0,74560.7,92.64,7950,2589,10,605,116,3022,727,19,727,0,0.0,0.0,8.57,44.66,0.0,0,0,6204,0,0,0,0,0.5
qsem,batched k=1,,"{""batch_k"": 1, ""q_sem"": 0.1}",batched,4,100,1000,10,True,1000,142.815,7.0021,6.9712,803.898,982.395,780.504,3.06,1.62,89.47,5.86,436.73,231.09,12777.31,836.36,12.98,0.0,78999.6,92.19,8367,2700,10,620,121,3281,776,16,776,0,0.0,0.0,9.21,56.33,0.0,0,0,6575,0,0,0,0,0.43
qsem,batched k=1,,"{""batch_k"": 1, ""q_sem"": 0.1}",batched,3,100,1000,10,True,1000,135.9294,7.3568,7.3361,775.508,923.104,747.462,2.89,1.51,90.14,5.46,392.43,205.17,12252.53,742.8,71.71,0.0,75423.1,92.48,8004,2620,10,668,135,2895,731,21,731,0,0.0,0.0,9.58,73.17,0.0,0,0,6252,0,0,0,0,0.47
qsem,batched k=1,,"{""batch_k"": 1, ""q_sem"": 0.1}",batched,5,100,1000,10,True,1000,139.4961,7.1687,7.0661,829.042,911.941,769.471,3.09,1.57,90.36,4.97,431.22,219.67,12604.85,693.86,39.53,0.0,77041.1,92.05,8180,2698,10,641,99,3024,750,25,750,0,0.0,0.0,9.28,50.2,0.0,0,0,6405,0,0,0,0,0.61
qsem,batched k=1,,"{""batch_k"": 1, ""q_sem"": 0.1}",batched,9,100,1000,10,True,1000,132.9068,7.5241,7.4321,774.855,913.256,723.783,3.26,1.61,89.16,5.97,433.66,213.55,11849.5,793.97,69.51,0.0,73522.1,92.2,7850,2519,10,578,95,2804,713,22,713,0,0.0,0.0,9.37,60.07,0.0,0,0,6115,0,0,0,0,0.19
qsem,batched-par k=1,,"{""batch_k"": 1, ""q_sem"": 0.1}",batched-par,0,100,1000,10,True,1000,105.5215,9.4767,9.413,607.233,731.012,573.171,3.95,2.27,88.26,5.52,417.26,239.54,9313.3,582.05,37.2,0.0,59173.4,93.46,6974,2823,10,674,132,2557,842,19,842,0,0.0,0.0,7.03,39.18,0.0,0,0,5113,0,0,0,0,0.23
qsem,batched-par k=1,,"{""batch_k"": 1, ""q_sem"": 0.1}",batched-par,2,100,1000,10,True,1000,94.5262,10.5791,10.3316,539.728,699.2,516.094,4.6,2.44,88.55,4.4,434.8,230.87,8370.69,416.26,44.47,0.0,53447.0,94.24,6420,2679,10,651,121,2161,782,25,782,0,0.0,0.0,6.69,47.97,0.0,0,0,4613,0,0,0,0,0.21
qsem,batched-par k=1,,"{""batch_k"": 1, ""q_sem"": 0.1}",batched-par,3,100,1000,10,True,1000,95.2849,10.4948,10.5996,539.251,662.02,510.282,4.12,2.33,86.93,6.63,392.43,221.76,8282.95,631.35,64.63,0.0,53493.4,93.57,6323,2502,10,711,137,2256,772,21,772,0,0.0,0.0,7.03,42.88,0.0,0,0,4530,0,0,0,0,0.22
qsem,batched k=1,,"{""batch_k"": 1, ""q_sem"": 0.1}",batched,6,100,1000,10,True,1000,130.1041,7.6862,7.4976,742.926,878.268,709.915,3.27,1.7,89.24,5.79,425.13,221.59,11610.32,753.37,19.46,0.0,71999.8,92.23,7666,2475,10,682,133,2795,705,14,705,0,0.0,0.0,9.42,83.49,0.0,0,0,5947,0,0,0,0,0.77
qsem,batched-par k=1,,"{""batch_k"": 1, ""q_sem"": 0.1}",batched-par,1,100,1000,10,True,1000,87.2721,11.4584,11.461,484.432,621.015,467.738,4.82,2.55,86.77,5.86,420.41,222.61,7573.03,511.16,9.71,0.0,49278.7,94.11,6043,2523,10,647,126,2063,774,24,774,0,0.0,0.0,6.2,33.74,0.0,0,0,4245,0,0,0,0,0.46
qsem,batched k=1,,"{""batch_k"": 1, ""q_sem"": 0.1}",batched,8,100,1000,10,True,1000,132.4166,7.5519,7.4576,752.832,900.487,727.122,3.11,1.57,89.95,5.37,411.47,208.3,11910.41,711.48,8.46,0.0,73000.0,91.88,7795,2476,10,640,117,2853,711,23,711,0,0.0,0.0,9.5,56.6,0.0,0,0,6061,0,0,0,0,0.71
qsem,batched k=1,,"{""batch_k"": 1, ""q_sem"": 0.1}",batched,7,100,1000,10,True,1000,133.1935,7.5079,7.4229,767.758,949.929,735.097,3.2,1.53,90.46,4.82,425.68,203.48,12048.13,642.06,21.28,0.0,73826.8,92.38,7865,2519,10,590,146,2934,714,22,714,0,0.0,0.0,9.17,51.26,0.0,0,0,6129,0,0,0,0,0.72
qsem,batched-par k=1,,"{""batch_k"": 1, ""q_sem"": 0.1}",batched-par,4,100,1000,10,True,1000,95.7203,10.4471,10.473,515.829,713.774,507.763,4.56,2.6,85.81,7.03,436.73,248.5,8214.21,672.58,19.28,0.0,53749.6,93.59,6573,2847,10,659,131,2225,839,19,839,0,0.0,0.0,6.88,42.37,0.0,0,0,4715,0,0,0,0,0.55
qsem,batched-par k=1,,"{""batch_k"": 1, ""q_sem"": 0.1}",batched-par,8,100,1000,10,True,1000,99.2235,10.0783,9.5655,562.813,743.4,537.668,4.15,2.34,87.97,5.54,411.47,232.04,8729.09,549.74,5.94,0.0,55654.7,93.48,6587,2669,10,694,117,2350,801,22,801,0,0.0,0.0,7.24,42.65,0.0,0,0,4764,0,0,0,0,0.34
qsem,batched-par k=1,,"{""batch_k"": 1, ""q_sem"": 0.1}",batched-par,9,100,1000,10,True,1000,98.9885,10.1022,9.9906,551.175,706.415,528.813,4.38,2.51,86.53,6.58,433.66,248.34,8565.22,651.64,96.2,0.0,55833.3,94.01,6623,2750,10,634,102,2306,802,24,802,0,0.0,0.0,7.09,62.27,0.0,0,0,4797,0,0,0,0,0.4
qsem,batched-par k=1,,"{""batch_k"": 1, ""q_sem"": 0.1}",batched-par,5,100,1000,10,True,1000,101.0461,9.8965,9.9006,553.759,722.204,543.564,4.27,2.39,87.27,6.08,431.22,241.22,8818.19,613.99,23.01,0.0,56663.3,93.46,6775,2849,10,674,106,2298,828,19,828,0,0.0,0.0,6.95,46.9,0.0,0,0,4928,0,0,0,0,0.75
qsem,batched-par k=1,,"{""batch_k"": 1, ""q_sem"": 0.1}",batched-par,6,100,1000,10,True,1000,95.5598,10.4647,10.2083,539.272,662.901,514.69,4.45,2.44,87.33,5.78,425.13,233.28,8344.88,552.69,11.25,0.0,53229.1,92.84,6298,2473,10,717,140,2229,762,21,762,0,0.0,0.0,6.83,43.12,0.0,0,0,4515,0,0,0,0,0.7
qsem,beanstalk,,"{""q_sem"": 0.1}",beanstalk,0,100,1000,10,True,1000,57.1104,17.5099,,1917.048,3408.761,1903.548,7.31,7.5,0.22,84.98,417.26,428.28,12.39,4853.11,7.07,4821.54,29198.5,85.21,2905,0,10,768,122,585,1492,44,1492,900,416.68,75.18,1713.31,3426.63,3171.4,79,0,0,482,2319,1054,586,0.52
qsem,batched-par k=1,,"{""batch_k"": 1, ""q_sem"": 0.1}",batched-par,7,100,1000,10,True,1000,96.765,10.3343,10.0584,543.174,733.574,524.663,4.4,2.54,87.83,5.23,425.68,245.62,8498.77,506.44,14.34,0.0,54184.8,93.33,6572,2743,10,648,154,2282,803,22,803,0,0.0,0.0,7.0,50.7,0.0,0,0,4747,0,0,0,0,0.82
qsem,beanstalk,,"{""q_sem"": 0.1}",beanstalk,1,100,1000,10,True,1000,48.3553,20.6802,101.4996,1243.28,2409.11,1229.014,8.69,8.23,0.24,82.84,420.41,397.84,11.42,4005.86,1.49,3994.42,24484.2,84.39,2434,0,10,698,98,508,1310,33,1310,898,323.24,70.06,1040.96,2412.88,2727.5,72,0,0,403,1921,940,513,0.47
qsem,beanstalk,,"{""q_sem"": 0.1}",beanstalk,2,100,1000,10,True,1000,55.1591,18.1294,17.7553,1126.008,2689.734,1400.275,7.88,7.97,0.22,83.93,434.8,439.88,11.89,4629.33,3.03,4605.63,26510.8,80.1,2640,0,10,730,148,585,1420,46,1420,894,380.04,69.96,1152.24,2697.2,3115.2,79,0,0,442,2046,1024,594,0.42
qsem,beanstalk,,"{""q_sem"": 0.1}",beanstalk,3,100,1000,10,True,1000,52.4768,19.056,,1826.009,3129.856,1793.764,7.48,7.25,0.23,85.04,392.43,380.59,12.27,4462.38,14.8,4365.76,26750.7,84.96,2662,0,10,782,147,502,1355,39,1355,901,353.12,76.52,1560.51,3134.75,2915.7,80,0,0,435,2158,959,504,0.89
qsem,beanstalk,,"{""q_sem"": 0.1}",beanstalk,6,100,1000,10,True,1000,57.2335,17.4723,38.1539,1215.447,2086.9,1119.451,7.43,7.82,0.21,84.54,425.13,447.57,12.06,4838.58,5.05,4808.52,26248.4,76.44,2611,0,10,778,139,627,1405,32,1405,899,422.68,65.74,864.59,2090.41,3192.8,72,0,0,448,1976,989,635,0.81
qsem,beanstalk,,"{""q_sem"": 0.1}",beanstalk,9,100,1000,10,True,1000,55.4026,18.0497,19.4898,1001.358,2448.108,1204.543,7.83,8.23,0.21,83.73,433.66,455.76,11.88,4638.96,3.12,4614.94,25216.9,75.86,2510,0,10,700,122,652,1442,44,1442,896,369.77,62.04,1018.22,2454.02,3077.0,72,0,0,428,1854,1058,656,0.42
qsem,beanstalk,,"{""q_sem"": 0.1}",beanstalk,4,100,1000,10,True,1000,53.7629,18.6002,,1884.181,3203.412,1914.586,8.12,8.32,0.22,83.34,436.73,447.52,11.56,4480.48,2.15,4458.19,25676.9,79.6,2542,0,10,716,119,622,1385,34,1385,891,256.2,59.88,1600.65,3213.49,3059.5,50,0,0,456,1918,963,624,1.27
qsem,beanstalk quarantine,,"{""green_mode"": ""quarantine"", ""q_sem"": 0.1}",beanstalk,0,100,1000,10,True,1000,65.8052,15.1964,16.9379,449.941,989.29,487.634,6.34,6.93,0.2,86.53,417.26,455.99,13.23,5694.03,5.51,5644.48,32502.2,82.32,3225,0,10,828,114,478,1587,46,1587,896,397.72,130.27,47.74,329.94,3712.1,102,0,0,505,2461,1138,763,0.47
qsem,beanstalk,,"{""q_sem"": 0.1}",beanstalk,5,100,1000,10,True,1000,59.1544,16.9049,19.1406,1035.449,2493.28,1328.96,7.29,8.02,0.21,84.48,431.22,474.7,12.3,4997.21,3.49,4974.13,25656.5,72.29,2541,0,10,782,115,731,1511,37,1511,894,532.44,57.85,1029.69,2498.56,3392.2,73,0,0,433,1800,1115,741,1.52
qsem,beanstalk,,"{""q_sem"": 0.1}",beanstalk,8,100,1000,10,True,1000,48.8485,20.4715,,1518.688,2911.202,1632.676,8.42,8.39,0.24,82.95,411.47,409.89,11.57,4051.91,1.37,4044.52,22976.0,78.39,2284,0,10,805,85,605,1263,34,1263,904,270.63,56.86,1449.55,2914.93,2778.8,58,0,0,403,1673,894,611,1.51
qsem,beanstalk,,"{""q_sem"": 0.1}",beanstalk,7,100,1000,10,True,1000,56.303,17.761,59.0717,1101.18,2546.874,1285.134,7.56,7.71,0.22,84.52,425.68,433.91,12.18,4758.53,7.04,4576.22,26211.4,77.59,2617,0,10,807,140,651,1379,48,1379,898,380.49,73.87,1057.13,2548.76,3113.5,77,0,0,425,1958,1003,658,1.57
qsem,beanstalk quarantine,,"{""green_mode"": ""quarantine"", ""q_sem"": 0.1}",beanstalk,1,100,1000,10,True,1000,54.4755,18.3569,16.8828,485.28,1072.582,550.31,7.72,6.79,0.21,85.29,420.41,369.76,11.27,4646.11,7.97,4622.83,28015.4,85.71,2788,0,10,691,103,479,1227,39,1227,898,557.88,155.66,59.77,294.92,3142.8,127,0,0,401,2194,867,594,0.85
qsem,beanstalk quarantine,,"{""green_mode"": ""quarantine"", ""q_sem"": 0.1}",beanstalk,3,100,1000,10,True,1000,63.5442,15.7371,17.3072,517.56,1308.443,550.164,6.18,6.8,0.21,86.81,392.43,432.24,13.41,5516.34,8.88,5452.9,30234.9,79.3,3009,0,10,958,146,489,1414,44,1414,880,611.01,167.28,71.29,392.15,3510.0,118,0,0,463,2254,1002,755,1.14
qsem,beanstalk quarantine,,"{""green_mode"": ""quarantine"", ""q_sem"": 0.1}",beanstalk,2,100,1000,10,True,1000,61.2868,16.3167,17.4927,464.143,1023.376,515.439,7.09,6.6,0.2,86.11,434.8,404.38,12.03,5277.47,3.85,5235.31,30840.0,83.87,3072,0,10,764,137,486,1389,47,1389,890,574.43,145.88,57.84,338.53,3436.8,110,0,0,451,2383,993,689,1.38
qsem,beanstalk quarantine,,"{""green_mode"": ""quarantine"", ""q_sem"": 0.1}",beanstalk,4,100,1000,10,True,1000,62.4301,16.0179,16.6947,442.012,1250.574,548.554,7.0,7.59,0.22,85.2,436.73,473.87,13.49,5318.91,3.23,5289.97,30082.0,80.31,2975,0,10,951,145,506,1510,38,1510,892,724.69,159.61,77.28,502.59,3527.4,125,0,0,480,2230,1076,745,1.25
qsem,beanstalk quarantine,,"{""green_mode"": ""quarantine"", ""q_sem"": 0.1}",beanstalk,7,100,1000,10,True,1000,65.9721,15.1579,16.3255,522.008,1586.377,692.985,6.45,8.05,0.22,85.28,425.68,531.07,14.49,5625.97,7.96,5549.58,30298.8,76.54,3026,0,10,1090,241,463,1544,53,1544,878,853.63,186.66,67.24,377.43,3574.1,150,0,0,491,2304,1113,722,0.94
qsem,beanstalk-noplace,,"{""q_sem"": 0.1}",beanstalk-noplace,0,100,1000,10,True,1000,59.1318,16.9114,,1774.52,3530.171,1979.157,7.06,7.85,0.22,84.88,417.26,463.9,12.82,5019.19,5.39,5003.08,28066.7,79.11,2791,0,10,871,125,659,1493,44,1493,0,393.31,68.25,1773.95,3547.91,3355.5,84,0,0,481,2131,1056,660,0.16
qsem,beanstalk-noplace,,"{""q_sem"": 0.1}",beanstalk-noplace,1,100,1000,10,True,1000,49.5767,20.1708,,1618.727,2953.57,1696.731,8.48,8.32,0.24,82.97,420.41,412.28,11.74,4113.24,5.66,4005.31,24815.9,83.43,2473,0,10,741,107,609,1364,41,1364,0,279.29,60.34,1470.83,2958.06,2750.7,65,0,0,423,1859,983,614,0.15
qsem,beanstalk quarantine,,"{""green_mode"": ""quarantine"", ""q_sem"": 0.1}",beanstalk,8,100,1000,10,True,1000,63.0902,15.8503,15.8631,738.023,1550.788,702.398,6.52,7.79,0.23,85.46,411.47,491.49,14.32,5391.74,6.61,5329.16,31460.3,83.11,3122,0,10,1085,128,379,1514,41,1514,909,811.47,181.16,98.6,570.78,3542.0,156,0,0,482,2482,1076,640,0.57
qsem,beanstalk-noplace,,"{""q_sem"": 0.1}",beanstalk-noplace,2,100,1000,10,True,1000,51.8734,19.2777,73.6719,987.668,2435.705,1256.114,8.38,7.8,0.23,83.58,434.8,404.77,11.93,4335.84,3.62,4321.95,26386.2,84.78,2628,0,10,760,94,540,1350,51,1350,0,375.6,75.54,1022.7,2440.04,2963.0,77,0,0,423,2074,978,554,0.13
qsem,beanstalk quarantine,,"{""green_mode"": ""quarantine"", ""q_sem"": 0.1}",beanstalk,6,100,1000,10,True,1000,61.0367,16.3836,16.8117,446.042,1328.096,552.74,6.97,8.69,0.25,84.09,425.13,530.63,15.13,5132.78,0.62,5090.6,28958.5,79.07,2888,0,10,1109,197,445,1694,30,1694,898,639.76,150.9,57.37,322.98,3421.1,137,0,0,525,2099,1208,789,1.46
qsem,beanstalk-noplace,,"{""q_sem"": 0.1}",beanstalk-noplace,4,100,1000,10,True,1000,54.926,18.2063,,1872.051,3183.253,1894.708,7.95,8.18,0.22,83.65,436.73,449.25,12.04,4594.58,9.33,4495.49,26859.4,81.5,2675,0,10,767,114,533,1438,40,1438,0,311.19,66.3,1542.75,3187.52,3030.7,64,0,0,453,2135,1025,540,0.15
qsem,beanstalk-noplace,,"{""q_sem"": 0.1}",beanstalk-noplace,5,100,1000,10,True,1000,59.0133,16.9453,22.485,1352.388,2122.528,1247.085,7.31,7.68,0.21,84.81,431.22,453.04,12.24,5004.82,5.19,4972.12,25085.7,70.85,2494,0,10,824,86,609,1414,31,1414,0,295.14,59.3,912.5,2127.6,3192.3,62,0,0,434,1873,1011,621,0.14
qsem,beanstalk-noplace,,"{""q_sem"": 0.1}",beanstalk-noplace,6,100,1000,10,True,1000,54.8939,18.2169,,2007.148,3273.099,1916.298,7.74,7.66,0.22,84.37,425.13,420.34,12.34,4631.58,1.6,4622.39,27019.3,82.03,2685,0,10,837,146,553,1374,49,1374,0,328.31,68.63,1629.5,3276.25,3114.9,61,0,0,448,2121,975,564,0.15
qsem,beanstalk-noplace,,"{""q_sem"": 0.1}",beanstalk-noplace,7,100,1000,10,True,1000,48.727,20.5225,,1306.551,2544.281,1304.742,8.74,8.8,0.25,82.21,425.68,428.96,12.03,4006.03,5.32,3931.53,23013.6,78.72,2298,0,10,809,152,576,1332,35,1332,0,363.07,60.4,1130.44,2545.87,2643.9,67,0,0,386,1717,981,581,0.15
qsem,beanstalk-noplace,,"{""q_sem"": 0.1}",beanstalk-noplace,9,100,1000,10,True,1000,52.9226,18.8955,,1757.87,3156.568,1881.443,8.19,7.75,0.22,83.83,433.66,410.04,11.81,4436.76,2.57,4427.07,25197.3,79.35,2508,0,10,749,103,515,1318,38,1318,0,460.3,77.27,1576.33,3163.97,2993.8,80,0,0,395,1991,961,517,0.14
qsem,beanstalk quarantine,,"{""green_mode"": ""quarantine"", ""q_sem"": 0.1}",beanstalk,5,100,1000,10,True,1000,55.8485,17.9056,19.6129,428.733,1435.853,518.105,7.72,9.6,0.29,82.39,431.22,536.02,16.1,4601.51,4.53,4564.33,25839.8,77.11,2564,0,10,1218,161,475,1743,24,1743,881,461.54,148.87,56.41,342.74,3087.0,153,0,0,518,1811,1262,753,1.9
qsem,batched k=1,,"{""batch_k"": 1, ""q_sem"": 0.2}",batched,0,100,1000,10,True,1000,174.6213,5.7267,5.6276,1018.915,1146.826,969.092,2.39,1.41,91.09,5.12,417.26,246.12,15905.42,893.34,41.46,0.0,97040.1,92.62,10199,3328,10,627,130,4671,958,17,958,0,0.0,0.0,9.93,64.81,0.0,0,0,8224,0,0,0,0,0.22
qsem,batched k=1,,"{""batch_k"": 1, ""q_sem"": 0.2}",batched,1,100,1000,10,True,1000,173.8359,5.7526,5.6709,1025.866,1132.108,963.8,2.42,1.4,91.01,5.18,420.41,242.88,15820.45,899.85,20.52,0.0,96443.5,92.47,10125,3240,10,598,127,4574,957,10,957,0,0.0,0.0,10.0,55.74,0.0,0,0,8158,0,0,0,0,0.21
qsem,beanstalk-noplace,,"{""q_sem"": 0.1}",beanstalk-noplace,3,100,1000,10,True,1000,53.6639,18.6345,,1780.678,3199.878,1816.555,7.31,7.89,0.24,84.56,392.43,423.42,12.65,4537.89,3.3,4530.94,26584.1,82.56,2641,0,10,878,140,479,1374,39,1374,0,356.59,78.9,1609.92,3219.84,3006.1,76,0,0,435,2161,978,480,0.9
qsem,beanstalk-noplace,,"{""q_sem"": 0.1}",beanstalk-noplace,8,100,1000,10,True,1000,49.7656,20.0942,,1865.274,2959.282,1701.611,8.27,8.19,0.24,83.3,411.47,407.79,11.82,4145.48,0.29,4144.27,24575.4,82.3,2440,0,10,809,88,607,1297,20,1297,0,317.2,64.14,1471.53,2964.38,2884.6,68,0,0,415,1830,902,610,0.75
qsem,batched k=1,,"{""batch_k"": 1, ""q_sem"": 0.2}",batched,4,100,1000,10,True,1000,171.956,5.8154,5.8106,976.72,1137.575,944.008,2.54,1.5,90.0,5.96,436.73,257.18,15476.3,1025.4,22.24,0.0,95154.9,92.23,10016,3291,10,625,123,4501,942,15,942,0,0.0,0.0,9.61,52.8,0.0,0,0,8059,0,0,0,0,0.47
qsem,batched k=1,,"{""batch_k"": 1, ""q_sem"": 0.2}",batched,3,100,1000,10,True,1000,168.7453,5.9261,5.9358,969.942,1138.078,934.484,2.33,1.43,90.87,5.38,392.43,240.75,15333.99,907.35,88.63,0.0,94141.5,92.98,9938,3382,10,670,133,4273,928,18,928,0,0.0,0.0,9.77,53.36,0.0,0,0,7992,0,0,0,0,0.58
qsem,batched k=1,,"{""batch_k"": 1, ""q_sem"": 0.2}",batched,5,100,1000,10,True,1000,179.4145,5.5737,5.4903,1040.246,1200.938,998.385,2.4,1.48,91.27,4.85,431.22,265.06,16374.69,870.48,33.54,0.0,99480.6,92.41,10454,3601,10,638,96,4565,983,21,983,0,0.0,0.0,10.41,66.66,0.0,0,0,8450,0,0,0,0,0.23
qsem,batched k=1,,"{""batch_k"": 1, ""q_sem"": 0.2}",batched,2,100,1000,10,True,1000,169.0905,5.914,5.8492,983.785,1118.485,933.513,2.57,1.48,90.54,5.42,434.8,249.42,15309.13,915.7,33.76,0.0,94289.5,92.94,9954,3339,10,605,119,4370,931,16,931,0,0.0,0.0,9.52,52.76,0.0,0,0,8007,0,0,0,0,0.77
qsem,beanstalk quarantine,,"{""green_mode"": ""quarantine"", ""q_sem"": 0.1}",beanstalk,9,100,1000,10,True,1000,63.3311,15.79,17.0284,421.028,1125.948,498.198,6.85,8.79,0.24,84.13,433.66,556.39,14.93,5328.13,0.21,5300.11,28878.1,76.0,2873,0,10,1027,129,551,1741,38,1741,889,483.48,134.38,62.67,334.77,3597.1,160,0,0,532,1978,1257,895,1.82
qsem,batched-par k=1,,"{""batch_k"": 1, ""q_sem"": 0.2}",batched-par,0,100,1000,10,True,1000,133.8744,7.4697,7.5003,771.345,969.568,732.068,3.12,2.22,88.92,5.74,417.26,296.74,11904.4,769.05,32.18,0.0,75153.4,93.56,8778,3609,10,674,136,3721,1081,26,1081,0,0.0,0.0,8.34,53.13,0.0,0,0,6671,0,0,0,0,0.3
qsem,batched-par k=1,,"{""batch_k"": 1, ""q_sem"": 0.2}",batched-par,1,100,1000,10,True,1000,118.4316,8.4437,8.5207,679.861,815.371,648.402,3.55,2.33,88.92,5.2,420.41,275.54,10531.15,616.06,13.11,0.0,67008.1,94.3,8096,3535,10,642,130,3236,1046,15,1046,0,0.0,0.0,7.64,63.58,0.0,0,0,6035,0,0,0,0,0.24
qsem,batched k=1,,"{""batch_k"": 1, ""q_sem"": 0.2}",batched,9,100,1000,10,True,1000,172.6126,5.7933,5.6753,1012.786,1153.102,958.841,2.51,1.49,91.09,4.91,433.66,257.14,15723.54,846.92,106.15,0.0,96061.1,92.75,10117,3402,10,590,98,4334,948,19,948,0,0.0,0.0,10.2,54.67,0.0,0,0,8150,0,0,0,0,0.55
qsem,batched k=1,,"{""batch_k"": 1, ""q_sem"": 0.2}",batched,6,100,1000,10,True,1000,169.7005,5.8927,5.8151,990.631,1086.184,937.16,2.51,1.55,90.49,5.45,425.13,262.89,15356.45,925.59,21.85,0.0,94295.8,92.61,9926,3284,10,674,133,4319,924,24,924,0,0.0,0.0,10.12,63.12,0.0,0,0,7978,0,0,0,0,0.76
qsem,batched k=1,,"{""batch_k"": 1, ""q_sem"": 0.2}",batched,7,100,1000,10,True,1000,172.7868,5.7875,5.7078,1000.7,1157.819,954.664,2.46,1.44,90.65,5.45,425.68,248.77,15662.3,941.94,20.86,0.0,95406.0,92.03,10029,3353,10,596,147,4419,939,22,939,0,0.0,0.0,9.97,60.06,0.0,0,0,8068,0,0,0,0,0.79
qsem,batched k=1,,"{""batch_k"": 1, ""q_sem"": 0.2}",batched,8,100,1000,10,True,1000,173.4135,5.7666,5.5815,1026.528,1155.515,969.587,2.37,1.48,91.7,4.44,411.47,257.48,15902.31,770.09,9.29,0.0,96518.1,92.76,10201,3559,10,655,120,4421,947,26,947,0,0.0,0.0,10.18,60.84,0.0,0,0,8228,0,0,0,0,0.74
qsem,batched-par k=1,,"{""batch_k"": 1, ""q_sem"": 0.2}",batched-par,3,100,1000,10,True,1000,129.6589,7.7125,7.7476,731.759,903.249,705.431,3.03,2.1,88.58,6.3,392.43,272.48,11484.7,816.28,84.25,0.0,72952.1,93.77,8648,3693,10,719,140,3566,1058,28,1058,0,0.0,0.0,7.5,44.35,0.0,0,0,6562,0,0,0,0,0.53
qsem,batched-par k=1,,"{""batch_k"": 1, ""q_sem"": 0.2}",batched-par,2,100,1000,10,True,1000,123.7214,8.0827,8.0599,707.014,880.452,676.637,3.51,2.22,88.93,5.34,434.8,274.16,11003.12,660.06,25.2,0.0,69914.1,94.18,8343,3541,10,646,126,3413,1050,20,1050,0,0.0,0.0,7.99,43.66,0.0,0,0,6273,0,0,0,0,0.58
qsem,batched-par k=1,,"{""batch_k"": 1, ""q_sem"": 0.2}",batched-par,4,100,1000,10,True,1000,126.4286,7.9096,7.9889,696.812,916.644,676.967,3.45,2.45,86.79,7.3,436.73,309.71,10973.08,923.34,12.18,0.0,71103.5,93.73,8595,3816,10,671,122,3379,1098,19,1098,0,0.0,0.0,7.97,42.48,0.0,0,0,6478,0,0,0,0,0.8
qsem,batched-par k=1,,"{""batch_k"": 1, ""q_sem"": 0.2}",batched-par,7,100,1000,10,True,1000,121.677,8.2185,8.0583,704.611,843.579,670.276,3.5,2.29,89.52,4.69,425.68,278.21,10893.05,570.77,14.33,0.0,68452.9,93.76,8339,3777,10,633,161,3191,1045,18,1045,0,0.0,0.0,7.39,43.44,0.0,0,0,6276,0,0,0,0,0.77
qsem,batched-par k=1,,"{""batch_k"": 1, ""q_sem"": 0.2}",batched-par,5,100,1000,10,True,1000,135.1691,7.3981,7.4675,759.154,976.871,738.141,3.19,2.15,88.86,5.8,431.22,291.23,12011.12,783.33,30.0,0.0,76377.1,94.17,9058,3982,10,692,110,3686,1089,21,1089,0,0.0,0.0,7.99,42.82,0.0,0,0,6948,0,0,0,0,0.91
qsem,batched-par k=1,,"{""batch_k"": 1, ""q_sem"": 0.2}",batched-par,8,100,1000,10,True,1000,125.8005,7.9491,7.4736,738.446,914.284,695.402,3.27,2.19,89.94,4.6,411.47,275.65,11314.38,578.55,19.95,0.0,71070.9,94.16,8475,3670,10,711,118,3378,1058,18,1058,0,0.0,0.0,7.79,50.53,0.0,0,0,6399,0,0,0,0,0.6
qsem,batched-par k=1,,"{""batch_k"": 1, ""q_sem"": 0.2}",batched-par,9,100,1000,10,True,1000,122.1231,8.1885,8.1288,690.967,871.009,656.798,3.55,2.27,87.37,6.81,433.66,277.17,10669.47,832.01,90.11,0.0,68547.5,93.55,8168,3538,10,633,95,3250,1039,16,1039,0,0.0,0.0,7.83,42.18,0.0,0,0,6113,0,0,0,0,0.61
qsem,batched-par k=1,,"{""batch_k"": 1, ""q_sem"": 0.2}",batched-par,6,100,1000,10,True,1000,126.242,7.9213,7.8141,714.497,891.174,686.89,3.37,2.23,88.45,5.95,425.13,282.01,11166.17,750.9,14.71,0.0,70699.6,93.34,8333,3506,10,719,144,3395,1030,20,1030,0,0.0,0.0,8.35,60.19,0.0,0,0,6283,0,0,0,0,1.27
qsem,beanstalk,,"{""q_sem"": 0.2}",beanstalk,4,100,1000,10,True,1000,142.0975,7.0374,,6172.847,8503.488,5772.142,3.07,7.62,0.13,89.18,436.73,1082.2,18.47,12672.36,33.0,11801.77,51965.4,60.95,5157,0,10,1029,170,1503,3109,71,3109,894,416.51,66.1,4250.66,8513.57,7208.8,75,0,0,947,3652,2233,1505,0.94
qsem,beanstalk,,"{""q_sem"": 0.2}",beanstalk,1,100,1000,10,True,1000,107.4969,9.3026,,3316.159,6429.922,3627.729,3.91,8.29,0.16,87.64,420.41,891.52,16.8,9420.97,3.43,9396.84,48897.7,75.81,4863,0,10,837,229,1232,2782,72,2782,908,421.07,73.57,3208.82,6433.69,6285.9,100,0,0,890,3629,1964,1234,1.51
qsem,beanstalk,,"{""q_sem"": 0.2}",beanstalk,3,100,1000,10,True,1000,89.9216,11.1208,,2804.812,5376.546,2941.502,4.36,7.98,0.18,87.47,392.43,717.93,16.21,7865.59,2.71,7847.25,41943.3,77.74,4182,0,10,995,165,895,2358,67,2358,900,529.66,75.45,2683.83,5381.44,5222.8,99,0,0,717,3285,1708,897,1.42
qsem,beanstalk,,"{""q_sem"": 0.2}",beanstalk,0,100,1000,10,True,1000,127.1315,7.8659,,4768.184,7610.024,4737.218,3.28,8.17,0.15,88.39,417.26,1039.29,19.59,11237.01,0.95,11209.17,55542.1,72.81,5519,0,10,1158,218,1472,3171,86,3171,899,523.02,76.01,3813.94,7627.89,7408.0,97,0,0,1016,4046,2241,1473,1.99
qsem,beanstalk,,"{""q_sem"": 0.2}",beanstalk,2,100,1000,10,True,1000,99.1603,10.0847,,3344.09,5931.748,3504.513,4.38,7.36,0.17,88.09,434.8,729.76,16.4,8735.07,6.91,8627.01,46940.6,78.9,4672,0,10,901,145,984,2550,73,2550,901,555.17,82.55,2958.4,5933.17,5679.2,110,0,0,815,3681,1808,991,1.85
qsem,beanstalk,,"{""q_sem"": 0.2}",beanstalk,5,100,1000,10,True,1000,121.4706,8.2324,,4291.025,7270.126,4105.643,3.55,8.84,0.16,87.45,431.22,1074.19,19.47,10622.18,5.15,10563.87,54530.1,74.82,5421,0,10,1047,259,1519,3347,64,3347,882,635.57,68.74,3632.13,7276.23,7153.6,90,0,0,992,3900,2419,1521,1.76
qsem,beanstalk,,"{""q_sem"": 0.2}",beanstalk,6,100,1000,10,True,1000,100.1065,9.9894,,2941.708,5986.751,3320.291,4.25,8.46,0.18,87.11,425.13,846.84,17.91,8720.77,4.62,8690.22,48267.2,80.36,4814,0,10,1068,206,1057,2786,63,2786,893,391.05,76.13,2987.11,5990.26,5827.1,96,0,0,846,3752,2004,1061,1.4
qsem,beanstalk,,"{""q_sem"": 0.2}",beanstalk,8,100,1000,10,True,1000,121.6665,8.2192,,4812.22,7280.282,4632.495,3.38,7.82,0.15,88.65,411.47,951.26,17.82,10786.1,15.78,10511.62,49548.4,67.87,4917,0,10,1068,133,1307,2819,61,2819,907,421.75,74.24,3634.05,7284.01,6903.7,95,0,0,875,3604,2005,1313,0.97
qsem,beanstalk,,"{""q_sem"": 0.2}",beanstalk,7,100,1000,10,True,1000,129.1957,7.7402,,4744.726,7731.995,4781.043,3.29,7.98,0.14,88.59,425.68,1030.53,18.31,11445.05,12.15,11179.23,50481.5,65.12,5039,0,10,1031,216,1437,2988,78,2988,884,572.5,71.37,3858.04,7733.88,7345.4,97,0,0,897,3599,2169,1440,1.57
qsem,beanstalk,,"{""q_sem"": 0.2}",beanstalk,9,100,1000,10,True,1000,103.9873,9.6166,,3668.513,6219.874,3597.821,4.17,7.97,0.16,87.7,433.66,828.31,16.8,9119.95,10.93,9079.56,46467.5,74.48,4627,0,10,925,138,1210,2721,75,2721,888,457.54,67.01,3119.62,6239.24,6057.8,71,0,0,834,3416,1962,1211,1.51
qsem,beanstalk quarantine,,"{""green_mode"": ""quarantine"", ""q_sem"": 0.2}",beanstalk,0,100,1000,10,True,1000,124.6364,8.0233,9.1729,849.25,3161.547,1174.835,3.35,7.45,0.18,89.02,417.26,928.47,22.38,11095.53,7.15,10887.4,59398.2,79.43,5895,0,10,1591,193,685,3082,93,3082,899,1184.32,220.5,107.63,838.3,7018.4,201,0,0,974,4775,2218,1120,1.64
qsem,beanstalk quarantine,,"{""green_mode"": ""quarantine"", ""q_sem"": 0.2}",beanstalk,2,100,1000,10,True,1000,105.999,9.4341,10.2552,719.256,2347.152,1002.654,4.1,7.91,0.19,87.8,434.8,837.93,19.98,9307.19,2.78,9223.0,54939.0,86.38,5474,0,10,1251,262,645,2899,83,2899,869,1272.0,194.86,115.09,773.18,6056.4,201,0,0,914,4433,2084,1041,1.26
qsem,beanstalk quarantine,,"{""green_mode"": ""quarantine"", ""q_sem"": 0.2}",beanstalk,3,100,1000,10,True,1000,115.2673,8.6755,9.613,1107.017,3164.963,1201.061,3.4,8.43,0.22,87.94,392.43,972.19,25.27,10136.82,2.93,10013.18,55959.8,80.91,5580,0,10,1863,273,621,3336,98,3336,879,997.31,209.05,120.83,515.12,6507.6,173,0,0,1076,4549,2365,1031,1.61
qsem,beanstalk quarantine,,"{""green_mode"": ""quarantine"", ""q_sem"": 0.2}",beanstalk,1,100,1000,10,True,1000,105.1434,9.5108,9.9631,531.567,2695.255,876.396,4.0,9.37,0.22,86.41,420.41,985.66,22.68,9085.6,1.19,8933.25,49260.7,78.08,4909,0,10,1490,317,622,3333,66,3333,876,871.05,167.1,89.56,504.77,5818.3,161,0,0,1059,3717,2366,1192,2.01
qsem,beanstalk quarantine,,"{""green_mode"": ""quarantine"", ""q_sem"": 0.2}",beanstalk,6,100,1000,10,True,1000,125.8929,7.9433,9.3715,609.044,3225.427,1074.301,3.38,9.75,0.21,86.66,425.13,1227.82,26.7,10909.64,0.16,10794.81,55183.4,73.06,5504,0,10,1979,284,718,3764,77,3764,868,660.43,190.91,74.81,388.09,7134.2,188,0,0,1169,4144,2687,1360,1.05
qsem,beanstalk quarantine,,"{""green_mode"": ""quarantine"", ""q_sem"": 0.2}",beanstalk,4,100,1000,10,True,1000,114.345,8.7455,9.2528,813.589,2687.871,1020.28,3.82,8.74,0.21,87.23,436.73,999.45,23.47,9974.85,0.2,9912.26,56354.8,82.14,5584,0,10,1601,261,713,3388,70,3388,895,900.52,183.77,80.49,428.49,6547.9,188,0,0,1090,4420,2383,1164,2.22
qsem,beanstalk quarantine,,"{""green_mode"": ""quarantine"", ""q_sem"": 0.2}",beanstalk,5,100,1000,10,True,1000,119.0845,8.3974,8.6364,1124.86,4161.761,1476.292,3.62,9.4,0.23,86.75,431.22,1119.2,27.05,10330.97,0.39,10252.52,57568.2,80.57,5731,0,10,1955,236,665,3734,73,3734,888,1091.95,247.72,130.83,868.94,6788.2,267,0,0,1131,4595,2689,1136,1.98
qsem,beanstalk quarantine,,"{""green_mode"": ""quarantine"", ""q_sem"": 0.2}",beanstalk,7,100,1000,10,True,1000,101.5466,9.8477,10.0786,736.562,2692.544,977.265,4.19,9.45,0.21,86.14,425.68,959.9,21.51,8747.56,3.64,8698.59,49718.9,81.6,4960,0,10,1627,286,629,2875,76,2875,874,793.64,199.65,114.0,636.66,5851.4,214,0,0,888,3931,2075,1029,1.65
qsem,beanstalk-noplace,,"{""q_sem"": 0.2}",beanstalk-noplace,0,100,1000,10,True,1000,118.3411,8.4501,,4143.121,7082.735,4306.248,3.53,8.35,0.16,87.97,417.26,987.69,18.86,10410.31,6.91,10396.84,53669.8,75.59,5333,0,10,1070,156,1408,3087,73,3087,0,482.67,73.88,3550.23,7100.47,6950.6,106,0,0,948,3924,2212,1409,1.05
qsem,beanstalk-noplace,,"{""q_sem"": 0.2}",beanstalk-noplace,1,100,1000,10,True,1000,104.4338,9.5754,,3326.641,6244.997,3430.215,4.03,8.02,0.16,87.8,420.41,837.38,16.72,9168.88,3.99,9140.28,47228.5,75.37,4700,0,10,980,156,1010,2577,76,2577,0,363.98,80.54,3117.33,6250.31,6062.3,86,0,0,819,3686,1834,1014,0.41
qsem,beanstalk-noplace,,"{""q_sem"": 0.2}",beanstalk-noplace,3,100,1000,10,True,1000,100.9811,9.9028,,3558.735,6038.91,3552.992,3.89,7.51,0.17,88.43,392.43,758.6,16.84,8930.24,14.62,8839.45,45467.1,75.04,4524,0,10,1047,145,1000,2501,65,2501,0,530.23,79.37,3029.43,6058.87,5689.3,96,0,0,804,3523,1762,1001,0.36
qsem,beanstalk-noplace,,"{""q_sem"": 0.2}",beanstalk-noplace,2,100,1000,10,True,1000,115.5393,8.6551,19.9198,2394.604,4506.285,2412.538,3.76,8.37,0.16,87.71,434.8,966.69,18.61,10133.83,6.21,10117.52,52717.6,76.05,5236,0,10,1017,204,1423,3111,83,3111,0,520.38,72.26,1882.31,4510.62,6812.9,98,0,0,951,3802,2243,1434,0.86
qsem,beanstalk-noplace,,"{""q_sem"": 0.2}",beanstalk-noplace,5,100,1000,10,True,1000,99.6594,10.0342,,2977.703,5957.756,3233.523,4.33,8.19,0.18,87.31,431.22,815.96,17.83,8700.93,5.46,8647.79,46597.5,77.93,4630,0,10,1074,187,986,2764,57,2764,0,445.53,72.63,2973.13,5962.88,5715.9,87,0,0,827,3638,1994,992,0.53
qsem,beanstalk quarantine,,"{""green_mode"": ""quarantine"", ""q_sem"": 0.2}",beanstalk,8,100,1000,10,True,1000,108.4725,9.2189,9.4282,1009.023,3922.912,1322.72,3.79,12.25,0.3,83.66,411.47,1329.06,32.37,9074.35,0.16,9025.7,52316.8,80.38,5188,0,10,2791,377,620,3978,71,3978,900,963.79,229.53,102.38,597.19,6205.6,248,0,0,1222,4150,2843,1038,2.29
qsem,beanstalk-noplace,,"{""q_sem"": 0.2}",beanstalk-noplace,4,100,1000,10,True,1000,122.2454,8.1803,8.6529,2762.324,5531.469,3097.175,3.57,7.45,0.15,88.83,436.73,910.98,18.05,10858.78,10.79,10794.92,52601.6,71.72,5243,0,10,1012,198,1205,2901,72,2901,0,987.17,82.3,2307.38,5540.37,6979.6,91,0,0,908,4031,2065,1212,0.82
qsem,beanstalk-noplace,,"{""q_sem"": 0.2}",beanstalk-noplace,6,100,1000,10,True,1000,127.7245,7.8294,,4174.978,7643.494,4601.604,3.33,8.34,0.15,88.18,425.13,1065.14,19.01,11263.18,5.22,11242.5,56470.5,73.69,5612,0,10,1023,151,1356,3187,97,3187,0,526.48,74.8,3815.58,7647.29,7417.0,88,0,0,1021,4249,2263,1363,0.85
regime,batched k=1,p_self=0.05,"{""batch_k"": 1, ""p_self"": 0.05}",batched,1,100,1000,10,True,1000,42.2344,23.6774,22.9647,218.449,305.255,215.133,9.95,2.67,82.23,5.15,420.41,112.73,3472.82,217.48,13.33,0.0,22735.2,89.72,2536,630,10,592,108,352,174,16,174,0,0.0,0.0,6.13,28.68,0.0,0,0,1346,0,0,0,0,0.21
qsem,beanstalk-noplace,,"{""q_sem"": 0.2}",beanstalk-noplace,7,100,1000,10,True,1000,149.1125,6.7063,,6467.051,8927.9,6152.965,2.85,7.31,0.12,89.71,425.68,1089.8,18.6,13377.17,15.75,12660.63,51384.3,57.43,5115,0,10,1041,234,1388,3066,78,3066,0,401.89,70.89,4456.14,8929.48,8196.8,92,0,0,935,3724,2209,1391,0.62
regime,batched k=1,p_self=0.05,"{""batch_k"": 1, ""p_self"": 0.05}",batched,0,100,1000,10,True,1000,42.0117,23.8029,25.3114,210.76,298.303,206.657,9.93,2.86,79.12,8.08,417.26,120.35,3323.93,339.63,36.3,0.0,22411.1,88.91,2483,584,10,649,124,324,153,29,153,0,0.0,0.0,5.99,44.5,0.0,0,0,1301,0,0,0,0,0.42
qsem,beanstalk quarantine,,"{""green_mode"": ""quarantine"", ""q_sem"": 0.2}",beanstalk,9,100,1000,10,True,1000,104.4209,9.5766,10.7057,1054.943,3827.88,1305.936,4.15,12.78,0.31,82.76,433.66,1334.24,32.43,8641.76,0.32,8563.75,48968.1,78.16,4877,0,10,2428,393,587,4285,82,4285,900,888.33,208.83,97.79,555.66,5907.4,322,0,0,1325,3777,3061,1100,2.59
regime,batched k=1,p_self=0.05,"{""batch_k"": 1, ""p_self"": 0.05}",batched,2,100,1000,10,True,1000,41.1647,24.2927,24.1757,216.872,274.674,207.86,10.56,2.79,81.37,5.28,434.8,114.72,3349.61,217.34,12.86,0.0,22470.8,90.98,2539,636,10,610,117,315,160,28,160,0,0.0,0.0,5.57,31.72,0.0,0,0,1351,0,0,0,0,0.13
qsem,beanstalk-noplace,,"{""q_sem"": 0.2}",beanstalk-noplace,8,100,1000,10,True,1000,116.8698,8.5565,,4362.446,6994.148,4547.309,3.52,7.21,0.15,89.12,411.47,842.31,17.58,10415.62,3.3,10154.02,48753.2,69.53,4852,0,10,1047,122,1116,2678,65,2678,0,558.32,82.79,3493.17,6999.24,6279.6,94,0,0,837,3734,1906,1118,0.72
regime,batched k=1,p_self=0.05,"{""batch_k"": 1, ""p_self"": 0.05}",batched,5,100,1000,10,True,1000,41.9625,23.8308,24.724,214.468,272.994,207.578,10.28,3.02,79.42,7.28,431.22,126.89,3332.74,305.4,18.05,0.0,22769.1,90.43,2530,685,10,668,96,296,161,20,161,0,0.0,0.0,6.3,39.96,0.0,0,0,1349,0,0,0,0,0.14
regime,batched k=1,p_self=0.05,"{""batch_k"": 1, ""p_self"": 0.05}",batched,6,100,1000,10,True,1000,46.295,21.6006,21.6857,238.317,311.535,234.256,9.18,2.95,81.38,6.48,425.13,136.59,3767.67,300.11,17.95,0.0,25003.6,90.02,2793,735,10,705,133,381,189,31,189,0,0.0,0.0,6.3,34.53,0.0,0,0,1573,0,0,0,0,0.14
regime,batched k=1,p_self=0.05,"{""batch_k"": 1, ""p_self"": 0.05}",batched,7,100,1000,10,True,1000,38.647,25.8753,26.025,193.694,258.029,190.196,11.01,2.92,79.11,6.96,425.68,112.69,3057.25,269.09,25.45,0.0,20881.2,90.05,2368,631,10,627,137,264,149,16,149,0,0.0,0.0,5.52,32.99,0.0,0,0,1203,0,0,0,0,0.13
regime,batched k=1,p_self=0.05,"{""batch_k"": 1, ""p_self"": 0.05}",batched,8,100,1000,10,True,1000,40.5869,24.6385,23.7988,217.225,285.562,207.226,10.14,2.85,82.25,4.77,411.47,115.59,3338.19,193.45,8.77,0.0,22240.8,91.33,2500,653,10,650,101,335,166,18,166,0,0.0,0.0,5.68,31.34,0.0,0,0,1316,0,0,0,0,0.13
qsem,beanstalk-noplace,,"{""q_sem"": 0.2}",beanstalk-noplace,9,100,1000,10,True,1000,99.9414,10.0059,,3266.041,5977.699,3456.327,4.34,8.61,0.17,86.88,433.66,860.52,17.32,8682.65,2.75,8671.0,46619.3,77.74,4634,0,10,933,140,1036,2779,65,2779,0,484.26,73.07,2986.87,5985.1,5874.9,90,0,0,829,3596,2015,1038,0.8
regime,batched k=1,p_self=0.05,"{""batch_k"": 1, ""p_self"": 0.05}",batched,4,100,1000,10,True,1000,44.1426,22.6539,22.4156,234.274,303.859,224.427,9.89,2.75,81.99,5.37,436.73,121.29,3619.17,237.08,15.18,0.0,23979.2,90.54,2683,695,10,632,120,359,177,28,177,0,0.0,0.0,6.02,41.97,0.0,0,0,1478,0,0,0,0,0.4
regime,batched-par k=1,p_self=0.05,"{""batch_k"": 1, ""p_self"": 0.05}",batched-par,0,100,1000,10,True,1000,32.8179,30.4712,30.7668,162.142,244.194,159.316,12.71,4.08,76.83,6.38,417.26,133.97,2521.3,209.26,14.49,0.0,18105.8,91.95,2153,619,10,722,133,287,174,28,174,0,0.0,0.0,4.17,22.03,0.0,0,0,951,0,0,0,0,0.15
regime,batched k=1,p_self=0.05,"{""batch_k"": 1, ""p_self"": 0.05}",batched,3,100,1000,10,True,1000,42.7129,23.4122,22.9174,227.498,289.123,219.547,9.19,2.75,82.92,5.14,392.43,117.44,3541.68,219.73,16.17,0.0,23142.7,90.3,2615,701,10,665,125,317,169,26,169,0,0.0,0.0,6.14,30.98,0.0,0,0,1420,0,0,0,0,0.5
regime,batched-par k=1,p_self=0.05,"{""batch_k"": 1, ""p_self"": 0.05}",batched-par,2,100,1000,10,True,1000,30.8708,32.3931,32.5655,151.974,203.145,148.163,14.08,4.01,75.99,5.92,434.8,123.64,2345.74,182.89,33.48,0.0,17127.1,92.47,2013,566,10,650,111,248,165,23,165,0,0.0,0.0,4.01,29.64,0.0,0,0,825,0,0,0,0,0.14
regime,batched-par k=1,p_self=0.05,"{""batch_k"": 1, ""p_self"": 0.05}",batched-par,3,100,1000,10,True,1000,34.0643,29.3562,30.0617,171.169,230.687,165.209,11.52,3.77,77.07,7.65,392.43,128.32,2625.17,260.51,23.68,0.0,18905.6,92.5,2218,652,10,751,140,284,181,18,181,0,0.0,0.0,4.24,22.79,0.0,0,0,1019,0,0,0,0,0.22
regime,batched-par k=1,p_self=0.05,"{""batch_k"": 1, ""p_self"": 0.05}",batched-par,6,100,1000,10,True,1000,34.9399,28.6206,29.3472,173.021,220.589,166.371,12.17,4.16,75.21,8.47,425.13,145.19,2627.66,296.01,12.21,0.0,19138.6,91.29,2211,654,10,753,122,300,193,21,193,0,0.0,0.0,4.4,29.9,0.0,0,0,997,0,0,0,0,0.15
regime,batched-par k=1,p_self=0.05,"{""batch_k"": 1, ""p_self"": 0.05}",batched-par,7,100,1000,10,True,1000,32.0466,31.2045,32.2419,152.081,215.505,150.349,13.28,3.85,74.35,8.52,425.68,123.24,2382.58,273.17,8.54,0.0,17575.5,91.41,2077,617,10,696,136,251,169,18,169,0,0.0,0.0,4.05,33.2,0.0,0,0,890,0,0,0,0,0.15
regime,batched-par k=1,p_self=0.05,"{""batch_k"": 1, ""p_self"": 0.05}",batched-par,5,100,1000,10,True,1000,32.8553,30.4365,30.9376,162.076,225.786,157.617,13.12,4.23,75.73,6.92,431.22,138.95,2488.0,227.36,7.53,0.0,18353.1,93.1,2144,640,10,725,104,270,178,14,178,0,0.0,0.0,4.22,26.04,0.0,0,0,952,0,0,0,0,0.29
regime,batched k=1,p_self=0.05,"{""batch_k"": 1, ""p_self"": 0.05}",batched,9,100,1000,10,True,1000,40.8134,24.5018,25.0879,208.442,259.962,203.172,10.63,2.8,80.17,6.41,433.66,114.31,3271.89,261.47,30.89,0.0,21958.7,89.67,2478,638,10,584,90,311,157,25,157,0,0.0,0.0,5.31,30.89,0.0,0,0,1296,0,0,0,0,0.55
regime,batched-par k=1,p_self=0.05,"{""batch_k"": 1, ""p_self"": 0.05}",batched-par,8,100,1000,10,True,1000,31.5446,31.7011,31.7265,157.402,217.838,152.537,13.04,4.13,76.46,6.36,411.47,130.32,2411.96,200.71,7.34,0.0,17783.2,93.96,2072,578,10,733,109,274,168,25,168,0,0.0,0.0,3.59,19.63,0.0,0,0,879,0,0,0,0,0.15
regime,batched-par k=1,p_self=0.05,"{""batch_k"": 1, ""p_self"": 0.05}",batched-par,1,100,1000,10,True,1000,31.5346,31.7112,31.7797,152.321,225.143,151.322,13.33,3.98,76.0,6.69,420.41,125.45,2396.58,211.03,5.51,0.0,17685.9,93.47,2085,607,10,653,110,256,179,23,179,0,0.0,0.0,3.91,23.18,0.0,0,0,883,0,0,0,0,0.59
regime,batched-par k=1,p_self=0.05,"{""batch_k"": 1, ""p_self"": 0.05}",batched-par,4,100,1000,10,True,1000,34.4972,28.9879,29.8195,167.535,229.784,164.987,12.66,3.93,75.78,7.63,436.73,135.69,2614.1,263.2,10.45,0.0,19142.8,92.49,2284,678,10,687,134,306,201,17,201,0,0.0,0.0,4.3,26.2,0.0,0,0,1066,0,0,0,0,0.67
regime,beanstalk,p_self=0.05,"{""p_self"": 0.05}",beanstalk,3,100,1000,10,True,1000,13.9693,71.5857,,382.723,672.022,361.497,28.09,8.21,0.5,63.2,392.43,114.71,6.93,882.85,6.11,852.32,5792.6,69.11,577,0,10,553,86,375,154,3,154,940,112.29,34.8,278.3,675.16,541.7,14,0,0,55,183,103,394,0.28
regime,beanstalk,p_self=0.05,"{""p_self"": 0.05}",beanstalk,4,100,1000,10,True,1000,16.2128,61.6796,,558.817,949.677,584.041,26.94,8.85,0.43,63.78,436.73,143.46,7.04,1034.06,3.16,929.18,6655.3,68.42,662,0,10,572,63,479,197,1,197,935,112.11,36.17,469.24,955.38,731.5,16,0,0,63,177,135,485,0.28
regime,batched-par k=1,p_self=0.05,"{""batch_k"": 1, ""p_self"": 0.05}",batched-par,9,100,1000,10,True,1000,33.1464,30.1692,31.3223,160.207,214.412,155.703,13.08,3.71,74.58,8.63,433.66,122.97,2472.08,285.93,32.64,0.0,17911.7,90.06,2089,587,10,624,98,272,171,20,171,0,0.0,0.0,4.24,29.47,0.0,0,0,898,0,0,0,0,0.59
regime,beanstalk,p_self=0.05,"{""p_self"": 0.05}",beanstalk,1,100,1000,10,True,1000,14.689,68.0779,81.7281,221.807,319.58,206.086,28.62,8.15,0.46,62.77,420.41,119.71,6.8,921.99,4.28,806.85,6046.4,68.6,604,0,10,522,69,424,171,4,171,933,148.77,35.21,136.39,322.13,640.7,15,0,0,51,159,125,445,0.82
regime,beanstalk,p_self=0.05,"{""p_self"": 0.05}",beanstalk,0,100,1000,10,True,1000,14.3683,69.5978,71.8465,162.878,302.312,175.174,29.04,8.74,0.49,61.73,417.26,125.52,7.06,886.99,2.84,870.85,6217.0,72.12,617,0,10,552,68,374,183,5,183,937,130.55,37.47,107.93,304.56,654.0,17,0,0,70,224,119,393,0.87
regime,beanstalk,p_self=0.05,"{""p_self"": 0.05}",beanstalk,9,100,1000,10,True,1000,17.0073,58.7984,126.0871,299.016,487.137,295.471,25.5,7.4,0.38,66.72,433.66,125.88,6.5,1134.69,21.09,843.71,6548.2,64.17,652,0,10,491,67,516,175,1,175,939,154.38,33.76,191.96,494.28,665.1,15,0,0,50,120,126,532,0.32
regime,beanstalk,p_self=0.05,"{""p_self"": 0.05}",beanstalk,2,100,1000,10,True,1000,13.6364,73.3331,78.8606,295.628,596.145,315.103,31.89,9.29,0.5,58.32,434.8,126.74,6.81,795.28,3.87,733.26,5885.3,71.93,586,0,10,521,75,403,169,2,169,967,134.5,34.78,236.73,599.38,551.6,17,0,0,52,162,120,424,1.2
regime,beanstalk,p_self=0.05,"{""p_self"": 0.05}",beanstalk,5,100,1000,10,True,1000,16.8538,59.3336,,541.237,899.0,543.153,25.59,8.38,0.4,65.63,431.22,141.32,6.81,1106.03,7.85,941.72,6418.7,63.47,638,0,10,532,75,485,184,3,184,941,141.25,35.16,406.47,902.73,740.3,15,0,0,49,139,138,499,1.06
regime,beanstalk,p_self=0.05,"{""p_self"": 0.05}",beanstalk,6,100,1000,10,True,1000,16.4628,60.7429,113.8334,241.782,460.655,258.387,25.82,8.32,0.43,65.42,425.13,137.02,7.09,1077.04,2.05,1056.68,6185.7,62.62,616,0,10,575,90,400,179,8,179,932,217.59,37.64,155.85,464.17,725.8,22,0,0,54,187,133,429,0.89
regime,beanstalk quarantine,p_self=0.05,"{""green_mode"": ""quarantine"", ""p_self"": 0.05}",beanstalk,0,100,1000,10,True,1000,13.854,72.1811,78.5207,115.86,193.179,112.213,30.12,8.9,0.49,60.49,417.26,123.28,6.85,838.01,8.67,793.49,6700.7,80.61,666,0,10,564,75,368,157,5,157,950,151.86,53.3,26.84,103.05,678.4,25,0,0,58,222,105,443,0.29
regime,beanstalk,p_self=0.05,"{""p_self"": 0.05}",beanstalk,7,100,1000,10,True,1000,14.2162,70.3421,82.0201,277.322,571.691,291.885,29.94,9.25,0.48,60.33,425.68,131.48,6.84,857.63,2.57,797.27,6360.7,74.57,637,0,10,543,91,443,188,3,188,929,135.98,34.65,212.23,577.28,620.7,15,0,0,53,161,138,476,1.02
regime,beanstalk,p_self=0.05,"{""p_self"": 0.05}",beanstalk,8,100,1000,10,True,1000,13.0923,76.3806,316.6819,272.126,587.684,305.749,31.43,9.6,0.55,58.42,411.47,125.73,7.17,764.86,0.91,760.35,6046.4,76.97,601,0,10,587,59,426,165,2,165,934,145.73,34.21,232.43,586.45,608.4,17,0,0,50,152,118,449,0.87
regime,beanstalk quarantine,p_self=0.05,"{""green_mode"": ""quarantine"", ""p_self"": 0.05}",beanstalk,5,100,1000,10,True,1000,17.7539,56.3256,60.9318,132.008,256.838,130.308,24.29,7.86,0.42,67.44,431.22,139.48,7.43,1197.26,5.96,1137.66,7010.5,65.81,699,0,10,614,69,354,178,3,178,928,216.73,56.93,26.99,140.13,768.9,19,0,0,54,218,133,481,0.35
regime,beanstalk quarantine,p_self=0.05,"{""green_mode"": ""quarantine"", ""p_self"": 0.05}",beanstalk,2,100,1000,10,True,1000,12.7122,78.6649,95.9162,87.708,164.004,88.296,34.2,9.6,0.52,55.68,434.8,122.03,6.58,707.81,8.09,654.98,6312.8,82.77,630,0,10,514,72,329,155,3,155,974,107.2,49.15,12.86,72.2,569.0,18,0,0,53,147,109,483,0.63
regime,beanstalk quarantine,p_self=0.05,"{""green_mode"": ""quarantine"", ""p_self"": 0.05}",beanstalk,1,100,1000,10,True,1000,14.7384,67.8501,69.973,102.739,198.356,104.824,28.52,8.25,0.45,62.77,420.41,121.62,6.65,925.16,2.5,876.53,6572.6,74.33,652,0,10,498,90,301,181,1,181,950,146.52,68.95,11.76,70.84,706.8,29,0,0,61,137,127,515,1.03
regime,beanstalk quarantine,p_self=0.05,"{""green_mode"": ""quarantine"", ""p_self"": 0.05}",beanstalk,7,100,1000,10,True,1000,15.6993,63.697,70.4005,124.755,236.748,126.549,27.11,8.77,0.46,63.66,425.68,137.74,7.15,999.36,11.71,805.35,6939.5,73.67,694,0,10,577,86,292,203,3,203,919,183.94,70.11,16.92,80.69,719.8,30,0,0,56,180,154,514,0.32
regime,beanstalk quarantine,p_self=0.05,"{""green_mode"": ""quarantine"", ""p_self"": 0.05}",beanstalk,8,100,1000,10,True,1000,13.3062,75.153,81.7152,102.925,174.392,101.34,30.92,9.76,0.55,58.77,411.47,129.88,7.29,781.98,3.4,748.46,6272.8,78.57,625,0,10,600,62,330,159,0,159,949,132.89,49.6,19.5,72.94,612.5,18,0,0,56,211,105,414,0.3
regime,beanstalk quarantine,p_self=0.05,"{""green_mode"": ""quarantine"", ""p_self"": 0.05}",beanstalk,3,100,1000,10,True,1000,14.7394,67.8452,75.0433,107.387,205.32,111.012,26.62,8.64,0.48,64.25,392.43,127.41,7.05,947.05,3.62,919.13,6383.7,72.18,636,0,10,568,81,247,167,3,167,947,177.02,57.82,15.15,86.05,673.9,28,0,0,60,213,113,423,0.99
regime,beanstalk quarantine,p_self=0.05,"{""green_mode"": ""quarantine"", ""p_self"": 0.05}",beanstalk,6,100,1000,10,True,1000,15.1517,65.9993,70.938,117.63,223.293,120.571,28.06,8.54,0.45,62.95,425.13,129.38,6.82,953.84,0.99,951.12,6617.4,72.79,659,0,10,533,75,345,179,5,179,937,220.24,52.34,23.42,153.35,750.8,28,0,0,52,195,135,464,0.77
regime,beanstalk quarantine,p_self=0.05,"{""green_mode"": ""quarantine"", ""p_self"": 0.05}",beanstalk,9,100,1000,10,True,1000,14.2577,70.1375,97.586,110.73,242.977,122.537,30.42,8.87,0.46,60.25,433.66,126.43,6.61,859.08,7.8,791.18,6049.3,70.71,606,0,10,508,52,329,163,3,163,951,204.76,67.06,16.29,94.36,669.5,26,0,0,49,136,119,470,0.46
regime,beanstalk quarantine,p_self=0.05,"{""green_mode"": ""quarantine"", ""p_self"": 0.05}",beanstalk,4,100,1000,10,True,1000,16.118,62.0425,64.8139,123.988,289.715,139.866,27.1,9.83,0.47,62.6,436.73,158.46,7.56,1009.05,0.79,1004.48,7421.8,76.74,735,0,10,646,70,318,230,2,230,942,200.53,68.86,18.5,93.66,784.8,40,0,0,68,282,165,453,1.29
regime,batched k=1,p_self=0.30,"{""batch_k"": 1, ""p_self"": 0.3}",batched,3,100,1000,10,True,1000,101.6014,9.8424,9.6012,547.3,746.544,560.139,3.86,1.64,90.25,4.25,392.43,166.42,9169.23,432.06,72.65,0.0,56299.0,92.35,6075,1993,10,671,134,1552,528,27,528,0,0.0,0.0,9.32,51.16,0.0,0,0,4520,0,0,0,0,0.42
regime,batched k=1,p_self=0.30,"{""batch_k"": 1, ""p_self"": 0.3}",batched,5,100,1000,10,True,1000,107.0175,9.3443,9.5008,576.37,790.473,576.268,4.03,1.68,88.07,6.22,431.22,179.7,9424.76,666.06,51.01,0.0,58840.9,91.64,6373,2126,10,615,100,1654,562,25,562,0,0.0,0.0,10.46,76.31,0.0,0,0,4786,0,0,0,0,0.18
regime,batched k=1,p_self=0.30,"{""batch_k"": 1, ""p_self"": 0.3}",batched,2,100,1000,10,True,1000,92.8598,10.7689,10.3896,517.548,749.652,505.517,4.68,1.77,88.97,4.59,434.8,164.01,8261.28,425.88,46.5,0.0,51335.4,92.14,5545,1648,10,596,118,1411,488,18,488,0,0.0,0.0,9.06,60.03,0.0,0,0,4039,0,0,0,0,0.53
regime,batched k=1,p_self=0.30,"{""batch_k"": 1, ""p_self"": 0.3}",batched,0,100,1000,10,True,1000,102.6844,9.7386,9.9331,588.69,696.294,552.552,4.06,1.75,87.94,6.25,417.26,179.51,9029.69,641.97,74.44,0.0,56497.6,91.7,6088,1984,10,621,134,1533,548,16,548,0,0.0,0.0,10.61,65.07,0.0,0,0,4524,0,0,0,0,0.8
regime,batched k=1,p_self=0.30,"{""batch_k"": 1, ""p_self"": 0.3}",batched,1,100,1000,10,True,1000,107.2163,9.3269,8.9814,598.555,822.851,591.227,3.92,1.58,90.33,4.17,420.41,169.08,9684.71,447.43,17.86,0.0,59235.7,92.08,6416,2109,10,589,117,1693,566,21,566,0,0.0,0.0,9.71,52.99,0.0,0,0,4829,0,0,0,0,0.73
regime,batched k=1,p_self=0.30,"{""batch_k"": 1, ""p_self"": 0.3}",batched,9,100,1000,10,True,1000,106.1654,9.4193,8.8949,619.327,767.014,582.784,4.08,1.64,89.85,4.43,433.66,174.46,9538.6,469.82,59.18,0.0,58651.4,92.08,6263,1919,10,578,91,1710,553,30,553,0,0.0,0.0,10.16,63.45,0.0,0,0,4680,0,0,0,0,0.18
regime,batched k=1,p_self=0.30,"{""batch_k"": 1, ""p_self"": 0.3}",batched,4,100,1000,10,True,1000,106.5938,9.3814,9.7816,587.064,770.666,572.214,4.1,1.62,87.85,6.43,436.73,173.12,9363.78,685.76,17.92,0.0,58974.0,92.21,6327,2041,10,603,120,1701,553,27,553,0,0.0,0.0,9.76,52.61,0.0,0,0,4747,0,0,0,0,0.77
regime,batched-par k=1,p_self=0.30,"{""batch_k"": 1, ""p_self"": 0.3}",batched-par,1,100,1000,10,True,1000,63.5017,15.7476,15.2535,334.432,481.477,337.364,6.62,2.79,85.75,4.83,420.41,177.44,5445.3,307.03,20.38,0.0,35664.3,93.6,4247,1613,10,626,115,1040,566,20,566,0,0.0,0.0,5.93,33.07,0.0,0,0,2661,0,0,0,0,0.24
regime,batched k=1,p_self=0.30,"{""batch_k"": 1, ""p_self"": 0.3}",batched,7,100,1000,10,True,1000,100.619,9.9385,10.0199,577.11,695.76,541.074,4.23,1.64,87.98,6.15,425.68,165.3,8852.6,618.32,14.1,0.0,55470.2,91.88,5957,1834,10,592,146,1600,524,21,524,0,0.0,0.0,9.5,52.35,0.0,0,0,4412,0,0,0,0,0.62
regime,batched k=1,p_self=0.30,"{""batch_k"": 1, ""p_self"": 0.3}",batched,8,100,1000,10,True,1000,101.1212,9.8891,9.8295,557.694,742.105,551.806,4.07,1.75,89.2,4.98,411.47,176.54,9020.24,503.87,6.27,0.0,55418.0,91.34,5955,1876,10,645,124,1574,534,17,534,0,0.0,0.0,9.71,53.65,0.0,0,0,4404,0,0,0,0,0.67
regime,batched-par k=1,p_self=0.30,"{""batch_k"": 1, ""p_self"": 0.3}",batched-par,0,100,1000,10,True,1000,70.2748,14.2299,14.4304,374.72,561.909,369.305,5.94,2.63,84.95,6.48,417.26,185.1,5969.98,455.14,32.08,0.0,39246.6,93.08,4653,1801,10,669,129,1144,556,23,556,0,0.0,0.0,6.93,69.32,0.0,0,0,3074,0,0,0,0,0.66
regime,batched k=1,p_self=0.30,"{""batch_k"": 1, ""p_self"": 0.3}",batched,6,100,1000,10,True,1000,110.0693,9.0852,9.0607,613.559,754.845,586.156,3.86,1.78,86.97,7.38,425.13,196.39,9572.88,812.53,27.85,0.0,59354.5,89.87,6352,2064,10,665,128,1737,572,16,572,0,0.0,0.0,11.2,151.85,0.0,0,0,4764,0,0,0,0,0.88
regime,batched-par k=1,p_self=0.30,"{""batch_k"": 1, ""p_self"": 0.3}",batched-par,4,100,1000,10,True,1000,66.3131,15.08,16.1539,332.465,488.216,340.053,6.59,2.9,82.56,7.95,436.73,192.58,5474.97,527.04,13.47,0.0,37131.7,93.32,4529,1791,10,678,117,1083,563,20,563,0,0.0,0.0,6.04,39.38,0.0,0,0,2946,0,0,0,0,0.3
regime,batched-par k=1,p_self=0.30,"{""batch_k"": 1, ""p_self"": 0.3}",batched-par,6,100,1000,10,True,1000,70.3818,14.2082,14.6295,350.376,561.81,353.949,6.04,2.91,80.9,10.14,425.13,204.96,5694.19,713.9,22.01,0.0,37661.3,89.18,4551,1761,10,721,127,1095,592,23,592,0,0.0,0.0,9.5,155.74,0.0,0,0,2936,0,0,0,0,0.19
regime,batched-par k=1,p_self=0.30,"{""batch_k"": 1, ""p_self"": 0.3}",batched-par,5,100,1000,10,True,1000,69.0983,14.4721,14.7647,362.382,493.338,360.545,6.24,2.72,84.25,6.8,431.22,187.86,5821.23,469.53,30.72,0.0,38118.8,91.94,4533,1763,10,678,106,1091,575,16,575,0,0.0,0.0,6.83,54.53,0.0,0,0,2942,0,0,0,0,0.51
regime,batched-par k=1,p_self=0.30,"{""batch_k"": 1, ""p_self"": 0.3}",batched-par,3,100,1000,10,True,1000,66.5029,15.0369,14.642,346.483,538.157,354.382,5.9,2.6,86.22,5.29,392.43,172.73,5733.63,351.48,31.87,0.0,37153.7,93.11,4472,1780,10,708,133,1016,532,21,532,0,0.0,0.0,6.21,45.45,0.0,0,0,2919,0,0,0,0,0.69
regime,batched-par k=1,p_self=0.30,"{""batch_k"": 1, ""p_self"": 0.3}",batched-par,7,100,1000,10,True,1000,61.1202,16.3612,16.9681,316.307,452.184,319.377,6.96,2.85,84.24,5.95,425.68,174.38,5148.57,363.39,7.95,0.0,34430.2,93.89,4205,1636,10,651,151,958,534,18,534,0,0.0,0.0,5.85,41.92,0.0,0,0,2653,0,0,0,0,0.42
regime,batched-par k=1,p_self=0.30,"{""batch_k"": 1, ""p_self"": 0.3}",batched-par,2,100,1000,10,True,1000,61.5892,16.2366,15.5884,333.842,473.118,322.344,7.06,2.97,84.26,5.71,434.8,182.66,5189.73,351.72,18.13,0.0,34150.0,92.41,4065,1520,10,662,120,954,497,24,497,0,0.0,0.0,6.38,59.87,0.0,0,0,2544,0,0,0,0,0.84
regime,batched-par k=1,p_self=0.30,"{""batch_k"": 1, ""p_self"": 0.3}",batched-par,9,100,1000,10,True,1000,65.4374,15.2818,15.5877,350.003,455.992,336.941,6.63,2.78,83.04,7.56,433.66,181.79,5433.88,494.4,33.42,0.0,36611.8,93.25,4442,1726,10,606,90,1086,568,23,568,0,0.0,0.0,6.33,37.08,0.0,0,0,2851,0,0,0,0,0.67
regime,batched-par k=1,p_self=0.30,"{""batch_k"": 1, ""p_self"": 0.3}",batched-par,8,100,1000,10,True,1000,63.0501,15.8604,15.8095,344.099,452.137,329.002,6.53,2.85,84.11,6.51,411.47,179.99,5303.38,410.17,10.38,0.0,35183.3,93.0,4239,1660,10,687,129,960,532,19,532,0,0.0,0.0,6.4,40.22,0.0,0,0,2688,0,0,0,0,0.74
regime,beanstalk,p_self=0.30,"{""p_self"": 0.3}",beanstalk,2,100,1000,10,True,1000,27.9484,35.7802,58.0744,576.873,834.891,566.796,15.56,7.06,0.3,77.09,434.8,197.23,8.37,2154.44,4.05,2050.52,11981.7,71.45,1198,0,10,578,89,417,560,11,560,905,176.64,46.33,416.72,851.41,1316.7,40,0,0,187,778,384,420,0.71
regime,beanstalk,p_self=0.30,"{""p_self"": 0.3}",beanstalk,3,100,1000,10,True,1000,22.8366,43.7893,,719.707,1351.445,765.074,17.18,7.71,0.38,74.73,392.43,176.01,8.58,1706.63,2.11,1682.13,10747.4,78.44,1068,0,10,608,99,404,516,10,516,910,196.19,42.37,671.38,1356.34,1171.0,30,0,0,168,662,358,406,0.68
regime,beanstalk,p_self=0.30,"{""p_self"": 0.3}",beanstalk,6,100,1000,10,True,1000,26.3769,37.912,,1079.392,1562.974,1005.625,16.12,8.0,0.32,75.56,425.13,210.89,8.57,1993.1,5.57,1908.95,11468.1,72.46,1144,0,10,617,90,497,579,18,579,906,187.18,39.46,775.33,1566.49,1308.3,35,0,0,181,643,416,501,0.32
regime,beanstalk,p_self=0.30,"{""p_self"": 0.3}",beanstalk,0,100,1000,10,True,1000,29.5301,33.8638,,753.681,1686.195,891.4,14.13,6.85,0.29,78.73,417.26,202.33,8.53,2324.89,1.35,2318.17,12262.6,69.21,1217,0,10,606,74,415,558,18,558,913,282.71,48.0,820.1,1704.06,1589.8,48,0,0,201,798,375,419,1.12
regime,beanstalk,p_self=0.30,"{""p_self"": 0.3}",beanstalk,1,100,1000,10,True,1000,27.2432,36.7064,46.3893,484.007,1024.123,537.562,15.43,7.04,0.3,77.22,420.41,191.81,8.27,2103.83,1.64,2092.61,11097.1,67.89,1102,0,10,544,75,424,574,14,574,896,235.25,41.98,399.53,1026.6,1443.6,37,0,0,177,664,411,438,1.13
regime,beanstalk,p_self=0.30,"{""p_self"": 0.3}",beanstalk,7,100,1000,10,True,1000,22.3233,44.7963,98.4209,386.151,832.576,440.007,19.07,9.23,0.39,71.31,425.68,206.03,8.74,1591.88,3.05,1568.68,10406.5,77.7,1039,0,10,638,105,437,567,10,567,900,166.77,39.97,350.39,837.34,1139.0,35,0,0,159,599,418,440,0.32
regime,beanstalk,p_self=0.30,"{""p_self"": 0.3}",beanstalk,9,100,1000,10,True,1000,29.8642,33.485,137.9597,424.297,1179.609,599.155,14.52,6.68,0.28,78.52,433.66,199.64,8.33,2344.79,17.75,2010.84,11799.0,65.85,1175,0,10,560,65,421,580,19,580,899,202.44,46.25,450.65,1198.97,1306.5,37,0,0,183,748,416,427,0.43
regime,beanstalk,p_self=0.30,"{""p_self"": 0.3}",beanstalk,4,100,1000,10,True,1000,25.574,39.1021,,758.271,1314.246,738.716,17.08,8.12,0.34,74.47,436.73,207.66,8.57,1904.44,9.52,1786.55,11044.7,71.98,1092,0,10,619,87,484,588,13,588,888,165.08,37.69,594.04,1336.47,1288.5,31,0,0,181,604,420,488,1.6
regime,beanstalk quarantine,p_self=0.30,"{""green_mode"": ""quarantine"", ""p_self"": 0.3}",beanstalk,1,100,1000,10,True,1000,30.3331,32.9672,30.5333,197.782,403.247,217.858,13.86,6.01,0.26,79.87,420.41,182.23,8.03,2422.65,2.83,2293.91,14172.2,77.87,1410,0,10,498,71,443,563,17,563,910,334.53,77.39,28.32,124.12,1626.4,66,0,0,173,875,410,535,0.91
regime,beanstalk,p_self=0.30,"{""p_self"": 0.3}",beanstalk,8,100,1000,10,True,1000,25.3056,39.5169,60.5657,530.545,783.778,481.444,16.26,8.25,0.35,75.14,411.47,208.78,8.92,1901.39,3.84,1840.49,10918.2,71.91,1083,0,10,679,72,436,549,13,549,893,220.32,41.27,371.87,789.81,1281.7,28,0,0,166,636,396,447,1.23
regime,beanstalk,p_self=0.30,"{""p_self"": 0.3}",beanstalk,5,100,1000,10,True,1000,25.183,39.7093,36.9808,709.547,1288.233,697.227,17.12,8.19,0.34,74.34,431.22,206.36,8.62,1872.09,3.04,1810.44,11238.0,74.38,1116,0,10,604,74,518,598,7,598,901,154.98,37.77,569.74,1296.35,1301.2,33,0,0,168,595,437,521,1.88
regime,beanstalk quarantine,p_self=0.30,"{""green_mode"": ""quarantine"", ""p_self"": 0.3}",beanstalk,0,100,1000,10,True,1000,30.2309,33.0787,38.2818,253.455,511.498,271.344,13.8,7.15,0.29,78.76,417.26,216.13,8.79,2380.91,8.52,2352.03,14527.2,80.09,1445,0,10,642,81,360,586,19,586,910,339.42,98.51,38.04,182.5,1617.2,65,0,0,205,922,407,523,1.51
regime,beanstalk quarantine,p_self=0.30,"{""green_mode"": ""quarantine"", ""p_self"": 0.3}",beanstalk,2,100,1000,10,True,1000,30.5609,32.7215,32.3498,218.952,460.586,247.492,14.23,6.38,0.26,79.13,434.8,194.91,8.02,2418.36,5.38,2402.66,13999.8,76.35,1397,0,10,510,67,379,535,15,535,922,279.86,85.35,32.17,212.58,1644.4,65,0,0,168,905,385,492,1.15
regime,beanstalk quarantine,p_self=0.30,"{""green_mode"": ""quarantine"", ""p_self"": 0.3}",beanstalk,6,100,1000,10,True,1000,29.0291,34.4482,40.1849,187.329,476.307,224.329,14.64,7.54,0.31,77.51,425.13,218.82,8.89,2250.06,17.12,2088.23,12911.9,74.13,1286,0,10,634,92,324,607,14,607,919,350.36,88.09,30.03,211.13,1489.6,62,0,0,196,745,431,541,1.05
regime,beanstalk quarantine,p_self=0.30,"{""green_mode"": ""quarantine"", ""p_self"": 0.3}",beanstalk,4,100,1000,10,True,1000,27.8177,35.9483,35.1908,222.264,397.585,219.412,15.7,7.38,0.31,76.61,436.73,205.29,8.75,2131.0,2.1,2097.2,13964.6,83.67,1387,0,10,639,77,371,581,17,581,921,270.24,77.93,20.56,105.83,1481.4,58,0,0,197,889,407,497,1.34
regime,beanstalk quarantine,p_self=0.30,"{""green_mode"": ""quarantine"", ""p_self"": 0.3}",beanstalk,3,100,1000,10,True,1000,28.8131,34.7065,40.3605,202.154,372.836,212.224,13.62,6.22,0.29,79.88,392.43,179.16,8.25,2301.46,5.72,2265.92,13154.5,76.09,1309,0,10,553,91,390,534,11,534,898,306.65,79.87,28.88,139.65,1538.0,40,0,0,166,806,380,503,1.54
regime,beanstalk quarantine,p_self=0.30,"{""green_mode"": ""quarantine"", ""p_self"": 0.3}",beanstalk,5,100,1000,10,True,1000,28.2108,35.4474,37.5144,178.898,407.467,202.812,15.29,8.25,0.33,76.14,431.22,232.62,9.18,2148.07,3.09,2128.46,13279.3,78.45,1322,0,10,696,79,388,619,14,619,932,369.66,69.63,29.7,177.44,1544.4,52,0,0,180,802,459,520,1.36
regime,beanstalk quarantine,p_self=0.30,"{""green_mode"": ""quarantine"", ""p_self"": 0.3}",beanstalk,7,100,1000,10,True,1000,27.3811,36.5216,40.6465,194.75,372.104,202.537,15.55,7.19,0.31,76.95,425.68,196.87,8.61,2106.95,3.4,2091.23,13251.2,80.66,1320,0,10,596,93,425,579,15,579,914,254.89,67.76,35.18,239.07,1488.6,41,0,0,168,791,433,529,1.28
regime,batched k=1,aidev-upper,"{""batch_k"": 1, ""p_file"": 0.417, ""p_per_file"": 0.35}",batched,1,100,1000,10,True,1000,54.456,18.3635,18.3536,288.993,413.906,280.214,7.72,6.01,79.75,6.52,420.41,327.26,4342.97,354.96,30.03,0.0,29082.7,89.01,3247,941,10,2076,75,537,251,14,251,0,0.0,0.0,6.95,40.93,0.0,0,0,1982,0,0,0,0,0.41
regime,batched k=1,aidev-upper,"{""batch_k"": 1, ""p_file"": 0.417, ""p_per_file"": 0.35}",batched,2,100,1000,10,True,1000,52.9692,18.8789,18.9881,270.87,394.633,267.713,8.21,6.8,77.43,7.56,434.8,360.38,4101.5,400.24,62.61,0.0,28214.0,88.77,3113,858,10,2213,56,455,227,19,227,0,0.0,0.0,7.33,45.36,0.0,0,0,1867,0,0,0,0,0.39
regime,batched k=1,aidev-upper,"{""batch_k"": 1, ""p_file"": 0.417, ""p_per_file"": 0.35}",batched,0,100,1000,10,True,1000,52.125,19.1847,20.2186,254.743,371.479,256.675,8.0,7.13,74.94,9.92,417.26,371.55,3906.38,517.31,37.72,0.0,26983.9,86.28,2982,855,10,2386,59,424,223,20,223,0,0.0,0.0,9.57,137.02,0.0,0,0,1739,0,0,0,0,0.69
regime,beanstalk quarantine,p_self=0.30,"{""green_mode"": ""quarantine"", ""p_self"": 0.3}",beanstalk,8,100,1000,10,True,1000,26.123,38.2805,46.7605,171.769,392.413,190.373,15.75,8.68,0.34,75.22,411.47,226.86,8.98,1964.98,7.35,1907.3,10345.1,66.0,1023,0,10,706,73,387,563,5,563,902,230.45,90.77,21.02,152.71,1338.8,55,0,0,174,408,396,615,1.43
regime,batched k=1,aidev-upper,"{""batch_k"": 1, ""p_file"": 0.417, ""p_per_file"": 0.35}",batched,5,100,1000,10,True,1000,53.4073,18.724,18.8535,274.226,408.298,276.581,8.07,7.34,78.97,5.61,431.22,391.91,4217.77,299.83,24.35,0.0,28695.8,89.55,3212,939,10,2313,48,487,247,14,247,0,0.0,0.0,6.82,33.79,0.0,0,0,1951,0,0,0,0,0.14
regime,batched k=1,aidev-upper,"{""batch_k"": 1, ""p_file"": 0.417, ""p_per_file"": 0.35}",batched,4,100,1000,10,True,1000,57.0496,17.5286,18.6807,282.946,397.163,283.5,7.66,7.27,75.55,9.52,436.73,414.62,4310.37,543.24,28.92,0.0,29812.5,87.1,3302,972,10,2404,62,519,253,19,253,0,0.0,0.0,8.6,104.46,0.0,0,0,2030,0,0,0,0,0.45
regime,batched k=1,aidev-upper,"{""batch_k"": 1, ""p_file"": 0.417, ""p_per_file"": 0.35}",batched,7,100,1000,10,True,1000,50.0387,19.9845,20.8875,247.21,353.865,246.618,8.51,8.01,74.13,9.35,425.68,400.85,3709.45,467.89,22.93,0.0,26421.6,88.0,2917,747,10,2403,69,438,209,19,209,0,0.0,0.0,7.42,55.2,0.0,0,0,1689,0,0,0,0,0.42
regime,batched-par k=1,aidev-upper,"{""batch_k"": 1, ""p_file"": 0.417, ""p_per_file"": 0.35}",batched-par,0,100,1000,10,True,1000,40.186,24.8843,27.4373,164.84,334.174,181.433,10.38,13.77,61.48,14.37,417.26,553.17,2470.71,577.46,29.95,0.0,20360.3,84.44,2402,725,10,3480,88,351,235,26,235,0,0.0,0.0,8.03,126.62,0.0,0,0,1141,0,0,0,0,0.18
regime,batched k=1,aidev-upper,"{""batch_k"": 1, ""p_file"": 0.417, ""p_per_file"": 0.35}",batched,3,100,1000,10,True,1000,53.789,18.5912,18.9009,273.464,378.09,276.275,7.3,7.34,78.27,7.1,392.43,394.55,4210.03,381.88,46.76,0.0,28831.3,89.33,3234,967,10,2449,59,487,246,13,246,0,0.0,0.0,7.2,33.26,0.0,0,0,1975,0,0,0,0,0.86
regime,beanstalk quarantine,p_self=0.30,"{""green_mode"": ""quarantine"", ""p_self"": 0.3}",beanstalk,9,100,1000,10,True,1000,32.8274,30.4623,31.9592,290.457,474.32,286.687,13.21,6.45,0.27,80.08,433.66,211.64,8.71,2628.73,3.24,2608.43,15340.0,77.88,1525,0,10,613,69,392,610,17,610,911,293.63,100.74,44.52,207.12,1715.4,68,0,0,206,1022,426,503,1.43
regime,batched k=1,aidev-upper,"{""batch_k"": 1, ""p_file"": 0.417, ""p_per_file"": 0.35}",batched,8,100,1000,10,True,1000,53.7804,18.5941,19.687,268.778,421.772,275.272,7.65,7.95,77.36,7.04,411.47,427.44,4160.43,378.7,17.11,0.0,28706.8,88.96,3184,875,10,2626,56,489,233,25,233,0,0.0,0.0,7.01,42.34,0.0,0,0,1926,0,0,0,0,0.71
regime,batched k=1,aidev-upper,"{""batch_k"": 1, ""p_file"": 0.417, ""p_per_file"": 0.35}",batched,6,100,1000,10,True,1000,59.4483,16.8213,16.9698,313.132,422.018,304.098,7.15,7.03,78.22,7.59,425.13,418.05,4650.26,451.4,34.05,0.0,31331.2,87.84,3502,1002,10,2401,64,589,268,22,268,0,0.0,0.0,7.31,46.13,0.0,0,0,2212,0,0,0,0,0.86
regime,batched k=1,aidev-upper,"{""batch_k"": 1, ""p_file"": 0.417, ""p_per_file"": 0.35}",batched,9,100,1000,10,True,1000,54.3609,18.3956,18.4353,283.346,392.477,271.366,7.98,6.04,77.16,8.82,433.66,328.53,4194.23,479.67,49.85,0.0,28527.9,87.46,3179,912,10,1915,49,501,232,26,232,0,0.0,0.0,7.55,70.02,0.0,0,0,1921,0,0,0,0,0.59
regime,batched-par k=1,aidev-upper,"{""batch_k"": 1, ""p_file"": 0.417, ""p_per_file"": 0.35}",batched-par,4,100,1000,10,True,1000,43.816,22.8227,25.5422,178.038,345.488,197.481,9.97,13.95,61.17,14.92,436.73,611.31,2680.04,653.52,32.95,0.0,21869.9,83.19,2610,896,10,3500,77,406,270,20,270,0,0.0,0.0,5.66,45.48,0.0,0,0,1320,0,0,0,0,0.18
regime,batched-par k=1,aidev-upper,"{""batch_k"": 1, ""p_file"": 0.417, ""p_per_file"": 0.35}",batched-par,1,100,1000,10,True,1000,39.4687,25.3366,27.5432,169.54,323.992,181.937,10.65,12.92,63.9,12.52,420.41,510.06,2522.22,494.18,21.99,0.0,20343.5,85.91,2450,800,10,3140,83,369,258,26,258,0,0.0,0.0,4.94,50.71,0.0,0,0,1166,0,0,0,0,0.48
regime,batched-par k=1,aidev-upper,"{""batch_k"": 1, ""p_file"": 0.417, ""p_per_file"": 0.35}",batched-par,5,100,1000,10,True,1000,41.5004,24.0962,26.1475,173.932,355.081,193.488,10.39,13.9,63.81,11.9,431.22,576.84,2647.97,494.01,39.38,0.0,21536.9,86.49,2518,773,10,3466,68,388,248,19,248,0,0.0,0.0,5.66,56.41,0.0,0,0,1251,0,0,0,0,0.33
regime,batched-par k=1,aidev-upper,"{""batch_k"": 1, ""p_file"": 0.417, ""p_per_file"": 0.35}",batched-par,6,100,1000,10,True,1000,44.1007,22.6754,24.4361,193.102,397.393,206.112,9.64,12.76,65.14,12.47,425.13,562.67,2872.52,549.74,30.6,0.0,22766.7,86.04,2651,834,10,3473,79,451,279,39,279,0,0.0,0.0,5.51,54.92,0.0,0,0,1333,0,0,0,0,0.28
regime,batched-par k=1,aidev-upper,"{""batch_k"": 1, ""p_file"": 0.417, ""p_per_file"": 0.35}",batched-par,2,100,1000,10,True,1000,39.3887,25.388,26.8463,171.243,365.883,185.447,11.04,12.91,65.56,10.49,434.8,508.52,2582.27,413.28,34.26,0.0,20624.9,87.27,2445,726,10,3234,66,402,240,26,240,0,0.0,0.0,5.68,69.51,0.0,0,0,1179,0,0,0,0,0.57
regime,batched-par k=1,aidev-upper,"{""batch_k"": 1, ""p_file"": 0.417, ""p_per_file"": 0.35}",batched-par,3,100,1000,10,True,1000,40.5994,24.6309,26.2065,167.892,364.487,190.286,9.67,13.88,64.23,12.22,392.43,563.6,2607.83,496.08,34.52,0.0,21090.6,86.58,2487,815,10,3792,104,381,244,31,244,0,0.0,0.0,5.94,74.55,0.0,0,0,1212,0,0,0,0,0.6
regime,batched-par k=1,aidev-upper,"{""batch_k"": 1, ""p_file"": 0.417, ""p_per_file"": 0.35}",batched-par,9,100,1000,10,True,1000,40.1515,24.9057,26.7654,169.563,354.809,188.031,10.8,11.92,66.13,11.15,433.66,478.76,2655.1,447.64,55.99,0.0,21164.9,87.85,2526,824,10,2904,64,378,256,26,256,0,0.0,0.0,5.5,60.0,0.0,0,0,1244,0,0,0,0,0.17
regime,beanstalk,aidev-upper,"{""p_file"": 0.417, ""p_per_file"": 0.35}",beanstalk,1,100,1000,10,True,1000,22.8714,43.7227,60.549,342.24,783.37,399.914,18.38,17.21,0.6,63.81,420.41,393.6,13.63,1459.5,12.87,1275.81,7914.3,57.67,785,0,10,1993,25,601,240,3,240,959,242.37,36.67,274.31,788.05,1020.7,18,0,0,72,161,174,624,0.68
regime,batched-par k=1,aidev-upper,"{""batch_k"": 1, ""p_file"": 0.417, ""p_per_file"": 0.35}",batched-par,7,100,1000,10,True,1000,36.5624,27.3505,31.0082,137.726,365.252,161.743,11.64,16.72,57.01,14.63,425.68,611.43,2084.29,534.84,34.89,0.0,18479.3,84.24,2162,666,10,3837,111,293,213,24,213,0,0.0,0.0,5.31,50.97,0.0,0,0,925,0,0,0,0,1.01
regime,batched-par k=1,aidev-upper,"{""batch_k"": 1, ""p_file"": 0.417, ""p_per_file"": 0.35}",batched-par,8,100,1000,10,True,1000,38.2217,26.1631,28.5534,147.756,387.184,177.071,10.77,17.06,60.15,12.02,411.47,652.03,2299.15,459.52,12.77,0.0,20146.5,87.85,2351,746,10,4209,68,341,247,17,247,0,0.0,0.0,5.18,32.67,0.0,0,0,1087,0,0,0,0,0.87
regime,beanstalk,aidev-upper,"{""p_file"": 0.417, ""p_per_file"": 0.35}",beanstalk,2,100,1000,10,True,1000,23.1038,43.283,80.7094,348.886,580.653,332.563,18.82,17.37,0.62,63.2,434.8,401.27,14.22,1460.08,11.37,1324.72,8367.8,60.36,835,0,10,2158,20,602,233,4,233,965,191.39,37.94,194.25,586.37,985.3,15,0,0,82,211,155,624,0.69
regime,beanstalk,aidev-upper,"{""p_file"": 0.417, ""p_per_file"": 0.35}",beanstalk,0,100,1000,10,True,1000,23.2085,43.0878,,727.211,1139.835,657.021,17.98,17.07,0.61,64.34,417.26,396.22,14.19,1493.17,15.78,1379.74,8277.3,59.44,823,0,10,2136,35,605,237,8,237,953,157.49,38.48,476.22,1143.46,1068.1,18,0,0,82,196,164,627,1.48
regime,beanstalk,aidev-upper,"{""p_file"": 0.417, ""p_per_file"": 0.35}",beanstalk,4,100,1000,10,True,1000,24.0188,41.6341,43.5611,614.385,1091.012,624.244,18.18,17.71,0.6,63.51,436.73,425.43,14.33,1525.39,6.5,1472.66,8452.6,58.65,838,0,10,2195,37,632,257,2,257,954,256.89,38.99,450.29,1091.68,1249.3,19,0,0,85,200,174,638,0.97
regime,beanstalk,aidev-upper,"{""p_file"": 0.417, ""p_per_file"": 0.35}",beanstalk,5,100,1000,10,True,1000,24.3291,41.103,,913.511,1333.275,863.112,17.72,16.76,0.56,64.96,431.22,407.68,13.55,1580.46,21.3,1281.38,8208.4,56.23,821,0,10,2044,17,654,239,3,239,958,227.32,36.82,618.17,1341.67,1175.5,16,0,0,67,162,175,659,1.16
regime,beanstalk,aidev-upper,"{""p_file"": 0.417, ""p_per_file"": 0.35}",beanstalk,3,100,1000,10,True,1000,21.8372,45.7934,97.9053,358.085,623.171,381.81,17.97,20.46,0.68,60.89,392.43,446.69,14.9,1329.69,7.37,1304.01,7993.2,61.01,794,0,10,2299,27,597,232,2,232,966,202.68,38.08,247.65,626.45,1070.8,18,0,0,71,190,163,604,2.15
regime,beanstalk,aidev-upper,"{""p_file"": 0.417, ""p_per_file"": 0.35}",beanstalk,6,100,1000,10,True,1000,26.2416,38.1075,77.1354,387.019,653.856,402.51,16.2,14.06,0.5,69.23,425.13,369.04,13.22,1816.76,19.05,1692.5,8662.1,55.01,865,0,10,1970,36,636,257,4,257,935,214.64,38.3,264.45,655.87,1175.5,16,0,0,82,211,180,654,1.55
regime,beanstalk,aidev-upper,"{""p_file"": 0.417, ""p_per_file"": 0.35}",beanstalk,8,100,1000,10,True,1000,22.1745,45.0969,88.8014,463.197,741.271,447.978,18.56,19.39,0.66,61.39,411.47,429.93,14.66,1361.38,6.33,1274.69,8201.3,61.64,809,0,10,2270,20,639,235,2,235,960,237.57,37.74,315.49,744.74,1113.3,15,0,0,73,155,164,654,0.97
regime,beanstalk,aidev-upper,"{""p_file"": 0.417, ""p_per_file"": 0.35}",beanstalk,7,100,1000,10,True,1000,22.3445,44.7538,,809.191,1219.97,803.311,19.05,18.54,0.61,61.8,425.68,414.23,13.64,1380.89,9.65,1281.57,7993.6,59.62,800,0,10,2115,40,682,199,1,199,976,162.69,37.68,558.65,1221.85,1052.5,13,0,0,57,111,143,689,1.88
regime,beanstalk quarantine,aidev-upper,"{""green_mode"": ""quarantine"", ""p_file"": 0.417, ""p_per_file"": 0.35}",beanstalk,0,100,1000,10,True,1000,24.6677,40.5388,52.7041,179.143,359.46,188.193,16.92,14.18,0.52,68.39,417.26,349.76,12.78,1686.98,18.24,1630.05,8324.4,56.24,828,0,10,1856,21,343,231,4,231,950,223.02,110.27,11.33,72.99,1158.3,31,0,0,86,163,159,665,1.05
regime,beanstalk quarantine,aidev-upper,"{""green_mode"": ""quarantine"", ""p_file"": 0.417, ""p_per_file"": 0.35}",beanstalk,2,100,1000,10,True,1000,23.817,41.9869,56.6073,131.582,290.558,143.872,18.26,17.44,0.59,63.71,434.8,415.43,14.04,1517.42,12.4,1459.75,8499.5,59.48,846,0,10,2132,27,399,230,3,230,970,168.55,80.41,12.12,78.13,1075.7,28,0,0,80,203,157,643,0.69
regime,beanstalk quarantine,aidev-upper,"{""green_mode"": ""quarantine"", ""p_file"": 0.417, ""p_per_file"": 0.35}",beanstalk,3,100,1000,10,True,1000,25.3597,39.4326,45.3849,190.909,374.557,204.762,15.47,15.01,0.58,68.94,392.43,380.61,14.7,1748.23,15.95,1691.27,8304.6,54.58,823,0,10,2189,22,313,260,3,260,930,305.68,114.8,9.68,59.05,1199.4,39,0,0,82,165,185,658,0.72
regime,beanstalk,aidev-upper,"{""p_file"": 0.417, ""p_per_file"": 0.35}",beanstalk,9,100,1000,10,True,1000,22.571,44.3047,49.9252,259.81,457.876,259.024,19.21,16.92,0.59,63.28,433.66,381.97,13.27,1428.2,19.37,1332.78,7969.2,58.85,794,0,10,1938,23,601,236,4,236,952,184.78,36.52,170.34,459.51,1090.8,15,0,0,67,182,173,612,1.54
regime,beanstalk quarantine,aidev-upper,"{""green_mode"": ""quarantine"", ""p_file"": 0.417, ""p_per_file"": 0.35}",beanstalk,1,100,1000,10,True,1000,24.2686,41.2054,46.4731,175.393,374.621,197.879,17.32,14.68,0.54,67.45,420.41,356.36,13.19,1636.9,4.28,1617.55,8362.0,57.43,830,0,10,1903,38,365,246,3,246,957,337.21,105.25,14.33,105.45,1196.6,25,0,0,79,169,180,661,1.22
regime,beanstalk quarantine,aidev-upper,"{""green_mode"": ""quarantine"", ""p_file"": 0.417, ""p_per_file"": 0.35}",beanstalk,4,100,1000,10,True,1000,25.9065,38.6003,51.7263,152.873,304.364,159.988,16.86,16.44,0.54,66.16,436.73,425.87,14.1,1713.96,5.88,1641.36,9369.5,60.28,928,0,10,2161,28,447,261,7,261,946,195.95,73.19,14.32,72.34,1186.2,24,0,0,90,240,182,688,1.06
regime,beanstalk quarantine,aidev-upper,"{""green_mode"": ""quarantine"", ""p_file"": 0.417, ""p_per_file"": 0.35}",beanstalk,7,100,1000,10,True,1000,24.2565,41.226,45.1738,149.724,316.95,158.866,17.55,15.36,0.56,66.54,425.68,372.46,13.53,1613.98,7.01,1581.49,8381.9,57.59,839,0,10,2030,26,317,215,4,215,934,229.23,102.45,11.51,88.91,1153.0,24,0,0,63,150,161,689,0.66
regime,beanstalk quarantine,aidev-upper,"{""green_mode"": ""quarantine"", ""p_file"": 0.417, ""p_per_file"": 0.35}",beanstalk,5,100,1000,10,True,1000,25.645,38.994,44.5637,155.79,365.273,172.84,16.82,15.74,0.54,66.9,431.22,403.65,13.95,1715.67,10.6,1652.96,8526.9,55.42,850,0,10,2076,20,378,257,2,257,947,277.1,92.62,11.65,65.06,1239.7,30,0,0,75,178,190,672,1.05
regime,batched k=1,T=30min,"{""batch_k"": 1, ""test_minutes"": 30.0}",batched,0,100,1000,10,True,1000,181.8376,5.4994,5.6443,1040.976,1258.267,1003.029,2.29,0.72,91.21,5.77,417.26,131.61,16585.54,1049.35,121.37,0.0,99673.5,91.36,3719,1060,10,617,128,679,290,24,290,0,0.0,0.0,21.04,123.85,0.0,0,0,2405,0,0,0,0,0.33
regime,batched k=1,T=30min,"{""batch_k"": 1, ""test_minutes"": 30.0}",batched,2,100,1000,10,True,1000,172.1107,5.8102,5.6954,986.634,1269.091,944.159,2.53,0.74,90.69,6.04,434.8,128.06,15607.92,1040.29,150.88,0.0,94622.5,91.63,3539,999,10,604,111,622,274,25,274,0,0.0,0.0,20.29,99.07,0.0,0,0,2240,0,0,0,0,0.14
regime,batched k=1,T=30min,"{""batch_k"": 1, ""test_minutes"": 30.0}",batched,3,100,1000,10,True,1000,188.9054,5.2937,5.3702,1047.867,1398.257,1039.77,2.08,0.68,91.05,6.19,392.43,129.16,17200.35,1168.61,136.29,0.0,102872.3,90.76,3825,1040,10,662,132,725,301,27,301,0,0.0,0.0,20.66,101.64,0.0,0,0,2497,0,0,0,0,0.15
regime,beanstalk quarantine,aidev-upper,"{""green_mode"": ""quarantine"", ""p_file"": 0.417, ""p_per_file"": 0.35}",beanstalk,6,100,1000,10,True,1000,27.0306,36.9951,40.8298,181.087,444.458,207.508,15.73,15.07,0.5,68.71,425.13,407.27,13.48,1857.18,6.55,1830.17,9463.9,58.35,939,0,10,2028,29,404,251,10,251,935,280.69,99.73,15.45,79.79,1351.5,25,0,0,78,254,186,685,1.28
regime,beanstalk quarantine,aidev-upper,"{""green_mode"": ""quarantine"", ""p_file"": 0.417, ""p_per_file"": 0.35}",beanstalk,8,100,1000,10,True,1000,24.2243,41.2809,43.3965,178.557,453.5,201.225,16.99,15.88,0.6,66.54,411.47,384.59,14.48,1611.89,5.73,1596.23,8088.0,55.65,804,0,10,2189,19,270,238,1,238,939,324.53,126.76,8.11,50.9,1279.5,42,0,0,77,106,168,698,1.04
regime,batched k=1,T=30min,"{""batch_k"": 1, ""test_minutes"": 30.0}",batched,7,100,1000,10,True,1000,169.8585,5.8873,5.8949,972.9,1168.284,928.401,2.51,0.71,90.38,6.4,425.68,120.72,15352.63,1086.82,115.73,0.0,93076.1,91.33,3500,1026,10,578,142,599,260,28,260,0,0.0,0.0,20.48,123.36,0.0,0,0,2212,0,0,0,0,0.15
regime,batched k=1,T=30min,"{""batch_k"": 1, ""test_minutes"": 30.0}",batched,6,100,1000,10,True,1000,203.8178,4.9063,4.7208,1188.297,1477.838,1143.824,2.09,0.71,92.82,4.38,425.13,144.67,18919.06,892.91,41.28,0.0,112185.0,91.74,4136,1142,10,646,126,879,333,23,333,0,0.0,0.0,21.09,115.56,0.0,0,0,2780,0,0,0,0,0.17
regime,batched k=1,T=30min,"{""batch_k"": 1, ""test_minutes"": 30.0}",batched,4,100,1000,10,True,1000,190.4286,5.2513,5.287,1071.009,1398.057,1046.398,2.29,0.73,90.85,6.12,436.73,138.89,17301.08,1166.16,87.0,0.0,104662.5,91.6,3896,1126,10,618,123,769,315,20,315,0,0.0,0.0,20.58,152.61,0.0,0,0,2561,0,0,0,0,0.52
regime,batched k=1,T=30min,"{""batch_k"": 1, ""test_minutes"": 30.0}",batched,5,100,1000,10,True,1000,189.0075,5.2908,5.1907,1094.24,1410.184,1059.729,2.28,0.74,92.71,4.27,431.22,139.54,17522.61,807.37,34.63,0.0,104297.9,91.97,3898,1166,10,631,97,729,304,22,304,0,0.0,0.0,21.56,121.2,0.0,0,0,2572,0,0,0,0,0.5
regime,batched-par k=1,T=30min,"{""batch_k"": 1, ""test_minutes"": 30.0}",batched-par,1,100,1000,10,True,1000,122.7454,8.1469,7.9388,710.338,906.792,676.175,3.43,1.09,90.72,4.76,420.41,134.01,11135.57,584.55,33.07,0.0,69430.4,94.27,2842,983,10,612,116,538,315,29,315,0,0.0,0.0,13.12,68.17,0.0,0,0,1498,0,0,0,0,0.16
regime,batched k=1,T=30min,"{""batch_k"": 1, ""test_minutes"": 30.0}",batched,1,100,1000,10,True,1000,183.8774,5.4384,5.2625,1047.229,1403.149,1026.334,2.29,0.69,92.33,4.69,420.41,127.78,16977.79,861.77,128.42,0.0,100796.2,91.36,3721,1039,10,585,109,700,298,20,298,0,0.0,0.0,19.53,116.48,0.0,0,0,2403,0,0,0,0,1.1
regime,beanstalk quarantine,aidev-upper,"{""green_mode"": ""quarantine"", ""p_file"": 0.417, ""p_per_file"": 0.35}",beanstalk,9,100,1000,10,True,1000,23.7401,42.1227,49.074,151.641,320.537,162.308,18.27,15.92,0.55,65.27,433.66,377.83,12.98,1549.54,12.43,1473.19,8210.4,57.64,821,0,10,1897,19,346,228,5,228,966,224.76,93.02,12.79,76.81,1104.3,35,0,0,81,137,164,684,1.47
regime,batched k=1,T=30min,"{""batch_k"": 1, ""test_minutes"": 30.0}",batched,8,100,1000,10,True,1000,180.1782,5.5501,5.5406,1017.623,1374.974,997.691,2.28,0.74,91.55,5.43,411.47,132.93,16495.26,978.16,44.12,0.0,98994.0,91.57,3740,1089,10,643,115,662,292,24,292,0,0.0,0.0,21.16,125.93,0.0,0,0,2424,0,0,0,0,0.58
regime,batched k=1,T=30min,"{""batch_k"": 1, ""test_minutes"": 30.0}",batched,9,100,1000,10,True,1000,175.9018,5.685,5.3872,1032.146,1310.307,980.785,2.47,0.74,92.19,4.61,433.66,129.95,16216.47,810.1,98.49,0.0,95969.9,90.93,3609,1002,10,564,97,681,283,19,283,0,0.0,0.0,19.65,146.55,0.0,0,0,2307,0,0,0,0,0.62
regime,batched-par k=1,T=30min,"{""batch_k"": 1, ""test_minutes"": 30.0}",batched-par,3,100,1000,10,True,1000,131.784,7.5882,7.4092,696.917,1065.584,718.744,2.98,1.01,89.89,6.12,392.43,133.02,11846.04,806.9,117.75,0.0,73472.2,92.92,2928,947,10,690,142,537,303,27,303,0,0.0,0.0,14.24,122.23,0.0,0,0,1598,0,0,0,0,0.16
regime,batched-par k=1,T=30min,"{""batch_k"": 1, ""test_minutes"": 30.0}",batched-par,5,100,1000,10,True,1000,139.5792,7.1644,6.9704,796.723,1087.236,776.391,3.09,1.06,91.65,4.2,431.22,147.43,12792.42,586.85,38.13,0.0,78505.6,93.74,3153,1079,10,655,103,570,317,26,317,0,0.0,0.0,16.11,102.61,0.0,0,0,1810,0,0,0,0,0.16
regime,batched-par k=1,T=30min,"{""batch_k"": 1, ""test_minutes"": 30.0}",batched-par,0,100,1000,10,True,1000,122.3959,8.1702,8.3747,683.888,910.018,666.618,3.41,1.11,89.66,5.82,417.26,136.3,10974.01,712.02,34.73,0.0,68157.6,92.81,2736,911,10,659,131,474,282,20,282,0,0.0,0.0,13.95,96.44,0.0,0,0,1434,0,0,0,0,0.59
regime,batched-par k=1,T=30min,"{""batch_k"": 1, ""test_minutes"": 30.0}",batched-par,6,100,1000,10,True,1000,137.3613,7.2801,7.1471,783.709,983.811,754.442,3.09,1.16,90.38,5.37,425.13,158.7,12415.33,736.97,20.49,0.0,77268.9,93.75,3129,1090,10,695,128,590,342,24,342,0,0.0,0.0,14.63,91.84,0.0,0,0,1763,0,0,0,0,0.23
regime,batched-par k=1,T=30min,"{""batch_k"": 1, ""test_minutes"": 30.0}",batched-par,4,100,1000,10,True,1000,124.9905,8.0006,8.1231,673.417,941.122,669.776,3.49,1.17,88.14,7.2,436.73,146.85,11016.09,899.38,16.33,0.0,70446.1,93.94,2888,1019,10,665,125,484,313,20,313,0,0.0,0.0,14.13,100.81,0.0,0,0,1555,0,0,0,0,0.37
regime,batched-par k=1,T=30min,"{""batch_k"": 1, ""test_minutes"": 30.0}",batched-par,2,100,1000,10,True,1000,124.5971,8.0259,7.6661,713.462,973.437,684.999,3.49,1.06,90.57,4.88,434.8,132.51,11284.14,608.25,101.77,0.0,69919.3,93.53,2736,882,10,634,114,487,287,22,287,0,0.0,0.0,13.41,68.32,0.0,0,0,1427,0,0,0,0,0.84
regime,batched-par k=1,T=30min,"{""batch_k"": 1, ""test_minutes"": 30.0}",batched-par,9,100,1000,10,True,1000,116.8691,8.5566,8.7247,642.027,818.674,624.966,3.71,1.15,87.98,7.16,433.66,133.94,10282.16,837.15,77.15,0.0,65724.2,93.73,2679,937,10,610,100,433,289,18,289,0,0.0,0.0,12.9,87.99,0.0,0,0,1372,0,0,0,0,0.49
regime,batched-par k=1,T=30min,"{""batch_k"": 1, ""test_minutes"": 30.0}",batched-par,8,100,1000,10,True,1000,126.3534,7.9143,7.8556,721.223,908.503,690.548,3.26,1.12,89.97,5.66,411.47,141.45,11367.68,714.73,14.45,0.0,70614.4,93.14,2834,971,10,690,117,487,297,22,297,0,0.0,0.0,14.47,94.21,0.0,0,0,1515,0,0,0,0,0.61
regime,batched-par k=1,T=30min,"{""batch_k"": 1, ""test_minutes"": 30.0}",batched-par,7,100,1000,10,True,1000,114.4709,8.7358,8.8524,641.8,801.82,618.186,3.72,1.11,88.9,6.28,425.68,127.02,10176.08,718.3,25.11,0.0,64426.8,93.8,2602,859,10,617,150,428,266,15,266,0,0.0,0.0,12.49,63.24,0.0,0,0,1321,0,0,0,0,0.76
regime,beanstalk,T=30min,"{""test_minutes"": 30.0}",beanstalk,0,100,1000,10,True,1000,51.3972,19.4563,23.8574,998.948,1182.659,923.068,8.12,3.05,0.15,88.67,417.26,156.99,7.94,4557.53,13.67,4164.57,25414.0,82.41,842,0,10,625,72,147,312,17,312,937,964.74,204.27,521.32,1165.57,2775.7,58,0,0,108,687,221,155,0.63
regime,beanstalk,T=30min,"{""test_minutes"": 30.0}",beanstalk,1,100,1000,10,True,1000,44.5604,22.4415,25.4599,793.369,1050.815,739.876,9.43,3.28,0.17,87.12,420.41,145.97,7.54,3882.12,10.7,3599.95,20864.8,78.04,693,0,10,563,63,138,292,9,292,920,723.7,165.36,416.72,1025.51,2350.1,48,0,0,91,537,210,156,0.89
regime,beanstalk,T=30min,"{""test_minutes"": 30.0}",beanstalk,4,100,1000,10,True,1000,49.6904,20.1246,22.4065,772.101,1594.862,897.202,8.79,3.4,0.16,87.65,436.73,169.06,7.95,4355.3,15.56,4189.22,22677.7,76.06,749,0,10,635,78,153,334,9,334,931,872.43,170.76,579.0,1577.01,2658.2,43,0,0,101,591,242,158,0.66
regime,beanstalk,T=30min,"{""test_minutes"": 30.0}",beanstalk,3,100,1000,10,True,1000,50.5977,19.7637,34.8391,740.638,1641.072,924.993,7.76,3.13,0.16,88.95,392.43,158.49,8.14,4500.71,16.46,4130.44,24977.3,82.27,829,0,10,633,85,150,341,14,341,925,844.62,189.1,590.35,1625.17,2775.3,46,0,0,109,667,247,162,0.92
regime,beanstalk,T=30min,"{""test_minutes"": 30.0}",beanstalk,8,100,1000,10,True,1000,44.9109,22.2663,33.9212,682.356,1242.118,804.494,9.16,3.39,0.18,87.27,411.47,152.26,7.97,3919.39,2.1,3662.59,21321.7,79.13,704,0,10,659,58,128,276,11,276,931,678.66,153.34,460.23,1227.14,2425.0,36,0,0,91,552,196,152,0.3
regime,beanstalk,T=30min,"{""test_minutes"": 30.0}",beanstalk,6,100,1000,10,True,1000,48.9874,20.4134,22.4698,1275.645,2144.702,1245.875,8.68,3.42,0.16,87.74,425.13,167.34,7.97,4298.3,0.87,4269.2,24659.3,83.9,818,0,10,630,92,150,323,14,323,931,682.22,181.43,869.51,2133.53,2696.9,55,0,0,108,660,229,158,1.12
regime,beanstalk,T=30min,"{""test_minutes"": 30.0}",beanstalk,7,100,1000,10,True,1000,44.0546,22.6991,28.4896,805.148,1246.097,853.322,9.66,3.46,0.17,86.7,425.68,152.48,7.59,3819.71,32.35,3389.03,21331.0,80.7,711,0,10,570,102,149,301,13,301,928,769.75,162.74,464.23,1233.8,2318.9,52,0,0,91,547,223,164,1.1
regime,beanstalk,T=30min,"{""test_minutes"": 30.0}",beanstalk,2,100,1000,10,True,1000,43.2028,23.1467,59.4949,827.702,1725.954,1029.017,10.06,3.47,0.18,86.28,434.8,149.96,7.77,3727.75,4.44,3706.45,22641.7,87.35,754,0,10,590,82,126,308,11,308,945,791.54,187.8,687.55,1709.11,2306.1,49,0,0,100,608,219,146,1.76
regime,beanstalk quarantine,T=30min,"{""green_mode"": ""quarantine"", ""test_minutes"": 30.0}",beanstalk,0,100,1000,10,True,1000,48.9246,20.4396,24.6205,590.316,999.58,639.55,8.53,3.14,0.16,88.17,417.26,153.62,7.87,4313.71,23.76,3914.29,25162.2,85.72,836,0,10,642,65,154,288,14,288,946,948.23,204.68,124.97,516.03,2667.2,53,0,0,101,649,201,186,0.84
regime,beanstalk,T=30min,"{""test_minutes"": 30.0}",beanstalk,5,100,1000,10,True,1000,46.2546,21.6195,36.6611,696.663,1449.51,858.489,9.32,3.5,0.17,87.0,431.22,161.9,8.02,4024.31,18.72,3868.32,21939.9,79.05,728,0,10,649,60,157,303,5,303,939,657.76,162.48,526.84,1437.16,2444.1,38,0,0,91,558,217,170,1.82
regime,beanstalk quarantine,T=30min,"{""green_mode"": ""quarantine"", ""test_minutes"": 30.0}",beanstalk,1,100,1000,10,True,1000,42.3106,23.6348,24.8079,487.702,727.201,484.276,9.94,3.24,0.17,86.65,420.41,137.11,7.39,3666.15,1.29,3514.47,20837.6,82.08,692,0,10,541,73,142,277,9,277,920,592.46,170.3,78.94,327.13,2244.7,41,0,0,87,493,201,198,0.7
regime,beanstalk quarantine,T=30min,"{""green_mode"": ""quarantine"", ""test_minutes"": 30.0}",beanstalk,3,100,1000,10,True,1000,51.2889,19.4974,25.0001,679.296,1096.137,660.803,7.65,2.99,0.16,89.21,392.43,153.2,8.01,4575.25,3.21,4334.75,26113.9,84.86,864,0,10,623,95,175,329,8,329,929,989.18,203.08,106.15,470.9,2786.2,61,0,0,104,648,235,216,0.41
regime,beanstalk,T=30min,"{""test_minutes"": 30.0}",beanstalk,9,100,1000,10,True,1000,52.9899,18.8715,20.9607,748.173,1630.634,955.253,8.18,2.76,0.14,88.92,433.66,146.03,7.34,4711.97,7.67,4651.27,23092.8,72.63,771,0,10,520,69,153,315,18,315,933,753.34,189.33,574.7,1620.99,2803.4,50,0,0,101,610,232,161,1.31
regime,beanstalk quarantine,T=30min,"{""green_mode"": ""quarantine"", ""test_minutes"": 30.0}",beanstalk,6,100,1000,10,True,1000,54.8391,18.2352,19.7423,747.86,1005.719,687.054,7.75,3.04,0.15,89.06,425.13,166.64,8.03,4884.11,8.51,4531.9,28349.5,86.16,943,0,10,627,88,162,335,12,335,927,928.12,229.43,111.33,433.97,2995.5,57,0,0,113,734,237,208,0.31
regime,beanstalk quarantine,T=30min,"{""green_mode"": ""quarantine"", ""test_minutes"": 30.0}",beanstalk,4,100,1000,10,True,1000,51.7063,19.34,24.6678,632.039,910.334,582.469,8.45,3.21,0.15,88.19,436.73,165.82,7.85,4560.23,26.8,4222.55,24137.8,77.8,799,0,10,617,74,189,336,13,336,923,788.85,182.59,77.78,367.19,2794.8,54,0,0,100,562,249,236,1.06
regime,beanstalk quarantine,T=30min,"{""green_mode"": ""quarantine"", ""test_minutes"": 30.0}",beanstalk,2,100,1000,10,True,1000,51.7698,19.3163,19.9118,598.043,994.235,626.758,8.4,2.68,0.14,88.78,434.8,138.65,7.5,4596.03,18.45,4366.97,24139.8,77.72,802,0,10,552,76,130,288,16,288,931,975.96,204.26,124.03,504.9,2787.5,40,0,0,106,615,201,186,1.46
regime,beanstalk quarantine,T=30min,"{""green_mode"": ""quarantine"", ""test_minutes"": 30.0}",beanstalk,5,100,1000,10,True,1000,47.6918,20.968,22.7867,628.822,853.279,604.228,9.04,3.63,0.17,87.16,431.22,173.15,8.11,4156.69,2.1,4005.45,23522.9,82.2,780,0,10,658,64,170,331,10,331,934,750.84,172.73,117.66,493.49,2574.3,52,0,0,96,569,246,210,1.15
main,batched k=4,,{},batched,2,20,200,2,True,200,20.8747,9.581,8.8805,94.714,170.006,93.22,21.49,2.69,71.74,4.08,89.73,11.22,299.51,17.03,2.83,0.0,2392.3,95.5,255,57,2,32,3,106,32,0,32,0,0.0,0.0,14.66,60.95,0.0,0,67,83,0,0,0,0,0.02
main,batched k=4,,{},batched,3,20,200,2,True,200,24.8311,8.0544,8.0271,103.123,258.92,113.467,17.64,2.59,73.57,6.2,87.61,12.87,365.35,30.79,9.42,0.0,2849.5,95.63,308,64,2,38,6,139,43,0,43,0,0.0,0.0,15.17,61.59,0.0,0,81,103,0,0,0,0,0.02
main,batched k=4,,{},batched,0,20,200,2,True,200,30.1522,6.633,6.7978,144.21,255.011,144.817,13.34,3.06,76.99,6.62,80.43,18.45,464.27,39.89,0.0,0.0,3435.5,94.95,369,82,2,51,2,171,53,0,53,0,0.0,0.0,17.77,94.31,0.0,0,105,128,0,0,0,0,0.19
main,batched k=4,,{},batched,4,20,200,2,True,200,27.1072,7.3781,7.5423,119.089,261.107,129.254,15.14,2.31,77.16,5.39,82.1,12.54,418.3,29.2,6.38,0.0,3112.8,95.69,333,74,2,36,8,151,45,1,45,0,0.0,0.0,17.49,82.42,0.0,0,90,113,0,0,0,0,0.02
main,batched k=4,,{},batched,6,20,200,2,True,200,27.7538,7.2062,7.0657,118.201,251.03,122.383,15.0,2.81,70.68,11.5,83.28,15.62,392.33,63.85,21.56,0.0,2903.7,87.19,310,58,2,41,4,149,43,0,43,0,0.0,0.0,21.29,143.39,0.0,0,83,101,0,0,0,0,0.02
regime,beanstalk quarantine,T=30min,"{""green_mode"": ""quarantine"", ""test_minutes"": 30.0}",beanstalk,8,100,1000,10,True,1000,44.1912,22.6289,25.4082,536.233,794.649,528.37,9.31,3.52,0.18,86.99,411.47,155.61,7.88,3844.16,3.22,3816.18,22927.3,86.47,757,0,10,639,59,148,294,10,294,930,656.59,178.52,85.63,319.31,2295.0,53,0,0,95,554,210,202,0.94
main,batched k=4,,{},batched,7,20,200,2,True,200,20.5475,9.7335,10.0942,88.424,173.603,90.736,20.58,3.14,70.46,5.82,84.57,12.91,289.54,23.93,3.49,0.0,2315.5,93.91,252,50,2,32,2,106,36,0,36,0,0.0,0.0,12.57,61.48,0.0,0,63,75,0,0,0,0,0.02
main,batched k=4,,{},batched,8,20,200,2,True,200,29.9167,6.6852,7.707,102.247,240.069,114.395,16.68,3.27,60.46,19.59,99.8,19.57,361.75,117.22,13.0,0.0,2820.4,78.56,299,56,2,38,3,136,41,0,41,0,0.0,0.0,38.03,277.85,0.0,0,81,98,0,0,0,0,0.02
main,batched-aimd,,{},batched-aimd,0,20,200,2,True,200,28.4411,7.0321,7.2564,141.449,219.563,133.021,14.14,3.19,74.76,7.91,80.43,18.16,425.24,44.99,0.0,0.0,3235.2,94.79,344,63,2,51,2,135,53,1,53,0,0.0,0.0,12.06,52.26,0.0,0,65,97,0,0,0,0,0.02
main,batched-aimd,,{},batched-aimd,1,20,200,2,True,200,27.0694,7.3884,7.426,121.368,213.753,122.784,16.43,3.04,72.56,7.97,88.97,16.46,392.83,43.14,0.0,0.0,3012.1,92.73,321,58,2,25,6,118,46,1,46,0,0.0,0.0,12.93,79.34,0.0,0,63,87,0,0,0,0,0.02
main,batched-aimd,,{},batched-aimd,2,20,200,2,True,200,17.8021,11.2346,10.851,78.915,141.186,75.539,25.2,3.29,67.43,4.08,89.73,11.71,240.09,14.52,2.12,0.0,2035.2,95.27,211,31,2,36,5,71,29,0,29,0,0.0,0.0,10.35,45.66,0.0,0,40,45,0,0,0,0,0.02
main,batched k=4,,{},batched,5,20,200,2,True,200,27.9589,7.1534,7.0334,114.19,327.021,133.367,14.83,2.41,77.09,5.67,82.94,13.5,431.06,31.68,5.46,0.0,3229.8,96.27,344,76,2,53,6,159,48,0,48,0,0.0,0.0,22.03,103.13,0.0,0,95,123,0,0,0,0,0.1
main,batched-aimd,,{},batched-aimd,3,20,200,2,True,200,23.7489,8.4214,8.231,102.788,223.023,109.404,18.44,2.77,74.01,4.78,87.61,13.15,351.54,22.69,0.51,0.0,2726.8,95.68,288,52,2,40,8,104,43,1,43,0,0.0,0.0,12.01,49.0,0.0,0,54,75,0,0,0,0,0.02
main,batched k=4,,{},batched,1,20,200,2,True,200,27.7697,7.2021,6.856,134.548,226.666,131.32,16.02,2.9,75.91,5.17,88.97,16.13,421.61,28.69,0.0,0.0,3170.6,95.14,340,67,2,26,2,162,46,2,46,0,0.0,0.0,16.74,65.83,0.0,0,94,118,0,0,0,0,0.21
main,batched-aimd,,{},batched-aimd,4,20,200,2,True,200,24.5761,8.138,8.5711,121.406,195.953,111.819,16.7,2.49,73.34,7.46,82.1,12.23,360.49,36.69,6.06,0.0,2844.1,96.44,301,53,2,36,9,114,45,1,45,0,0.0,0.0,12.48,66.05,0.0,0,56,84,0,0,0,0,0.02
main,batched-aimd,,{},batched-aimd,7,20,200,2,True,200,22.5935,8.8521,9.2416,93.535,223.042,101.683,18.72,3.04,71.97,6.28,84.57,13.74,325.21,28.36,4.57,0.0,2574.4,94.95,276,51,2,34,4,99,37,1,37,0,0.0,0.0,10.83,60.73,0.0,0,57,66,0,0,0,0,0.02
main,batched-aimd,,{},batched-aimd,8,20,200,2,True,200,27.05,7.3937,9.1646,100.469,171.375,96.096,18.45,3.87,55.34,22.34,99.8,20.95,299.37,120.88,6.71,0.0,2468.7,76.05,263,47,2,41,3,96,39,2,39,0,0.0,0.0,35.25,291.21,0.0,0,50,63,0,0,0,0,0.02
main,batched-aimd,,{},batched-aimd,9,20,200,2,True,200,21.4783,9.3117,9.2093,91.3,184.164,94.534,20.86,3.66,69.7,5.79,89.6,15.71,299.4,24.86,2.67,0.0,2461.1,95.49,258,43,2,41,8,91,38,2,38,0,0.0,0.0,11.86,64.99,0.0,0,44,65,0,0,0,0,0.02
main,batched-aimd,,{},batched-aimd,5,20,200,2,True,200,26.0722,7.671,7.3717,122.104,225.513,123.851,15.91,2.54,76.63,4.92,82.94,13.24,399.6,25.67,0.0,0.0,3021.8,96.58,315,58,2,54,9,117,46,4,46,0,0.0,0.0,13.85,63.4,0.0,0,57,90,0,0,0,0,0.08
main,batched+place,,{},batched+place,0,20,200,2,True,200,29.2142,6.846,6.5366,154.764,243.332,147.938,13.77,2.42,81.98,1.84,80.43,14.12,479.01,10.73,2.94,0.0,3391.1,96.73,362,77,2,34,7,177,51,1,51,151,0.0,0.0,18.75,82.16,0.0,0,103,125,0,0,0,0,0.04
main,batched+place,,{},batched+place,1,20,200,2,True,200,26.2878,7.6081,7.9395,111.921,220.507,119.272,16.92,2.79,72.83,7.46,88.97,14.68,382.89,39.21,4.08,0.0,2999.3,95.08,325,69,2,21,3,147,46,0,46,146,0.0,0.0,15.78,70.9,0.0,0,89,111,0,0,0,0,0.04
main,batched+place,,{},batched+place,2,20,200,2,True,200,17.5439,11.3999,11.205,60.881,157.656,71.914,25.57,2.27,66.04,6.11,89.73,7.98,231.74,21.43,14.23,0.0,1997.4,94.88,216,41,2,23,8,82,26,0,26,151,0.0,0.0,13.84,63.11,0.0,0,51,64,0,0,0,0,0.03
main,batched-aimd,,{},batched-aimd,6,20,200,2,True,200,25.4425,7.8609,8.1299,107.447,203.56,108.593,16.37,2.94,68.19,12.5,83.28,14.97,347.0,63.6,4.22,0.0,2674.2,87.59,287,54,2,40,6,106,41,0,41,0,0.0,0.0,17.85,146.56,0.0,0,56,76,0,0,0,0,0.15
main,batched+place,,{},batched+place,3,20,200,2,True,200,27.5168,7.2683,8.2753,123.52,226.52,131.004,15.92,2.02,77.33,4.73,87.61,11.1,425.58,26.05,6.8,0.0,3172.7,96.08,339,69,2,31,7,156,45,0,45,148,0.0,0.0,16.4,73.89,0.0,0,95,115,0,0,0,0,0.04
main,batched+place,,{},batched+place,4,20,200,2,True,200,28.7965,6.9453,7.8504,133.087,271.178,132.453,14.26,1.88,74.78,9.08,82.1,10.83,430.68,52.32,15.23,0.0,3227.7,93.4,349,78,2,28,12,164,48,0,48,168,0.0,0.0,17.39,76.57,0.0,0,97,122,0,0,0,0,0.04
main,batched+place,,{},batched+place,6,20,200,2,True,200,30.8158,6.4902,6.3917,159.148,295.312,154.015,13.51,2.79,80.51,3.19,83.28,17.19,496.19,19.66,0.73,0.0,3548.1,95.95,375,76,2,34,8,188,53,1,53,162,0.0,0.0,21.17,118.45,0.0,0,108,129,0,0,0,0,0.04
main,batched+place,,{},batched+place,8,20,200,2,True,200,24.7552,8.0791,8.9554,88.269,248.762,105.334,20.16,3.72,67.2,8.93,99.8,18.4,332.71,44.19,0.0,0.0,2663.2,89.65,288,67,2,23,5,124,37,1,37,159,0.0,0.0,22.04,122.12,0.0,0,76,93,0,0,0,0,0.04
main,batched+place,,{},batched+place,7,20,200,2,True,200,23.0099,8.6919,9.0914,97.756,204.132,100.789,18.38,2.85,70.15,8.62,84.57,13.12,322.85,39.67,3.94,0.0,2600.1,94.17,269,53,2,29,7,118,38,0,38,149,0.0,0.0,17.58,73.68,0.0,0,74,85,0,0,0,0,0.08
main,batched+place,,{},batched+place,9,20,200,2,True,200,23.4793,8.5181,8.5343,100.638,167.31,103.059,19.08,2.83,70.33,7.76,89.6,13.29,330.24,36.46,6.4,0.0,2693.1,95.59,300,71,2,28,8,131,42,0,42,170,0.0,0.0,14.19,85.41,0.0,0,80,97,0,0,0,0,0.04
queue,batched k=16,,"{""batch_k"": 16}",batched,0,20,200,2,True,200,46.2017,4.3288,4.3688,224.631,456.961,236.26,8.7,1.97,83.26,6.07,80.43,18.16,769.37,56.07,6.27,0.0,5073.8,91.52,549,141,2,48,3,295,54,2,54,0,0.0,0.0,31.34,176.49,0.0,0,203,212,0,0,0,0,0.03
queue,batched k=16,,"{""batch_k"": 16}",batched,2,20,200,2,True,200,27.9604,7.153,6.3813,151.582,260.491,135.729,16.05,2.11,78.8,3.05,89.73,11.78,440.65,17.05,5.1,0.0,3077.9,91.73,327,77,2,36,4,156,30,1,30,0,0.0,0.0,21.12,94.28,0.0,0,115,115,0,0,0,0,0.02
queue,batched k=16,,"{""batch_k"": 16}",batched,3,20,200,2,True,200,36.5677,5.4693,5.1598,161.923,433.725,184.947,11.98,1.75,82.55,3.73,87.61,12.77,603.72,27.26,0.53,0.0,4081.5,93.01,439,110,2,36,8,225,44,0,44,0,0.0,0.0,24.23,94.85,0.0,0,156,166,0,0,0,0,0.02
queue,batched k=16,,"{""batch_k"": 16}",batched,4,20,200,2,True,200,37.7925,5.2921,4.9029,182.664,434.071,195.967,10.86,1.53,84.89,2.72,82.1,11.57,641.65,20.53,18.39,0.0,4221.7,93.09,451,116,2,34,9,236,45,1,45,0,0.0,0.0,27.04,118.08,0.0,0,162,173,0,0,0,0,0.02
main,batched k=4,,{},batched,9,20,200,2,True,200,22.2707,8.9804,8.6896,80.815,247.651,101.354,20.12,3.37,72.48,4.03,89.6,15.02,322.82,17.97,4.64,0.0,2586.5,96.78,272,50,2,41,8,123,38,0,38,0,0.0,0.0,17.29,71.86,0.0,0,72,89,0,0,0,0,0.46
queue,batched k=16,,"{""batch_k"": 16}",batched,5,20,200,2,True,200,40.4229,4.9477,4.6992,179.97,498.536,211.418,10.26,1.72,85.45,2.57,82.94,13.91,690.82,20.79,2.4,0.0,4501.3,92.8,478,106,2,54,7,257,47,1,47,0,0.0,0.0,34.24,144.99,0.0,0,174,184,0,0,0,0,0.02
regime,beanstalk quarantine,T=30min,"{""green_mode"": ""quarantine"", ""test_minutes"": 30.0}",beanstalk,7,100,1000,10,True,1000,48.5213,20.6095,24.7461,697.704,1026.091,660.152,8.77,3.09,0.16,87.98,425.68,150.11,7.54,4268.8,25.63,4043.39,22396.9,76.93,750,0,10,568,109,151,298,17,298,933,877.64,195.04,104.71,418.73,2647.0,54,0,0,90,554,225,195,1.57
queue,batched k=16,,"{""batch_k"": 16}",batched,7,20,200,2,True,200,31.4377,6.3618,6.5979,148.834,314.572,153.517,13.45,2.17,79.22,5.16,84.57,13.65,498.07,32.46,8.28,0.0,3510.1,93.04,384,101,2,30,3,190,36,1,36,0,0.0,0.0,20.33,94.94,0.0,0,133,143,0,0,0,0,0.02
queue,batched k=16,,"{""batch_k"": 16}",batched,9,20,200,2,True,200,32.5285,6.1485,6.1752,141.782,347.014,156.281,13.77,2.18,77.89,6.15,89.6,14.19,506.74,40.04,23.38,0.0,3564.9,91.33,373,81,2,37,5,189,37,1,37,0,0.0,0.0,26.01,123.73,0.0,0,130,134,0,0,0,0,0.02
queue,batched-par k=4,,"{""batch_k"": 4}",batched-par,0,20,200,2,True,200,30.083,6.6483,6.4708,137.513,311.834,149.01,13.37,2.99,79.57,4.08,80.43,17.96,478.74,24.53,3.38,0.0,3500.8,96.98,370,74,2,48,1,183,56,0,56,0,0.0,0.0,23.36,181.47,0.0,0,107,124,0,0,0,0,0.02
queue,batched k=16,,"{""batch_k"": 16}",batched,6,20,200,2,True,200,41.5325,4.8155,4.3658,219.185,427.426,207.56,10.03,1.9,81.39,6.68,83.28,15.81,676.05,55.51,17.06,0.0,4407.8,88.44,471,116,2,40,6,249,45,1,45,0,0.0,0.0,28.79,164.28,0.0,0,171,175,0,0,0,0,0.09
queue,batched k=16,,"{""batch_k"": 16}",batched,8,20,200,2,True,200,36.9437,5.4136,5.9194,168.122,316.251,162.03,13.51,2.52,70.58,13.4,99.8,18.62,521.48,98.97,11.66,0.0,3562.4,80.36,382,92,2,36,0,198,39,0,39,0,0.0,0.0,36.77,254.42,0.0,0,138,136,0,0,0,0,0.08
queue,batched-par k=4,,"{""batch_k"": 4}",batched-par,2,20,200,2,True,200,19.9591,10.0205,9.2895,90.345,167.593,88.811,22.48,2.92,71.24,3.36,89.73,11.64,284.39,13.41,5.16,0.0,2295.3,95.83,249,51,2,34,5,105,30,1,30,0,0.0,0.0,16.65,84.52,0.0,0,64,77,0,0,0,0,0.02
queue,batched-par k=4,,"{""batch_k"": 4}",batched-par,3,20,200,2,True,200,24.8917,8.0348,8.0333,96.255,295.811,114.16,17.6,2.49,73.95,5.96,87.61,12.38,368.15,29.69,2.64,0.0,2808.5,94.02,292,52,2,36,9,139,41,1,41,0,0.0,0.0,18.91,87.82,0.0,0,79,98,0,0,0,0,0.02
queue,batched-par k=4,,"{""batch_k"": 4}",batched-par,4,20,200,2,True,200,25.3579,7.8871,7.9335,105.561,247.866,117.994,16.19,2.15,75.41,6.26,82.1,10.88,382.43,31.74,7.35,0.0,2898.5,95.25,307,59,2,33,8,153,45,0,45,0,0.0,0.0,17.11,98.98,0.0,0,88,96,0,0,0,0,0.02
queue,batched-par k=4,,"{""batch_k"": 4}",batched-par,5,20,200,2,True,200,27.4995,7.2728,7.1138,122.057,270.665,132.824,15.08,2.37,78.13,4.42,82.94,13.04,429.7,24.3,0.0,0.0,3189.7,96.66,336,69,2,53,5,155,47,1,47,0,0.0,0.0,20.3,125.77,0.0,0,94,114,0,0,0,0,0.02
queue,batched-par k=4,,"{""batch_k"": 4}",batched-par,6,20,200,2,True,200,28.2458,7.0807,6.9958,115.986,282.681,125.642,14.74,2.77,71.37,11.12,83.28,15.64,403.17,62.83,25.14,0.0,2979.9,87.92,318,76,2,41,5,149,43,1,43,0,0.0,0.0,24.37,163.26,0.0,0,87,109,0,0,0,0,0.02
queue,batched-par k=4,,"{""batch_k"": 4}",batched-par,7,20,200,2,True,200,22.5466,8.8705,9.3609,92.449,197.364,101.482,18.75,3.05,71.97,6.23,84.57,13.74,324.53,28.09,0.0,0.0,2621.5,96.89,279,55,2,36,4,124,38,0,38,0,0.0,0.0,16.04,72.41,0.0,0,76,86,0,0,0,0,0.02
queue,batched-par k=4,,"{""batch_k"": 4}",batched-par,8,20,200,2,True,200,26.5042,7.546,9.4464,90.473,190.25,91.931,18.83,3.71,54.1,23.36,99.8,19.66,286.78,123.85,20.97,0.0,2405.0,75.62,255,58,2,40,3,108,37,1,37,0,0.0,0.0,38.12,280.38,0.0,0,69,72,0,0,0,0,0.02
queue,batched-par k=4,,"{""batch_k"": 4}",batched-par,9,20,200,2,True,200,22.4925,8.8919,8.4866,88.955,230.76,103.915,19.92,3.13,73.87,3.08,89.6,14.08,332.3,13.87,1.87,0.0,2595.4,96.16,276,56,2,39,6,121,38,0,38,0,0.0,0.0,16.66,75.86,0.0,0,75,90,0,0,0,0,0.02
fair,batched k=4 suspects,,"{""queue_suspects"": true}",batched,0,20,200,2,True,200,16.1051,12.4185,13.0883,53.79,142.144,63.804,24.97,5.83,60.2,9.0,80.43,18.78,193.91,28.99,0.0,0.0,1809.7,93.64,191,34,2,51,1,72,57,1,57,0,0.0,0.0,10.83,47.55,0.0,0,19,48,0,0,52,0,0.02
fair,batched k=4 suspects,,"{""queue_suspects"": true}",batched,1,20,200,2,True,200,14.6153,13.6843,13.754,42.085,118.574,53.832,30.44,5.26,56.13,8.17,88.97,15.37,164.07,23.9,3.39,0.0,1620.2,92.38,173,33,2,22,3,59,46,1,46,0,0.0,0.0,11.14,65.33,0.0,0,17,39,0,0,42,0,0.02
fair,batched k=4 suspects,,"{""queue_suspects"": true}",batched,2,20,200,2,True,200,13.0695,15.3028,15.4667,41.27,94.811,47.672,34.33,4.97,55.83,4.88,89.73,12.98,145.92,12.75,3.26,0.0,1475.6,94.09,154,23,2,38,4,52,30,1,30,0,0.0,0.0,10.08,54.42,0.0,0,16,34,0,0,26,0,0.02
fair,batched k=4 suspects,,"{""queue_suspects"": true}",batched,3,20,200,2,True,200,14.8211,13.4943,14.0815,48.638,117.458,55.573,29.56,4.44,58.05,7.95,87.61,13.16,172.08,23.57,8.07,0.0,1648.7,92.7,174,22,2,36,8,69,47,1,47,0,0.0,0.0,12.4,95.68,0.0,0,19,38,0,0,39,0,0.02
fair,batched k=4 suspects,,"{""queue_suspects"": true}",batched,4,20,200,2,True,200,15.5943,12.8252,13.3719,49.107,130.038,59.649,26.32,3.63,60.12,9.92,82.1,11.32,187.51,30.95,1.6,0.0,1719.7,91.9,186,30,2,34,8,72,45,1,45,0,0.0,0.0,11.34,65.47,0.0,0,21,49,0,0,39,0,0.02
fair,batched k=4 suspects,,"{""queue_suspects"": true}",batched,5,20,200,2,True,200,14.3562,13.9313,13.7159,51.72,122.581,55.529,28.89,5.16,59.3,6.65,82.94,14.82,170.27,19.09,1.54,0.0,1613.0,93.63,168,29,2,54,8,60,48,0,48,0,0.0,0.0,10.63,52.1,0.0,0,14,41,0,0,44,0,0.02
fair,batched k=4 suspects,,"{""queue_suspects"": true}",batched,6,20,200,2,True,200,14.5822,13.7153,17.4208,37.584,83.776,40.201,28.55,5.22,40.72,25.5,83.28,15.23,118.77,74.36,12.56,0.0,1296.7,74.1,139,17,2,41,3,41,42,0,42,0,0.0,0.0,22.91,166.39,0.0,0,6,26,0,0,39,0,0.02
fair,batched k=4 suspects,,"{""queue_suspects"": true}",batched,7,20,200,2,True,200,12.4892,16.0138,17.8035,39.715,91.128,43.987,33.86,5.94,52.76,7.44,84.57,14.83,131.79,18.59,1.43,0.0,1396.0,93.15,148,23,2,34,4,45,38,1,38,0,0.0,0.0,8.93,38.72,0.0,0,12,31,0,0,36,0,0.02
fair,batched k=4 suspects,,"{""queue_suspects"": true}",batched,8,20,200,2,True,200,23.5601,8.4889,13.245,48.435,127.311,59.257,21.18,5.02,36.89,36.9,99.8,23.67,173.85,173.88,0.0,0.0,1743.6,61.67,188,40,2,41,5,65,39,1,39,0,0.0,0.0,81.25,459.31,0.0,0,26,45,0,0,30,0,0.02
main,batched+place,,{},batched+place,5,20,200,2,True,200,30.4585,6.5663,6.2813,132.052,315.441,151.375,13.62,2.1,80.73,3.55,82.94,12.8,491.78,21.65,0.0,0.0,3544.9,96.99,377,81,2,30,10,185,55,0,55,150,0.0,0.0,20.43,112.31,0.0,0,107,135,0,0,0,0,0.5
fair,batched-par k=4 suspects,,"{""batch_k"": 4, ""queue_suspects"": true}",batched-par,0,20,200,2,True,200,16.3371,12.2421,12.5763,58.567,142.593,63.678,24.62,5.55,59.41,10.42,80.43,18.15,194.11,34.05,7.67,0.0,1791.4,91.38,193,33,2,51,2,79,56,0,56,0,0.0,0.0,10.56,41.89,0.0,0,23,46,0,0,44,0,0.05
fair,batched k=4 suspects,,"{""queue_suspects"": true}",batched,9,20,200,2,True,200,12.8164,15.6049,16.4227,42.896,82.874,43.925,34.95,5.46,51.66,7.93,89.6,13.99,132.42,20.31,1.81,0.0,1441.3,93.71,149,26,2,38,5,48,37,0,37,0,0.0,0.0,10.72,56.24,0.0,0,12,32,0,0,29,0,0.06
queue,batched k=16,,"{""batch_k"": 16}",batched,1,20,200,2,True,200,41.3659,4.8349,4.5572,196.944,434.591,209.887,10.75,1.84,82.72,4.68,88.97,15.26,684.36,38.73,14.14,0.0,4584.5,92.36,490,112,2,25,4,268,47,1,47,0,0.0,0.0,23.81,111.31,0.0,0,180,181,0,0,0,0,0.44
fair,batched-par k=4 suspects,,"{""batch_k"": 4, ""queue_suspects"": true}",batched-par,2,20,200,2,True,200,13.9104,14.3777,14.6106,40.938,103.472,48.75,32.25,4.64,53.77,9.34,89.73,12.91,149.59,25.98,2.76,0.0,1527.5,91.51,164,27,2,36,2,51,31,0,31,0,0.0,0.0,9.87,55.35,0.0,0,20,35,0,0,28,0,0.02
fair,batched-par k=4 suspects,,"{""batch_k"": 4, ""queue_suspects"": true}",batched-par,3,20,200,2,True,200,13.1048,15.2616,16.5378,40.583,90.965,45.171,33.43,4.85,52.6,9.13,87.61,12.71,137.86,23.92,2.09,0.0,1478.3,94.0,157,25,2,35,9,54,44,1,44,0,0.0,0.0,8.5,33.8,0.0,0,12,34,0,0,41,0,0.02
fair,batched-par k=4 suspects,,"{""batch_k"": 4, ""queue_suspects"": true}",batched-par,5,20,200,2,True,200,14.7694,13.5415,13.5215,50.969,125.906,58.886,28.08,5.57,60.88,5.47,82.94,16.45,179.84,16.16,2.83,0.0,1694.3,95.6,179,28,2,55,6,65,49,1,49,0,0.0,0.0,8.64,32.36,0.0,0,18,39,0,0,45,0,0.02
fair,batched-par k=4 suspects,,"{""batch_k"": 4, ""queue_suspects"": true}",batched-par,6,20,200,2,True,200,16.0397,12.4691,15.6085,37.897,105.551,47.369,25.96,4.78,44.44,24.82,83.28,15.33,142.57,79.62,4.6,0.0,1440.9,74.86,155,25,2,38,5,52,43,0,43,0,0.0,0.0,26.06,189.09,0.0,0,11,32,0,0,38,0,0.02
fair,batched-par k=4 suspects,,"{""batch_k"": 4, ""queue_suspects"": true}",batched-par,7,20,200,2,True,200,12.5966,15.8774,16.5426,38.51,101.472,43.512,33.57,6.07,51.51,8.86,84.57,15.28,129.76,22.32,3.24,0.0,1414.9,93.6,152,27,2,37,7,52,39,0,39,0,0.0,0.0,8.81,43.65,0.0,0,11,35,0,0,33,0,0.02
fair,batched-par k=4 suspects,,"{""batch_k"": 4, ""queue_suspects"": true}",batched-par,4,20,200,2,True,200,16.7832,11.9167,12.6574,60.572,142.996,65.19,24.46,3.37,61.37,10.8,82.1,11.31,205.99,36.26,3.29,0.0,1850.9,91.9,196,35,2,32,7,76,46,1,46,0,0.0,0.0,11.44,50.89,0.0,0,28,47,0,0,37,0,0.04
fair,batched-par k=4 suspects,,"{""batch_k"": 4, ""queue_suspects"": true}",batched-par,8,20,200,2,True,200,21.7319,9.2031,13.4929,50.048,117.014,56.341,22.96,4.74,38.47,33.83,99.8,20.58,167.22,147.04,24.68,0.0,1690.0,64.81,179,27,2,42,4,65,37,0,37,0,0.0,0.0,58.31,355.73,0.0,0,24,43,0,0,26,0,0.02
fair,batched-par k=4 suspects,,"{""batch_k"": 4, ""queue_suspects"": true}",batched-par,1,20,200,2,True,200,13.7124,14.5853,15.3935,36.843,114.448,47.985,32.44,5.77,52.56,9.24,88.97,15.81,144.14,25.33,0.0,0.0,1511.3,91.85,163,29,2,27,5,55,46,0,46,0,0.0,0.0,10.02,49.04,0.0,0,14,37,0,0,40,0,0.12
fair,batched-par k=4 suspects,,"{""batch_k"": 4, ""queue_suspects"": true}",batched-par,9,20,200,2,True,200,13.2479,15.0967,16.4765,41.499,97.442,45.873,33.82,5.25,52.46,8.47,89.6,13.92,138.99,22.45,4.57,0.0,1484.8,93.4,156,21,2,40,5,54,36,1,36,0,0.0,0.0,9.1,42.92,0.0,0,14,31,0,0,29,0,0.02
place,batched+place soft,default point,"{""placement_fallback"": ""least-overlap""}",batched+place,1,20,200,2,True,200,26.2878,7.6081,7.9395,111.921,220.507,119.272,16.92,2.79,72.83,7.46,88.97,14.68,382.89,39.21,4.08,0.0,2999.3,95.08,325,69,2,21,3,147,46,0,46,146,0.0,0.0,15.78,70.9,0.0,0,89,111,0,0,0,0,0.04
place,batched+place soft,default point,"{""placement_fallback"": ""least-overlap""}",batched+place,3,20,200,2,True,200,27.5168,7.2683,8.2753,123.52,226.52,131.004,15.92,2.02,77.33,4.73,87.61,11.1,425.58,26.05,6.8,0.0,3172.7,96.08,339,69,2,31,7,156,45,0,45,148,0.0,0.0,16.4,73.89,0.0,0,95,115,0,0,0,0,0.04
place,batched+place soft,default point,"{""placement_fallback"": ""least-overlap""}",batched+place,4,20,200,2,True,200,28.7965,6.9453,7.8504,133.087,271.178,132.453,14.26,1.88,74.78,9.08,82.1,10.83,430.68,52.32,15.23,0.0,3227.7,93.4,349,78,2,28,12,164,48,0,48,168,0.0,0.0,17.39,76.57,0.0,0,97,122,0,0,0,0,0.04
queue,batched-par k=4,,"{""batch_k"": 4}",batched-par,1,20,200,2,True,200,25.8414,7.7395,7.3761,116.295,223.9,119.297,17.21,2.81,74.13,5.84,88.97,14.53,383.12,30.2,16.25,0.0,2937.0,94.71,308,60,2,25,6,144,44,0,44,0,0.0,0.0,17.3,106.05,0.0,0,88,94,0,0,0,0,0.39
place,batched+place soft,default point,"{""placement_fallback"": ""least-overlap""}",batched+place,5,20,200,2,True,200,30.4585,6.5663,6.2813,132.052,315.441,151.375,13.62,2.1,80.73,3.55,82.94,12.8,491.78,21.65,0.0,0.0,3544.9,96.99,377,81,2,30,10,185,55,0,55,150,0.0,0.0,20.43,112.31,0.0,0,107,135,0,0,0,0,0.04
place,batched+place soft,default point,"{""placement_fallback"": ""least-overlap""}",batched+place,2,20,200,2,True,200,17.5439,11.3999,11.205,60.881,157.656,71.914,25.57,2.27,66.04,6.11,89.73,7.98,231.74,21.43,14.23,0.0,1997.4,94.88,216,41,2,23,8,82,26,0,26,151,0.0,0.0,13.84,63.11,0.0,0,51,64,0,0,0,0,0.12
place,batched+place soft,default point,"{""placement_fallback"": ""least-overlap""}",batched+place,0,20,200,2,True,200,29.2142,6.846,6.5366,154.764,243.332,147.938,13.77,2.42,81.98,1.84,80.43,14.12,479.01,10.73,2.94,0.0,3391.1,96.73,362,77,2,34,7,177,51,1,51,151,0.0,0.0,18.75,82.16,0.0,0,103,125,0,0,0,0,0.14
place,batched+place soft,default point,"{""placement_fallback"": ""least-overlap""}",batched+place,7,20,200,2,True,200,23.0099,8.6919,9.0914,97.756,204.132,100.789,18.38,2.85,70.15,8.62,84.57,13.12,322.85,39.67,3.94,0.0,2600.1,94.17,269,53,2,29,7,118,38,0,38,149,0.0,0.0,17.58,73.68,0.0,0,74,85,0,0,0,0,0.08
place,batched+place hard,default point,"{""placement_fallback"": ""wait""}",batched+place,0,20,200,2,True,200,30.3928,6.5805,7.5358,82.75,228.695,90.713,13.23,1.9,47.85,37.02,80.43,11.52,290.86,225.05,219.32,0.0,3233.0,88.65,349,80,2,12,4,160,52,2,52,0,0.0,0.0,16.35,70.34,0.0,0,85,112,0,0,0,0,0.09
place,batched+place soft,default point,"{""placement_fallback"": ""least-overlap""}",batched+place,9,20,200,2,True,200,23.4793,8.5181,8.5343,100.638,167.31,103.059,19.08,2.83,70.33,7.76,89.6,13.29,330.24,36.46,6.4,0.0,2693.1,95.59,300,71,2,28,8,131,42,0,42,170,0.0,0.0,14.19,85.41,0.0,0,80,97,0,0,0,0,0.1
place,batched+place soft,default point,"{""placement_fallback"": ""least-overlap""}",batched+place,8,20,200,2,True,200,24.7552,8.0791,8.9554,88.269,248.762,105.334,20.16,3.72,67.2,8.93,99.8,18.4,332.71,44.19,0.0,0.0,2663.2,89.65,288,67,2,23,5,124,37,1,37,159,0.0,0.0,22.04,122.12,0.0,0,76,93,0,0,0,0,0.17
regime,beanstalk quarantine,T=30min,"{""green_mode"": ""quarantine"", ""test_minutes"": 30.0}",beanstalk,9,100,1000,10,True,1000,54.3483,18.3998,28.6537,503.649,1346.941,629.274,7.98,2.74,0.14,89.14,433.66,149.02,7.38,4844.77,10.1,4718.16,22062.8,67.66,734,0,10,545,70,135,306,12,306,936,1298.98,167.65,147.26,837.41,2877.3,44,0,0,95,545,225,189,2.01
place,batched+place hard,default point,"{""placement_fallback"": ""wait""}",batched+place,3,20,200,2,True,200,26.0806,7.6685,8.3471,49.836,141.767,60.597,16.8,2.09,36.63,44.48,87.61,10.92,191.07,232.01,221.04,0.0,2808.7,89.74,302,71,2,20,2,120,42,0,42,0,0.0,0.0,16.97,71.91,0.0,0,71,95,0,0,0,0,0.06
place,batched+place hard,default point,"{""placement_fallback"": ""wait""}",batched+place,2,20,200,2,True,200,20.2171,9.8926,10.855,23.089,111.122,38.115,22.19,1.55,29.87,46.39,89.73,6.26,120.78,187.56,179.75,0.0,2027.9,83.59,213,33,2,12,2,60,22,0,22,0,0.0,0.0,10.93,50.0,0.0,0,35,48,0,0,0,0,0.09
place,batched+place hard,default point,"{""placement_fallback"": ""wait""}",batched+place,6,20,200,2,True,200,31.8896,6.2716,8.4681,55.487,158.995,66.073,13.06,1.88,32.66,52.41,83.28,11.97,208.28,334.27,331.28,0.0,2776.4,72.55,298,55,2,12,6,121,43,2,43,0,0.0,0.0,28.03,234.22,0.0,0,65,87,0,0,0,0,0.03
place,batched+place hard,default point,"{""placement_fallback"": ""wait""}",batched+place,5,20,200,2,True,200,28.3999,7.0423,7.4807,48.986,203.629,73.596,14.6,1.69,41.5,42.21,82.94,9.58,235.74,239.74,238.66,0.0,3001.0,88.06,321,61,2,18,5,134,42,1,42,0,0.0,0.0,16.44,116.45,0.0,0,77,91,0,0,0,0,0.04
place,batched+place hard,default point,"{""placement_fallback"": ""wait""}",batched+place,8,20,200,2,True,200,28.209,7.0899,7.9287,23.658,146.194,42.229,17.69,2.54,22.41,57.36,99.8,14.35,126.41,323.62,315.2,0.0,2446.6,72.28,256,42,2,9,2,85,34,2,34,0,0.0,0.0,20.23,131.97,0.0,0,43,63,0,0,0,0,0.03
qsem,batched-aimd,,"{""q_sem"": 0.0}",batched-aimd,0,20,200,2,True,200,23.0969,8.6592,8.5174,106.767,187.984,106.468,17.41,3.59,73.24,5.76,80.43,16.57,338.32,26.62,2.67,0.0,2612.3,94.25,280,50,2,51,3,104,43,1,43,0,0.0,0.0,11.53,53.19,0.0,0,51,76,0,0,0,0,0.02
qsem,batched-aimd,,"{""q_sem"": 0.0}",batched-aimd,1,20,200,2,True,200,23.9691,8.3441,8.6134,116.674,173.193,107.694,18.56,2.74,72.15,6.56,88.97,13.13,345.85,31.43,0.0,0.0,2728.7,94.87,294,57,2,26,7,105,39,4,39,0,0.0,0.0,12.1,82.99,0.0,0,57,79,0,0,0,0,0.02
qsem,batched-aimd,,"{""q_sem"": 0.0}",batched-aimd,2,20,200,2,True,200,13.7484,14.5472,13.916,39.614,111.943,49.29,32.63,3.13,56.62,7.61,89.73,8.61,155.69,20.94,0.96,0.0,1513.3,91.73,156,23,2,32,4,43,16,1,16,0,0.0,0.0,11.44,53.2,0.0,0,24,36,0,0,0,0,0.02
qsem,batched-aimd,,"{""q_sem"": 0.0}",batched-aimd,3,20,200,2,True,200,22.028,9.0794,9.1675,90.806,193.218,99.049,19.89,2.69,72.25,5.17,87.61,11.85,318.31,22.79,0.96,0.0,2535.1,95.91,275,53,2,39,6,96,35,1,35,0,0.0,0.0,11.52,60.05,0.0,0,55,72,0,0,0,0,0.02
place,batched+place hard,default point,"{""placement_fallback"": ""wait""}",batched+place,1,20,200,2,True,200,25.8584,7.7344,8.6273,39.506,130.395,53.171,17.2,2.1,32.17,48.53,88.97,10.88,166.35,250.96,247.0,0.0,2692.2,86.76,287,55,2,8,3,109,41,2,41,0,0.0,0.0,13.68,71.68,0.0,0,60,82,0,0,0,0,0.42
qsem,batched-aimd,,"{""q_sem"": 0.0}",batched-aimd,5,20,200,2,True,200,24.0506,8.3158,8.1821,109.942,222.665,112.111,17.24,2.81,74.88,5.07,82.94,13.53,360.17,24.37,0.0,0.0,2780.9,96.36,293,47,2,56,6,112,39,6,39,0,0.0,0.0,12.15,51.0,0.0,0,53,81,0,0,0,0,0.04
place,batched+place soft,default point,"{""placement_fallback"": ""least-overlap""}",batched+place,6,20,200,2,True,200,30.8158,6.4902,6.3917,159.148,295.312,154.015,13.51,2.79,80.51,3.19,83.28,17.19,496.19,19.66,0.73,0.0,3548.1,95.95,375,76,2,34,8,188,53,1,53,162,0.0,0.0,21.17,118.45,0.0,0,108,129,0,0,0,0,0.56
qsem,batched-aimd,,"{""q_sem"": 0.0}",batched-aimd,6,20,200,2,True,200,23.9964,8.3346,8.835,100.963,173.29,99.942,17.35,2.95,66.46,13.23,83.28,14.18,318.96,63.51,8.67,0.0,2493.1,86.58,274,56,2,41,6,99,38,1,38,0,0.0,0.0,18.75,163.07,0.0,0,52,75,0,0,0,0,0.02
qsem,batched-aimd,,"{""q_sem"": 0.0}",batched-aimd,8,20,200,2,True,200,25.2264,7.9282,11.6975,78.361,150.257,76.135,19.78,3.83,46.47,29.92,99.8,19.34,234.44,150.95,8.64,0.0,2084.7,68.87,225,38,2,37,5,77,30,3,30,0,0.0,0.0,54.5,373.56,0.0,0,38,53,0,0,0,0,0.02
place,batched+place hard,default point,"{""placement_fallback"": ""wait""}",batched+place,4,20,200,2,True,200,26.0098,7.6894,8.5736,45.078,151.733,59.87,15.78,1.25,37.11,45.85,82.1,6.52,193.05,238.53,234.77,0.0,2766.3,88.63,295,60,2,6,2,114,43,2,43,0,0.0,0.0,15.41,73.73,0.0,0,62,84,0,0,0,0,0.41
qsem,batched-aimd,,"{""q_sem"": 0.0}",batched-aimd,9,20,200,2,True,200,18.6622,10.7168,10.7188,73.806,160.21,78.565,24.01,3.71,66.45,5.83,89.6,13.86,248.03,21.76,4.57,0.0,2157.7,96.35,227,40,2,38,7,79,33,0,33,0,0.0,0.0,12.4,63.28,0.0,0,42,58,0,0,0,0,0.02
place,batched+place hard,default point,"{""placement_fallback"": ""wait""}",batched+place,9,20,200,2,True,200,23.4805,8.5177,8.8058,35.988,114.484,43.315,19.08,1.81,28.94,50.18,89.6,8.5,135.89,235.63,232.81,0.0,2401.9,85.24,259,47,2,15,4,90,37,2,37,0,0.0,0.0,14.86,72.34,0.0,0,44,68,0,0,0,0,0.36
qsem,batched-aimd,,"{""q_sem"": 0.05}",batched-aimd,1,20,200,2,True,200,34.3472,5.8229,5.5491,172.902,266.138,168.468,12.95,3.1,78.65,5.3,88.97,21.27,540.29,36.42,0.0,0.0,3986.6,96.72,430,80,2,26,6,168,80,2,80,0,0.0,0.0,11.68,71.88,0.0,0,68,121,0,0,0,0,0.02
qsem,batched-aimd,,"{""q_sem"": 0.0}",batched-aimd,4,20,200,2,True,200,22.6301,8.8378,9.0506,106.618,213.085,102.714,18.14,2.43,73.22,6.21,82.1,10.98,331.39,28.12,12.78,0.0,2610.7,96.14,279,48,2,35,8,103,42,1,42,0,0.0,0.0,13.04,79.91,0.0,0,49,77,0,0,0,0,0.27
qsem,batched-aimd,,"{""q_sem"": 0.05}",batched-aimd,2,20,200,2,True,200,31.3318,6.3833,6.3296,160.22,224.86,147.019,14.32,3.13,75.07,7.48,89.73,19.63,470.43,46.84,2.51,0.0,3615.9,96.17,386,75,2,38,4,152,65,3,65,0,0.0,0.0,12.51,65.99,0.0,0,66,109,0,0,0,0,0.02
qsem,batched-aimd,,"{""q_sem"": 0.05}",batched-aimd,3,20,200,2,True,200,34.7039,5.763,5.6261,170.368,288.166,170.205,12.62,2.64,79.11,5.64,87.61,18.29,549.06,39.12,0.54,0.0,3973.2,95.41,418,71,2,37,10,171,74,3,74,0,0.0,0.0,12.04,59.75,0.0,0,72,115,0,0,0,0,0.02
qsem,batched-aimd,,"{""q_sem"": 0.05}",batched-aimd,5,20,200,2,True,200,34.3209,5.8274,5.4195,170.021,285.364,172.132,12.08,2.65,80.94,4.33,82.94,18.2,555.58,29.7,0.0,0.0,3990.9,96.9,420,82,2,56,9,168,77,1,77,0,0.0,0.0,12.24,58.48,0.0,0,71,120,0,0,0,0,0.02
qsem,batched-aimd,,"{""q_sem"": 0.0}",batched-aimd,7,20,200,2,True,200,18.8919,10.5865,11.8019,75.024,152.355,77.384,22.38,2.8,65.46,9.35,84.57,10.6,247.35,35.32,10.69,0.0,2168.3,95.64,231,37,2,32,5,78,28,0,28,0,0.0,0.0,9.77,42.34,0.0,0,45,55,0,0,0,0,0.11
qsem,batched-aimd,,"{""q_sem"": 0.05}",batched-aimd,7,20,200,2,True,200,31.6563,6.3179,6.3347,151.86,231.861,151.327,13.36,3.19,76.48,6.97,84.57,20.21,484.21,44.14,0.0,0.0,3627.5,95.49,385,61,2,39,6,160,74,1,74,0,0.0,0.0,10.73,51.07,0.0,0,68,97,0,0,0,0,0.02
place,batched+place hard,default point,"{""placement_fallback"": ""wait""}",batched+place,7,20,200,2,True,200,24.4711,8.1729,8.2157,40.74,124.783,52.111,17.28,1.99,33.5,47.23,84.57,9.76,163.94,231.15,227.01,0.0,2616.4,89.1,276,48,2,12,2,105,36,3,36,0,0.0,0.0,11.86,60.35,0.0,0,59,69,0,0,0,0,0.45
qsem,batched-aimd,,"{""q_sem"": 0.05}",batched-aimd,9,20,200,2,True,200,30.6644,6.5222,6.6803,149.608,229.341,146.827,14.61,3.33,76.48,5.59,89.6,20.4,469.02,34.27,2.58,0.0,3554.8,96.61,379,66,2,48,7,154,69,2,69,0,0.0,0.0,11.29,53.2,0.0,0,64,103,0,0,0,0,0.02
qsem,batched-aimd,,"{""q_sem"": 0.1}",batched-aimd,0,20,200,2,True,200,44.8354,4.4608,4.3462,243.933,319.288,229.816,8.97,3.36,82.07,5.6,80.43,30.1,735.95,50.22,0.0,0.0,5169.9,96.09,558,116,2,49,2,237,129,4,129,0,0.0,0.0,12.95,65.02,0.0,0,74,171,0,0,0,0,0.02
qsem,batched-aimd,,"{""q_sem"": 0.1}",batched-aimd,1,20,200,2,True,200,39.2863,5.0908,5.1383,196.886,269.011,193.917,11.32,3.23,79.03,6.41,88.97,25.4,620.99,50.37,0.0,0.0,4559.6,96.72,496,99,2,25,6,204,104,5,104,0,0.0,0.0,11.38,45.98,0.0,0,72,145,0,0,0,0,0.02
qsem,batched-aimd,,"{""q_sem"": 0.05}",batched-aimd,0,20,200,2,True,200,36.17,5.5294,5.5529,184.627,273.44,176.371,11.12,3.49,77.78,7.61,80.43,25.21,562.69,55.07,0.0,0.0,4161.3,95.87,453,90,2,50,2,184,90,1,90,0,0.0,0.0,12.14,71.77,0.0,0,71,129,0,0,0,0,0.14
qsem,batched-aimd,,"{""q_sem"": 0.1}",batched-aimd,2,20,200,2,True,200,36.6673,5.4544,5.5973,181.146,258.041,181.003,12.24,3.44,78.83,5.49,89.73,25.23,578.12,40.27,4.45,0.0,4256.6,96.74,455,95,2,36,6,187,97,3,97,0,0.0,0.0,12.94,64.93,0.0,0,67,132,0,0,0,0,0.02
qsem,batched-aimd,,"{""q_sem"": 0.1}",batched-aimd,3,20,200,2,True,200,41.033,4.8741,4.8618,205.75,309.708,205.898,10.68,3.03,80.6,5.69,87.61,24.85,661.47,46.72,4.55,0.0,4764.1,96.75,503,95,2,43,9,212,110,3,110,0,0.0,0.0,12.22,63.71,0.0,0,72,147,0,0,0,0,0.02
qsem,batched-aimd,,"{""q_sem"": 0.1}",batched-aimd,5,20,200,2,True,200,40.8456,4.8965,4.6496,219.172,292.325,206.562,10.15,3.21,81.08,5.56,82.94,26.23,662.31,45.43,0.0,0.0,4685.9,95.6,507,97,2,56,9,220,112,6,112,0,0.0,0.0,11.24,44.6,0.0,0,69,145,0,0,0,0,0.02
qsem,batched-aimd,,"{""q_sem"": 0.1}",batched-aimd,6,20,200,2,True,200,43.7583,4.5706,4.7973,216.393,289.784,209.874,9.52,3.33,76.61,10.55,83.28,29.11,670.47,92.31,12.09,0.0,4751.6,90.49,506,89,2,43,5,222,114,6,114,0,0.0,0.0,16.64,176.27,0.0,0,73,140,0,0,0,0,0.02
qsem,batched-aimd,,"{""q_sem"": 0.05}",batched-aimd,8,20,200,2,True,200,37.4483,5.3407,5.6517,172.57,261.394,168.583,13.33,3.46,71.57,11.65,99.8,25.94,536.0,87.22,0.0,0.0,3984.7,88.67,429,85,2,37,5,166,72,5,72,0,0.0,0.0,16.75,127.97,0.0,0,73,127,0,0,0,0,0.12
qsem,batched-aimd,,"{""q_sem"": 0.1}",batched-aimd,7,20,200,2,True,200,39.3241,5.0859,5.0596,198.193,279.443,194.999,10.75,3.46,79.19,6.6,84.57,27.2,622.79,51.92,0.0,0.0,4535.3,96.11,477,83,2,41,7,203,101,5,101,0,0.0,0.0,12.69,71.09,0.0,0,73,132,0,0,0,0,0.02
qsem,batched-aimd,,"{""q_sem"": 0.1}",batched-aimd,8,20,200,2,True,200,39.483,5.0655,5.4032,187.49,259.954,183.031,12.64,4.38,72.89,10.1,99.8,34.56,575.54,79.76,0.0,0.0,4314.7,91.07,467,91,2,38,4,193,104,4,104,0,0.0,0.0,13.85,126.46,0.0,0,61,129,0,0,0,0,0.02
qsem,batched-aimd,,"{""q_sem"": 0.2}",batched-aimd,0,20,200,2,True,200,50.7979,3.9372,3.8291,280.645,353.674,265.123,7.92,4.05,82.94,5.1,80.43,41.11,842.63,51.78,0.0,0.0,5879.4,96.45,632,132,2,53,1,290,182,2,182,0,0.0,0.0,12.7,71.44,0.0,0,61,196,0,0,0,0,0.02
qsem,batched-aimd,,"{""q_sem"": 0.2}",batched-aimd,2,20,200,2,True,200,44.855,4.4588,4.7677,235.191,317.267,224.474,10.0,3.82,79.59,6.59,89.73,34.23,714.02,59.12,2.19,0.0,5185.5,96.34,557,113,2,36,5,255,143,2,143,0,0.0,0.0,13.57,64.67,0.0,0,69,171,0,0,0,0,0.02
qsem,batched-aimd,,"{""q_sem"": 0.2}",batched-aimd,3,20,200,2,True,200,49.3305,4.0543,4.0703,252.779,360.693,255.203,8.88,3.19,83.03,4.9,87.61,31.49,819.18,48.32,5.23,0.0,5727.3,96.75,606,119,2,44,11,277,156,4,156,0,0.0,0.0,14.02,62.43,0.0,0,74,186,0,0,0,0,0.02
qsem,batched-aimd,,"{""q_sem"": 0.2}",batched-aimd,1,20,200,2,True,200,48.3749,4.1344,4.1182,253.3,335.556,246.952,9.2,3.66,81.43,5.72,88.97,35.38,787.8,55.35,0.0,0.0,5618.8,96.79,603,109,2,26,5,278,161,1,161,0,0.0,0.0,13.67,71.46,0.0,0,67,185,0,0,0,0,0.09
qsem,batched-aimd,,"{""q_sem"": 0.2}",batched-aimd,4,20,200,2,True,200,46.2801,4.3215,4.4365,239.613,317.355,229.333,8.87,3.08,79.51,8.54,82.1,28.51,735.93,79.06,11.97,0.0,5246.1,94.46,559,111,2,35,9,254,132,0,132,0,0.0,0.0,13.48,58.77,0.0,0,76,175,0,0,0,0,0.02
qsem,batched-aimd,,"{""q_sem"": 0.2}",batched-aimd,5,20,200,2,True,200,48.6103,4.1144,3.9457,261.853,374.298,250.366,8.53,3.46,82.39,5.63,82.94,33.59,800.96,54.71,0.0,0.0,5572.0,95.52,596,117,2,49,9,279,160,5,160,0,0.0,0.0,13.92,77.13,0.0,0,65,183,0,0,0,0,0.02
qsem,batched-aimd,,"{""q_sem"": 0.2}",batched-aimd,6,20,200,2,True,200,51.5393,3.8805,4.1801,252.013,329.686,248.368,8.08,3.89,76.43,11.6,83.28,40.05,787.85,119.62,22.32,0.0,5589.9,90.38,596,117,2,44,4,271,163,6,163,0,0.0,0.0,17.84,163.36,0.0,0,64,178,0,0,0,0,0.02
qsem,batched-aimd,,"{""q_sem"": 0.05}",batched-aimd,4,20,200,2,True,200,31.7199,6.3052,6.3049,153.22,237.213,155.317,12.94,2.61,79.0,5.45,82.1,16.54,501.19,34.57,6.25,0.0,3686.3,96.85,398,73,2,35,9,162,77,2,77,0,0.0,0.0,11.1,54.49,0.0,0,65,108,0,0,0,0,0.29
qsem,batched-aimd,,"{""q_sem"": 0.1}",batched-aimd,4,20,200,2,True,200,37.9403,5.2714,5.4922,175.397,291.482,181.602,10.82,2.81,76.97,9.4,82.1,21.31,584.03,71.37,10.61,0.0,4244.9,93.24,465,94,2,36,10,193,92,2,92,0,0.0,0.0,13.54,76.38,0.0,0,76,135,0,0,0,0,0.18
qsem,batched-aimd,,"{""q_sem"": 0.2}",batched-aimd,7,20,200,2,True,200,49.7674,4.0187,3.967,268.546,344.384,256.86,8.5,4.11,81.91,5.48,84.57,40.94,815.26,54.58,0.0,0.0,5802.4,97.16,628,135,2,42,5,289,162,4,162,0,0.0,0.0,13.98,65.95,0.0,0,70,204,0,0,0,0,0.02
qsem,batched-aimd,,"{""q_sem"": 0.2}",batched-aimd,8,20,200,2,True,200,48.5422,4.1201,4.222,240.59,332.345,241.122,10.28,4.67,78.12,6.93,99.8,45.35,758.39,67.3,0.0,0.0,5477.1,94.03,589,115,2,37,5,273,154,4,154,0,0.0,0.0,14.09,69.71,0.0,0,64,187,0,0,0,0,0.02
regime,batched k=4,p_self=0.05,"{""p_self"": 0.05}",batched,1,20,200,2,True,200,16.2827,12.283,12.3503,46.827,143.259,65.689,27.32,3.06,64.18,5.44,88.97,9.96,209.0,17.72,1.2,0.0,1834.1,93.87,194,35,2,26,3,70,23,1,23,0,0.0,0.0,14.6,74.62,0.0,0,43,55,0,0,0,0,0.02
regime,batched k=4,p_self=0.05,"{""p_self"": 0.05}",batched,3,20,200,2,True,200,14.2052,14.0794,13.4244,48.37,111.444,53.959,30.84,3.52,59.79,5.85,87.61,10.01,169.86,16.63,2.05,0.0,1602.7,94.02,170,30,2,40,7,56,21,0,21,0,0.0,0.0,10.83,46.57,0.0,0,33,41,0,0,0,0,0.02
regime,batched k=4,p_self=0.05,"{""p_self"": 0.05}",batched,4,20,200,2,True,200,13.3941,14.932,16.4357,36.065,91.348,41.72,30.65,2.7,49.21,17.44,82.1,7.23,131.84,46.71,21.94,0.0,1354.4,84.27,143,17,2,30,6,41,15,1,15,0,0.0,0.0,11.65,73.78,0.0,0,24,30,0,0,0,0,0.02
qsem,batched-aimd,,"{""q_sem"": 0.1}",batched-aimd,9,20,200,2,True,200,38.7968,5.1551,5.2089,195.645,278.95,195.003,11.55,3.15,80.62,4.68,89.6,24.41,625.6,36.33,6.38,0.0,4486.8,96.37,483,95,2,39,7,198,98,4,98,0,0.0,0.0,11.76,61.68,0.0,0,74,140,0,0,0,0,0.19
regime,batched k=4,p_self=0.05,"{""p_self"": 0.05}",batched,5,20,200,2,True,200,16.587,12.0576,12.1888,61.643,152.692,67.69,25.0,3.58,64.44,6.98,82.94,11.88,213.76,23.17,4.72,0.0,1908.7,95.89,199,34,2,57,7,72,23,0,23,0,0.0,0.0,13.0,66.88,0.0,0,44,52,0,0,0,0,0.02
regime,batched k=4,p_self=0.05,"{""p_self"": 0.05}",batched,7,20,200,2,True,200,14.7127,13.5937,13.9096,47.939,127.365,59.007,28.74,3.26,63.58,4.42,84.57,9.6,187.09,13.0,1.25,0.0,1700.7,96.33,182,30,2,30,4,67,22,0,22,0,0.0,0.0,12.15,41.95,0.0,0,42,51,0,0,0,0,0.02
regime,batched k=4,p_self=0.05,"{""p_self"": 0.05}",batched,8,20,200,2,True,200,14.7155,13.5911,15.6856,38.226,93.407,42.1,33.91,4.82,42.87,18.41,99.8,14.18,126.16,54.18,3.32,0.0,1435.7,81.3,155,27,2,39,4,44,14,0,14,0,0.0,0.0,11.06,65.73,0.0,0,29,32,0,0,0,0,0.02
regime,batched k=4,p_self=0.05,"{""p_self"": 0.05}",batched,9,20,200,2,True,200,13.0687,15.3037,15.201,41.784,93.908,46.148,34.28,4.48,54.37,6.87,89.6,11.71,142.12,17.95,2.49,0.0,1457.1,92.91,154,24,2,39,9,44,15,0,15,0,0.0,0.0,10.16,45.21,0.0,0,27,34,0,0,0,0,0.02
qsem,batched-aimd,,"{""q_sem"": 0.05}",batched-aimd,6,20,200,2,True,200,35.7861,5.5888,5.5697,176.455,238.577,173.419,11.64,3.08,77.68,7.6,83.28,22.07,555.99,54.38,16.24,0.0,3979.8,92.67,431,89,2,46,4,168,77,3,77,0,0.0,0.0,14.75,110.38,0.0,0,71,125,0,0,0,0,0.41
regime,batched k=4,p_self=0.05,"{""p_self"": 0.05}",batched,6,20,200,2,True,200,14.845,13.4726,12.8892,52.302,116.272,57.804,28.05,2.87,62.02,7.05,83.28,8.54,184.14,20.94,2.84,0.0,1654.3,92.87,178,33,2,40,7,61,20,1,20,0,0.0,0.0,10.17,39.55,0.0,0,39,45,0,0,0,0,0.09
regime,batched k=4,p_self=0.30,"{""p_self"": 0.3}",batched,0,20,200,2,True,200,58.3173,3.4295,3.2879,323.261,520.782,303.503,6.9,2.32,84.42,6.37,80.43,27.05,984.63,74.24,21.26,0.0,6703.0,95.78,718,169,2,50,2,397,109,2,109,0,0.0,0.0,36.07,227.02,0.0,0,221,287,0,0,0,0,0.03
qsem,batched-aimd,,"{""q_sem"": 0.2}",batched-aimd,9,20,200,2,True,200,46.8882,4.2655,4.264,247.76,310.132,240.237,9.55,3.85,81.55,5.05,89.6,36.09,764.7,47.38,8.25,0.0,5441.2,96.7,583,117,2,38,8,266,144,1,144,0,0.0,0.0,12.48,51.16,0.0,0,76,175,0,0,0,0,0.16
regime,batched k=4,p_self=0.30,"{""p_self"": 0.3}",batched,2,20,200,2,True,200,39.9613,5.0048,4.3906,211.501,404.565,205.323,11.23,2.49,83.14,3.14,89.73,19.91,664.5,25.08,5.03,0.0,4608.7,96.11,489,112,2,36,3,255,74,1,74,0,0.0,0.0,29.86,184.27,0.0,0,144,182,0,0,0,0,0.02
regime,batched k=4,p_self=0.05,"{""p_self"": 0.05}",batched,0,20,200,2,True,200,12.2534,16.322,16.8477,34.317,108.567,41.874,32.82,5.92,51.03,10.23,80.43,14.51,125.07,25.06,3.9,0.0,1362.4,92.65,151,26,2,53,3,44,18,0,18,0,0.0,0.0,8.44,39.47,0.0,0,25,34,0,0,0,0,0.19
regime,batched k=4,p_self=0.30,"{""p_self"": 0.3}",batched,3,20,200,2,True,200,48.0426,4.163,4.1663,203.332,660.209,245.085,9.12,2.55,82.48,5.86,87.61,24.48,792.47,56.29,10.43,0.0,5489.9,95.23,570,123,2,39,6,322,91,0,91,0,0.0,0.0,29.46,172.65,0.0,0,171,219,0,0,0,0,0.06
regime,batched k=4,p_self=0.30,"{""p_self"": 0.3}",batched,6,20,200,2,True,200,58.3325,3.4286,3.2167,287.185,515.63,297.306,7.14,2.38,82.57,7.92,83.28,27.74,963.28,92.36,20.2,0.0,6431.9,91.89,686,171,2,43,6,383,104,2,104,0,0.0,0.0,31.33,165.92,0.0,0,208,276,0,0,0,0,0.03
regime,batched k=4,p_self=0.30,"{""p_self"": 0.3}",batched,7,20,200,2,True,200,50.3989,3.9683,3.8559,238.407,579.506,263.431,8.39,2.58,84.53,4.49,84.57,26.04,852.07,45.31,0.0,0.0,5822.1,96.27,622,140,2,40,7,340,91,4,91,0,0.0,0.0,24.37,140.54,0.0,0,189,235,0,0,0,0,0.03
regime,batched k=4,p_self=0.30,"{""p_self"": 0.3}",batched,5,20,200,2,True,200,55.921,3.5765,3.4995,323.243,460.064,301.115,7.42,1.97,87.77,2.84,82.94,22.03,981.68,31.76,0.0,0.0,6486.7,96.67,686,154,2,57,9,383,102,2,102,0,0.0,0.0,30.37,133.73,0.0,0,210,273,0,0,0,0,0.07
regime,batched k=4,p_self=0.30,"{""p_self"": 0.3}",batched,8,20,200,2,True,200,47.6138,4.2005,4.7453,204.819,397.214,214.433,10.48,2.96,72.1,14.46,99.8,28.21,686.57,137.7,0.0,0.0,4836.6,84.65,509,106,2,37,4,277,80,0,80,0,0.0,0.0,34.89,250.88,0.0,0,152,188,0,0,0,0,0.02
regime,batched k=4,aidev-upper,"{""p_file"": 0.417, ""p_per_file"": 0.35}",batched,1,20,200,2,True,200,25.5868,7.8165,7.6717,115.896,244.505,118.482,17.39,6.61,70.57,5.44,88.97,33.82,361.12,27.83,0.0,0.0,2889.8,94.12,309,66,2,138,1,136,44,1,44,0,0.0,0.0,15.29,61.36,0.0,0,83,96,0,0,0,0,0.02
regime,batched k=4,aidev-upper,"{""p_file"": 0.417, ""p_per_file"": 0.35}",batched,0,20,200,2,True,200,28.9065,6.9189,6.5911,121.417,297.921,135.729,13.91,8.22,70.04,7.83,80.43,47.52,404.91,45.27,0.0,0.0,3197.9,92.19,339,79,2,237,2,151,50,1,50,0,0.0,0.0,17.03,76.14,0.0,0,88,111,0,0,0,0,0.02
regime,batched k=4,p_self=0.30,"{""p_self"": 0.3}",batched,9,20,200,2,True,200,44.212,4.5237,4.5023,188.558,468.216,229.237,10.13,2.13,84.28,3.45,89.6,18.85,745.27,30.52,10.27,0.0,5102.6,96.18,538,123,2,44,5,285,82,0,82,0,0.0,0.0,23.14,116.1,0.0,0,159,201,0,0,0,0,0.02
regime,batched k=4,p_self=0.30,"{""p_self"": 0.3}",batched,1,20,200,2,True,200,54.4288,3.6745,3.5299,293.143,447.825,284.906,8.17,2.02,85.22,4.59,88.97,22.02,927.67,49.92,0.0,0.0,6280.3,96.15,667,144,2,22,5,372,100,0,100,0,0.0,0.0,24.1,115.9,0.0,0,201,261,0,0,0,0,0.13
regime,batched k=4,aidev-upper,"{""p_file"": 0.417, ""p_per_file"": 0.35}",batched,2,20,200,2,True,200,17.7323,11.2789,11.4836,52.495,165.188,67.736,25.3,9.88,53.78,11.03,89.73,35.04,190.74,39.13,6.68,0.0,1905.5,89.55,197,40,2,164,2,68,22,1,22,0,0.0,0.0,17.21,91.52,0.0,0,40,53,0,0,0,0,0.02
regime,batched k=4,aidev-upper,"{""p_file"": 0.417, ""p_per_file"": 0.35}",batched,3,20,200,2,True,200,25.7978,7.7526,8.162,98.216,321.015,116.914,16.98,7.14,68.39,7.49,87.61,36.86,352.85,38.63,5.2,0.0,2878.1,92.97,310,68,2,205,4,133,43,1,43,0,0.0,0.0,16.12,68.66,0.0,0,75,102,0,0,0,0,0.02
regime,batched k=4,aidev-upper,"{""p_file"": 0.417, ""p_per_file"": 0.35}",batched,6,20,200,2,True,200,26.6122,7.5153,8.2731,85.831,244.912,106.411,15.65,6.48,60.16,17.71,83.28,34.49,320.22,94.27,27.12,0.0,2600.2,81.42,279,58,2,165,6,121,40,1,40,0,0.0,0.0,28.89,223.42,0.0,0,70,83,0,0,0,0,0.02
regime,batched k=4,aidev-upper,"{""p_file"": 0.417, ""p_per_file"": 0.35}",batched,7,20,200,2,True,200,21.0189,9.5152,10.8819,81.842,208.839,89.258,20.12,8.71,62.07,9.11,84.57,36.61,260.91,38.28,3.29,0.0,2364.1,93.73,254,47,2,192,2,103,34,0,34,0,0.0,0.0,13.76,70.89,0.0,0,61,74,0,0,0,0,0.02
regime,batched k=4,aidev-upper,"{""p_file"": 0.417, ""p_per_file"": 0.35}",batched,8,20,200,2,True,200,27.9863,7.1464,9.0146,88.72,225.495,96.339,17.83,6.64,50.73,24.8,99.8,37.18,283.95,138.8,7.72,0.0,2477.2,73.76,270,58,2,136,4,109,36,1,36,0,0.0,0.0,49.7,359.38,0.0,0,67,83,0,0,0,0,0.02
regime,batched k=4,aidev-upper,"{""p_file"": 0.417, ""p_per_file"": 0.35}",batched,9,20,200,2,True,200,22.9984,8.6963,8.8709,74.506,271.24,104.004,19.48,9.23,66.14,5.15,89.6,42.46,304.22,23.69,6.61,0.0,2618.5,94.88,276,56,2,180,5,112,37,0,37,0,0.0,0.0,19.07,98.95,0.0,0,67,87,0,0,0,0,0.02
regime,batched k=4,T=30min,"{""test_minutes"": 30.0}",batched,0,20,200,2,True,200,90.4457,2.2113,2.0872,446.017,932.841,496.075,4.45,0.91,90.51,4.14,80.43,16.39,1637.19,74.9,0.0,0.0,10534.5,97.06,389,99,2,49,1,183,56,0,56,0,0.0,0.0,68.57,499.71,0.0,0,110,142,0,0,0,0,0.02
regime,batched k=4,T=30min,"{""test_minutes"": 30.0}",batched,2,20,200,2,True,200,62.4518,3.2025,3.0897,359.525,570.309,339.234,7.18,0.91,89.62,2.28,89.73,11.37,1119.41,28.53,2.56,0.0,7236.6,96.56,260,52,2,34,4,116,31,3,31,0,0.0,0.0,48.88,255.33,0.0,0,71,84,0,0,0,0,0.02
regime,batched k=4,p_self=0.30,"{""p_self"": 0.3}",batched,4,20,200,2,True,200,51.8521,3.8571,3.7193,266.486,470.329,277.41,7.92,1.97,87.19,2.92,82.1,20.45,904.25,30.24,8.29,0.0,6001.1,96.45,637,139,2,35,7,355,95,2,95,0,0.0,0.0,25.52,132.86,0.0,0,194,250,0,0,0,0,0.21
regime,batched k=4,T=30min,"{""test_minutes"": 30.0}",batched,3,20,200,2,True,200,74.2469,2.6937,2.5305,364.099,843.825,400.878,5.9,0.86,89.13,4.11,87.61,12.72,1323.54,61.07,1.14,0.0,8558.2,96.06,308,64,2,38,9,142,43,0,43,0,0.0,0.0,51.08,247.52,0.0,0,86,103,0,0,0,0,0.02
regime,batched k=4,T=30min,"{""test_minutes"": 30.0}",batched,5,20,200,2,True,200,79.3953,2.519,2.4857,378.34,946.416,424.907,5.22,0.87,88.33,5.58,82.94,13.74,1402.62,88.61,8.01,0.0,9214.6,96.72,332,77,2,56,6,152,47,0,47,0,0.0,0.0,66.82,404.05,0.0,0,93,115,0,0,0,0,0.02
regime,batched k=4,T=30min,"{""test_minutes"": 30.0}",batched,6,20,200,2,True,200,78.0993,2.5608,2.3566,411.101,869.657,430.251,5.33,0.97,90.84,2.85,83.28,15.22,1418.95,44.54,29.41,0.0,9097.7,97.07,331,68,2,44,7,157,44,2,44,0,0.0,0.0,46.56,211.66,0.0,0,94,109,0,0,0,0,0.05
regime,batched k=4,T=30min,"{""test_minutes"": 30.0}",batched,4,20,200,2,True,200,80.491,2.4848,2.4564,415.367,847.172,431.301,5.1,0.72,88.59,5.59,82.1,11.56,1426.11,90.05,25.14,0.0,9394.0,97.26,343,78,2,37,7,162,47,1,47,0,0.0,0.0,56.27,303.94,0.0,0,94,123,0,0,0,0,0.09
regime,batched k=4,T=30min,"{""test_minutes"": 30.0}",batched,7,20,200,2,True,200,65.0178,3.0761,3.2785,349.381,570.159,337.949,6.5,0.98,85.65,6.87,84.57,12.75,1113.75,89.29,7.56,0.0,7553.9,96.82,272,52,2,38,3,122,36,1,36,0,0.0,0.0,41.57,188.91,0.0,0,74,83,0,0,0,0,0.02
regime,batched k=4,aidev-upper,"{""p_file"": 0.417, ""p_per_file"": 0.35}",batched,5,20,200,2,True,200,26.6581,7.5024,7.4832,92.858,315.804,123.37,15.56,5.38,71.75,7.31,82.94,28.69,382.54,38.99,2.79,0.0,2901.2,90.69,306,58,2,173,6,142,43,0,43,0,0.0,0.0,21.75,134.03,0.0,0,81,102,0,0,0,0,0.21
regime,batched k=4,T=30min,"{""test_minutes"": 30.0}",batched,9,20,200,2,True,200,72.4553,2.7603,2.7638,328.248,791.912,384.462,6.18,0.84,87.6,5.38,89.6,12.14,1269.4,77.97,43.57,0.0,8425.5,96.9,299,60,2,38,5,134,39,2,39,0,0.0,0.0,59.84,265.79,0.0,0,83,101,0,0,0,0,0.02
main,serial,,{},serial,1,20,200,2,True,200,42.9648,4.655,4.6444,222.516,282.154,218.037,10.35,1.68,82.9,5.07,88.97,14.45,712.34,43.54,0.0,0.0,2554.2,49.54,250,0,1,24,6,50,44,6,44,0,0.0,0.0,7.48,30.68,0.0,0,0,0,0,0,0,0,0.02
regime,batched k=4,p_self=0.05,"{""p_self"": 0.05}",batched,2,20,200,2,True,200,14.4619,13.8294,13.5473,56.249,107.331,55.708,31.02,2.98,61.22,4.78,89.73,8.61,177.08,13.82,3.14,0.0,1640.7,94.54,175,29,2,30,4,59,18,0,18,0,0.0,0.0,10.36,43.32,0.0,0,39,45,0,0,0,0,0.5
main,serial,,{},serial,2,20,200,2,True,200,39.9626,5.0047,5.0531,210.695,247.489,200.919,11.23,1.47,82.33,4.98,89.73,11.71,658.02,39.79,1.91,0.0,2390.5,49.85,233,0,1,35,6,33,31,2,31,0,0.0,0.0,6.72,29.34,0.0,0,0,0,0,0,0,0,0.02
main,serial,,{},serial,4,20,200,2,True,200,42.4667,4.7096,4.6778,222.486,289.626,216.783,9.67,1.28,83.8,5.25,82.1,10.88,711.73,44.62,3.18,0.0,2545.0,49.94,249,0,1,33,9,49,46,3,46,0,0.0,0.0,8.15,57.12,0.0,0,0,0,0,0,0,0,0.02
main,serial,,{},serial,5,20,200,2,True,200,43.1118,4.6391,4.6471,227.58,292.739,221.589,9.62,1.53,84.14,4.72,82.94,13.17,725.46,40.66,0.0,0.0,2583.3,49.93,252,0,1,50,9,52,47,5,47,0,0.0,0.0,7.93,41.96,0.0,0,0,0,0,0,0,0,0.02
main,serial,,{},serial,0,20,200,2,True,200,45.021,4.4424,4.5528,231.057,289.315,224.645,8.93,1.91,81.25,7.9,80.43,17.18,731.63,71.17,0.0,0.0,2622.5,48.54,257,0,1,46,1,57,52,5,52,0,0.0,0.0,9.74,105.77,0.0,0,0,0,0,0,0,0,0.07
regime,batched k=4,T=30min,"{""test_minutes"": 30.0}",batched,8,20,200,2,True,200,69.4671,2.8791,2.7483,359.011,640.416,371.239,7.18,1.32,87.75,3.75,99.8,18.29,1219.17,52.08,11.65,0.0,7949.2,95.36,284,57,2,37,4,129,39,0,39,0,0.0,0.0,48.0,220.38,0.0,0,77,91,0,0,0,0,0.1
main,serial,,{},serial,6,20,200,2,True,200,42.3181,4.7261,4.6247,225.591,282.073,218.106,9.84,1.86,84.04,4.26,83.28,15.73,711.29,36.06,5.63,0.0,2532.7,49.87,247,0,1,41,6,47,42,5,42,0,0.0,0.0,7.54,40.44,0.0,0,0,0,0,0,0,0,0.02
main,serial,,{},serial,3,20,200,2,True,200,41.8674,4.777,4.8031,217.061,285.853,212.353,10.46,1.6,82.93,5.0,87.61,13.42,694.42,41.9,2.63,0.0,2504.6,49.85,244,0,1,41,11,44,42,2,42,0,0.0,0.0,7.43,33.35,0.0,0,0,0,0,0,0,0,0.07
main,serial,,{},serial,9,20,200,2,True,200,41.4202,4.8286,4.8385,211.706,269.74,208.275,10.82,1.55,82.26,5.38,89.6,12.81,681.44,44.56,4.37,0.0,2479.4,49.88,244,0,1,37,7,44,39,5,39,0,0.0,0.0,7.41,40.28,0.0,0,0,0,0,0,0,0,0.02
main,serial,,{},serial,8,20,200,2,True,200,43.8936,4.5565,4.858,212.931,261.151,207.944,11.37,2.15,76.8,9.67,99.8,18.9,674.25,84.93,0.0,0.0,2470.4,46.9,239,0,1,36,6,39,38,1,38,0,0.0,0.0,11.01,147.09,0.0,0,0,0,0,0,0,0,0.05
main,beanstalk,,{},beanstalk,1,20,200,2,True,200,10.5449,18.9666,,342.201,476.174,305.232,42.19,9.34,0.45,48.03,88.97,19.7,0.94,101.28,0.0,61.07,1092.8,86.36,109,0,2,27,4,51,59,1,59,161,180.27,49.08,197.08,480.25,313.7,9,0,0,15,54,46,55,0.04
main,beanstalk,,{},beanstalk,3,20,200,2,True,200,11.1146,17.9943,,475.094,630.424,413.008,39.41,6.81,0.42,53.35,87.61,15.14,0.94,118.6,0.77,93.92,1225.8,91.91,121,0,2,35,10,42,52,1,52,153,178.22,55.7,306.47,639.08,393.3,7,0,0,22,75,31,46,0.04
regime,batched k=4,T=30min,"{""test_minutes"": 30.0}",batched,1,20,200,2,True,200,76.4672,2.6155,2.5179,398.527,771.424,414.201,5.82,0.95,89.33,3.9,88.97,14.52,1366.15,59.7,0.0,0.0,8872.0,96.69,327,80,2,23,4,151,45,1,45,0,0.0,0.0,58.24,329.82,0.0,0,92,112,0,0,0,0,0.34
main,beanstalk,,{},beanstalk,0,20,200,2,True,200,8.6314,23.1713,,357.408,498.501,344.756,46.59,10.58,0.57,42.26,80.43,18.27,0.98,72.95,2.87,61.19,958.6,92.55,96,0,2,49,5,29,49,0,49,159,135.62,52.29,241.79,500.13,300.2,11,0,0,15,64,34,32,0.11
main,beanstalk,,{},beanstalk,5,20,200,2,True,200,8.587,23.291,,345.048,490.704,326.452,48.29,8.26,0.53,42.91,82.94,14.19,0.91,73.7,1.93,68.32,983.2,95.41,98,0,2,30,11,23,53,0,53,141,133.93,58.8,235.13,491.94,347.2,12,0,0,16,72,38,26,0.05
main,beanstalk,,{},beanstalk,2,20,200,2,True,200,8.4511,23.6655,84.042,184.776,331.982,190.738,53.09,6.89,0.48,39.54,89.73,11.65,0.81,66.83,2.06,36.23,933.4,92.03,94,0,2,23,5,32,26,2,26,170,167.61,55.79,122.75,333.35,217.0,6,0,0,14,53,14,41,0.09
regime,batched k=4,aidev-upper,"{""p_file"": 0.417, ""p_per_file"": 0.35}",batched,4,20,200,2,True,200,27.8365,7.1848,7.4233,113.236,309.585,129.327,14.75,5.23,72.2,7.82,82.1,29.1,401.99,43.54,7.01,0.0,3136.1,93.89,331,60,2,157,3,157,46,1,46,0,0.0,0.0,19.2,89.02,0.0,0,90,113,0,0,0,0,0.46
main,beanstalk,,{},beanstalk,7,20,200,2,True,200,6.9081,28.9517,,208.378,353.431,203.228,61.21,9.26,0.61,28.92,84.57,12.8,0.84,39.95,1.72,17.89,777.6,93.8,79,0,2,26,4,49,35,1,35,157,120.62,37.03,158.74,361.85,120.2,5,0,0,7,23,29,56,0.04
main,serial,,{},serial,7,20,200,2,True,200,41.2041,4.8539,4.8817,213.347,262.325,208.806,10.26,1.77,82.69,5.28,84.57,14.58,681.44,43.49,0.0,0.0,2461.3,49.78,241,0,1,41,6,41,37,4,37,0,0.0,0.0,7.27,52.55,0.0,0,0,0,0,0,0,0,0.2
main,beanstalk-noplace,,{},beanstalk-noplace,0,20,200,2,True,200,11.1247,17.978,36.6914,231.048,320.519,220.958,36.15,10.11,0.46,53.28,80.43,22.5,1.03,118.54,2.58,102.72,1170.3,87.67,116,0,2,55,2,33,57,2,57,0,255.42,60.71,132.04,323.72,367.7,11,0,0,17,77,42,39,0.02
main,beanstalk-noplace,,{},beanstalk-noplace,2,20,200,2,True,200,8.1785,24.4544,,293.262,433.983,248.592,54.86,8.84,0.52,35.78,89.73,14.46,0.86,58.52,0.84,42.27,923.6,94.11,92,0,2,37,7,42,27,3,27,0,120.97,52.87,197.57,439.76,211.0,6,0,0,10,42,20,50,0.02
main,beanstalk-noplace,,{},beanstalk-noplace,3,20,200,2,True,200,9.5125,21.025,49.0664,189.699,345.379,206.902,46.05,7.41,0.49,46.05,87.61,14.1,0.94,87.6,0.83,71.7,1044.4,91.49,102,0,2,33,5,34,49,0,49,0,148.96,48.16,133.68,347.99,317.5,10,0,0,13,59,36,43,0.02
main,beanstalk-noplace,,{},beanstalk-noplace,4,20,200,2,True,200,9.2632,21.5908,26.6197,179.313,356.026,202.773,44.32,7.09,0.5,48.09,82.1,13.14,0.93,89.09,5.49,53.3,1014.6,91.27,101,0,2,37,7,32,47,1,47,0,134.68,48.63,136.32,358.38,335.1,8,0,0,16,63,32,38,0.05
main,beanstalk-noplace,,{},beanstalk-noplace,1,20,200,2,True,200,8.3987,23.8132,20.9068,253.549,454.66,264.402,52.97,11.5,0.55,34.99,88.97,19.31,0.92,58.78,0.39,55.65,949.0,94.16,94,0,2,31,5,45,50,1,50,0,134.34,46.11,207.05,456.31,269.9,9,0,0,12,40,39,54,0.09
main,beanstalk,,{},beanstalk,9,20,200,2,True,200,9.1195,21.9309,,385.129,525.717,379.672,49.12,11.08,0.48,39.31,89.6,20.22,0.88,71.69,0.0,44.13,831.0,75.94,82,0,2,35,7,40,40,0,40,174,96.21,44.09,254.19,527.13,245.0,5,0,0,11,39,29,43,0.14
main,beanstalk-noplace,,{},beanstalk-noplace,5,20,200,2,True,200,10.0858,19.8298,,419.602,555.698,347.877,41.12,9.04,0.5,49.34,82.94,18.23,1.01,99.54,0.0,98.83,1126.9,93.11,113,0,2,53,8,29,51,4,51,0,197.98,62.54,257.68,557.71,387.4,12,0,0,16,79,39,34,0.02
main,beanstalk-noplace,,{},beanstalk-noplace,8,20,200,2,True,200,17.0204,11.7506,,220.035,538.749,296.529,29.32,6.38,0.27,64.04,99.8,21.72,0.91,217.98,0.0,145.29,1092.7,53.5,110,0,2,38,7,42,38,0,38,0,150.05,63.67,215.84,541.33,346.8,8,0,0,16,62,22,48,0.02
main,beanstalk,,{},beanstalk,6,20,200,2,True,200,11.3836,17.5691,,145.568,288.658,146.36,36.58,7.0,0.4,56.03,83.28,15.94,0.9,127.55,7.51,12.23,768.8,56.28,77,0,2,31,9,50,47,2,47,162,98.92,34.19,122.11,292.03,133.8,6,0,0,8,20,41,57,0.21
main,beanstalk,,{},beanstalk,8,20,200,2,True,200,16.9104,11.8271,,314.791,486.541,292.26,29.51,6.06,0.25,64.18,99.8,20.5,0.85,217.06,0.0,105.27,1057.4,52.11,105,0,2,25,9,46,40,1,40,157,140.47,54.9,206.11,491.8,313.9,7,0,0,16,54,25,51,0.19
main,beanstalk-noplace,,{},beanstalk-noplace,9,20,200,2,True,200,7.5792,26.3879,,286.736,431.287,281.413,59.11,12.94,0.61,27.34,89.6,19.61,0.93,41.45,0.0,35.44,853.2,93.8,87,0,2,39,8,49,42,2,42,0,113.58,41.18,203.26,429.63,184.1,8,0,0,12,34,32,53,0.02
main,beanstalk-noplace,,{},beanstalk-noplace,7,20,200,2,True,200,7.8443,25.4963,50.6254,155.417,256.628,155.071,53.9,11.03,0.6,34.47,84.57,17.31,0.93,54.07,0.0,31.09,881.1,93.6,89,0,2,39,6,46,39,0,39,0,131.41,42.66,105.88,264.57,227.1,7,0,0,10,36,29,53,0.04
main,beanstalk-noplace,,{},beanstalk-noplace,6,20,200,2,True,200,10.6389,18.7989,,237.998,377.722,231.75,39.14,8.21,0.43,52.23,83.28,17.47,0.91,111.12,2.34,56.99,785.2,61.51,78,0,2,38,6,48,43,0,43,0,98.51,38.64,155.97,381.42,180.0,6,0,0,9,25,34,53,0.07
queue,batched k=1,,"{""batch_k"": 1}",batched,2,20,200,2,True,200,22.2243,8.9992,8.947,103.218,140.696,100.35,20.19,3.08,72.17,4.56,89.73,13.69,320.81,20.26,0.51,0.0,2589.6,97.1,266,25,2,35,5,36,30,5,30,0,0.0,0.0,6.21,31.96,0.0,0,0,31,0,0,0,0,0.02
queue,batched k=1,,"{""batch_k"": 1}",batched,3,20,200,2,True,200,24.1721,8.274,8.2146,110.913,172.963,111.497,18.12,2.86,74.02,5.0,87.61,13.82,357.84,24.18,0.93,0.0,2819.8,97.21,288,28,2,39,8,50,45,3,45,0,0.0,0.0,6.77,30.12,0.0,0,0,40,0,0,0,0,0.02
queue,batched k=1,,"{""batch_k"": 1}",batched,5,20,200,2,True,200,23.6541,8.4552,8.3984,112.642,162.131,110.678,17.53,2.69,75.29,4.48,82.94,12.73,356.19,21.22,0.0,0.0,2779.1,97.91,288,36,2,50,9,48,47,1,47,0,0.0,0.0,6.42,29.41,0.0,0,0,40,0,0,0,0,0.02
queue,batched k=1,,"{""batch_k"": 1}",batched,6,20,200,2,True,200,25.8639,7.7328,8.3442,109.457,165.375,110.748,16.1,2.92,68.45,12.54,83.28,15.09,354.07,64.84,4.03,0.0,2754.1,88.74,284,31,2,41,6,47,43,3,43,0,0.0,0.0,11.94,135.35,0.0,0,0,38,0,0,0,0,0.02
queue,batched k=1,,"{""batch_k"": 1}",batched,8,20,200,2,True,200,29.391,6.8048,8.5859,98.407,148.323,103.934,16.98,4.25,54.68,24.08,99.8,25.0,321.44,141.57,0.0,0.0,2697.4,76.48,279,29,2,40,6,44,38,6,38,0,0.0,0.0,43.68,367.95,0.0,0,0,35,0,0,0,0,0.02
queue,batched k=1,,"{""batch_k"": 1}",batched,9,20,200,2,True,200,22.8276,8.7613,8.7277,105.259,145.964,104.207,19.62,3.54,72.54,4.29,89.6,16.18,331.18,19.6,2.17,0.0,2686.9,98.09,279,30,2,42,6,41,36,4,36,0,0.0,0.0,6.69,39.23,0.0,0,0,39,0,0,0,0,0.02
queue,batched k=1,,"{""batch_k"": 1}",batched,4,20,200,2,True,200,24.4582,8.1772,8.2578,109.717,162.584,112.247,16.78,2.23,74.26,6.73,82.1,10.92,363.24,32.91,3.44,0.0,2816.0,95.95,286,25,2,31,11,52,46,3,46,0,0.0,0.0,7.43,37.91,0.0,0,0,37,0,0,0,0,0.07
queue,batched-par k=1,,"{""batch_k"": 1}",batched-par,0,20,200,2,True,200,24.4697,8.1734,8.4142,111.082,152.219,111.279,16.43,3.41,72.38,7.77,80.43,16.71,354.22,38.04,0.0,0.0,2809.4,95.68,282,26,2,45,2,53,52,1,52,0,0.0,0.0,7.5,60.84,0.0,0,0,29,0,0,0,0,0.02
queue,batched k=1,,"{""batch_k"": 1}",batched,1,20,200,2,True,200,25.2891,7.9086,8.1581,111.207,160.057,112.049,17.59,3.29,70.56,8.56,88.97,16.63,356.87,43.31,3.28,0.0,2834.6,93.41,292,38,2,26,7,51,45,4,45,0,0.0,0.0,9.04,82.39,0.0,0,0,43,0,0,0,0,0.1
queue,batched-par k=1,,"{""batch_k"": 1}",batched-par,1,20,200,2,True,200,23.3179,8.5771,8.6254,104.654,157.429,103.803,19.08,3.89,70.3,6.73,88.97,18.16,327.85,31.38,0.0,0.0,2694.7,96.3,272,15,2,25,6,55,46,8,46,0,0.0,0.0,5.94,45.76,0.0,0,0,18,0,0,0,0,0.02
queue,batched k=1,,"{""batch_k"": 1}",batched,0,20,200,2,True,200,25.0737,7.9765,8.1582,113.504,157.846,114.849,16.04,3.49,72.85,7.62,80.43,17.5,365.33,38.22,0.0,0.0,2870.5,95.4,304,35,2,47,2,57,52,1,52,0,0.0,0.0,7.53,49.96,0.0,0,0,51,0,0,0,0,0.11
queue,batched-par k=1,,"{""batch_k"": 1}",batched-par,4,20,200,2,True,200,22.477,8.898,9.0664,100.723,151.337,100.751,18.26,2.47,72.24,7.03,82.1,11.1,324.74,31.6,1.32,0.0,2618.8,97.09,266,16,2,34,11,48,45,2,45,0,0.0,0.0,5.84,36.59,0.0,0,0,19,0,0,0,0,0.02
queue,batched-par k=1,,"{""batch_k"": 1}",batched-par,5,20,200,2,True,200,22.6351,8.8359,8.941,103.35,148.862,104.207,18.32,2.89,73.84,4.95,82.94,13.08,334.27,22.4,0.0,0.0,2687.3,98.94,273,19,2,53,9,52,47,4,47,0,0.0,0.0,5.98,34.87,0.0,0,0,22,0,0,0,0,0.03
queue,batched-par k=1,,"{""batch_k"": 1}",batched-par,3,20,200,2,True,200,21.6678,9.2303,9.3244,96.922,143.538,97.414,20.22,3.06,71.87,4.85,87.61,13.26,311.45,21.04,0.76,0.0,2572.2,98.92,258,13,2,38,9,45,42,3,42,0,0.0,0.0,5.02,28.91,0.0,0,0,13,0,0,0,0,0.03
queue,batched-par k=1,,"{""batch_k"": 1}",batched-par,6,20,200,2,True,200,24.7828,8.0701,8.7861,101.581,154.651,103.483,16.8,3.14,66.46,13.61,83.28,15.55,329.39,67.44,4.4,0.0,2623.1,88.2,266,16,2,42,5,47,42,4,42,0,0.0,0.0,12.45,147.68,0.0,0,0,20,0,0,0,0,0.02
queue,batched-par k=1,,"{""batch_k"": 1}",batched-par,2,20,200,2,True,200,20.7511,9.638,9.6104,95.609,126.269,91.571,21.62,3.05,70.5,4.83,89.73,12.67,292.57,20.05,0.91,0.0,2457.3,98.68,246,9,2,35,4,37,30,7,30,0,0.0,0.0,4.47,20.47,0.0,0,0,9,0,0,0,0,0.05
queue,batched-par k=1,,"{""batch_k"": 1}",batched-par,9,20,200,2,True,200,21.3192,9.3812,9.3877,93.446,135.218,94.789,21.01,3.59,70.51,4.88,89.6,15.31,300.65,20.82,1.49,0.0,2520.6,98.53,252,9,2,42,7,42,36,6,36,0,0.0,0.0,4.79,21.05,0.0,0,0,10,0,0,0,0,0.02
fair,batched k=1 released,,"{""batch_k"": 1, ""queue_agents"": ""released""}",batched,0,20,200,2,True,200,26.2217,7.6273,7.6045,620.132,1194.409,615.217,15.34,4.82,0.0,79.84,80.43,25.3,0.0,418.71,0.0,0.0,2997.4,95.26,315,38,2,108,17,63,60,2,60,0,0.0,0.0,7.87,50.01,0.0,0,0,53,0,0,0,0,0.02
fair,batched k=1 released,,"{""batch_k"": 1, ""queue_agents"": ""released""}",batched,1,20,200,2,True,200,25.6928,7.7843,7.7123,597.381,1117.566,580.141,17.31,4.97,0.0,77.72,88.97,25.53,0.0,399.36,0.0,0.0,2970.2,96.34,307,37,2,76,9,63,56,4,56,0,0.0,0.0,7.2,31.15,0.0,0,0,47,0,0,0,0,0.02
fair,batched k=1 released,,"{""batch_k"": 1, ""queue_agents"": ""released""}",batched,2,20,200,2,True,200,23.7919,8.4062,8.2899,539.632,1022.935,521.782,18.86,4.51,0.0,76.63,89.73,21.46,0.0,364.65,0.0,0.0,2752.4,96.41,278,22,2,88,21,46,37,6,37,0,0.0,0.0,7.28,44.84,0.0,0,0,35,0,0,0,0,0.02
fair,batched k=1 released,,"{""batch_k"": 1, ""queue_agents"": ""released""}",batched,3,20,200,2,True,200,25.0738,7.9765,7.777,566.832,1111.135,577.108,17.47,4.23,0.0,78.3,87.61,21.23,0.0,392.64,0.0,0.0,2902.6,96.47,298,33,2,90,19,60,51,4,51,0,0.0,0.0,7.25,39.05,0.0,0,0,43,0,0,0,0,0.02
queue,batched-par k=1,,"{""batch_k"": 1}",batched-par,7,20,200,2,True,200,22.1269,9.0388,9.1936,97.36,143.07,98.841,19.11,3.22,71.23,6.44,84.57,14.26,315.21,28.5,0.0,0.0,2595.2,97.74,262,17,2,38,6,43,37,6,37,0,0.0,0.0,5.37,23.49,0.0,0,0,19,0,0,0,0,0.08
fair,batched k=1 released,,"{""batch_k"": 1, ""queue_agents"": ""released""}",batched,4,20,200,2,True,200,25.4206,7.8676,7.7815,574.558,1149.577,590.803,16.15,3.87,0.0,79.98,82.1,19.67,0.0,406.64,0.0,0.0,2901.4,95.11,306,40,2,82,32,59,55,2,55,0,0.0,0.0,7.37,34.25,0.0,0,0,49,0,0,0,0,0.02
fair,batched k=1 released,,"{""batch_k"": 1, ""queue_agents"": ""released""}",batched,5,20,200,2,True,200,25.8296,7.743,7.8575,608.043,1140.24,607.588,16.06,4.56,0.0,79.39,82.94,23.55,0.0,410.1,0.0,0.0,3013.1,97.21,310,39,2,109,29,65,59,1,59,0,0.0,0.0,7.79,42.08,0.0,0,0,50,0,0,0,0,0.02
fair,batched k=1 released,,"{""batch_k"": 1, ""queue_agents"": ""released""}",batched,7,20,200,2,True,200,23.1516,8.6387,8.8798,535.034,1019.295,550.996,18.26,4.54,0.0,77.2,84.57,21.01,0.0,357.46,0.0,0.0,2717.1,97.8,286,32,2,87,14,50,42,4,42,0,0.0,0.0,6.31,31.53,0.0,0,0,40,0,0,0,0,0.02
fair,batched k=1 released,,"{""batch_k"": 1, ""queue_agents"": ""released""}",batched,9,20,200,2,True,200,23.9206,8.361,8.5143,481.349,999.487,509.619,18.73,4.46,0.0,76.81,89.6,21.34,0.0,367.47,0.0,0.0,2779.0,96.81,287,31,2,81,17,50,48,1,48,0,0.0,0.0,6.87,39.23,0.0,0,0,38,0,0,0,0,0.02
fair,batched k=1 released,,"{""batch_k"": 1, ""queue_agents"": ""released""}",batched,8,20,200,2,True,200,29.485,6.7831,8.1354,594.597,1058.341,574.941,16.92,5.02,0.0,78.05,99.8,29.61,0.0,460.29,0.0,0.0,2849.5,80.54,290,29,2,80,22,52,46,4,46,0,0.0,0.0,36.57,331.06,0.0,0,0,40,0,0,0,0,0.06
main,beanstalk,,{},beanstalk,4,20,200,2,True,200,11.5448,17.3238,24.7345,184.793,370.756,199.625,35.56,5.24,0.39,58.81,82.1,12.09,0.9,135.8,2.78,109.77,1188.8,85.81,119,0,2,23,6,28,53,1,53,154,199.86,62.41,137.81,376.67,376.4,10,0,0,18,82,36,37,0.54
fair,beanstalk quarantine,,"{""green_mode"": ""quarantine""}",beanstalk,0,20,200,2,True,200,11.6187,17.2136,19.2696,167.79,320.488,167.779,34.61,7.56,0.41,57.42,80.43,17.58,0.95,133.42,3.51,119.42,1286.3,92.26,130,0,2,38,4,22,53,0,53,155,202.23,77.86,32.42,111.13,458.3,10,0,0,19,80,35,49,0.04
fair,batched k=1 released,,"{""batch_k"": 1, ""queue_agents"": ""released""}",batched,6,20,200,2,True,200,26.9094,7.4323,8.0589,574.39,1096.734,579.446,15.47,4.69,0.0,79.84,83.28,25.23,0.0,429.68,0.0,0.0,2813.8,87.14,295,31,2,95,13,57,46,7,46,0,0.0,0.0,16.7,185.31,0.0,0,0,42,0,0,0,0,0.09
queue,batched k=1,,"{""batch_k"": 1}",batched,7,20,200,2,True,200,23.1279,8.6476,8.888,104.88,147.647,105.217,18.28,3.01,72.81,5.89,84.57,13.92,336.81,27.27,0.0,0.0,2666.9,96.09,277,24,2,37,6,44,37,6,37,0,0.0,0.0,6.29,36.86,0.0,0,0,34,0,0,0,0,0.27
queue,batched-par k=1,,"{""batch_k"": 1}",batched-par,8,20,200,2,True,200,26.7151,7.4864,9.1301,94.034,133.165,96.075,18.68,3.84,56.1,21.38,99.8,20.5,299.75,114.25,0.0,0.0,2577.3,80.4,254,10,2,39,6,43,41,2,41,0,0.0,0.0,29.38,282.96,0.0,0,0,11,0,0,0,0,0.18
fair,beanstalk quarantine,,"{""green_mode"": ""quarantine""}",beanstalk,1,20,200,2,True,200,10.5117,19.0264,17.9495,130.096,246.909,119.191,42.32,9.47,0.45,47.77,88.97,19.9,0.95,100.42,1.39,96.2,1213.2,96.18,122,0,2,36,11,27,52,1,52,161,195.92,65.86,21.84,94.58,355.7,11,0,0,14,59,40,62,0.04
fair,beanstalk quarantine,,"{""green_mode"": ""quarantine""}",beanstalk,3,20,200,2,True,200,10.7606,18.5863,18.6937,136.075,288.765,138.96,40.71,5.5,0.4,53.39,87.61,11.84,0.86,114.9,1.61,80.26,1203.8,93.22,119,0,2,25,6,28,45,2,45,140,191.35,65.88,24.23,81.79,345.7,9,0,0,16,61,31,58,0.04
fair,beanstalk quarantine,,"{""green_mode"": ""quarantine""}",beanstalk,7,20,200,2,True,200,8.5746,23.3247,24.2377,72.538,194.685,83.891,49.31,9.08,0.5,41.1,84.57,15.58,0.86,70.48,1.23,52.09,942.3,91.57,95,0,2,28,6,27,38,1,38,156,127.83,61.22,18.58,97.83,257.4,7,0,0,11,30,29,65,0.04
fair,beanstalk quarantine,,"{""green_mode"": ""quarantine""}",beanstalk,8,20,200,2,True,200,12.5458,15.9416,28.5727,85.341,166.113,90.459,39.77,7.47,0.33,52.43,99.8,18.74,0.82,131.56,5.65,66.55,1015.7,67.46,101,0,2,21,9,20,36,0,36,158,129.84,66.79,25.66,107.66,331.1,7,0,0,14,53,23,48,0.04
fair,beanstalk quarantine,,"{""green_mode"": ""quarantine""}",beanstalk,2,20,200,2,True,200,7.6152,26.2633,27.1221,83.13,190.869,95.1,58.91,7.51,0.53,33.05,89.73,11.44,0.81,50.33,0.0,26.03,892.5,97.66,91,0,2,26,6,24,25,0,25,177,131.72,62.63,23.3,87.07,185.8,6,0,0,13,46,14,44,0.09
fair,beanstalk quarantine,,"{""green_mode"": ""quarantine""}",beanstalk,9,20,200,2,True,200,10.1548,19.6951,18.7555,101.688,212.545,108.21,44.12,9.4,0.43,46.05,89.6,19.09,0.88,93.53,2.76,86.77,950.7,78.02,95,0,2,34,6,24,41,1,41,174,196.29,76.05,19.19,88.83,336.5,8,0,0,10,36,33,59,0.03
fair,beanstalk no-budget,,"{""budget"": false}",beanstalk,0,20,200,2,True,200,8.7707,22.8033,,375.461,506.858,375.821,45.85,10.73,0.57,42.85,80.43,18.82,1.01,75.16,0.0,0.0,1016.6,96.59,102,0,2,45,5,19,54,0,54,182,218.62,86.66,245.96,508.48,0.0,17,0,0,16,80,38,22,0.04
fair,beanstalk quarantine,,"{""green_mode"": ""quarantine""}",beanstalk,4,20,200,2,True,200,9.5303,20.9856,31.9291,113.68,227.42,122.468,43.07,7.46,0.49,48.98,82.1,14.22,0.93,93.35,1.78,61.29,956.7,83.65,96,0,2,29,8,17,55,0,55,157,168.28,67.49,21.02,80.63,236.7,10,0,0,15,52,40,44,0.1
fair,beanstalk no-budget,,"{""budget"": false}",beanstalk,2,20,200,2,True,200,7.1895,27.8183,,243.875,369.537,236.495,62.4,7.87,0.58,29.15,89.73,11.32,0.83,41.91,0.74,0.0,787.4,91.27,79,0,2,26,5,19,26,2,26,187,221.25,84.94,161.04,370.9,0.0,13,0,0,12,54,16,25,0.03
fair,beanstalk no-budget,,"{""budget"": false}",beanstalk,3,20,200,2,True,200,8.2195,24.3323,,325.23,456.72,318.944,53.29,9.19,0.57,36.94,87.61,15.11,0.94,60.73,1.8,0.0,936.5,94.94,92,0,2,38,9,15,46,2,46,184,226.38,78.56,219.9,465.38,0.0,11,0,0,15,73,33,19,0.04
fair,beanstalk quarantine,,"{""green_mode"": ""quarantine""}",beanstalk,5,20,200,2,True,200,11.6891,17.1099,19.8382,167.554,347.684,191.246,35.48,6.58,0.39,57.55,82.94,15.37,0.92,134.55,0.51,125.92,1242.4,88.58,123,0,2,28,11,25,58,0,58,142,207.1,89.11,40.67,141.08,430.5,15,0,0,17,74,42,49,0.14
fair,beanstalk no-budget,,"{""budget"": false}",beanstalk,5,20,200,2,True,200,12.1102,16.515,,589.648,702.098,579.149,34.24,7.71,0.4,57.64,82.94,18.68,0.98,139.6,0.0,0.0,1070.8,73.69,107,0,2,36,12,21,58,0,58,178,272.8,108.77,340.59,703.33,0.0,22,0,0,16,83,43,24,0.04
fair,beanstalk quarantine,,"{""green_mode"": ""quarantine""}",beanstalk,6,20,200,2,True,200,11.4329,17.4933,35.2789,87.407,161.179,91.737,36.42,7.01,0.39,56.18,83.28,16.02,0.89,128.47,11.41,45.57,877.7,63.98,88,0,2,29,5,30,47,1,47,152,134.61,51.13,25.56,96.86,201.4,8,0,0,10,28,39,60,0.15
fair,beanstalk no-budget,,"{""budget"": false}",beanstalk,6,20,200,2,True,200,9.6888,20.6423,,235.437,367.226,234.047,42.98,10.04,0.47,46.51,83.28,19.45,0.92,90.13,4.91,0.0,757.5,65.15,76,0,2,37,7,46,47,2,47,174,98.42,39.91,150.47,370.59,0.0,7,0,0,9,26,40,50,0.04
fair,beanstalk no-budget,,"{""budget"": false}",beanstalk,8,20,200,2,True,200,11.5877,17.2597,,527.392,678.077,527.423,43.06,8.76,0.36,47.81,99.8,20.31,0.84,110.8,5.79,0.0,917.5,65.98,91,0,2,26,8,26,38,0,38,188,135.67,63.65,335.91,683.34,0.0,8,0,0,15,63,23,28,0.03
fair,beanstalk no-budget,,"{""budget"": false}",beanstalk,7,20,200,2,True,200,7.361,27.1703,,277.05,397.412,267.304,57.44,10.52,0.6,31.44,84.57,15.49,0.88,46.28,1.68,0.0,778.7,88.15,79,0,2,30,6,30,38,2,38,177,141.35,53.47,186.88,405.84,0.0,10,0,0,10,43,30,36,0.06
fair,beanstalk no-budget,,"{""budget"": false}",beanstalk,4,20,200,2,True,200,8.7276,22.9157,,378.955,490.736,363.078,47.04,8.5,0.54,43.93,82.1,14.83,0.94,76.68,5.82,0.0,989.0,94.43,99,0,2,35,10,12,51,1,51,184,263.77,101.12,232.09,492.52,0.0,15,0,0,15,83,37,16,0.11
fair,beanstalk quarantine no-budget,,"{""budget"": false, ""green_mode"": ""quarantine""}",beanstalk,1,20,200,2,True,200,11.408,17.5315,19.1823,224.845,391.385,207.282,38.99,9.41,0.4,51.19,88.97,21.47,0.92,116.8,0.96,0.0,1161.1,84.82,115,0,2,34,6,19,48,2,48,184,270.36,125.26,28.8,103.32,0.0,10,0,0,14,73,36,42,0.03
fair,beanstalk no-budget,,"{""budget"": false}",beanstalk,1,20,200,2,True,200,8.2944,24.1126,,354.197,477.029,340.65,53.63,11.11,0.56,34.71,88.97,18.42,0.92,57.57,0.72,0.0,910.7,91.49,90,0,2,36,7,36,45,0,45,184,203.79,54.18,232.82,481.1,0.0,8,0,0,11,51,34,39,0.16
fair,beanstalk quarantine no-budget,,"{""budget"": false, ""green_mode"": ""quarantine""}",beanstalk,0,20,200,2,True,200,9.7357,20.543,19.2058,332.373,436.597,278.85,41.31,9.07,0.5,49.12,80.43,17.67,0.97,95.65,0.46,0.0,1137.4,97.35,115,0,2,43,3,14,51,0,51,183,268.3,107.96,54.4,170.47,0.0,17,0,0,16,86,35,28,0.07
fair,beanstalk quarantine no-budget,,"{""budget"": false, ""green_mode"": ""quarantine""}",beanstalk,4,20,200,2,True,200,8.7278,22.9152,25.9775,278.791,413.178,269.485,47.03,8.01,0.55,44.41,82.1,13.98,0.96,77.52,3.35,0.0,1002.0,95.67,101,0,2,38,8,8,50,1,50,183,254.91,116.48,50.66,159.31,0.0,23,0,0,14,78,37,22,0.03
fair,beanstalk quarantine no-budget,,"{""budget"": false, ""green_mode"": ""quarantine""}",beanstalk,6,20,200,2,True,200,10.829,18.4689,24.5596,167.763,291.17,166.175,38.45,9.46,0.44,51.65,83.28,20.48,0.96,111.86,0.0,0.0,1104.4,84.99,110,0,2,30,6,26,62,2,62,177,222.59,69.53,26.04,79.1,0.0,14,0,0,16,63,49,47,0.04
fair,beanstalk no-budget,,"{""budget"": false}",beanstalk,9,20,200,2,True,200,8.6347,23.1624,,365.592,496.626,361.317,51.88,11.88,0.54,35.7,89.6,20.52,0.93,61.65,1.47,0.0,906.0,87.43,90,0,2,40,6,34,43,1,43,178,184.38,57.56,239.68,498.04,0.0,7,0,0,12,53,32,37,0.12
fair,beanstalk quarantine no-budget,,"{""budget"": false, ""green_mode"": ""quarantine""}",beanstalk,7,20,200,2,True,200,7.5076,26.6395,29.304,110.411,215.515,106.154,56.32,10.24,0.58,32.86,84.57,15.38,0.87,49.34,0.0,0.0,811.3,90.05,82,0,2,32,3,23,34,0,34,180,153.1,71.89,27.3,127.12,0.0,10,0,0,8,32,26,50,0.04
fair,beanstalk quarantine no-budget,,"{""budget"": false, ""green_mode"": ""quarantine""}",beanstalk,8,20,200,2,True,200,11.258,17.7652,28.0334,144.368,263.612,150.153,44.32,8.85,0.38,46.45,99.8,19.92,0.85,104.59,5.02,0.0,925.2,68.49,92,0,2,28,6,16,36,0,36,186,141.23,84.19,34.11,112.33,0.0,7,0,0,13,55,23,37,0.03
fair,beanstalk-noplace quarantine,,"{""green_mode"": ""quarantine""}",beanstalk-noplace,0,20,200,2,True,200,10.5866,18.8919,20.6636,106.589,261.46,132.83,37.99,10.27,0.48,51.27,80.43,21.74,1.01,108.55,0.0,95.79,1219.5,95.99,121,0,2,53,1,27,53,4,53,0,219.36,73.68,32.41,149.99,405.8,11,0,0,17,65,40,56,0.02
fair,beanstalk-noplace quarantine,,"{""green_mode"": ""quarantine""}",beanstalk-noplace,1,20,200,2,True,200,10.1826,19.6414,17.0627,96.804,218.798,99.598,43.69,10.1,0.44,45.77,88.97,20.56,0.9,93.22,0.0,74.57,1159.3,94.87,115,0,2,30,6,30,50,0,50,0,199.2,70.68,21.06,74.32,349.7,9,0,0,13,52,39,63,0.02
fair,beanstalk-noplace quarantine,,"{""green_mode"": ""quarantine""}",beanstalk-noplace,3,20,200,2,True,200,11.4989,17.393,15.9857,149.122,251.476,137.674,38.09,5.95,0.4,55.55,87.61,13.69,0.91,127.76,0.52,116.12,1271.1,92.12,124,0,2,36,6,20,44,0,44,0,186.38,75.81,22.81,70.93,456.4,8,0,0,16,77,28,47,0.02
fair,beanstalk-noplace quarantine,,"{""green_mode"": ""quarantine""}",beanstalk-noplace,4,20,200,2,True,200,9.6098,20.8121,27.2325,119.62,197.837,119.612,42.72,6.62,0.48,50.18,82.1,12.72,0.93,96.44,1.97,86.0,1048.7,90.94,104,0,2,31,9,26,47,1,47,0,135.81,59.52,25.49,96.54,352.8,8,0,0,14,57,34,47,0.02
fair,beanstalk-noplace quarantine,,"{""green_mode"": ""quarantine""}",beanstalk-noplace,2,20,200,2,True,200,8.0288,24.9102,22.411,96.275,246.571,109.941,55.88,8.15,0.53,35.45,89.73,13.08,0.84,56.92,1.09,50.22,932.2,96.75,94,0,2,35,7,26,28,2,28,0,181.92,81.85,29.25,104.06,256.0,6,0,0,11,45,19,48,0.05
fair,beanstalk quarantine no-budget,,"{""budget"": false, ""green_mode"": ""quarantine""}",beanstalk,3,20,200,2,True,200,9.4799,21.0974,19.8662,277.926,429.602,234.753,46.21,6.6,0.48,46.72,87.61,12.51,0.9,88.57,1.56,0.0,1116.3,98.13,110,0,2,30,9,15,47,1,47,183,281.27,113.38,69.98,261.3,0.0,17,0,0,17,74,31,36,0.15
fair,beanstalk-noplace quarantine,,"{""green_mode"": ""quarantine""}",beanstalk-noplace,5,20,200,2,True,200,11.0707,18.0657,18.1452,138.6,321.246,148.127,37.46,7.39,0.44,54.7,82.94,16.37,0.98,121.12,0.0,108.48,1166.3,87.8,117,0,2,49,7,24,47,2,47,0,280.97,71.18,33.19,139.14,369.9,11,0,0,15,69,35,48,0.02
fair,beanstalk-noplace quarantine,,"{""green_mode"": ""quarantine""}",beanstalk-noplace,6,20,200,2,True,200,11.2993,17.7002,31.7593,81.015,182.041,86.141,36.85,7.69,0.41,55.05,83.28,17.38,0.93,124.41,1.05,38.76,908.7,67.02,91,0,2,41,5,24,42,1,42,0,105.25,59.21,24.81,97.46,200.5,9,0,0,9,28,35,63,0.02
fair,beanstalk-noplace quarantine,,"{""green_mode"": ""quarantine""}",beanstalk-noplace,7,20,200,2,True,200,10.156,19.6929,24.0159,81.724,176.654,83.399,41.63,8.64,0.45,49.28,84.57,17.55,0.91,100.09,0.0,74.79,1016.7,83.43,102,0,2,31,4,35,39,0,39,0,132.59,55.08,15.19,60.86,272.2,7,0,0,10,25,29,77,0.02
fair,beanstalk-noplace quarantine,,"{""green_mode"": ""quarantine""}",beanstalk-noplace,8,20,200,2,True,200,15.9769,12.5181,27.0728,135.667,274.893,138.506,31.23,5.7,0.26,62.81,99.8,18.22,0.83,200.69,0.0,62.94,1118.5,58.34,112,0,2,26,4,16,34,0,34,0,166.1,87.29,37.07,129.45,319.7,9,0,0,14,65,22,47,0.02
fair,beanstalk-noplace quarantine,,"{""green_mode"": ""quarantine""}",beanstalk-noplace,9,20,200,2,True,200,8.51,23.5018,27.3111,84.98,194.124,92.421,52.64,10.18,0.52,36.66,89.6,17.32,0.89,62.39,0.0,47.45,902.1,88.33,92,0,2,37,7,27,37,2,37,0,140.91,53.15,17.21,51.6,221.2,7,0,0,10,40,29,52,0.02
fair,beanstalk snapshot=green,,"{""snapshot"": ""green""}",beanstalk,1,20,200,2,True,200,10.884,18.3756,,397.352,538.635,378.71,40.87,12.17,0.51,46.44,88.97,26.49,1.12,101.1,1.73,82.72,1176.7,90.09,117,0,2,91,8,44,51,2,51,186,245.14,70.88,227.43,542.4,367.7,11,0,0,14,61,39,56,0.03
fair,beanstalk snapshot=green,,"{""snapshot"": ""green""}",beanstalk,2,20,200,2,True,200,9.5707,20.8971,27.7655,170.824,330.243,162.752,46.88,9.07,0.52,43.53,89.73,17.37,1.0,83.31,1.6,48.53,1022.5,89.03,103,0,2,71,15,38,33,0,33,186,152.79,55.94,102.56,330.47,220.3,9,0,0,13,47,20,56,0.03
fair,beanstalk quarantine no-budget,,"{""budget"": false, ""green_mode"": ""quarantine""}",beanstalk,5,20,200,2,True,200,11.9764,16.6996,23.9867,314.719,424.972,298.472,34.63,8.49,0.41,56.46,82.94,20.34,0.99,135.25,0.0,0.0,1140.5,79.35,113,0,2,45,12,17,57,0,57,178,270.22,105.92,48.29,182.65,0.0,24,0,0,15,81,43,32,0.21
fair,beanstalk quarantine no-budget,,"{""budget"": false, ""green_mode"": ""quarantine""}",beanstalk,2,20,200,2,True,200,8.4656,23.625,23.3432,228.404,351.879,199.815,53.0,6.36,0.48,40.16,89.73,10.77,0.81,68.0,0.52,0.0,946.2,93.14,95,0,2,22,5,17,26,2,26,187,299.08,117.26,44.04,163.1,0.0,11,0,0,13,65,15,30,0.25
fair,beanstalk snapshot=green,,"{""snapshot"": ""green""}",beanstalk,3,20,200,2,True,200,12.607,15.8642,,301.239,633.556,361.94,34.75,9.32,0.46,55.48,87.61,23.49,1.16,139.88,0.0,78.46,1381.6,91.32,137,0,2,98,21,51,58,3,58,181,169.93,52.6,271.04,636.77,348.3,14,0,0,22,80,40,57,0.04
fair,beanstalk snapshot=green,,"{""snapshot"": ""green""}",beanstalk,0,20,200,2,True,200,12.3557,16.1869,,485.612,669.948,450.394,32.55,10.79,0.49,56.17,80.43,26.66,1.22,138.81,2.29,125.85,1320.4,89.05,132,0,2,101,12,27,69,2,69,184,158.99,64.87,304.96,671.22,487.2,14,0,0,21,98,50,34,0.08
fair,beanstalk quarantine no-budget,,"{""budget"": false, ""green_mode"": ""quarantine""}",beanstalk,9,20,200,2,True,200,9.2238,21.6829,24.3736,87.279,250.822,104.276,48.57,10.56,0.5,40.37,89.6,19.48,0.92,74.48,3.41,0.0,835.8,75.51,82,0,2,42,4,20,42,1,42,181,184.48,80.48,16.73,65.17,0.0,11,0,0,9,27,34,55,0.19
fair,beanstalk snapshot=green,,"{""snapshot"": ""green""}",beanstalk,7,20,200,2,True,200,8.1221,24.6243,26.7135,161.227,351.12,172.828,52.06,13.49,0.65,33.79,84.57,21.92,1.06,54.9,0.76,29.45,887.5,91.06,90,0,2,79,13,50,46,0,46,183,91.19,35.12,133.89,357.12,142.7,7,0,0,9,28,37,62,0.04
fair,beanstalk snapshot=green,,"{""snapshot"": ""green""}",beanstalk,8,20,200,2,True,200,12.8729,15.5365,23.2533,213.686,394.56,217.949,38.76,9.92,0.38,50.93,99.8,25.55,0.97,131.14,0.0,109.29,1169.8,75.73,117,0,2,66,16,47,39,1,39,185,159.66,58.72,147.69,396.59,400.4,6,0,0,18,61,22,56,0.04
fair,beanstalk module placement,,"{""placement_model"": ""module""}",beanstalk,1,20,200,2,True,200,8.8576,22.5795,,264.161,411.314,251.73,50.22,9.43,0.49,39.85,88.97,16.71,0.87,70.6,2.46,54.23,895.1,84.21,89,0,2,29,7,42,45,1,45,146,100.95,45.98,166.8,417.06,232.0,8,0,0,12,39,34,50,0.02
fair,beanstalk module placement,,"{""placement_model"": ""module""}",beanstalk,2,20,200,2,True,200,9.3282,21.4404,21.3779,132.721,219.227,131.577,48.1,7.73,0.46,43.71,89.73,14.43,0.86,81.54,5.86,44.28,982.5,87.77,98,0,2,37,5,49,30,1,30,152,157.9,44.92,92.76,221.74,217.2,5,0,0,12,41,19,57,0.02
fair,beanstalk module placement,,"{""placement_model"": ""module""}",beanstalk,3,20,200,2,True,200,8.5915,23.2789,38.525,192.825,247.204,182.517,50.99,8.5,0.55,39.97,87.61,14.6,0.94,68.68,2.3,59.7,937.3,90.91,92,0,2,49,5,42,38,1,38,150,142.97,48.61,129.07,267.86,274.2,6,0,0,13,48,26,44,0.02
fair,beanstalk module placement,,"{""placement_model"": ""module""}",beanstalk,4,20,200,2,True,200,9.4946,21.0647,,300.04,439.335,276.287,43.24,8.77,0.5,47.49,82.1,16.65,0.96,90.19,4.32,73.23,867.5,76.14,87,0,2,40,10,30,53,1,53,146,100.58,51.06,174.59,436.57,248.5,13,0,0,13,51,41,36,0.02
fair,beanstalk snapshot=green,,"{""snapshot"": ""green""}",beanstalk,6,20,200,2,True,200,11.3404,17.6361,,285.116,406.769,262.775,36.72,11.41,0.52,51.36,83.28,25.87,1.17,116.5,0.0,13.49,938.4,68.96,94,0,2,101,17,55,54,1,54,182,104.91,39.68,151.73,410.71,129.0,12,0,0,13,33,43,61,0.19
fair,beanstalk snapshot=green,,"{""snapshot"": ""green""}",beanstalk,9,20,200,2,True,200,10.599,18.8696,70.8306,136.915,335.157,182.48,42.27,10.32,0.51,46.91,89.6,21.88,1.07,99.43,0.71,54.22,1016.0,79.88,102,0,2,80,18,54,44,0,44,184,163.05,51.88,119.0,337.57,257.8,8,0,0,12,42,34,60,0.23
fair,beanstalk snapshot=green,,"{""snapshot"": ""green""}",beanstalk,5,20,200,2,True,200,12.6347,15.8294,30.6663,266.649,350.211,253.862,32.82,10.19,0.46,56.53,82.94,25.75,1.17,142.84,0.0,124.13,1132.6,74.7,113,0,2,87,21,36,65,0,65,179,130.63,52.32,143.36,351.76,408.1,13,0,0,18,68,48,45,0.26
fair,beanstalk module placement,,"{""placement_model"": ""module""}",beanstalk,6,20,200,2,True,200,10.0554,19.8898,42.0803,140.794,228.564,141.659,41.41,8.99,0.47,49.14,83.28,18.07,0.94,98.82,0.91,44.45,790.0,65.47,79,0,2,40,9,49,47,0,47,149,107.36,37.17,101.43,226.71,135.6,7,0,0,10,27,37,52,0.08
fair,beanstalk module placement,,"{""placement_model"": ""module""}",beanstalk,7,20,200,2,True,200,7.8753,25.3959,,309.761,438.986,290.382,53.69,10.55,0.58,35.18,84.57,16.61,0.92,55.41,2.97,46.33,800.5,84.71,81,0,2,36,6,44,38,0,38,144,111.18,39.39,201.81,436.27,195.5,5,0,0,9,31,29,50,0.02
fair,beanstalk module placement,,"{""placement_model"": ""module""}",beanstalk,9,20,200,2,True,200,10.5363,18.982,139.554,264.818,374.924,230.798,42.52,8.6,0.43,48.45,89.6,18.12,0.91,102.1,3.41,43.81,859.0,67.94,85,0,2,41,5,44,41,1,41,165,130.76,41.31,135.81,380.5,242.4,9,0,0,9,33,33,52,0.02
place,beanstalk soft,predicted-best,"{""flag_clean"": 0.15, ""flag_recall"": 0.6, ""placement_fallback"": ""least-overlap""}",beanstalk,0,20,200,2,True,200,10.348,19.3275,,461.892,597.773,394.721,38.86,8.31,0.45,52.38,80.43,17.19,0.93,108.41,1.96,87.71,1150.2,92.63,115,0,2,36,6,36,56,0,56,94,159.48,52.08,289.04,598.9,380.3,10,0,0,20,75,36,40,0.04
place,beanstalk soft,predicted-best,"{""flag_clean"": 0.15, ""flag_recall"": 0.6, ""placement_fallback"": ""least-overlap""}",beanstalk,1,20,200,2,True,200,8.5204,23.4731,,319.287,466.506,286.529,52.21,10.22,0.53,37.04,88.97,17.42,0.9,63.12,1.5,53.81,949.8,92.9,94,0,2,34,1,51,45,0,45,62,92.7,42.8,222.8,476.66,303.3,7,0,0,12,39,33,55,0.04
place,beanstalk soft,predicted-best,"{""flag_clean"": 0.15, ""flag_recall"": 0.6, ""placement_fallback"": ""least-overlap""}",beanstalk,2,20,200,2,True,200,9.3135,21.4743,173.7892,206.869,350.077,186.468,48.17,4.38,0.43,47.02,89.73,8.17,0.79,87.58,3.07,53.26,942.6,84.34,96,0,2,18,6,31,24,1,24,103,180.95,58.36,115.86,349.62,229.3,7,0,0,13,49,12,46,0.04
place,beanstalk soft,predicted-best,"{""flag_clean"": 0.15, ""flag_recall"": 0.6, ""placement_fallback"": ""least-overlap""}",beanstalk,3,20,200,2,True,200,10.4867,19.0717,,272.262,536.441,312.536,41.77,5.51,0.41,52.31,87.61,11.56,0.85,109.72,2.1,104.76,1135.2,90.21,112,0,2,23,5,30,43,2,43,85,175.09,69.95,233.29,540.57,364.9,11,0,0,15,71,30,41,0.04
place,beanstalk soft,predicted-best,"{""flag_clean"": 0.15, ""flag_recall"": 0.6, ""placement_fallback"": ""least-overlap""}",beanstalk,4,20,200,2,True,200,8.0351,24.8907,,225.842,386.927,233.433,51.09,7.17,0.56,41.18,82.1,11.52,0.9,66.18,1.85,48.95,807.8,83.78,81,0,2,29,11,33,46,1,46,100,98.39,38.0,157.35,385.48,192.4,8,0,0,13,41,34,40,0.04
place,beanstalk soft,predicted-best,"{""flag_clean"": 0.15, ""flag_recall"": 0.6, ""placement_fallback"": ""least-overlap""}",beanstalk,5,20,200,2,True,200,9.4387,21.1893,,398.885,541.45,342.444,43.94,7.37,0.49,48.2,82.94,13.91,0.93,90.99,0.72,62.76,1041.1,91.92,104,0,2,30,9,32,57,0,57,93,162.05,52.99,258.66,540.96,295.9,10,0,0,18,69,40,35,0.04
place,beanstalk soft,predicted-best,"{""flag_clean"": 0.15, ""flag_recall"": 0.6, ""placement_fallback"": ""least-overlap""}",beanstalk,6,20,200,2,True,200,11.9412,16.7487,,259.959,439.587,271.287,34.87,6.64,0.36,58.13,83.28,15.87,0.86,138.82,4.58,81.21,889.7,62.09,89,0,2,20,8,53,48,3,48,74,118.5,42.52,179.24,442.42,183.9,9,0,0,10,30,41,59,0.04
fair,beanstalk module placement,,"{""placement_model"": ""module""}",beanstalk,8,20,200,2,True,200,16.3603,12.2247,84.6391,201.091,335.164,190.329,30.5,7.6,0.27,61.63,99.8,24.88,0.88,201.65,17.04,58.14,1015.0,51.7,101,0,2,39,1,50,34,1,34,145,128.51,49.66,150.28,397.93,226.4,6,0,0,14,42,21,59,0.28
place,beanstalk soft,predicted-best,"{""flag_clean"": 0.15, ""flag_recall"": 0.6, ""placement_fallback"": ""least-overlap""}",beanstalk,9,20,200,2,True,200,8.1962,24.4017,,328.165,469.245,321.351,54.66,7.71,0.52,37.11,89.6,12.64,0.85,60.84,1.77,42.62,777.7,79.07,77,0,2,22,4,48,38,0,38,117,99.33,37.42,226.6,471.73,200.9,6,0,0,9,26,29,51,0.04
place,beanstalk soft,predicted-best,"{""flag_clean"": 0.15, ""flag_recall"": 0.6, ""placement_fallback"": ""least-overlap""}",beanstalk,7,20,200,2,True,200,9.0546,22.0882,,284.863,522.68,321.312,46.7,9.26,0.48,43.55,84.57,16.78,0.88,78.87,0.0,70.7,990.5,91.16,100,0,2,24,4,60,45,0,45,78,138.56,43.84,254.18,525.25,306.3,6,0,0,12,37,33,63,0.16
fair,beanstalk snapshot=green,,"{""snapshot"": ""green""}",beanstalk,4,20,200,2,True,200,10.643,18.7916,,338.253,537.523,335.289,38.57,9.19,0.53,51.71,82.1,19.56,1.14,110.06,0.0,91.37,1099.6,86.09,110,0,2,87,19,24,59,0,59,183,146.49,57.39,228.01,537.93,362.7,13,0,0,16,76,43,34,0.6
fair,beanstalk module placement,,"{""placement_model"": ""module""}",beanstalk,5,20,200,2,True,200,12.2678,16.3029,31.4087,182.969,276.587,165.453,33.8,5.38,0.38,60.43,82.94,13.21,0.92,148.28,0.0,83.37,1135.9,77.16,113,0,2,33,15,38,51,0,51,156,177.83,55.56,100.54,285.67,319.0,11,0,0,16,65,36,48,0.48
fair,beanstalk module placement,,"{""placement_model"": ""module""}",beanstalk,0,20,200,2,True,200,10.2345,19.5418,,457.977,586.029,402.75,39.29,9.52,0.48,50.71,80.43,19.49,0.98,103.79,0.41,97.0,1099.9,89.56,110,0,2,48,4,35,58,0,58,139,145.97,56.31,285.67,592.11,369.7,12,0,0,18,71,40,39,0.58
place,beanstalk hard,predicted-best,"{""flag_clean"": 0.15, ""flag_recall"": 0.6, ""placement_fallback"": ""wait""}",beanstalk,4,20,200,2,True,200,10.2099,19.5889,,244.419,430.798,246.293,40.21,4.84,0.42,54.53,82.1,9.89,0.87,111.34,76.67,33.98,1001.0,81.7,100,0,2,16,9,40,51,1,51,0,110.99,41.12,154.91,430.27,220.6,12,0,0,13,47,39,53,0.18
place,beanstalk soft,predicted-best,"{""flag_clean"": 0.15, ""flag_recall"": 0.6, ""placement_fallback"": ""least-overlap""}",beanstalk,8,20,200,2,True,200,13.2357,15.1106,83.8544,203.969,579.252,280.389,37.7,7.47,0.33,54.5,99.8,19.76,0.88,144.28,0.0,101.7,1314.9,82.79,131,0,2,29,6,60,48,0,48,75,230.16,64.96,217.34,574.96,434.0,13,0,0,18,63,30,68,0.43
place,beanstalk hard,predicted-best,"{""flag_clean"": 0.15, ""flag_recall"": 0.6, ""placement_fallback"": ""wait""}",beanstalk,2,20,200,2,True,200,13.0199,15.3611,103.8845,199.906,373.01,182.534,34.46,3.46,0.29,61.79,89.73,9.01,0.75,160.91,122.48,36.89,1076.5,68.9,108,0,2,15,3,37,23,1,23,0,129.12,51.74,96.62,372.6,226.0,5,0,0,11,42,13,66,0.37
place,beanstalk hard,predicted-best,"{""flag_clean"": 0.15, ""flag_recall"": 0.6, ""placement_fallback"": ""wait""}",beanstalk,3,20,200,2,True,200,11.5773,17.2751,30.7255,117.32,192.038,108.929,37.84,4.88,0.37,56.91,87.61,11.31,0.86,131.77,81.13,48.1,1174.7,84.55,116,0,2,21,3,47,42,1,42,0,107.11,43.26,63.9,192.53,225.8,6,0,0,15,48,28,68,0.36
place,beanstalk hard,predicted-best,"{""flag_clean"": 0.15, ""flag_recall"": 0.6, ""placement_fallback"": ""wait""}",beanstalk,0,20,200,2,True,200,11.4633,17.447,,328.99,481.54,320.743,35.08,6.35,0.4,58.17,80.43,14.56,0.92,133.36,56.92,71.9,1003.6,72.96,101,0,2,28,7,45,55,0,55,0,145.97,38.65,192.6,493.28,201.2,7,0,0,16,49,39,52,0.48
place,beanstalk hard,predicted-best,"{""flag_clean"": 0.15, ""flag_recall"": 0.6, ""placement_fallback"": ""wait""}",beanstalk,6,20,200,2,True,200,11.5234,17.356,29.7061,143.196,268.164,134.473,36.13,5.77,0.36,57.73,83.28,13.31,0.83,133.05,91.75,40.28,999.4,72.27,100,0,2,20,6,71,40,1,40,0,96.39,32.18,104.5,291.86,167.2,5,0,0,7,14,34,86,0.22
place,beanstalk soft,predicted-typical,"{""flag_clean"": 0.25, ""flag_recall"": 0.6, ""placement_fallback"": ""least-overlap""}",beanstalk,0,20,200,2,True,200,8.6314,23.1713,,357.408,498.501,344.756,46.59,10.58,0.57,42.26,80.43,18.27,0.98,72.95,2.87,61.19,958.6,92.55,96,0,2,49,5,29,49,0,49,159,135.62,52.29,241.79,500.13,300.2,11,0,0,15,64,34,32,0.04
place,beanstalk soft,predicted-typical,"{""flag_clean"": 0.25, ""flag_recall"": 0.6, ""placement_fallback"": ""least-overlap""}",beanstalk,1,20,200,2,True,200,10.5449,18.9666,,342.201,476.174,305.232,42.19,9.34,0.45,48.03,88.97,19.7,0.94,101.28,0.0,61.07,1092.8,86.36,109,0,2,27,4,51,59,1,59,161,180.27,49.08,197.08,480.25,313.7,9,0,0,15,54,46,55,0.04
place,beanstalk hard,predicted-best,"{""flag_clean"": 0.15, ""flag_recall"": 0.6, ""placement_fallback"": ""wait""}",beanstalk,1,20,200,2,True,200,9.6302,20.768,,272.275,411.989,241.816,46.19,6.87,0.43,46.5,88.97,13.24,0.83,89.57,60.66,26.39,1006.3,87.08,100,0,2,17,4,59,44,0,44,0,99.55,37.24,166.04,421.99,170.0,6,0,0,12,35,32,65,0.57
place,beanstalk soft,predicted-typical,"{""flag_clean"": 0.25, ""flag_recall"": 0.6, ""placement_fallback"": ""least-overlap""}",beanstalk,2,20,200,2,True,200,8.4511,23.6655,84.042,184.776,331.982,190.738,53.09,6.89,0.48,39.54,89.73,11.65,0.81,66.83,2.06,36.23,933.4,92.03,94,0,2,23,5,32,26,2,26,170,167.61,55.79,122.75,333.35,217.0,6,0,0,14,53,14,41,0.03
place,beanstalk hard,predicted-best,"{""flag_clean"": 0.15, ""flag_recall"": 0.6, ""placement_fallback"": ""wait""}",beanstalk,8,20,200,2,True,200,16.3423,12.2382,19.5181,204.973,403.923,201.01,30.53,5.47,0.24,63.76,99.8,17.86,0.79,208.39,127.97,69.6,1182.7,60.31,118,0,2,12,7,51,35,1,35,0,208.25,55.23,152.73,435.6,472.2,6,0,0,16,45,20,73,0.18
place,beanstalk hard,predicted-best,"{""flag_clean"": 0.15, ""flag_recall"": 0.6, ""placement_fallback"": ""wait""}",beanstalk,5,20,200,2,True,200,10.3974,19.2356,44.9352,219.492,346.511,201.632,39.89,5.0,0.42,54.69,82.94,10.4,0.87,113.73,67.83,44.99,1082.5,86.76,108,0,2,23,5,48,50,0,50,0,144.25,46.6,121.87,346.42,240.3,9,0,0,14,46,37,62,0.32
place,beanstalk hard,predicted-best,"{""flag_clean"": 0.15, ""flag_recall"": 0.6, ""placement_fallback"": ""wait""}",beanstalk,9,20,200,2,True,200,10.6575,18.7662,,370.252,518.469,339.588,42.04,6.77,0.38,50.81,89.6,14.44,0.82,108.29,62.66,41.37,1016.8,79.5,102,0,2,20,5,72,39,0,39,0,143.85,38.08,218.08,521.91,226.5,4,0,0,11,25,29,77,0.16
place,beanstalk hard,predicted-best,"{""flag_clean"": 0.15, ""flag_recall"": 0.6, ""placement_fallback"": ""wait""}",beanstalk,7,20,200,2,True,200,8.7111,22.9591,,246.148,390.58,233.037,48.54,5.63,0.46,45.37,84.57,9.8,0.81,79.05,71.61,6.81,859.6,82.24,87,0,2,12,9,63,35,1,35,0,65.91,30.78,150.79,394.08,65.6,5,0,0,7,14,29,73,0.23
place,beanstalk soft,predicted-typical,"{""flag_clean"": 0.25, ""flag_recall"": 0.6, ""placement_fallback"": ""least-overlap""}",beanstalk,5,20,200,2,True,200,8.587,23.291,,345.048,490.704,326.452,48.29,8.26,0.53,42.91,82.94,14.19,0.91,73.7,1.93,68.32,983.2,95.41,98,0,2,30,11,23,53,0,53,141,133.93,58.8,235.13,491.94,347.2,12,0,0,16,72,38,26,0.06
place,beanstalk soft,predicted-typical,"{""flag_clean"": 0.25, ""flag_recall"": 0.6, ""placement_fallback"": ""least-overlap""}",beanstalk,7,20,200,2,True,200,6.9081,28.9517,,208.378,353.431,203.228,61.21,9.26,0.61,28.92,84.57,12.8,0.84,39.95,1.72,17.89,777.6,93.8,79,0,2,26,4,49,35,1,35,157,120.62,37.03,158.74,361.85,120.2,5,0,0,7,23,29,56,0.03
place,beanstalk soft,predicted-typical,"{""flag_clean"": 0.25, ""flag_recall"": 0.6, ""placement_fallback"": ""least-overlap""}",beanstalk,9,20,200,2,True,200,9.1195,21.9309,,385.129,525.717,379.672,49.12,11.08,0.48,39.31,89.6,20.22,0.88,71.69,0.0,44.13,831.0,75.94,82,0,2,35,7,40,40,0,40,174,96.21,44.09,254.19,527.13,245.0,5,0,0,11,39,29,43,0.03
place,beanstalk hard,predicted-typical,"{""flag_clean"": 0.25, ""flag_recall"": 0.6, ""placement_fallback"": ""wait""}",beanstalk,0,20,200,2,True,200,12.0256,16.6311,29.7125,115.143,281.213,124.227,33.44,5.56,0.36,60.64,80.43,13.38,0.87,145.83,105.93,32.85,1176.7,81.54,119,0,2,21,4,66,51,0,51,0,105.47,35.14,87.45,284.25,170.3,6,0,0,16,41,36,77,0.04
place,beanstalk soft,predicted-typical,"{""flag_clean"": 0.25, ""flag_recall"": 0.6, ""placement_fallback"": ""least-overlap""}",beanstalk,3,20,200,2,True,200,11.1146,17.9943,,475.094,630.424,413.008,39.41,6.81,0.42,53.35,87.61,15.14,0.94,118.6,0.77,93.92,1225.8,91.91,121,0,2,35,10,42,52,1,52,153,178.22,55.7,306.47,639.08,393.3,7,0,0,22,75,31,46,0.16
place,beanstalk soft,predicted-typical,"{""flag_clean"": 0.25, ""flag_recall"": 0.6, ""placement_fallback"": ""least-overlap""}",beanstalk,8,20,200,2,True,200,16.9104,11.8271,,314.791,486.541,292.26,29.51,6.06,0.25,64.18,99.8,20.5,0.85,217.06,0.0,105.27,1057.4,52.11,105,0,2,25,9,46,40,1,40,157,140.47,54.9,206.11,491.8,313.9,7,0,0,16,54,25,51,0.1
place,beanstalk soft,predicted-typical,"{""flag_clean"": 0.25, ""flag_recall"": 0.6, ""placement_fallback"": ""least-overlap""}",beanstalk,6,20,200,2,True,200,11.3836,17.5691,,145.568,288.658,146.36,36.58,7.0,0.4,56.03,83.28,15.94,0.9,127.55,7.51,12.23,768.8,56.28,77,0,2,31,9,50,47,2,47,162,98.92,34.19,122.11,292.03,133.8,6,0,0,8,20,41,57,0.12
place,beanstalk hard,predicted-typical,"{""flag_clean"": 0.25, ""flag_recall"": 0.6, ""placement_fallback"": ""wait""}",beanstalk,2,20,200,2,True,200,11.5282,17.3488,26.5945,31.802,74.786,34.442,38.92,1.78,0.31,58.99,89.73,4.1,0.72,136.02,130.44,0.88,1118.7,80.87,112,0,2,7,2,58,18,1,18,0,51.77,27.3,23.36,85.0,8.0,2,0,0,9,13,11,99,0.07
place,beanstalk hard,predicted-typical,"{""flag_clean"": 0.25, ""flag_recall"": 0.6, ""placement_fallback"": ""wait""}",beanstalk,1,20,200,2,True,200,11.665,17.1454,35.6699,135.099,310.693,146.813,38.14,5.9,0.35,55.62,88.97,13.75,0.82,129.76,116.05,12.22,1255.2,89.67,125,0,2,11,5,89,49,0,49,0,66.31,32.61,98.35,314.89,79.9,7,0,0,13,23,37,102,0.07
place,beanstalk hard,predicted-typical,"{""flag_clean"": 0.25, ""flag_recall"": 0.6, ""placement_fallback"": ""wait""}",beanstalk,7,20,200,2,True,200,10.46,19.1204,67.8848,149.093,343.949,164.869,40.42,6.1,0.38,53.09,84.57,12.77,0.8,111.06,100.42,8.11,1129.8,90.01,114,0,2,17,3,80,37,0,37,0,71.92,34.05,117.81,355.35,59.4,4,0,0,7,16,30,98,0.04
place,beanstalk hard,predicted-typical,"{""flag_clean"": 0.25, ""flag_recall"": 0.6, ""placement_fallback"": ""wait""}",beanstalk,5,20,200,2,True,200,12.8474,15.5674,,394.499,578.107,351.232,32.28,4.46,0.33,62.93,82.94,11.45,0.86,161.7,130.22,30.95,1311.9,85.09,131,0,2,18,12,75,53,0,53,0,130.68,37.7,226.66,586.08,136.2,7,0,0,17,46,37,85,0.08
place,beanstalk hard,predicted-typical,"{""flag_clean"": 0.25, ""flag_recall"": 0.6, ""placement_fallback"": ""wait""}",beanstalk,8,20,200,2,True,200,19.5347,10.2382,18.1914,139.233,347.606,162.165,25.54,3.49,0.19,70.78,99.8,13.63,0.74,276.52,226.71,48.21,1433.5,61.15,143,0,2,7,5,85,30,0,30,0,199.53,42.82,108.92,356.64,310.3,4,0,0,12,26,18,117,0.03
place,beanstalk hard,predicted-typical,"{""flag_clean"": 0.25, ""flag_recall"": 0.6, ""placement_fallback"": ""wait""}",beanstalk,3,20,200,2,True,200,13.3256,15.0087,22.5984,83.542,202.496,96.645,32.87,3.85,0.31,62.97,87.61,10.26,0.82,167.82,112.74,50.46,1380.9,86.36,137,0,2,19,5,64,39,2,39,0,115.73,41.75,62.02,203.79,225.8,6,0,0,17,47,25,90,0.12
place,beanstalk hard,predicted-typical,"{""flag_clean"": 0.25, ""flag_recall"": 0.6, ""placement_fallback"": ""wait""}",beanstalk,4,20,200,2,True,200,12.333,16.2167,110.8366,321.148,510.018,272.695,33.29,3.81,0.35,62.55,82.1,9.4,0.87,154.29,99.6,51.6,1289.2,87.11,129,0,2,18,6,61,51,1,51,0,166.37,47.94,187.55,517.86,210.5,8,0,0,14,53,38,76,0.12
place,beanstalk soft,module-level,"{""flag_clean"": 0.6, ""flag_recall"": 0.9, ""placement_fallback"": ""least-overlap""}",beanstalk,0,20,200,2,True,200,10.0351,19.93,34.8006,237.923,311.362,218.615,40.07,9.66,0.49,49.77,80.43,19.39,0.98,99.9,0.8,84.65,1078.5,89.56,108,0,2,46,5,34,54,0,54,190,160.66,56.11,144.11,313.39,375.9,10,0,0,17,70,37,38,0.04
place,beanstalk soft,predicted-typical,"{""flag_clean"": 0.25, ""flag_recall"": 0.6, ""placement_fallback"": ""least-overlap""}",beanstalk,4,20,200,2,True,200,11.5448,17.3238,24.7345,184.793,370.756,199.625,35.56,5.24,0.39,58.81,82.1,12.09,0.9,135.8,2.78,109.77,1188.8,85.81,119,0,2,23,6,28,53,1,53,154,199.86,62.41,137.81,376.67,376.4,10,0,0,18,82,36,37,0.28
place,beanstalk hard,predicted-typical,"{""flag_clean"": 0.25, ""flag_recall"": 0.6, ""placement_fallback"": ""wait""}",beanstalk,9,20,200,2,True,200,12.3934,16.1376,14.987,120.947,397.693,149.04,36.15,4.83,0.32,58.7,89.6,11.98,0.8,145.49,107.3,36.88,1252.7,84.23,125,0,2,12,4,93,39,0,39,0,123.3,33.73,146.67,435.25,213.7,5,0,0,11,19,28,106,0.09
place,beanstalk soft,module-level,"{""flag_clean"": 0.6, ""flag_recall"": 0.9, ""placement_fallback"": ""least-overlap""}",beanstalk,1,20,200,2,True,200,8.8121,22.6961,,199.64,488.636,264.13,50.48,10.03,0.52,38.96,88.97,17.69,0.92,68.67,0.0,61.09,1008.3,95.35,100,0,2,37,3,42,48,1,48,190,125.69,50.35,228.9,491.63,268.5,9,0,0,13,52,36,48,0.1
place,beanstalk soft,module-level,"{""flag_clean"": 0.6, ""flag_recall"": 0.9, ""placement_fallback"": ""least-overlap""}",beanstalk,2,20,200,2,True,200,7.2641,27.5326,,227.173,397.559,234.859,61.76,10.47,0.61,27.16,89.73,15.21,0.88,39.46,0.91,33.78,815.7,93.58,82,0,2,42,8,44,24,1,24,191,97.9,43.58,183.51,399.42,137.7,4,0,0,10,32,15,50,0.11
place,beanstalk soft,module-level,"{""flag_clean"": 0.6, ""flag_recall"": 0.9, ""placement_fallback"": ""least-overlap""}",beanstalk,4,20,200,2,True,200,9.3271,21.443,105.782,302.347,444.556,277.744,44.01,6.3,0.48,49.21,82.1,11.75,0.9,91.79,0.59,75.51,1074.2,95.97,108,0,2,27,12,33,51,1,51,189,195.52,57.38,185.12,446.79,330.2,8,0,0,17,69,35,39,0.13
place,beanstalk soft,module-level,"{""flag_clean"": 0.6, ""flag_recall"": 0.9, ""placement_fallback"": ""least-overlap""}",beanstalk,5,20,200,2,True,200,10.517,19.0169,,490.481,610.288,455.094,39.43,7.84,0.42,52.31,82.94,16.49,0.88,110.02,4.21,83.07,934.8,74.07,93,0,2,23,6,41,50,0,50,194,130.13,47.93,299.62,614.7,268.8,10,0,0,13,50,38,43,0.11
place,beanstalk soft,module-level,"{""flag_clean"": 0.6, ""flag_recall"": 0.9, ""placement_fallback"": ""least-overlap""}",beanstalk,8,20,200,2,True,200,10.474,19.095,,448.734,602.382,428.94,47.64,11.09,0.42,40.85,99.8,23.23,0.88,85.57,4.12,60.14,902.2,71.78,90,0,2,39,9,56,32,0,32,196,126.93,47.07,289.84,603.34,262.6,6,0,0,12,30,20,60,0.04
place,beanstalk soft,module-level,"{""flag_clean"": 0.6, ""flag_recall"": 0.9, ""placement_fallback"": ""least-overlap""}",beanstalk,7,20,200,2,True,200,7.0187,28.4952,,203.65,359.073,205.441,60.24,12.56,0.64,26.56,84.57,17.63,0.89,37.28,1.28,16.57,750.1,89.06,76,0,2,38,6,49,36,1,36,195,75.66,36.75,155.55,360.0,136.1,6,0,0,6,21,31,55,0.07
place,beanstalk hard,predicted-typical,"{""flag_clean"": 0.25, ""flag_recall"": 0.6, ""placement_fallback"": ""wait""}",beanstalk,6,20,200,2,True,200,14.3634,13.9243,40.9367,75.133,249.094,99.732,28.99,4.56,0.29,66.17,83.28,13.1,0.82,190.07,165.45,23.23,1210.6,70.24,121,0,2,19,2,81,40,1,40,0,98.82,32.27,84.6,256.78,198.4,5,0,0,6,12,35,109,0.3
place,beanstalk soft,module-level,"{""flag_clean"": 0.6, ""flag_recall"": 0.9, ""placement_fallback"": ""least-overlap""}",beanstalk,9,20,200,2,True,200,10.3142,19.3908,,359.906,488.712,321.636,43.43,8.05,0.42,48.09,89.6,16.61,0.88,99.21,0.0,89.17,866.8,70.03,86,0,2,30,9,48,40,0,40,195,112.37,44.42,208.23,495.9,294.8,6,0,0,10,34,30,52,0.04
place,beanstalk hard,module-level,"{""flag_clean"": 0.6, ""flag_recall"": 0.9, ""placement_fallback"": ""wait""}",beanstalk,0,20,200,2,True,200,21.4944,9.3047,12.5663,52.175,186.028,69.826,18.71,2.47,0.19,78.63,80.43,10.63,0.8,338.03,327.08,2.97,1909.1,74.02,190,0,2,7,1,122,48,0,48,0,59.17,27.56,46.07,195.63,25.9,4,0,0,17,19,34,171,0.04
place,beanstalk hard,module-level,"{""flag_clean"": 0.6, ""flag_recall"": 0.9, ""placement_fallback"": ""wait""}",beanstalk,3,20,200,2,True,200,19.565,10.2224,11.047,29.817,104.454,38.887,22.39,1.71,0.19,75.71,87.61,6.7,0.75,296.24,281.12,5.77,1889.1,80.46,188,0,2,3,2,108,36,0,36,0,56.96,27.21,30.39,148.17,29.2,3,0,0,13,16,24,172,0.04
place,beanstalk soft,module-level,"{""flag_clean"": 0.6, ""flag_recall"": 0.9, ""placement_fallback"": ""least-overlap""}",beanstalk,6,20,200,2,True,200,12.7375,15.7017,192.7611,253.417,367.001,212.147,32.69,6.1,0.34,60.87,83.28,15.54,0.88,155.05,6.42,40.16,879.6,57.54,88,0,2,24,10,42,51,1,51,187,130.26,47.73,161.63,369.74,235.3,11,0,0,10,41,42,47,0.18
place,beanstalk hard,module-level,"{""flag_clean"": 0.6, ""flag_recall"": 0.9, ""placement_fallback"": ""wait""}",beanstalk,4,20,200,2,True,200,18.8579,10.6056,10.251,27.675,114.485,38.465,21.77,1.7,0.21,76.32,82.1,6.43,0.77,287.86,278.04,1.05,1902.2,84.06,189,0,2,2,6,102,43,0,43,0,50.18,24.96,24.6,126.2,12.3,4,0,0,13,17,31,172,0.04
place,beanstalk hard,module-level,"{""flag_clean"": 0.6, ""flag_recall"": 0.9, ""placement_fallback"": ""wait""}",beanstalk,5,20,200,2,True,200,20.023,9.9885,12.2981,36.626,147.744,55.653,20.71,1.99,0.2,77.1,82.94,7.96,0.78,308.77,292.24,5.12,1912.9,79.61,190,0,2,7,3,104,46,0,46,0,47.31,25.62,37.38,181.66,8.0,5,0,0,14,18,33,172,0.04
place,beanstalk hard,module-level,"{""flag_clean"": 0.6, ""flag_recall"": 0.9, ""placement_fallback"": ""wait""}",beanstalk,2,20,200,2,True,200,23.1194,8.6507,9.5506,13.966,60.085,22.388,19.41,0.92,0.15,79.53,89.73,4.25,0.69,367.72,350.58,7.03,1970.0,71.01,197,0,2,4,1,67,19,1,19,0,61.91,28.12,16.51,95.5,18.9,2,0,0,14,15,10,182,0.09
place,beanstalk hard,module-level,"{""flag_clean"": 0.6, ""flag_recall"": 0.9, ""placement_fallback"": ""wait""}",beanstalk,8,20,200,2,True,200,26.016,7.6876,8.5571,31.441,126.895,49.539,19.18,2.0,0.14,78.68,99.8,10.42,0.73,409.37,373.89,28.52,1992.0,63.81,199,0,2,4,1,101,33,0,33,0,129.82,34.54,42.6,255.9,185.9,3,0,0,15,18,20,181,0.03
place,beanstalk soft,module-level,"{""flag_clean"": 0.6, ""flag_recall"": 0.9, ""placement_fallback"": ""least-overlap""}",beanstalk,3,20,200,2,True,200,8.6537,23.1115,34.2082,166.406,262.766,146.773,50.62,7.77,0.5,41.11,87.61,13.45,0.87,71.14,0.71,52.79,969.0,93.31,95,0,2,31,5,40,43,1,43,193,131.95,52.21,105.73,267.9,265.3,7,0,0,14,46,30,49,0.35
place,beanstalk soft,file-oracle,"{""flag_clean"": 0.05, ""flag_recall"": 1.0, ""placement_fallback"": ""least-overlap""}",beanstalk,0,20,200,2,True,200,9.9503,20.0998,,405.661,581.085,405.058,40.42,6.99,0.45,52.14,80.43,13.92,0.89,103.77,0.0,100.46,1128.7,94.53,113,0,2,17,7,22,54,0,54,15,184.13,69.8,284.26,582.44,414.9,9,0,0,19,88,35,25,0.07
place,beanstalk hard,module-level,"{""flag_clean"": 0.6, ""flag_recall"": 0.9, ""placement_fallback"": ""wait""}",beanstalk,9,20,200,2,True,200,23.372,8.5572,8.231,20.49,85.133,33.499,19.17,1.65,0.16,79.03,89.6,7.69,0.73,369.42,349.23,12.93,1973.0,70.35,197,0,2,3,2,99,35,0,35,0,104.34,27.9,27.23,124.76,117.4,2,0,0,10,11,26,186,0.11
place,beanstalk soft,file-oracle,"{""flag_clean"": 0.05, ""flag_recall"": 1.0, ""placement_fallback"": ""least-overlap""}",beanstalk,2,20,200,2,True,200,9.9632,20.0738,18.8963,165.713,249.6,149.627,45.03,4.94,0.4,49.63,89.73,9.84,0.8,98.9,1.79,71.78,1034.7,86.54,104,0,2,11,3,37,37,2,37,22,155.4,52.22,101.26,250.92,292.8,8,0,0,15,54,24,50,0.03
place,beanstalk soft,file-oracle,"{""flag_clean"": 0.05, ""flag_recall"": 1.0, ""placement_fallback"": ""least-overlap""}",beanstalk,1,20,200,2,True,200,8.3638,23.9127,41.0924,178.505,245.834,162.052,53.19,6.72,0.49,39.61,88.97,11.24,0.82,66.25,2.26,47.55,892.0,88.87,88,0,2,7,5,43,44,1,44,15,100.68,42.84,108.38,250.03,235.2,8,0,0,12,38,33,50,0.06
place,beanstalk soft,file-oracle,"{""flag_clean"": 0.05, ""flag_recall"": 1.0, ""placement_fallback"": ""least-overlap""}",beanstalk,4,20,200,2,True,200,9.7663,20.4786,56.106,168.638,294.961,174.406,42.03,4.88,0.43,52.66,82.1,9.52,0.84,102.86,4.33,76.42,971.2,82.87,97,0,2,9,13,25,50,1,50,12,150.15,55.38,106.55,301.56,303.2,11,0,0,14,64,37,33,0.03
place,beanstalk soft,file-oracle,"{""flag_clean"": 0.05, ""flag_recall"": 1.0, ""placement_fallback"": ""least-overlap""}",beanstalk,3,20,200,2,True,200,10.882,18.379,899.4889,377.897,551.095,346.755,40.25,5.1,0.38,54.27,87.61,11.1,0.82,118.11,0.85,100.41,1230.0,94.19,122,0,2,13,9,34,45,2,45,9,205.78,73.01,232.78,549.18,447.6,8,0,0,18,79,29,43,0.03
place,beanstalk soft,file-oracle,"{""flag_clean"": 0.05, ""flag_recall"": 1.0, ""placement_fallback"": ""least-overlap""}",beanstalk,6,20,200,2,True,200,10.4019,19.2272,,239.256,368.418,235.823,40.03,6.92,0.4,52.65,83.28,14.4,0.83,109.53,7.59,89.65,809.7,64.87,81,0,2,7,4,40,50,1,50,17,97.9,38.67,142.63,371.51,208.3,9,0,0,12,33,39,48,0.03
place,beanstalk soft,file-oracle,"{""flag_clean"": 0.05, ""flag_recall"": 1.0, ""placement_fallback"": ""least-overlap""}",beanstalk,7,20,200,2,True,200,8.3863,23.8485,,195.939,435.094,247.089,50.42,9.39,0.51,39.68,84.57,15.75,0.86,66.56,2.37,58.27,918.1,91.23,93,0,2,12,3,57,50,0,50,12,138.33,41.95,196.45,443.59,259.2,10,0,0,10,29,40,64,0.03
place,beanstalk hard,module-level,"{""flag_clean"": 0.6, ""flag_recall"": 0.9, ""placement_fallback"": ""wait""}",beanstalk,1,20,200,2,True,200,24.2428,8.2499,9.7778,33.054,108.294,43.514,18.35,1.98,0.16,79.52,88.97,9.58,0.76,385.55,361.47,7.81,1946.6,66.91,192,0,2,6,3,113,39,0,39,0,65.59,28.8,29.55,128.86,34.6,3,0,0,11,12,28,180,0.3
place,beanstalk soft,file-oracle,"{""flag_clean"": 0.05, ""flag_recall"": 1.0, ""placement_fallback"": ""least-overlap""}",beanstalk,8,20,200,2,True,200,16.7717,11.9249,,343.4,512.741,278.323,29.75,4.74,0.24,65.27,99.8,15.89,0.8,218.95,0.0,87.91,1098.2,54.57,110,0,2,10,2,41,38,0,38,15,183.71,71.76,190.69,516.04,329.6,10,0,0,17,62,21,48,0.03
place,beanstalk hard,module-level,"{""flag_clean"": 0.6, ""flag_recall"": 0.9, ""placement_fallback"": ""wait""}",beanstalk,6,20,200,2,True,200,23.3841,8.5528,9.6745,30.779,177.332,51.374,17.81,2.6,0.16,79.43,83.28,12.14,0.77,371.49,342.8,18.59,2031.8,72.41,202,0,2,4,3,126,45,0,45,0,97.3,29.24,45.08,199.6,103.9,3,0,0,10,11,37,191,0.24
place,beanstalk soft,file-oracle,"{""flag_clean"": 0.05, ""flag_recall"": 1.0, ""placement_fallback"": ""least-overlap""}",beanstalk,9,20,200,2,True,200,7.6868,26.0186,,297.776,440.475,289.221,58.28,7.95,0.55,33.23,89.6,12.22,0.84,51.08,0.69,33.92,877.0,95.07,87,0,2,15,10,49,43,1,43,16,152.33,44.02,212.2,442.1,184.6,10,0,0,10,35,34,52,0.03
place,beanstalk hard,file-oracle,"{""flag_clean"": 0.05, ""flag_recall"": 1.0, ""placement_fallback"": ""wait""}",beanstalk,0,20,200,2,True,200,10.6681,18.7474,,342.712,518.136,338.121,37.7,5.95,0.4,55.95,80.43,12.7,0.86,119.37,21.69,90.73,1162.1,90.78,116,0,2,10,7,29,56,0,56,0,180.06,60.39,216.76,519.49,385.4,9,0,0,19,81,37,35,0.03
place,beanstalk hard,module-level,"{""flag_clean"": 0.6, ""flag_recall"": 0.9, ""placement_fallback"": ""wait""}",beanstalk,7,20,200,2,True,200,22.9506,8.7144,10.297,23.298,88.96,32.706,18.42,1.87,0.16,79.55,84.57,8.57,0.74,365.13,347.06,5.37,1899.5,68.97,191,0,2,6,1,99,31,1,31,0,69.62,27.9,22.71,107.27,35.5,3,0,0,8,9,25,182,0.26
place,beanstalk hard,file-oracle,"{""flag_clean"": 0.05, ""flag_recall"": 1.0, ""placement_fallback"": ""wait""}",beanstalk,2,20,200,2,True,200,9.6534,20.7182,18.9611,165.713,247.916,145.297,46.48,4.27,0.41,48.85,89.73,8.24,0.78,94.31,29.13,64.38,1086.3,93.78,109,0,2,7,3,41,36,2,36,0,155.4,50.97,102.12,249.19,283.9,8,0,0,15,52,23,57,0.03
place,beanstalk hard,file-oracle,"{""flag_clean"": 0.05, ""flag_recall"": 1.0, ""placement_fallback"": ""wait""}",beanstalk,3,20,200,2,True,200,11.2049,17.8494,899.4889,377.897,551.095,345.73,39.09,4.75,0.36,55.79,87.61,10.65,0.81,125.02,21.03,103.2,1273.3,94.7,126,0,2,11,9,34,45,2,45,0,205.78,73.0,226.59,549.18,447.6,8,0,0,19,80,29,46,0.03
place,beanstalk soft,file-oracle,"{""flag_clean"": 0.05, ""flag_recall"": 1.0, ""placement_fallback"": ""least-overlap""}",beanstalk,5,20,200,2,True,200,8.68,23.0415,,339.028,461.185,281.904,47.78,6.07,0.5,45.66,82.94,10.54,0.86,79.26,2.06,65.98,915.3,87.87,91,0,2,14,10,36,49,0,49,12,137.36,49.87,206.47,462.11,274.8,12,0,0,14,51,36,40,0.14
place,beanstalk hard,file-oracle,"{""flag_clean"": 0.05, ""flag_recall"": 1.0, ""placement_fallback"": ""wait""}",beanstalk,7,20,200,2,True,200,9.1362,21.8908,,239.581,478.736,286.159,46.28,7.88,0.46,45.38,84.57,14.39,0.84,82.93,27.69,52.45,938.7,85.62,95,0,2,8,3,60,50,0,50,0,138.33,41.08,217.43,487.23,242.1,10,0,0,10,29,40,66,0.03
place,beanstalk hard,file-oracle,"{""flag_clean"": 0.05, ""flag_recall"": 1.0, ""placement_fallback"": ""wait""}",beanstalk,9,20,200,2,True,200,8.3642,23.9113,,263.121,405.82,253.708,53.56,6.85,0.49,39.1,89.6,11.46,0.81,65.41,27.34,35.72,923.7,92.02,93,0,2,9,10,52,43,1,43,0,152.2,42.79,167.7,407.44,167.4,10,0,0,11,32,34,60,0.03
place,beanstalk hard,file-oracle,"{""flag_clean"": 0.05, ""flag_recall"": 1.0, ""placement_fallback"": ""wait""}",beanstalk,4,20,200,2,True,200,9.1891,21.7648,56.106,168.638,294.961,172.534,44.67,4.66,0.46,50.21,82.1,8.56,0.84,92.28,16.94,72.11,1015.4,92.09,101,0,2,6,14,26,50,1,50,0,150.15,54.12,109.64,301.56,299.8,11,0,0,14,64,37,37,0.11
place,beanstalk hard,file-oracle,"{""flag_clean"": 0.05, ""flag_recall"": 1.0, ""placement_fallback"": ""wait""}",beanstalk,1,20,200,2,True,200,8.9256,22.4075,35.8824,191.581,251.081,171.283,49.84,6.19,0.45,43.52,88.97,11.05,0.81,77.68,25.43,44.79,939.4,87.71,93,0,2,5,5,48,44,1,44,0,100.68,42.63,116.09,250.03,232.6,8,0,0,12,38,33,55,0.14
place,beanstalk soft,hot-file-rule,"{""flag_clean"": 0.02, ""flag_recall"": 0.3, ""placement_fallback"": ""least-overlap""}",beanstalk,1,20,200,2,True,200,8.2718,24.1786,62.2635,141.465,300.877,157.948,53.78,10.33,0.55,35.34,88.97,17.09,0.91,58.47,0.0,36.61,910.7,91.74,90,0,2,32,4,46,46,0,46,8,93.25,43.37,113.99,303.71,196.6,7,0,0,13,34,34,56,0.03
place,beanstalk soft,hot-file-rule,"{""flag_clean"": 0.02, ""flag_recall"": 0.3, ""placement_fallback"": ""least-overlap""}",beanstalk,3,20,200,2,True,200,10.6682,18.7473,,446.503,591.962,380.946,41.06,6.49,0.42,52.02,87.61,13.86,0.91,110.99,2.57,107.86,1167.3,91.18,115,0,2,27,9,30,49,1,49,2,165.66,60.75,270.29,587.55,439.4,8,0,0,18,79,32,36,0.02
place,beanstalk soft,hot-file-rule,"{""flag_clean"": 0.02, ""flag_recall"": 0.3, ""placement_fallback"": ""least-overlap""}",beanstalk,4,20,200,2,True,200,8.7007,22.9866,,249.333,398.005,247.53,47.18,6.37,0.5,45.94,82.1,11.09,0.88,79.95,3.6,39.82,838.7,80.33,84,0,2,22,12,28,50,0,50,5,90.13,40.6,157.68,397.71,205.2,9,0,0,13,49,37,35,0.02
place,beanstalk hard,file-oracle,"{""flag_clean"": 0.05, ""flag_recall"": 1.0, ""placement_fallback"": ""wait""}",beanstalk,5,20,200,2,True,200,8.6452,23.1341,,326.802,448.958,267.374,47.97,4.92,0.47,46.63,82.94,8.51,0.82,80.63,21.0,59.45,935.3,90.16,93,0,2,5,15,36,48,0,48,0,137.36,49.3,195.98,449.88,263.5,12,0,0,14,50,35,43,0.17
place,beanstalk soft,hot-file-rule,"{""flag_clean"": 0.02, ""flag_recall"": 0.3, ""placement_fallback"": ""least-overlap""}",beanstalk,5,20,200,2,True,200,8.5664,23.3472,,342.258,495.299,314.077,48.41,8.81,0.57,42.21,82.94,15.09,0.98,72.32,0.0,54.42,1002.2,97.49,100,0,2,49,9,42,47,0,47,3,150.44,57.48,240.26,496.67,275.8,9,0,0,14,56,34,44,0.02
place,beanstalk soft,hot-file-rule,"{""flag_clean"": 0.02, ""flag_recall"": 0.3, ""placement_fallback"": ""least-overlap""}",beanstalk,7,20,200,2,True,200,7.6449,26.1613,,294.543,432.942,267.977,55.31,9.5,0.56,34.63,84.57,14.53,0.86,52.95,0.0,50.66,851.0,92.77,86,0,2,25,9,48,36,1,36,6,143.8,50.67,212.28,440.99,236.8,8,0,0,10,35,27,51,0.02
place,beanstalk hard,file-oracle,"{""flag_clean"": 0.05, ""flag_recall"": 1.0, ""placement_fallback"": ""wait""}",beanstalk,8,20,200,2,True,200,16.8332,11.8813,,344.122,510.492,282.903,29.64,4.31,0.23,65.81,99.8,14.52,0.79,221.56,106.91,90.21,1181.7,58.5,118,0,2,7,3,49,38,0,38,0,200.37,73.75,190.95,513.79,432.9,10,0,0,17,62,21,56,0.19
place,beanstalk soft,hot-file-rule,"{""flag_clean"": 0.02, ""flag_recall"": 0.3, ""placement_fallback"": ""least-overlap""}",beanstalk,8,20,200,2,True,200,15.5661,12.8484,247.8851,261.384,442.431,255.818,32.06,6.29,0.28,61.38,99.8,19.58,0.86,191.08,7.23,54.14,1009.3,54.03,101,0,2,26,4,30,40,0,40,11,172.46,56.05,160.03,445.73,312.4,7,0,0,17,58,24,43,0.02
place,beanstalk hard,hot-file-rule,"{""flag_clean"": 0.02, ""flag_recall"": 0.3, ""placement_fallback"": ""wait""}",beanstalk,0,20,200,2,True,200,8.9509,22.3441,,181.624,398.107,215.952,44.93,10.43,0.55,44.09,80.43,18.68,0.98,78.93,33.35,41.86,984.6,91.66,99,0,2,45,0,38,55,0,55,0,104.06,43.68,157.83,403.41,243.4,8,0,0,15,50,40,49,0.02
place,beanstalk soft,hot-file-rule,"{""flag_clean"": 0.02, ""flag_recall"": 0.3, ""placement_fallback"": ""least-overlap""}",beanstalk,2,20,200,2,True,200,8.9663,22.3058,49.5298,176.446,298.005,174.122,50.04,6.62,0.46,42.88,89.73,11.86,0.83,76.9,0.94,66.01,1004.0,93.31,101,0,2,23,4,33,34,2,34,6,212.33,57.66,113.98,298.91,294.2,7,0,0,14,57,22,44,0.14
place,beanstalk hard,hot-file-rule,"{""flag_clean"": 0.02, ""flag_recall"": 0.3, ""placement_fallback"": ""wait""}",beanstalk,1,20,200,2,True,200,8.4828,23.577,57.51,146.238,300.877,160.281,52.44,10.44,0.53,36.58,88.97,17.71,0.91,62.07,9.03,36.45,932.2,91.57,92,0,2,29,4,48,49,0,49,0,93.25,43.08,114.85,303.71,203.3,7,0,0,13,34,37,58,0.02
place,beanstalk hard,hot-file-rule,"{""flag_clean"": 0.02, ""flag_recall"": 0.3, ""placement_fallback"": ""wait""}",beanstalk,3,20,200,2,True,200,10.9639,18.2417,,446.503,591.962,380.338,39.95,6.23,0.41,53.41,87.61,13.66,0.9,117.11,3.33,112.47,1176.8,89.44,116,0,2,26,9,30,49,1,49,0,165.66,60.75,263.23,587.55,439.4,8,0,0,18,79,32,37,0.02
place,beanstalk hard,hot-file-rule,"{""flag_clean"": 0.02, ""flag_recall"": 0.3, ""placement_fallback"": ""wait""}",beanstalk,2,20,200,2,True,200,9.3113,21.4792,49.5298,176.446,298.005,173.06,48.18,6.31,0.44,45.06,89.73,11.76,0.82,83.91,12.69,70.5,1025.4,91.77,103,0,2,22,4,33,34,2,34,0,212.33,57.66,110.07,298.91,294.2,7,0,0,14,57,22,46,0.07
place,beanstalk hard,hot-file-rule,"{""flag_clean"": 0.02, ""flag_recall"": 0.3, ""placement_fallback"": ""wait""}",beanstalk,5,20,200,2,True,200,8.5664,23.3472,,342.258,495.299,313.829,48.41,8.57,0.56,42.46,82.94,14.68,0.97,72.74,8.72,54.42,1002.2,97.49,100,0,2,46,9,42,47,0,47,0,150.44,57.42,240.26,496.67,274.7,9,0,0,14,56,34,44,0.02
place,beanstalk hard,hot-file-rule,"{""flag_clean"": 0.02, ""flag_recall"": 0.3, ""placement_fallback"": ""wait""}",beanstalk,6,20,200,2,True,200,10.1342,19.7352,42.0896,127.822,221.72,124.758,41.09,7.45,0.44,51.03,83.28,15.1,0.89,103.42,7.27,74.67,849.9,69.88,85,0,2,26,5,44,43,1,43,0,99.54,43.19,91.21,226.66,251.8,7,0,0,10,33,34,52,0.02
place,beanstalk hard,hot-file-rule,"{""flag_clean"": 0.02, ""flag_recall"": 0.3, ""placement_fallback"": ""wait""}",beanstalk,7,20,200,2,True,200,8.0068,24.9787,,297.686,436.084,269.662,52.81,8.68,0.53,37.99,84.57,13.89,0.85,60.83,9.7,46.64,892.2,92.86,90,0,2,23,10,49,36,1,36,0,143.8,49.76,205.74,444.13,217.3,8,0,0,10,35,27,55,0.02
place,beanstalk soft,hot-file-rule,"{""flag_clean"": 0.02, ""flag_recall"": 0.3, ""placement_fallback"": ""least-overlap""}",beanstalk,9,20,200,2,True,200,8.4677,23.6192,,353.249,487.406,349.686,52.91,10.66,0.53,35.9,89.6,18.06,0.9,60.8,2.38,29.41,887.0,87.3,88,0,2,28,10,47,46,0,46,10,92.02,39.73,239.15,492.72,162.3,6,0,0,14,38,32,50,0.21
place,beanstalk hard,file-oracle,"{""flag_clean"": 0.05, ""flag_recall"": 1.0, ""placement_fallback"": ""wait""}",beanstalk,6,20,200,2,True,200,10.8169,18.4897,,197.732,326.894,194.698,38.49,5.8,0.38,55.33,83.28,12.55,0.82,119.7,28.59,61.15,810.0,62.41,81,0,2,2,4,42,49,1,49,0,97.9,36.8,114.83,329.99,151.4,9,0,0,11,27,39,54,0.43
place,beanstalk hard,hot-file-rule,"{""flag_clean"": 0.02, ""flag_recall"": 0.3, ""placement_fallback"": ""wait""}",beanstalk,9,20,200,2,True,200,9.1413,21.8788,,393.664,527.82,385.98,49.01,9.42,0.49,41.09,89.6,17.22,0.89,75.11,22.72,46.33,857.7,78.19,85,0,2,27,10,47,45,0,45,0,100.26,37.59,259.32,533.13,182.0,6,0,0,14,35,31,50,0.04
place,beanstalk module soft,module sets,"{""placement_fallback"": ""least-overlap"", ""placement_model"": ""module""}",beanstalk,0,20,200,2,True,200,10.2345,19.5418,,457.977,586.029,402.75,39.29,9.52,0.48,50.71,80.43,19.49,0.98,103.79,0.41,97.0,1099.9,89.56,110,0,2,48,4,35,58,0,58,139,145.97,56.31,285.67,592.11,369.7,12,0,0,18,71,40,39,0.08
place,beanstalk soft,hot-file-rule,"{""flag_clean"": 0.02, ""flag_recall"": 0.3, ""placement_fallback"": ""least-overlap""}",beanstalk,0,20,200,2,True,200,8.8384,22.6285,,192.847,409.33,227.707,45.5,11.36,0.56,42.57,80.43,20.09,1.0,75.25,0.39,54.01,939.0,88.53,94,0,2,50,1,36,56,0,56,10,104.06,44.31,170.59,414.63,267.8,8,0,0,16,53,40,41,0.44
place,beanstalk module soft,module sets,"{""placement_fallback"": ""least-overlap"", ""placement_model"": ""module""}",beanstalk,2,20,200,2,True,200,9.3282,21.4404,21.3779,132.721,219.227,131.577,48.1,7.73,0.46,43.71,89.73,14.43,0.86,81.54,5.86,44.28,982.5,87.77,98,0,2,37,5,49,30,1,30,152,157.9,44.92,92.76,221.74,217.2,5,0,0,12,41,19,57,0.02
place,beanstalk module soft,module sets,"{""placement_fallback"": ""least-overlap"", ""placement_model"": ""module""}",beanstalk,4,20,200,2,True,200,9.4946,21.0647,,300.04,439.335,276.287,43.24,8.77,0.5,47.49,82.1,16.65,0.96,90.19,4.32,73.23,867.5,76.14,87,0,2,40,10,30,53,1,53,146,100.58,51.06,174.59,436.57,248.5,13,0,0,13,51,41,36,0.06
place,beanstalk module soft,module sets,"{""placement_fallback"": ""least-overlap"", ""placement_model"": ""module""}",beanstalk,1,20,200,2,True,200,8.8576,22.5795,,264.161,411.314,251.73,50.22,9.43,0.49,39.85,88.97,16.71,0.87,70.6,2.46,54.23,895.1,84.21,89,0,2,29,7,42,45,1,45,146,100.95,45.98,166.8,417.06,232.0,8,0,0,12,39,34,50,0.15
place,beanstalk module soft,module sets,"{""placement_fallback"": ""least-overlap"", ""placement_model"": ""module""}",beanstalk,3,20,200,2,True,200,8.5915,23.2789,38.525,192.825,247.204,182.517,50.99,8.5,0.55,39.97,87.61,14.6,0.94,68.68,2.3,59.7,937.3,90.91,92,0,2,49,5,42,38,1,38,150,142.97,48.61,129.07,267.86,274.2,6,0,0,13,48,26,44,0.1
place,beanstalk soft,hot-file-rule,"{""flag_clean"": 0.02, ""flag_recall"": 0.3, ""placement_fallback"": ""least-overlap""}",beanstalk,6,20,200,2,True,200,10.1203,19.7622,22.4434,158.937,420.13,216.483,41.14,7.73,0.44,50.68,83.28,15.65,0.9,102.58,3.28,88.09,861.4,70.93,86,0,2,28,5,42,44,1,44,5,110.28,45.72,168.7,425.07,227.6,7,0,0,11,39,34,47,0.46
place,beanstalk hard,hot-file-rule,"{""flag_clean"": 0.02, ""flag_recall"": 0.3, ""placement_fallback"": ""wait""}",beanstalk,8,20,200,2,True,200,15.5609,12.8527,247.8851,261.384,442.431,256.076,32.07,6.04,0.27,61.62,99.8,18.81,0.85,191.76,127.17,54.14,1058.2,56.67,106,0,2,24,4,31,40,0,40,0,172.46,56.05,161.4,445.73,312.4,7,0,0,17,58,24,48,0.3
place,beanstalk module soft,module sets,"{""placement_fallback"": ""least-overlap"", ""placement_model"": ""module""}",beanstalk,6,20,200,2,True,200,10.0554,19.8898,42.0803,140.794,228.564,141.659,41.41,8.99,0.47,49.14,83.28,18.07,0.94,98.82,0.91,44.45,790.0,65.47,79,0,2,40,9,49,47,0,47,149,107.36,37.17,101.43,226.71,135.6,7,0,0,10,27,37,52,0.09
place,beanstalk module soft,module sets,"{""placement_fallback"": ""least-overlap"", ""placement_model"": ""module""}",beanstalk,8,20,200,2,True,200,16.3603,12.2247,84.6391,201.091,335.164,190.329,30.5,7.6,0.27,61.63,99.8,24.88,0.88,201.65,17.04,58.14,1015.0,51.7,101,0,2,39,1,50,34,1,34,145,128.51,49.66,150.28,397.93,226.4,6,0,0,14,42,21,59,0.09
place,beanstalk module hard,module sets,"{""placement_fallback"": ""wait"", ""placement_model"": ""module""}",beanstalk,0,20,200,2,True,200,43.8242,4.5637,4.8529,22.322,158.403,49.103,9.18,1.11,0.09,89.63,80.43,9.71,0.78,785.56,779.5,5.91,1990.5,37.85,197,0,2,8,0,77,46,0,46,0,59.04,25.96,23.97,164.48,24.6,5,0,0,14,19,32,178,0.02
place,beanstalk module hard,module sets,"{""placement_fallback"": ""wait"", ""placement_model"": ""module""}",beanstalk,1,20,200,2,True,200,42.3647,4.7209,4.9185,32.899,147.452,51.005,10.5,1.11,0.09,88.3,88.97,9.38,0.76,748.19,731.47,16.49,1882.9,37.04,189,0,2,5,0,77,39,1,39,0,67.81,31.89,29.43,153.19,77.8,4,0,0,12,22,29,167,0.02
place,beanstalk module hard,module sets,"{""placement_fallback"": ""wait"", ""placement_model"": ""module""}",beanstalk,2,20,200,2,True,200,44.5399,4.4904,4.2245,11.273,63.337,21.116,10.07,0.3,0.08,89.55,89.73,2.71,0.69,797.67,796.91,0.58,1871.1,35.01,186,0,2,3,4,39,16,0,16,0,44.62,27.26,20.0,121.53,4.7,2,0,0,10,12,8,174,0.02
place,beanstalk module hard,module sets,"{""placement_fallback"": ""wait"", ""placement_model"": ""module""}",beanstalk,3,20,200,2,True,200,43.2062,4.629,5.3034,27.763,169.694,57.474,10.14,0.91,0.09,88.86,87.61,7.9,0.76,767.86,753.68,14.0,2066.4,39.85,206,0,2,2,1,93,41,1,41,0,79.1,27.44,31.24,187.72,30.3,4,0,0,18,21,26,185,0.02
place,beanstalk module hard,module sets,"{""placement_fallback"": ""wait"", ""placement_model"": ""module""}",beanstalk,4,20,200,2,True,200,39.6606,5.0428,5.0154,17.693,81.775,28.638,10.35,0.84,0.1,88.71,82.1,6.69,0.77,703.65,698.74,4.76,2070.7,43.51,207,0,2,5,1,85,42,0,42,0,56.26,24.03,18.43,86.3,23.9,4,0,0,12,15,30,192,0.02
place,beanstalk module hard,module sets,"{""placement_fallback"": ""wait"", ""placement_model"": ""module""}",beanstalk,5,20,200,2,True,200,49.9461,4.0043,4.3873,13.571,182.879,51.419,8.3,0.63,0.08,90.99,82.94,6.31,0.75,908.92,907.07,1.69,2128.1,35.51,212,0,2,4,1,72,40,0,40,0,56.48,24.14,28.85,186.29,8.5,3,0,0,14,19,29,193,0.02
place,beanstalk hard,hot-file-rule,"{""flag_clean"": 0.02, ""flag_recall"": 0.3, ""placement_fallback"": ""wait""}",beanstalk,4,20,200,2,True,200,8.9306,22.3948,,250.373,399.045,247.871,45.97,5.8,0.49,47.74,82.1,10.36,0.87,85.28,29.71,51.34,848.4,79.17,85,0,2,21,12,29,50,0,50,0,90.13,40.09,156.91,398.75,218.8,9,0,0,13,49,37,36,0.51
place,beanstalk module hard,module sets,"{""placement_fallback"": ""wait"", ""placement_model"": ""module""}",beanstalk,6,20,200,2,True,200,44.8271,4.4616,4.6694,28.248,139.615,50.718,9.29,1.25,0.08,89.38,83.28,11.18,0.75,801.34,759.39,41.79,1968.3,36.59,196,0,2,2,4,90,40,1,40,0,97.46,31.25,35.45,196.18,136.6,4,0,0,11,16,34,180,0.02
place,beanstalk module hard,module sets,"{""placement_fallback"": ""wait"", ""placement_model"": ""module""}",beanstalk,7,20,200,2,True,200,45.0326,4.4412,4.8974,14.355,129.465,36.781,9.39,0.72,0.08,89.81,84.57,6.53,0.72,808.84,798.84,9.81,1903.5,35.22,191,0,2,5,1,69,28,0,28,0,66.58,26.48,22.65,126.75,23.0,4,0,0,8,11,22,180,0.02
place,beanstalk module hard,module sets,"{""placement_fallback"": ""wait"", ""placement_model"": ""module""}",beanstalk,9,20,200,2,True,200,52.899,3.7808,3.7136,18.177,98.189,31.736,8.47,0.68,0.07,90.78,89.6,7.19,0.73,960.46,958.89,1.1,2171.2,34.2,216,0,2,4,0,81,33,0,33,0,141.9,26.68,42.37,326.6,0.6,2,0,0,16,18,24,198,0.02
rho,beanstalk soft,,"{""flag_recall"": 0.4}",beanstalk,0,20,200,2,True,200,10.5772,18.9085,41.3194,245.919,385.703,252.006,38.02,8.36,0.45,53.17,80.43,17.69,0.96,112.47,0.74,81.07,1153.0,90.84,115,0,2,44,7,30,52,0,52,149,204.25,57.84,165.87,403.75,408.9,10,0,0,18,80,34,35,0.03
rho,beanstalk soft,,"{""flag_recall"": 0.4}",beanstalk,1,20,200,2,True,200,9.0582,22.0795,,373.455,509.277,340.76,49.11,9.79,0.51,40.59,88.97,17.73,0.92,73.54,0.36,56.32,1012.5,93.14,101,0,2,31,10,38,54,1,54,165,118.37,48.39,242.86,513.35,295.6,8,0,0,16,59,39,42,0.03
place,beanstalk module soft,module sets,"{""placement_fallback"": ""least-overlap"", ""placement_model"": ""module""}",beanstalk,9,20,200,2,True,200,10.5363,18.982,139.554,264.818,374.924,230.798,42.52,8.6,0.43,48.45,89.6,18.12,0.91,102.1,3.41,43.81,859.0,67.94,85,0,2,41,5,44,41,1,41,165,130.76,41.31,135.81,380.5,242.4,9,0,0,9,33,33,52,0.18
rho,beanstalk soft,,"{""flag_recall"": 0.4}",beanstalk,2,20,200,2,True,200,8.4593,23.6426,,206.742,364.929,202.513,53.04,8.13,0.51,38.32,89.73,13.76,0.87,64.84,2.62,34.26,883.3,87.01,89,0,2,36,4,34,27,1,27,163,128.02,49.6,135.03,365.76,202.8,6,0,0,13,44,15,45,0.03
place,beanstalk module soft,module sets,"{""placement_fallback"": ""least-overlap"", ""placement_model"": ""module""}",beanstalk,7,20,200,2,True,200,7.8753,25.3959,,309.761,438.986,290.382,53.69,10.55,0.58,35.18,84.57,16.61,0.92,55.41,2.97,46.33,800.5,84.71,81,0,2,36,6,44,38,0,38,144,111.18,39.39,201.81,436.27,195.5,5,0,0,9,31,29,50,0.27
place,beanstalk module hard,module sets,"{""placement_fallback"": ""wait"", ""placement_model"": ""module""}",beanstalk,8,20,200,2,True,200,58.4491,3.4218,4.2788,14.423,128.171,46.319,8.54,0.88,0.06,90.52,99.8,10.27,0.73,1058.18,1027.95,30.09,1985.3,28.31,196,0,2,2,0,62,32,0,32,0,129.08,37.4,64.06,519.18,151.4,5,0,0,14,23,20,173,0.23
place,beanstalk module soft,module sets,"{""placement_fallback"": ""least-overlap"", ""placement_model"": ""module""}",beanstalk,5,20,200,2,True,200,12.2678,16.3029,31.4087,182.969,276.587,165.453,33.8,5.38,0.38,60.43,82.94,13.21,0.92,148.28,0.0,83.37,1135.9,77.16,113,0,2,33,15,38,51,0,51,156,177.83,55.56,100.54,285.67,319.0,11,0,0,16,65,36,48,0.43
rho,beanstalk soft,,"{""flag_recall"": 0.4}",beanstalk,5,20,200,2,True,200,10.3102,19.3983,,218.274,483.567,276.44,40.22,6.67,0.44,52.66,82.94,13.76,0.91,108.59,0.0,62.56,1003.9,81.14,100,0,2,33,10,38,49,0,49,147,172.75,50.65,202.79,489.61,279.7,8,0,0,16,58,34,42,0.03
rho,beanstalk soft,,"{""flag_recall"": 0.4}",beanstalk,4,20,200,2,True,200,7.3845,27.0836,48.0578,133.087,197.727,124.349,55.59,8.04,0.61,35.76,82.1,11.87,0.9,52.81,0.5,34.56,829.0,93.56,83,0,2,27,5,32,51,0,51,147,100.71,41.36,98.02,217.01,223.2,7,0,0,13,46,38,37,0.11
rho,beanstalk soft,,"{""flag_recall"": 0.4}",beanstalk,8,20,200,2,True,200,11.4727,17.4328,,244.538,416.974,235.78,43.49,7.68,0.36,48.46,99.8,17.62,0.84,111.2,4.44,51.45,953.4,69.25,95,0,2,25,7,44,37,0,37,162,126.53,49.52,176.54,422.24,279.3,6,0,0,16,48,22,47,0.11
rho,beanstalk soft,,"{""flag_recall"": 0.4}",beanstalk,7,20,200,2,True,200,6.4255,31.1261,,204.703,341.281,204.699,65.81,11.7,0.7,21.8,84.57,15.03,0.9,28.01,0.0,13.88,713.6,92.54,72,0,2,39,4,54,34,0,34,175,56.37,32.46,159.08,349.7,74.0,5,0,0,7,12,27,60,0.13
rho,beanstalk soft,,"{""flag_recall"": 0.4}",beanstalk,6,20,200,2,True,200,12.0638,16.5785,,257.186,393.797,247.828,34.51,7.41,0.38,57.7,83.28,17.87,0.91,139.22,0.0,11.19,771.2,53.27,77,0,2,34,6,49,47,1,47,163,98.92,34.94,175.19,397.16,122.2,6,0,0,8,24,40,53,0.12
rho,beanstalk hard,,"{""flag_recall"": 0.4, ""placement_fallback"": ""wait""}",beanstalk,0,20,200,2,True,200,11.0557,18.0901,36.058,103.749,212.569,106.368,36.37,7.57,0.42,55.63,80.43,16.74,0.93,123.01,99.58,20.9,1202.2,90.61,120,0,2,35,4,61,53,0,53,0,90.26,34.5,74.17,222.11,132.2,7,0,0,18,44,37,76,0.12
rho,beanstalk hard,,"{""flag_recall"": 0.4, ""placement_fallback"": ""wait""}",beanstalk,2,20,200,2,True,200,12.8101,15.6127,20.5074,50.299,141.27,61.208,35.02,2.85,0.29,61.83,89.73,7.31,0.75,158.41,146.94,8.82,1200.2,78.07,121,0,2,16,2,57,23,0,23,0,63.84,33.69,34.89,143.26,55.0,5,0,0,11,22,13,99,0.1
rho,beanstalk hard,,"{""flag_recall"": 0.4, ""placement_fallback"": ""wait""}",beanstalk,1,20,200,2,True,200,13.4168,14.9067,127.1983,271.26,468.962,249.337,33.16,4.79,0.31,61.75,88.97,12.84,0.82,165.7,144.76,15.63,1237.7,76.87,124,0,2,12,5,79,46,1,46,0,77.14,32.47,148.01,473.16,79.3,5,0,0,12,24,35,100,0.12
rho,beanstalk hard,,"{""flag_recall"": 0.4, ""placement_fallback"": ""wait""}",beanstalk,4,20,200,2,True,200,11.3281,17.6552,37.6301,112.381,233.639,118.644,36.24,5.07,0.39,58.31,82.1,11.49,0.87,132.1,109.94,19.97,1134.4,83.45,113,0,2,28,4,63,43,0,43,0,75.95,33.44,86.71,256.82,94.8,5,0,0,13,34,30,79,0.08
rho,beanstalk soft,,"{""flag_recall"": 0.4}",beanstalk,3,20,200,2,True,200,8.8898,22.4977,43.9613,182.85,279.926,169.8,49.27,8.56,0.54,41.63,87.61,15.22,0.95,74.02,1.33,49.18,994.5,93.23,98,0,2,45,7,43,43,1,43,158,159.91,56.25,122.52,288.59,238.6,9,0,0,14,50,30,48,0.32
rho,beanstalk hard,,"{""flag_recall"": 0.4, ""placement_fallback"": ""wait""}",beanstalk,3,20,200,2,True,200,11.4953,17.3985,29.9717,118.01,249.298,115.356,38.11,4.68,0.36,56.86,87.61,10.75,0.83,130.72,100.55,26.98,1244.2,90.2,123,0,2,21,4,57,38,1,38,0,99.39,40.09,80.65,259.54,144.1,6,0,0,14,38,26,85,0.12
rho,beanstalk hard,,"{""flag_recall"": 0.4, ""placement_fallback"": ""wait""}",beanstalk,8,20,200,2,True,200,20.8596,9.5879,15.4603,126.906,336.578,153.248,23.92,3.73,0.18,72.17,99.8,15.55,0.76,301.08,253.51,45.99,1530.7,61.15,153,0,2,12,4,82,30,1,30,0,200.21,44.82,99.37,345.61,327.9,4,0,0,13,31,18,122,0.03
rho,beanstalk hard,,"{""flag_recall"": 0.4, ""placement_fallback"": ""wait""}",beanstalk,7,20,200,2,True,200,9.855,20.2942,23.8553,94.61,215.319,100.175,42.91,5.99,0.42,50.68,84.57,11.8,0.83,99.9,91.84,4.4,1087.7,91.97,110,0,2,20,3,79,36,1,36,0,57.06,30.61,76.55,232.18,31.3,4,0,0,8,15,29,95,0.03
rho,beanstalk soft,,"{""flag_recall"": 0.4}",beanstalk,9,20,200,2,True,200,9.2117,21.7114,37.3562,192.13,277.027,179.38,48.63,12.13,0.51,38.73,89.6,22.34,0.94,71.35,0.0,56.74,904.8,81.85,90,0,2,44,4,52,45,0,45,178,146.28,41.63,128.83,277.29,229.4,7,0,0,13,34,32,56,0.28
rho,beanstalk hard,,"{""flag_recall"": 0.4, ""placement_fallback"": ""wait""}",beanstalk,6,20,200,2,True,200,14.2281,14.0567,38.4398,149.54,259.747,138.883,29.26,5.41,0.3,65.03,83.28,15.38,0.87,185.04,164.5,18.08,1150.9,67.41,115,0,2,23,5,88,48,1,48,0,97.44,30.87,108.7,267.44,131.4,5,0,0,7,12,42,103,0.07
rho,beanstalk soft,,"{""flag_recall"": 0.6}",beanstalk,1,20,200,2,True,200,10.5449,18.9666,,342.201,476.174,305.232,42.19,9.34,0.45,48.03,88.97,19.7,0.94,101.28,0.0,61.07,1092.8,86.36,109,0,2,27,4,51,59,1,59,161,180.27,49.08,197.08,480.25,313.7,9,0,0,15,54,46,55,0.04
rho,beanstalk soft,,"{""flag_recall"": 0.6}",beanstalk,0,20,200,2,True,200,8.6314,23.1713,,357.408,498.501,344.756,46.59,10.58,0.57,42.26,80.43,18.27,0.98,72.95,2.87,61.19,958.6,92.55,96,0,2,49,5,29,49,0,49,159,135.62,52.29,241.79,500.13,300.2,11,0,0,15,64,34,32,0.04
rho,beanstalk soft,,"{""flag_recall"": 0.6}",beanstalk,2,20,200,2,True,200,8.4511,23.6655,84.042,184.776,331.982,190.738,53.09,6.89,0.48,39.54,89.73,11.65,0.81,66.83,2.06,36.23,933.4,92.03,94,0,2,23,5,32,26,2,26,170,167.61,55.79,122.75,333.35,217.0,6,0,0,14,53,14,41,0.03
rho,beanstalk soft,,"{""flag_recall"": 0.6}",beanstalk,3,20,200,2,True,200,11.1146,17.9943,,475.094,630.424,413.008,39.41,6.81,0.42,53.35,87.61,15.14,0.94,118.6,0.77,93.92,1225.8,91.91,121,0,2,35,10,42,52,1,52,153,178.22,55.7,306.47,639.08,393.3,7,0,0,22,75,31,46,0.03
rho,beanstalk soft,,"{""flag_recall"": 0.6}",beanstalk,4,20,200,2,True,200,11.5448,17.3238,24.7345,184.793,370.756,199.625,35.56,5.24,0.39,58.81,82.1,12.09,0.9,135.8,2.78,109.77,1188.8,85.81,119,0,2,23,6,28,53,1,53,154,199.86,62.41,137.81,376.67,376.4,10,0,0,18,82,36,37,0.03
rho,beanstalk soft,,"{""flag_recall"": 0.6}",beanstalk,5,20,200,2,True,200,8.587,23.291,,345.048,490.704,326.452,48.29,8.26,0.53,42.91,82.94,14.19,0.91,73.7,1.93,68.32,983.2,95.41,98,0,2,30,11,23,53,0,53,141,133.93,58.8,235.13,491.94,347.2,12,0,0,16,72,38,26,0.04
rho,beanstalk soft,,"{""flag_recall"": 0.6}",beanstalk,7,20,200,2,True,200,6.9081,28.9517,,208.378,353.431,203.228,61.21,9.26,0.61,28.92,84.57,12.8,0.84,39.95,1.72,17.89,777.6,93.8,79,0,2,26,4,49,35,1,35,157,120.62,37.03,158.74,361.85,120.2,5,0,0,7,23,29,56,0.04
rho,beanstalk soft,,"{""flag_recall"": 0.6}",beanstalk,8,20,200,2,True,200,16.9104,11.8271,,314.791,486.541,292.26,29.51,6.06,0.25,64.18,99.8,20.5,0.85,217.06,0.0,105.27,1057.4,52.11,105,0,2,25,9,46,40,1,40,157,140.47,54.9,206.11,491.8,313.9,7,0,0,16,54,25,51,0.04
rho,beanstalk hard,,"{""flag_recall"": 0.4, ""placement_fallback"": ""wait""}",beanstalk,5,20,200,2,True,200,13.1398,15.2209,20.6048,142.6,237.703,133.763,31.56,4.47,0.34,63.63,82.94,11.75,0.88,167.23,123.35,43.08,1259.8,79.9,125,0,2,20,7,67,50,0,50,0,111.92,39.74,80.94,249.71,207.5,7,0,0,16,43,35,82,0.16
rho,beanstalk soft,,"{""flag_recall"": 0.6}",beanstalk,6,20,200,2,True,200,11.3836,17.5691,,145.568,288.658,146.36,36.58,7.0,0.4,56.03,83.28,15.94,0.9,127.55,7.51,12.23,768.8,56.28,77,0,2,31,9,50,47,2,47,162,98.92,34.19,122.11,292.03,133.8,6,0,0,8,20,41,57,0.07
rho,beanstalk hard,,"{""flag_recall"": 0.4, ""placement_fallback"": ""wait""}",beanstalk,9,20,200,2,True,200,12.658,15.8003,16.2926,84.377,328.577,126.635,35.39,5.25,0.33,59.03,89.6,13.3,0.83,149.43,119.69,28.95,1203.7,79.25,121,0,2,26,2,63,38,0,38,0,143.22,34.59,90.37,340.32,155.2,7,0,0,13,28,27,93,0.15
rho,beanstalk hard,,"{""flag_recall"": 0.6, ""placement_fallback"": ""wait""}",beanstalk,0,20,200,2,True,200,12.0256,16.6311,29.7125,115.143,281.213,124.227,33.44,5.56,0.36,60.64,80.43,13.38,0.87,145.83,105.93,32.85,1176.7,81.54,119,0,2,21,4,66,51,0,51,0,105.47,35.14,87.45,284.25,170.3,6,0,0,16,41,36,77,0.04
rho,beanstalk hard,,"{""flag_recall"": 0.6, ""placement_fallback"": ""wait""}",beanstalk,1,20,200,2,True,200,11.665,17.1454,35.6699,135.099,310.693,146.813,38.14,5.9,0.35,55.62,88.97,13.75,0.82,129.76,116.05,12.22,1255.2,89.67,125,0,2,11,5,89,49,0,49,0,66.31,32.61,98.35,314.89,79.9,7,0,0,13,23,37,102,0.04
rho,beanstalk soft,,"{""flag_recall"": 0.6}",beanstalk,9,20,200,2,True,200,9.1195,21.9309,,385.129,525.717,379.672,49.12,11.08,0.48,39.31,89.6,20.22,0.88,71.69,0.0,44.13,831.0,75.94,82,0,2,35,7,40,40,0,40,174,96.21,44.09,254.19,527.13,245.0,5,0,0,11,39,29,43,0.07
rho,beanstalk hard,,"{""flag_recall"": 0.6, ""placement_fallback"": ""wait""}",beanstalk,3,20,200,2,True,200,13.3256,15.0087,22.5984,83.542,202.496,96.645,32.87,3.85,0.31,62.97,87.61,10.26,0.82,167.82,112.74,50.46,1380.9,86.36,137,0,2,19,5,64,39,2,39,0,115.73,41.75,62.02,203.79,225.8,6,0,0,17,47,25,90,0.04
rho,beanstalk hard,,"{""flag_recall"": 0.6, ""placement_fallback"": ""wait""}",beanstalk,5,20,200,2,True,200,12.8474,15.5674,,394.499,578.107,351.232,32.28,4.46,0.33,62.93,82.94,11.45,0.86,161.7,130.22,30.95,1311.9,85.09,131,0,2,18,12,75,53,0,53,0,130.68,37.7,226.66,586.08,136.2,7,0,0,17,46,37,85,0.04
rho,beanstalk hard,,"{""flag_recall"": 0.6, ""placement_fallback"": ""wait""}",beanstalk,6,20,200,2,True,200,14.3634,13.9243,40.9367,75.133,249.094,99.732,28.99,4.56,0.29,66.17,83.28,13.1,0.82,190.07,165.45,23.23,1210.6,70.24,121,0,2,19,2,81,40,1,40,0,98.82,32.27,84.6,256.78,198.4,5,0,0,6,12,35,109,0.04
rho,beanstalk hard,,"{""flag_recall"": 0.6, ""placement_fallback"": ""wait""}",beanstalk,7,20,200,2,True,200,10.46,19.1204,67.8848,149.093,343.949,164.869,40.42,6.1,0.38,53.09,84.57,12.77,0.8,111.06,100.42,8.11,1129.8,90.01,114,0,2,17,3,80,37,0,37,0,71.92,34.05,117.81,355.35,59.4,4,0,0,7,16,30,98,0.04
rho,beanstalk hard,,"{""flag_recall"": 0.6, ""placement_fallback"": ""wait""}",beanstalk,8,20,200,2,True,200,19.5347,10.2382,18.1914,139.233,347.606,162.165,25.54,3.49,0.19,70.78,99.8,13.63,0.74,276.52,226.71,48.21,1433.5,61.15,143,0,2,7,5,85,30,0,30,0,199.53,42.82,108.92,356.64,310.3,4,0,0,12,26,18,117,0.04
rho,beanstalk hard,,"{""flag_recall"": 0.6, ""placement_fallback"": ""wait""}",beanstalk,9,20,200,2,True,200,12.3934,16.1376,14.987,120.947,397.693,149.04,36.15,4.83,0.32,58.7,89.6,11.98,0.8,145.49,107.3,36.88,1252.7,84.23,125,0,2,12,4,93,39,0,39,0,123.3,33.73,146.67,435.25,213.7,5,0,0,11,19,28,106,0.04
rho,beanstalk soft,,"{""flag_recall"": 0.8}",beanstalk,2,20,200,2,True,200,8.8075,22.7079,26.3711,151.923,358.73,170.249,50.94,7.84,0.45,40.77,89.73,13.81,0.79,71.82,2.54,47.24,852.5,80.66,86,0,2,25,4,55,25,1,25,168,88.23,40.88,132.19,361.76,159.3,5,0,0,10,25,16,61,0.04
rho,beanstalk soft,,"{""flag_recall"": 0.8}",beanstalk,3,20,200,2,True,200,9.3633,21.3599,,330.27,525.157,350.932,46.78,7.29,0.48,45.45,87.61,13.65,0.9,85.11,0.0,73.4,1044.7,92.98,103,0,2,32,10,41,46,2,46,165,198.73,62.17,254.08,534.01,309.0,11,0,0,16,58,32,45,0.04
rho,beanstalk soft,,"{""flag_recall"": 0.8}",beanstalk,4,20,200,2,True,200,10.0039,19.9921,,358.948,495.026,288.465,41.03,6.88,0.47,51.62,82.1,13.77,0.93,103.28,3.06,92.32,1022.3,85.16,102,0,2,32,14,26,53,1,53,153,178.94,59.3,208.76,496.81,321.6,12,0,0,15,70,39,32,0.04
rho,beanstalk hard,,"{""flag_recall"": 0.6, ""placement_fallback"": ""wait""}",beanstalk,2,20,200,2,True,200,11.5282,17.3488,26.5945,31.802,74.786,34.442,38.92,1.78,0.31,58.99,89.73,4.1,0.72,136.02,130.44,0.88,1118.7,80.87,112,0,2,7,2,58,18,1,18,0,51.77,27.3,23.36,85.0,8.0,2,0,0,9,13,11,99,0.16
rho,beanstalk hard,,"{""flag_recall"": 0.6, ""placement_fallback"": ""wait""}",beanstalk,4,20,200,2,True,200,12.333,16.2167,110.8366,321.148,510.018,272.695,33.29,3.81,0.35,62.55,82.1,9.4,0.87,154.29,99.6,51.6,1289.2,87.11,129,0,2,18,6,61,51,1,51,0,166.37,47.94,187.55,517.86,210.5,8,0,0,14,53,38,76,0.16
rho,beanstalk soft,,"{""flag_recall"": 0.8}",beanstalk,6,20,200,2,True,200,11.4864,17.4119,,283.534,451.479,297.976,36.25,7.52,0.41,55.83,83.28,17.27,0.93,128.25,1.16,96.48,923.1,66.97,93,0,2,28,4,41,57,3,57,151,141.19,46.04,184.19,454.22,279.5,10,0,0,13,48,47,45,0.04
rho,beanstalk soft,,"{""flag_recall"": 0.8}",beanstalk,5,20,200,2,True,200,10.8111,18.4996,,491.513,624.148,407.751,38.36,7.13,0.42,54.09,82.94,15.41,0.92,116.95,2.98,92.37,1070.8,82.54,107,0,2,32,9,38,55,0,55,154,158.64,50.91,301.68,625.39,354.9,11,0,0,18,66,38,41,0.08
rho,beanstalk soft,,"{""flag_recall"": 0.8}",beanstalk,8,20,200,2,True,200,13.6578,14.6437,,235.216,445.625,254.646,36.54,7.32,0.31,55.83,99.8,20.0,0.86,152.5,0.05,67.64,956.5,58.36,95,0,2,25,4,45,42,0,42,168,126.53,46.95,171.68,450.89,234.7,6,0,0,16,45,26,50,0.08
rho,beanstalk soft,,"{""flag_recall"": 0.8}",beanstalk,7,20,200,2,True,200,6.8001,29.4113,,226.181,366.62,216.92,62.18,11.7,0.64,25.48,84.57,15.91,0.88,34.65,1.26,31.86,777.6,95.29,79,0,2,33,3,45,35,2,35,168,84.52,42.17,170.2,372.18,191.6,6,0,0,10,28,27,51,0.14
rho,beanstalk soft,,"{""flag_recall"": 0.8}",beanstalk,0,20,200,2,True,200,9.8506,20.3034,,425.065,571.659,382.665,40.82,7.34,0.47,51.37,80.43,14.47,0.92,101.2,0.44,92.45,1077.2,91.13,108,0,2,29,5,28,55,0,55,141,133.47,51.77,278.3,573.28,358.8,8,0,0,18,77,37,31,0.36
rho,beanstalk soft,,"{""flag_recall"": 0.8}",beanstalk,1,20,200,2,True,200,10.8174,18.4887,,307.966,486.649,326.499,41.12,8.0,0.42,50.45,88.97,17.31,0.92,109.15,2.67,101.81,979.5,75.46,97,0,2,32,11,40,50,1,50,163,160.13,55.73,195.4,490.55,287.8,10,0,0,14,52,37,45,0.36
rho,beanstalk hard,,"{""flag_recall"": 0.8, ""placement_fallback"": ""wait""}",beanstalk,2,20,200,2,True,200,11.1158,17.9924,23.0854,30.603,92.674,37.39,40.36,1.14,0.31,58.19,89.73,2.54,0.69,129.36,125.64,0.88,1110.7,83.27,111,0,2,2,1,52,17,0,17,0,46.26,28.69,23.4,99.94,6.0,3,0,0,9,16,9,95,0.13
rho,beanstalk hard,,"{""flag_recall"": 0.8, ""placement_fallback"": ""wait""}",beanstalk,1,20,200,2,True,200,11.9085,16.7947,32.0104,87.829,226.531,98.002,37.36,4.74,0.33,57.57,88.97,11.29,0.79,137.11,109.46,24.88,1235.6,86.46,123,0,2,8,5,76,44,1,44,0,91.19,34.27,59.57,230.73,126.3,5,0,0,11,25,34,98,0.19
rho,beanstalk hard,,"{""flag_recall"": 0.8, ""placement_fallback"": ""wait""}",beanstalk,3,20,200,2,True,200,13.4463,14.874,22.4997,93.285,200.091,93.948,32.58,3.41,0.29,63.72,87.61,9.16,0.79,171.36,118.99,49.18,1412.5,87.54,140,0,2,13,4,66,38,2,38,0,148.22,45.16,59.92,201.68,218.4,6,0,0,16,48,25,92,0.12
rho,beanstalk hard,,"{""flag_recall"": 0.8, ""placement_fallback"": ""wait""}",beanstalk,6,20,200,2,True,200,14.1295,14.1548,26.0802,71.85,205.524,90.627,29.47,4.36,0.28,65.9,83.28,12.31,0.78,186.22,157.75,25.05,1253.0,73.9,125,0,2,6,3,92,42,1,42,0,96.39,31.11,64.17,210.63,162.2,5,0,0,7,13,36,112,0.08
rho,beanstalk hard,,"{""flag_recall"": 0.8, ""placement_fallback"": ""wait""}",beanstalk,5,20,200,2,True,200,13.7097,14.5882,45.1113,216.536,499.236,260.403,30.25,3.64,0.29,65.82,82.94,9.99,0.81,180.46,119.65,59.34,1430.0,86.92,142,0,2,8,16,82,49,0,49,0,163.87,44.26,185.42,507.21,252.7,8,0,0,16,50,34,92,0.14
rho,beanstalk hard,,"{""flag_recall"": 0.8, ""placement_fallback"": ""wait""}",beanstalk,4,20,200,2,True,200,10.6492,18.7807,36.4679,112.042,268.626,125.61,38.55,3.89,0.39,57.17,82.1,8.28,0.84,121.77,90.17,26.0,1144.9,89.59,115,0,2,12,7,62,50,0,50,0,98.1,35.41,88.01,276.47,141.7,8,0,0,15,42,35,73,0.16
rho,beanstalk soft,,"{""flag_recall"": 0.8}",beanstalk,9,20,200,2,True,200,8.86,22.5734,,349.337,511.224,334.466,50.56,8.66,0.48,40.29,89.6,15.35,0.86,71.39,0.6,37.81,933.6,87.81,93,0,2,23,6,49,43,0,43,166,129.13,42.61,249.13,514.38,272.1,8,0,0,11,41,32,52,0.38
rho,beanstalk hard,,"{""flag_recall"": 0.8, ""placement_fallback"": ""wait""}",beanstalk,7,20,200,2,True,200,10.6509,18.7778,,298.262,508.516,270.126,39.7,5.32,0.37,54.61,84.57,11.34,0.79,116.32,96.92,15.05,1188.9,93.02,121,0,2,11,3,86,40,0,40,0,95.55,32.1,214.81,523.02,103.5,4,0,0,10,17,30,104,0.04
rho,beanstalk hard,,"{""flag_recall"": 0.8, ""placement_fallback"": ""wait""}",beanstalk,0,20,200,2,True,200,11.3108,17.6823,31.9718,129.727,281.721,139.893,35.55,6.01,0.38,58.05,80.43,13.6,0.86,131.33,100.07,28.86,1213.6,89.42,121,0,2,20,2,76,50,0,50,0,82.22,32.84,99.16,296.68,148.4,6,0,0,16,35,36,86,0.33
rho,beanstalk soft,,"{""flag_recall"": 1.0}",beanstalk,2,20,200,2,True,200,7.7207,25.9045,29.3155,182.622,319.413,169.65,58.11,6.95,0.51,34.42,89.73,10.74,0.79,53.16,0.0,31.98,810.5,87.48,81,0,2,22,5,34,26,2,26,171,135.29,53.23,121.31,325.43,181.8,6,0,0,11,40,17,41,0.05
rho,beanstalk hard,,"{""flag_recall"": 0.8, ""placement_fallback"": ""wait""}",beanstalk,8,20,200,2,True,200,17.886,11.182,21.0727,147.362,346.758,167.735,27.9,3.78,0.21,68.12,99.8,13.5,0.74,243.67,181.24,60.2,1413.9,65.88,141,0,2,7,5,93,31,0,31,0,132.75,41.95,105.15,356.64,316.0,4,0,0,14,26,18,115,0.13
rho,beanstalk hard,,"{""flag_recall"": 0.8, ""placement_fallback"": ""wait""}",beanstalk,9,20,200,2,True,200,12.3092,16.2481,32.5998,186.077,330.777,171.573,36.39,3.89,0.32,59.4,89.6,9.58,0.78,146.22,108.26,36.75,1216.0,82.32,121,0,2,11,5,83,34,1,34,0,141.88,33.71,114.4,339.12,183.7,5,0,0,10,22,25,99,0.12
rho,beanstalk soft,,"{""flag_recall"": 1.0}",beanstalk,4,20,200,2,True,200,8.9717,22.2924,92.8175,281.358,411.572,256.384,45.76,5.63,0.48,48.13,82.1,10.1,0.87,86.36,0.0,65.76,977.1,90.76,98,0,2,17,8,36,46,1,46,152,180.54,43.93,165.62,409.17,302.0,8,0,0,13,57,34,41,0.09
rho,beanstalk soft,,"{""flag_recall"": 1.0}",beanstalk,1,20,200,2,True,200,9.7101,20.597,43.5546,215.641,341.413,223.563,45.81,8.49,0.45,45.24,88.97,16.49,0.88,87.86,0.81,86.11,1036.3,88.93,103,0,2,26,3,42,49,1,49,172,142.73,51.4,141.43,347.01,339.1,8,0,0,14,55,36,48,0.14
rho,beanstalk soft,,"{""flag_recall"": 1.0}",beanstalk,0,20,200,2,True,200,8.2614,24.2088,,337.323,478.566,321.906,48.68,8.94,0.56,41.82,80.43,14.77,0.93,69.11,1.38,62.59,929.9,93.8,93,0,2,30,5,28,50,0,50,150,101.75,51.57,230.89,478.12,297.1,9,0,0,15,62,35,31,0.17
rho,beanstalk soft,,"{""flag_recall"": 1.0}",beanstalk,3,20,200,2,True,200,10.0602,19.8803,29.2908,223.82,316.413,205.117,43.54,6.63,0.43,49.4,87.61,13.34,0.86,99.4,1.96,90.49,1124.0,93.11,111,0,2,23,12,39,48,1,48,165,128.43,52.47,135.02,316.33,349.7,10,0,0,18,65,31,46,0.14
rho,beanstalk soft,,"{""flag_recall"": 1.0}",beanstalk,5,20,200,2,True,200,9.0204,22.172,,275.037,470.434,275.512,45.97,6.15,0.48,47.39,82.94,11.09,0.87,85.5,0.0,73.35,987.4,91.22,98,0,2,18,14,33,53,0,53,143,153.81,51.49,207.29,471.98,299.9,10,0,0,17,60,38,38,0.1
rho,beanstalk hard,,"{""flag_recall"": 1.0, ""placement_fallback"": ""wait""}",beanstalk,0,20,200,2,True,200,10.0252,19.9497,37.6014,108.073,202.457,112.815,40.11,4.7,0.41,54.77,80.43,9.43,0.83,109.81,101.52,5.92,1058.3,87.97,106,0,2,10,4,75,48,0,48,0,63.61,28.18,78.0,208.43,49.3,6,0,0,13,22,35,84,0.05
rho,beanstalk hard,,"{""flag_recall"": 1.0, ""placement_fallback"": ""wait""}",beanstalk,1,20,200,2,True,200,11.9043,16.8007,31.2751,148.838,285.224,149.198,37.37,4.21,0.33,58.1,88.97,10.02,0.78,138.32,112.33,24.25,1249.3,87.45,125,0,2,4,6,74,44,0,44,0,91.19,36.72,104.51,305.04,142.4,5,0,0,14,35,31,90,0.05
rho,beanstalk hard,,"{""flag_recall"": 1.0, ""placement_fallback"": ""wait""}",beanstalk,2,20,200,2,True,200,11.1186,17.9878,26.248,30.008,74.889,34.081,40.35,1.05,0.31,58.29,89.73,2.33,0.69,129.63,126.08,0.88,1134.3,85.02,114,0,2,0,1,58,18,1,18,0,49.24,28.0,21.08,82.1,7.7,4,0,0,9,15,11,99,0.04
rho,beanstalk hard,,"{""flag_recall"": 1.0, ""placement_fallback"": ""wait""}",beanstalk,4,20,200,2,True,200,11.0951,18.026,30.6795,98.928,188.417,97.715,37.0,3.49,0.36,59.15,82.1,7.74,0.8,131.25,97.09,31.66,1130.3,84.9,113,0,2,5,9,57,47,1,47,0,111.67,35.52,64.54,196.26,147.7,10,0,0,13,38,35,75,0.05
rho,beanstalk soft,,"{""flag_recall"": 1.0}",beanstalk,9,20,200,2,True,200,9.1883,21.7668,27.6346,185.87,336.991,189.563,48.76,8.31,0.47,42.46,89.6,15.27,0.87,78.03,2.2,32.59,856.5,77.68,85,0,2,25,6,47,41,0,41,166,129.13,40.5,140.7,345.22,269.2,6,0,0,10,34,31,51,0.21
rho,beanstalk hard,,"{""flag_recall"": 1.0, ""placement_fallback"": ""wait""}",beanstalk,6,20,200,2,True,200,14.3044,13.9817,24.3677,78.203,159.044,83.632,29.11,4.51,0.28,66.1,83.28,12.9,0.81,189.09,175.17,11.27,1185.0,69.04,118,0,2,5,6,82,49,0,49,0,98.14,33.09,76.53,240.61,76.3,5,0,0,9,20,40,98,0.05
rho,beanstalk soft,,"{""flag_recall"": 1.0}",beanstalk,6,20,200,2,True,200,9.9901,20.0199,26.2288,208.185,358.965,208.512,41.68,8.2,0.45,49.67,83.28,16.38,0.9,99.25,0.0,21.83,828.4,69.11,83,0,2,27,7,59,46,2,46,153,98.7,37.69,150.29,363.72,204.9,9,0,0,8,20,40,63,0.35
rho,beanstalk hard,,"{""flag_recall"": 1.0, ""placement_fallback"": ""wait""}",beanstalk,7,20,200,2,True,200,10.1629,19.6794,44.9823,88.129,236.722,106.326,41.61,3.95,0.37,54.08,84.57,8.02,0.75,109.92,96.59,10.59,1113.5,91.3,113,0,2,4,2,77,32,0,32,0,84.91,31.53,73.39,251.23,69.5,4,0,0,7,14,25,99,0.05
rho,beanstalk hard,,"{""flag_recall"": 1.0, ""placement_fallback"": ""wait""}",beanstalk,9,20,200,2,True,200,13.8708,14.4188,136.8026,396.05,603.811,348.822,32.3,3.3,0.28,64.12,89.6,9.16,0.77,177.89,117.34,54.75,1323.4,79.51,132,0,2,3,1,80,37,0,37,0,147.85,39.17,229.09,612.15,271.5,4,0,0,12,29,26,103,0.04
qsem,batched k=1,,"{""batch_k"": 1, ""q_sem"": 0.0}",batched,0,20,200,2,True,200,24.5974,8.1309,8.2637,113.599,161.754,112.888,16.35,3.24,73.25,7.16,80.43,15.93,360.37,35.22,0.0,0.0,2793.8,94.65,286,32,2,49,2,49,43,2,43,0,0.0,0.0,7.77,57.66,0.0,0,0,41,0,0,0,0,0.02
rho,beanstalk soft,,"{""flag_recall"": 1.0}",beanstalk,8,20,200,2,True,200,12.6943,15.7551,,267.867,437.683,273.981,39.31,7.47,0.32,52.9,99.8,18.95,0.82,134.32,8.53,40.79,964.0,63.28,96,0,2,21,6,43,37,0,37,173,126.96,48.04,186.38,442.95,276.8,5,0,0,14,49,24,47,0.39
qsem,batched k=1,,"{""batch_k"": 1, ""q_sem"": 0.0}",batched,1,20,200,2,True,200,23.366,8.5594,8.5254,104.105,156.233,104.565,19.04,2.67,71.91,6.38,88.97,12.48,336.07,29.8,0.0,0.0,2675.4,95.42,276,25,2,25,7,42,39,3,39,0,0.0,0.0,6.65,42.19,0.0,0,0,34,0,0,0,0,0.02
qsem,batched k=1,,"{""batch_k"": 1, ""q_sem"": 0.0}",batched,3,20,200,2,True,200,22.1963,9.0105,9.165,99.867,151.511,99.645,19.73,2.58,72.25,5.44,87.61,11.44,320.72,24.17,2.33,0.0,2589.0,97.2,265,22,2,37,10,36,35,1,35,0,0.0,0.0,5.88,27.66,0.0,0,0,29,0,0,0,0,0.07
qsem,batched k=1,,"{""batch_k"": 1, ""q_sem"": 0.0}",batched,4,20,200,2,True,200,24.1522,8.2808,8.4744,111.714,156.862,109.502,17.0,2.19,73.37,7.44,82.1,10.59,354.42,35.94,3.51,0.0,2755.6,95.08,283,26,2,35,10,49,42,3,42,0,0.0,0.0,7.48,39.3,0.0,0,0,38,0,0,0,0,0.02
qsem,batched k=1,,"{""batch_k"": 1, ""q_sem"": 0.0}",batched,2,20,200,2,True,200,21.4734,9.3138,9.136,101.069,137.902,95.416,20.89,2.25,71.81,5.05,89.73,9.67,308.38,21.69,1.06,0.0,2467.1,95.74,250,16,2,33,5,28,16,11,16,0,0.0,0.0,6.26,32.52,0.0,0,0,23,0,0,0,0,0.11
qsem,batched k=1,,"{""batch_k"": 1, ""q_sem"": 0.0}",batched,5,20,200,2,True,200,23.3224,8.5755,8.499,109.903,159.441,109.297,17.78,2.66,75.45,4.11,82.94,12.39,351.93,19.18,0.0,0.0,2727.3,97.45,279,30,2,53,8,43,39,4,39,0,0.0,0.0,6.84,38.68,0.0,0,0,36,0,0,0,0,0.02
rho,beanstalk soft,,"{""flag_recall"": 1.0}",beanstalk,7,20,200,2,True,200,7.1502,27.9713,57.2648,120.335,223.645,113.24,59.14,8.97,0.59,31.31,84.57,12.83,0.84,44.77,1.48,26.63,790.7,92.15,80,0,2,22,5,44,36,1,36,160,103.13,36.3,82.51,226.59,139.5,7,0,0,9,23,28,57,0.52
rho,beanstalk hard,,"{""flag_recall"": 1.0, ""placement_fallback"": ""wait""}",beanstalk,5,20,200,2,True,200,13.6771,14.623,45.9454,161.908,321.667,163.075,30.32,3.21,0.29,66.17,82.94,8.79,0.8,181.01,138.94,40.41,1292.9,78.78,129,0,2,4,9,73,48,0,48,0,129.72,38.38,93.56,326.3,195.5,8,0,0,14,39,35,90,0.35
qsem,batched k=1,,"{""batch_k"": 1, ""q_sem"": 0.0}",batched,6,20,200,2,True,200,25.3266,7.8968,8.3956,106.276,155.383,108.109,16.44,3.03,68.12,12.42,83.28,15.33,345.04,62.89,11.75,0.0,2698.6,88.79,275,24,2,42,6,45,38,5,38,0,0.0,0.0,11.68,130.52,0.0,0,0,32,0,0,0,0,0.02
qsem,batched k=1,,"{""batch_k"": 1, ""q_sem"": 0.0}",batched,7,20,200,2,True,200,22.8313,8.7599,9.0365,103.506,141.377,103.885,18.52,2.6,73.23,5.65,84.57,11.88,334.41,25.78,0.0,0.0,2667.0,97.35,269,21,2,37,6,36,28,8,28,0,0.0,0.0,6.35,29.49,0.0,0,0,33,0,0,0,0,0.02
qsem,batched k=1,,"{""batch_k"": 1, ""q_sem"": 0.0}",batched,9,20,200,2,True,200,22.0403,9.0743,9.0965,96.966,143.257,99.048,20.33,3.23,71.67,4.77,89.6,14.25,315.91,21.05,2.6,0.0,2573.2,97.29,260,20,2,40,6,36,33,0,33,0,0.0,0.0,6.23,33.27,0.0,0,0,27,0,0,0,0,0.02
qsem,batched-par k=1,,"{""batch_k"": 1, ""q_sem"": 0.0}",batched-par,1,20,200,2,True,200,21.6101,9.2549,9.3605,91.259,138.87,93.823,20.59,2.93,69.43,7.05,88.97,12.65,300.09,30.49,0.0,0.0,2502.2,96.49,249,7,2,25,5,42,39,3,39,0,0.0,0.0,5.58,46.17,0.0,0,0,7,0,0,0,0,0.02
qsem,batched-par k=1,,"{""batch_k"": 1, ""q_sem"": 0.0}",batched-par,2,20,200,2,True,200,19.3099,10.3574,10.2253,85.045,114.639,84.055,23.23,2.35,70.2,4.22,89.73,9.06,271.12,16.29,0.67,0.0,2290.8,98.86,229,4,2,34,6,24,16,8,16,0,0.0,0.0,4.15,19.37,0.0,0,0,5,0,0,0,0,0.02
qsem,batched-par k=1,,"{""batch_k"": 1, ""q_sem"": 0.0}",batched-par,3,20,200,2,True,200,20.7629,9.6326,9.7891,90.203,127.131,92.005,21.1,2.78,71.08,5.05,87.61,11.54,295.15,20.96,0.9,0.0,2461.2,98.78,246,8,2,37,11,38,35,3,35,0,0.0,0.0,4.49,22.12,0.0,0,0,8,0,0,0,0,0.02
qsem,batched-par k=1,,"{""batch_k"": 1, ""q_sem"": 0.0}",batched-par,4,20,200,2,True,200,22.5281,8.8778,9.1117,100.727,149.674,99.753,18.22,2.28,71.52,7.98,82.1,10.28,322.23,35.95,3.43,0.0,2601.0,96.21,263,18,2,32,12,44,42,2,42,0,0.0,0.0,6.05,41.59,0.0,0,0,19,0,0,0,0,0.02
qsem,batched-par k=1,,"{""batch_k"": 1, ""q_sem"": 0.0}",batched-par,5,20,200,2,True,200,21.8772,9.1419,9.2142,98.033,145.388,100.532,18.96,2.61,73.98,4.46,82.94,11.4,323.7,19.5,0.0,0.0,2595.1,98.85,261,16,2,52,9,43,39,3,39,0,0.0,0.0,5.41,35.31,0.0,0,0,19,0,0,0,0,0.02
qsem,batched-par k=1,,"{""batch_k"": 1, ""q_sem"": 0.0}",batched-par,6,20,200,2,True,200,24.4265,8.1878,8.9044,99.525,150.193,101.769,17.05,2.98,66.46,13.52,83.28,14.56,324.66,66.03,4.28,0.0,2604.0,88.84,260,15,2,42,6,43,38,5,38,0,0.0,0.0,12.63,148.94,0.0,0,0,17,0,0,0,0,0.02
qsem,batched-par k=1,,"{""batch_k"": 1, ""q_sem"": 0.0}",batched-par,0,20,200,2,True,200,22.9608,8.7105,8.9763,102.777,148.266,103.474,17.51,3.47,71.64,7.38,80.43,15.92,328.99,33.87,0.0,0.0,2646.5,96.05,269,21,2,48,2,45,43,2,43,0,0.0,0.0,6.83,52.83,0.0,0,0,24,0,0,0,0,0.07
qsem,batched-par k=1,,"{""batch_k"": 1, ""q_sem"": 0.0}",batched-par,7,20,200,2,True,200,21.2424,9.4152,9.6598,94.057,133.95,93.744,19.91,2.85,70.7,6.54,84.57,12.1,300.38,27.8,0.0,0.0,2485.2,97.49,246,11,2,36,5,34,28,6,28,0,0.0,0.0,4.91,22.77,0.0,0,0,12,0,0,0,0,0.02
qsem,batched k=1,,"{""batch_k"": 1, ""q_sem"": 0.0}",batched,8,20,200,2,True,200,28.074,7.124,9.2971,92.967,143.219,96.078,17.77,3.8,53.24,25.19,99.8,21.31,298.95,141.42,0.0,0.0,2550.5,75.71,262,25,2,41,5,35,30,4,30,0,0.0,0.0,44.92,368.15,0.0,0,0,28,0,0,0,0,0.09
qsem,batched-par k=1,,"{""batch_k"": 1, ""q_sem"": 0.0}",batched-par,9,20,200,2,True,200,21.1171,9.471,9.369,94.151,130.822,93.824,21.21,3.49,70.57,4.73,89.6,14.72,298.03,20.0,1.47,0.0,2495.0,98.46,254,13,2,42,8,39,33,5,33,0,0.0,0.0,5.51,32.68,0.0,0,0,16,0,0,0,0,0.02
qsem,beanstalk,,"{""q_sem"": 0.0}",beanstalk,0,20,200,2,True,200,8.2911,24.1224,,299.174,461.076,290.844,48.5,9.87,0.57,41.06,80.43,16.36,0.94,68.09,2.07,53.51,891.7,89.63,89,0,2,42,2,23,43,0,43,156,124.37,55.0,213.65,460.55,255.2,8,0,0,13,60,30,29,0.04
qsem,beanstalk,,"{""q_sem"": 0.0}",beanstalk,2,20,200,2,True,200,6.8378,29.2494,52.8673,64.8,151.532,70.137,65.61,6.65,0.57,27.17,89.73,9.09,0.77,37.16,2.09,6.32,742.9,90.54,74,0,2,23,5,33,16,1,16,182,64.79,41.9,45.89,149.1,65.0,3,0,0,8,24,9,50,0.03
qsem,batched-par k=1,,"{""batch_k"": 1, ""q_sem"": 0.0}",batched-par,8,20,200,2,True,200,26.9161,7.4305,9.7247,85.46,130.35,90.505,18.54,4.08,51.96,25.42,99.8,21.97,279.72,136.84,0.0,0.0,2462.0,76.22,243,7,2,40,6,35,30,4,30,0,0.0,0.0,43.09,355.83,0.0,0,0,9,0,0,0,0,0.06
rho,beanstalk hard,,"{""flag_recall"": 1.0, ""placement_fallback"": ""wait""}",beanstalk,3,20,200,2,True,200,12.7284,15.7129,21.7907,142.135,251.134,137.331,34.41,3.47,0.31,61.8,87.61,8.84,0.79,157.32,106.53,47.24,1345.7,88.1,133,0,2,4,4,68,43,2,43,0,120.84,42.81,93.36,266.47,229.2,8,0,0,16,50,29,83,0.55
qsem,beanstalk,,"{""q_sem"": 0.0}",beanstalk,4,20,200,2,True,200,9.1572,21.8408,45.1229,143.713,213.767,139.595,44.83,6.1,0.49,48.59,82.1,11.17,0.89,88.98,2.88,72.62,869.4,79.12,87,0,2,30,8,31,42,1,42,164,147.26,45.13,85.06,215.55,221.0,8,0,0,12,47,31,40,0.03
qsem,beanstalk,,"{""q_sem"": 0.0}",beanstalk,5,20,200,2,True,200,7.377,27.1112,,232.781,366.825,229.2,56.22,7.45,0.6,35.73,82.94,11.0,0.88,52.72,0.49,23.29,791.1,89.36,79,0,2,33,15,37,39,0,39,147,73.83,36.05,154.65,368.06,152.4,6,0,0,12,36,28,43,0.03
rho,beanstalk hard,,"{""flag_recall"": 1.0, ""placement_fallback"": ""wait""}",beanstalk,8,20,200,2,True,200,20.3422,9.8318,,657.14,883.069,586.926,24.53,3.35,0.18,71.94,99.8,13.61,0.74,292.69,212.54,76.75,1356.0,55.55,135,0,2,4,6,97,31,0,31,0,210.56,46.17,339.06,893.35,438.5,4,0,0,13,25,18,110,0.38
qsem,beanstalk,,"{""q_sem"": 0.0}",beanstalk,6,20,200,2,True,200,11.0653,18.0745,,200.079,353.97,207.607,37.63,5.99,0.38,56.01,83.28,13.25,0.84,123.94,6.07,17.11,761.7,57.36,76,0,2,24,5,53,38,1,38,163,99.44,35.4,155.96,356.62,121.6,5,0,0,6,18,33,58,0.04
qsem,beanstalk,,"{""q_sem"": 0.0}",beanstalk,7,20,200,2,True,200,6.8879,29.0363,32.132,117.446,288.313,134.476,61.39,7.96,0.59,30.07,84.57,10.96,0.81,41.42,0.0,22.03,777.6,94.08,79,0,2,21,5,48,28,2,28,157,111.3,41.27,111.03,296.9,141.9,8,0,0,6,23,24,56,0.04
qsem,beanstalk,,"{""q_sem"": 0.0}",beanstalk,8,20,200,2,True,200,11.857,16.8677,54.8379,117.672,196.349,116.195,42.08,6.79,0.34,50.78,99.8,16.11,0.81,120.42,10.31,29.47,856.7,60.21,85,0,2,22,8,43,30,0,30,177,128.47,48.57,122.23,328.44,145.0,5,0,0,12,36,18,49,0.04
qsem,beanstalk quarantine,,"{""green_mode"": ""quarantine"", ""q_sem"": 0.0}",beanstalk,0,20,200,2,True,200,8.5415,23.4151,26.3896,92.701,181.408,97.836,47.08,8.23,0.52,44.17,80.43,14.05,0.89,75.45,0.6,37.91,993.7,96.95,100,0,2,31,4,25,43,0,43,153,127.32,56.99,19.52,80.38,235.4,7,0,0,13,51,30,49,0.04
qsem,beanstalk quarantine,,"{""green_mode"": ""quarantine"", ""q_sem"": 0.0}",beanstalk,1,20,200,2,True,200,9.8469,20.3109,21.5875,70.145,282.966,112.603,45.18,7.3,0.44,47.09,88.97,14.37,0.87,92.73,0.0,65.37,1102.2,93.28,110,0,2,22,5,23,39,1,39,168,213.6,77.09,22.83,112.31,280.8,11,0,0,11,52,29,58,0.03
qsem,beanstalk quarantine,,"{""green_mode"": ""quarantine"", ""q_sem"": 0.0}",beanstalk,2,20,200,2,True,200,6.9475,28.7874,37.4457,50.334,98.531,50.429,64.58,6.74,0.56,28.13,89.73,9.36,0.77,39.09,0.0,4.96,786.9,94.38,79,0,2,24,5,25,16,1,16,182,88.26,48.41,15.62,51.81,64.7,4,0,0,8,25,9,54,0.03
qsem,beanstalk quarantine,,"{""green_mode"": ""quarantine"", ""q_sem"": 0.0}",beanstalk,3,20,200,2,True,200,8.0728,24.7744,25.5378,109.626,193.57,108.601,54.26,6.67,0.54,38.53,87.61,10.76,0.87,62.21,1.26,56.06,936.5,96.67,92,0,2,31,8,24,35,1,35,153,138.9,61.93,19.48,67.01,273.0,6,0,0,11,46,25,46,0.03
qsem,beanstalk quarantine,,"{""green_mode"": ""quarantine"", ""q_sem"": 0.0}",beanstalk,4,20,200,2,True,200,8.4343,23.7126,31.7249,104.916,204.567,108.0,48.67,7.26,0.53,43.53,82.1,12.25,0.9,73.44,2.16,58.33,947.0,93.56,95,0,2,32,8,19,42,0,42,155,168.28,62.81,20.85,80.63,212.3,9,0,0,13,50,30,45,0.03
qsem,beanstalk quarantine,,"{""green_mode"": ""quarantine"", ""q_sem"": 0.0}",beanstalk,5,20,200,2,True,200,9.4127,21.248,29.2717,105.275,201.074,104.274,44.06,5.85,0.46,49.63,82.94,11.01,0.87,93.44,0.43,83.95,1002.2,88.72,100,0,2,29,8,22,39,0,39,152,145.94,54.09,24.31,84.85,293.9,7,0,0,12,50,28,50,0.03
qsem,beanstalk quarantine,,"{""green_mode"": ""quarantine"", ""q_sem"": 0.0}",beanstalk,6,20,200,2,True,200,12.3636,16.1765,30.7703,63.727,121.14,66.878,33.68,5.99,0.36,59.97,83.28,14.81,0.89,148.3,13.42,28.29,880.4,59.34,88,0,2,33,8,30,38,1,38,151,101.5,46.36,30.59,137.42,140.3,6,0,0,7,23,34,65,0.03
qsem,beanstalk quarantine,,"{""green_mode"": ""quarantine"", ""q_sem"": 0.0}",beanstalk,7,20,200,2,True,200,7.3068,27.3716,25.4819,56.959,153.694,64.137,57.87,7.53,0.57,34.03,84.57,11.01,0.83,49.74,0.0,24.99,841.1,95.92,85,0,2,25,7,29,28,1,28,160,125.27,54.17,18.79,73.92,129.3,9,0,0,7,25,23,60,0.03
qsem,beanstalk quarantine,,"{""green_mode"": ""quarantine"", ""q_sem"": 0.0}",beanstalk,8,20,200,2,True,200,12.5753,15.9041,27.2747,82.3,159.557,82.977,39.68,7.43,0.32,52.57,99.8,18.69,0.8,132.22,11.38,62.94,1052.9,69.77,105,0,2,22,9,25,30,1,30,169,129.14,61.16,30.86,112.33,220.9,5,0,0,12,49,19,56,0.03
qsem,beanstalk quarantine,,"{""green_mode"": ""quarantine"", ""q_sem"": 0.0}",beanstalk,9,20,200,2,True,200,9.3636,21.3592,24.0515,83.143,171.094,82.638,47.84,9.47,0.46,42.22,89.6,17.74,0.87,79.06,0.0,45.36,886.8,78.92,88,0,2,37,5,26,33,1,33,175,113.82,54.6,18.67,62.84,224.5,6,0,0,9,33,25,55,0.03
qsem,beanstalk-noplace,,"{""q_sem"": 0.0}",beanstalk-noplace,0,20,200,2,True,200,10.1367,19.7303,44.4437,183.586,289.787,182.271,39.67,8.74,0.48,51.11,80.43,17.72,0.96,103.62,2.53,76.23,1031.7,84.82,102,0,2,49,2,36,43,1,43,0,232.91,51.08,110.39,292.99,302.4,8,0,0,14,58,30,44,0.01
qsem,beanstalk-noplace,,"{""q_sem"": 0.0}",beanstalk-noplace,1,20,200,2,True,200,7.6102,26.2805,23.3252,213.803,407.349,232.191,58.45,9.26,0.57,31.72,88.97,14.1,0.87,48.27,1.13,28.04,842.7,92.27,84,0,2,29,4,43,39,0,39,0,111.72,41.27,183.68,409.0,179.3,7,0,0,11,32,28,52,0.01
qsem,beanstalk-noplace,,"{""q_sem"": 0.0}",beanstalk-noplace,2,20,200,2,True,200,8.2507,24.2403,24.7826,54.087,199.937,71.949,54.38,6.43,0.5,38.69,89.73,10.61,0.83,63.84,1.62,42.99,866.1,87.47,86,0,2,40,8,28,16,1,16,0,130.13,57.42,54.25,195.54,163.9,4,0,0,10,38,8,48,0.01
qsem,beanstalk-noplace,,"{""q_sem"": 0.0}",beanstalk-noplace,3,20,200,2,True,200,7.0107,28.5276,,245.616,389.704,236.956,62.48,8.09,0.64,28.8,87.61,11.34,0.89,40.38,0.75,22.83,802.8,95.43,79,0,2,35,5,41,35,0,35,0,87.98,37.87,183.44,392.32,154.1,6,0,0,11,33,24,46,0.01
qsem,beanstalk-noplace,,"{""q_sem"": 0.0}",beanstalk-noplace,5,20,200,2,True,200,8.5885,23.2869,51.2546,145.889,227.268,142.398,48.29,8.53,0.56,42.63,82.94,14.66,0.96,73.22,0.72,45.79,863.3,83.77,87,0,2,52,8,35,39,2,39,0,120.31,44.34,85.54,229.28,205.9,8,0,0,11,43,30,44,0.02
qsem,beanstalk-noplace,,"{""q_sem"": 0.0}",beanstalk-noplace,4,20,200,2,True,200,8.911,22.4441,32.373,105.538,145.12,98.506,46.07,6.35,0.51,47.07,82.1,11.32,0.91,83.89,6.31,56.2,853.5,79.82,86,0,2,33,9,34,42,1,42,0,107.95,44.82,60.24,155.11,184.3,7,0,0,13,43,31,42,0.05
qsem,beanstalk,,"{""q_sem"": 0.0}",beanstalk,1,20,200,2,True,200,7.0638,28.3135,,260.053,403.191,256.725,62.98,11.45,0.62,24.95,88.97,16.17,0.88,35.25,0.06,24.65,796.9,94.01,79,0,2,33,9,42,39,1,39,168,111.62,42.28,196.0,407.26,187.8,6,0,0,11,34,29,45,0.29
qsem,beanstalk-noplace,,"{""q_sem"": 0.0}",beanstalk-noplace,8,20,200,2,True,200,17.0026,11.7629,38.905,118.626,263.917,141.022,29.35,5.52,0.25,64.88,99.8,18.76,0.86,220.63,0.0,72.03,1024.0,50.19,103,0,2,35,6,41,30,1,30,0,150.05,62.03,127.97,399.2,276.0,8,0,0,13,50,18,53,0.02
qsem,batched k=1,,"{""batch_k"": 1, ""q_sem"": 0.05}",batched,0,20,200,2,True,200,29.6532,6.7446,6.8844,143.496,198.806,140.814,13.56,4.13,75.01,7.29,80.43,24.51,444.87,43.26,0.0,0.0,3422.0,96.17,364,53,2,47,3,99,90,1,90,0,0.0,0.0,8.67,40.61,0.0,0,0,73,0,0,0,0,0.02
qsem,batched k=1,,"{""batch_k"": 1, ""q_sem"": 0.05}",batched,1,20,200,2,True,200,28.3247,7.061,7.108,133.462,192.842,132.573,15.71,3.77,74.24,6.29,88.97,21.36,420.55,35.61,0.0,0.0,3298.0,97.03,350,56,2,28,6,85,79,3,79,0,0.0,0.0,9.24,60.12,0.0,0,0,68,0,0,0,0,0.02
qsem,batched k=1,,"{""batch_k"": 1, ""q_sem"": 0.05}",batched,2,20,200,2,True,200,27.1378,7.3698,7.5371,127.098,182.789,124.275,16.53,3.23,73.1,7.14,89.73,17.51,396.75,38.77,2.22,0.0,3138.6,96.38,326,42,2,32,6,74,62,6,62,0,0.0,0.0,8.04,40.87,0.0,0,0,58,0,0,0,0,0.02
qsem,beanstalk-noplace,,"{""q_sem"": 0.0}",beanstalk-noplace,9,20,200,2,True,200,7.7481,25.8126,23.7281,129.31,224.585,121.711,57.82,9.91,0.57,31.71,89.6,15.35,0.88,49.14,0.0,21.76,799.8,86.02,82,0,2,34,4,43,33,2,33,0,104.3,36.89,88.78,221.63,132.4,6,0,0,9,32,26,50,0.05
qsem,batched k=1,,"{""batch_k"": 1, ""q_sem"": 0.05}",batched,3,20,200,2,True,200,28.5615,7.0024,6.8782,133.853,209.142,135.561,15.34,3.24,75.86,5.56,87.61,18.53,433.34,31.75,1.77,0.0,3334.0,97.28,340,45,2,39,9,81,74,3,74,0,0.0,0.0,9.03,48.19,0.0,0,0,63,0,0,0,0,0.05
qsem,batched k=1,,"{""batch_k"": 1, ""q_sem"": 0.05}",batched,4,20,200,2,True,200,27.7312,7.2121,7.2484,132.938,193.09,132.286,14.8,2.73,76.78,5.69,82.1,15.13,425.82,31.57,3.48,0.0,3249.7,97.66,341,47,2,33,11,85,73,5,73,0,0.0,0.0,8.59,41.27,0.0,0,0,63,0,0,0,0,0.05
qsem,beanstalk,,"{""q_sem"": 0.0}",beanstalk,3,20,200,2,True,200,7.2867,27.4473,,246.825,400.749,235.762,60.12,8.11,0.59,31.19,87.61,11.81,0.86,45.45,1.29,34.6,845.1,96.65,83,0,2,30,6,35,35,0,35,155,132.28,45.63,192.06,409.41,213.6,8,0,0,11,44,24,39,0.39
qsem,batched k=1,,"{""batch_k"": 1, ""q_sem"": 0.05}",batched,5,20,200,2,True,200,29.7194,6.7296,6.5498,143.451,217.751,144.521,13.95,3.18,77.87,5.0,82.94,18.91,462.82,29.71,0.0,0.0,3452.4,96.8,357,47,2,52,8,92,81,4,81,0,0.0,0.0,9.29,50.76,0.0,0,0,72,0,0,0,0,0.02
qsem,batched k=1,,"{""batch_k"": 1, ""q_sem"": 0.05}",batched,6,20,200,2,True,200,29.4485,6.7915,7.0324,140.019,178.214,134.661,14.14,3.75,72.47,9.65,83.28,22.06,426.81,56.82,7.22,0.0,3230.2,91.41,339,38,2,43,5,87,75,5,75,0,0.0,0.0,10.62,105.64,0.0,0,0,59,0,0,0,0,0.02
qsem,beanstalk,,"{""q_sem"": 0.0}",beanstalk,9,20,200,2,True,200,9.2915,21.5251,,186.124,317.912,179.534,48.21,9.21,0.48,42.1,89.6,17.11,0.89,78.23,0.0,6.54,753.7,67.6,75,0,2,34,5,43,33,0,33,178,85.62,36.69,114.32,319.19,85.5,7,0,0,9,27,24,48,0.46
qsem,batched k=1,,"{""batch_k"": 1, ""q_sem"": 0.05}",batched,9,20,200,2,True,200,26.9679,7.4162,7.654,120.941,189.369,126.07,16.61,3.8,74.11,5.47,89.6,20.52,399.71,29.53,3.01,0.0,3112.6,96.18,324,36,2,39,6,73,66,2,66,0,0.0,0.0,8.45,39.93,0.0,0,0,56,0,0,0,0,0.1
qsem,batched-par k=1,,"{""batch_k"": 1, ""q_sem"": 0.05}",batched-par,1,20,200,2,True,200,26.4497,7.5615,7.4957,122.171,177.121,122.22,16.82,4.45,72.56,6.17,88.97,23.56,383.84,32.62,0.0,0.0,3089.8,97.35,315,24,2,24,6,88,79,6,79,0,0.0,0.0,6.81,50.5,0.0,0,0,30,0,0,0,0,0.02
qsem,batched-par k=1,,"{""batch_k"": 1, ""q_sem"": 0.05}",batched-par,0,20,200,2,True,200,28.69,6.9711,7.1446,135.139,195.766,134.718,14.02,4.28,73.98,7.72,80.43,24.58,424.48,44.31,4.02,0.0,3311.6,96.19,343,36,2,48,2,101,94,1,94,0,0.0,0.0,7.86,42.59,0.0,0,0,48,0,0,0,0,0.07
qsem,batched k=1,,"{""batch_k"": 1, ""q_sem"": 0.05}",batched,7,20,200,2,True,200,26.7405,7.4793,7.7449,120.473,165.622,122.81,15.81,3.56,72.98,7.64,84.57,19.05,390.32,40.88,0.0,0.0,3077.9,95.92,327,41,2,40,7,78,69,3,69,0,0.0,0.0,7.59,53.01,0.0,0,0,55,0,0,0,0,0.1
qsem,beanstalk-noplace,,"{""q_sem"": 0.0}",beanstalk-noplace,7,20,200,2,True,200,6.4173,31.1656,30.5398,165.464,298.898,164.51,65.89,9.93,0.67,23.51,84.57,12.74,0.86,30.18,0.0,4.58,702.3,91.2,71,0,2,32,7,53,28,0,28,0,61.61,31.43,123.98,303.59,46.6,6,0,0,6,12,22,59,0.36
qsem,batched-par k=1,,"{""batch_k"": 1, ""q_sem"": 0.05}",batched-par,2,20,200,2,True,200,25.4662,7.8536,7.983,116.576,163.3,114.818,17.62,3.88,71.26,7.24,89.73,19.77,362.96,36.87,0.95,0.0,2980.8,97.54,303,26,2,33,7,74,61,10,61,0,0.0,0.0,6.47,31.26,0.0,0,0,32,0,0,0,0,0.02
qsem,batched-par k=1,,"{""batch_k"": 1, ""q_sem"": 0.05}",batched-par,6,20,200,2,True,200,27.4564,7.2843,7.7032,125.014,166.506,120.954,15.17,3.83,69.6,11.41,83.28,21.01,382.17,62.67,3.44,0.0,3003.3,91.15,308,26,2,43,7,80,75,3,75,0,0.0,0.0,10.11,124.96,0.0,0,0,30,0,0,0,0,0.02
qsem,beanstalk-noplace,,"{""q_sem"": 0.0}",beanstalk-noplace,6,20,200,2,True,200,10.9357,18.2887,250.0995,117.892,252.715,125.498,38.08,7.12,0.41,54.39,83.28,15.57,0.9,118.97,0.99,13.0,771.4,58.78,77,0,2,38,6,49,38,0,38,0,96.73,35.7,100.33,256.41,120.8,6,0,0,6,15,32,62,0.43
qsem,batched-par k=1,,"{""batch_k"": 1, ""q_sem"": 0.05}",batched-par,3,20,200,2,True,200,26.2099,7.6307,7.6854,119.124,183.698,120.912,16.71,3.53,73.36,6.4,87.61,18.5,384.54,33.55,2.82,0.0,3072.6,97.69,318,35,2,40,11,80,76,3,76,0,0.0,0.0,6.97,36.37,0.0,0,0,39,0,0,0,0,0.06
qsem,batched-par k=1,,"{""batch_k"": 1, ""q_sem"": 0.05}",batched-par,5,20,200,2,True,200,26.7732,7.4702,7.3642,128.742,191.906,127.954,15.49,3.65,76.01,4.86,82.94,19.52,406.99,26.01,0.0,0.0,3170.9,98.7,329,36,2,52,9,91,85,4,85,0,0.0,0.0,6.5,36.06,0.0,0,0,40,0,0,0,0,0.07
qsem,batched-par k=1,,"{""batch_k"": 1, ""q_sem"": 0.05}",batched-par,7,20,200,2,True,200,26.0814,7.6683,8.0511,116.703,170.507,116.5,16.21,4.37,70.08,9.34,84.57,22.78,365.55,48.73,0.0,0.0,2982.5,95.3,310,28,2,38,8,78,73,5,73,0,0.0,0.0,6.55,35.61,0.0,0,0,32,0,0,0,0,0.07
qsem,batched-par k=1,,"{""batch_k"": 1, ""q_sem"": 0.05}",batched-par,4,20,200,2,True,200,26.1685,7.6428,8.2656,115.734,160.843,115.114,15.69,3.05,70.27,11.0,82.1,15.94,367.77,57.56,2.74,0.0,2946.8,93.84,297,19,2,33,10,75,74,1,74,0,0.0,0.0,7.24,56.28,0.0,0,0,22,0,0,0,0,0.1
qsem,batched-par k=1,,"{""batch_k"": 1, ""q_sem"": 0.05}",batched-par,9,20,200,2,True,200,25.7553,7.7654,7.8314,118.444,185.168,119.823,17.39,4.52,73.02,5.07,89.6,23.3,376.12,26.1,2.63,0.0,3041.0,98.39,315,33,2,40,7,80,71,7,71,0,0.0,0.0,6.33,31.12,0.0,0,0,37,0,0,0,0,0.07
qsem,beanstalk,,"{""q_sem"": 0.05}",beanstalk,2,20,200,2,True,200,12.3154,16.2398,29.1262,240.126,316.971,213.408,36.43,6.63,0.36,56.58,89.73,16.34,0.88,139.37,2.15,112.62,1403.7,94.98,141,0,2,22,6,30,51,3,51,159,221.67,68.44,128.57,318.48,496.3,10,0,0,23,100,31,41,0.03
qsem,beanstalk,,"{""q_sem"": 0.05}",beanstalk,1,20,200,2,True,200,12.7523,15.6835,,591.891,744.5,514.516,34.88,11.21,0.38,53.53,88.97,28.59,0.97,136.51,0.0,126.35,1422.4,92.95,141,0,2,27,6,39,78,2,78,141,206.22,69.35,366.36,748.57,531.4,15,0,0,24,99,56,42,0.04
qsem,beanstalk,,"{""q_sem"": 0.05}",beanstalk,4,20,200,2,True,200,15.4525,12.9429,27.8711,301.806,551.936,318.816,26.57,6.96,0.33,66.14,82.1,21.51,1.03,204.41,0.0,188.5,1680.7,90.64,167,0,2,27,10,30,91,1,91,153,194.75,76.77,221.51,553.72,621.6,16,0,0,28,128,64,39,0.04
qsem,batched k=1,,"{""batch_k"": 1, ""q_sem"": 0.05}",batched,8,20,200,2,True,200,30.9895,6.4538,7.3999,124.468,177.641,125.289,16.1,4.25,63.13,16.52,99.8,26.37,391.26,102.36,0.0,0.0,3145.8,84.59,329,45,2,40,5,75,68,4,68,0,0.0,0.0,16.85,181.53,0.0,0,0,57,0,0,0,0,0.27
qsem,beanstalk,,"{""q_sem"": 0.05}",beanstalk,5,20,200,2,True,200,15.6341,12.7926,,486.03,831.521,522.912,26.53,8.28,0.35,64.84,82.94,25.9,1.1,202.74,1.51,196.24,1728.9,92.16,172,0,2,30,11,37,110,0,110,126,227.37,70.22,371.61,832.76,700.1,16,0,0,30,128,81,44,0.04
qsem,beanstalk,,"{""q_sem"": 0.05}",beanstalk,0,20,200,2,True,200,18.6111,10.7463,28.086,330.656,757.616,467.987,21.61,8.65,0.31,69.43,80.43,32.21,1.15,258.44,0.0,255.89,2120.7,94.96,212,0,2,38,5,37,111,5,111,148,290.08,87.57,308.67,759.24,949.8,17,0,0,38,170,78,42,0.13
qsem,beanstalk,,"{""q_sem"": 0.05}",beanstalk,6,20,200,2,True,200,14.6147,13.6848,17.7915,338.535,532.593,375.165,28.49,9.96,0.37,61.18,83.28,29.1,1.08,178.83,0.22,168.73,1437.0,81.94,144,0,2,33,6,42,99,3,99,155,191.77,57.22,223.66,536.21,603.3,15,0,0,23,97,79,47,0.04
qsem,beanstalk,,"{""q_sem"": 0.05}",beanstalk,8,20,200,2,True,200,21.9623,9.1065,2044.8045,389.958,705.966,397.795,22.72,6.36,0.22,70.7,99.8,27.94,0.96,310.54,0.0,139.47,1571.5,59.63,157,0,2,28,6,46,73,1,73,152,235.5,72.39,265.18,711.23,553.8,12,0,0,26,102,48,55,0.04
qsem,beanstalk,,"{""q_sem"": 0.05}",beanstalk,3,20,200,2,True,200,14.6004,13.6982,,451.024,852.177,514.126,30.0,8.63,0.37,61.0,87.61,25.2,1.07,178.13,2.15,170.44,1687.9,96.34,168,0,2,42,6,44,88,2,88,154,252.23,75.87,418.03,855.65,612.4,17,0,0,27,121,63,47,0.12
qsem,beanstalk quarantine,,"{""green_mode"": ""quarantine"", ""q_sem"": 0.05}",beanstalk,0,20,200,2,True,200,21.0642,9.4948,9.0439,203.946,552.87,252.521,19.09,8.42,0.27,72.22,80.43,35.47,1.14,304.24,0.0,254.57,2301.1,91.03,229,0,2,45,3,37,108,6,108,149,481.33,114.32,49.19,233.31,935.7,18,0,0,39,153,75,76,0.04
qsem,beanstalk quarantine,,"{""green_mode"": ""quarantine"", ""q_sem"": 0.05}",beanstalk,2,20,200,2,True,200,12.9586,15.4338,16.4223,135.112,349.398,168.054,34.62,7.14,0.35,57.89,89.73,18.5,0.92,150.03,0.68,121.38,1473.1,94.73,148,0,2,28,5,32,54,2,54,161,297.21,79.12,34.99,168.33,487.3,15,0,0,20,88,38,60,0.04
qsem,beanstalk quarantine,,"{""green_mode"": ""quarantine"", ""q_sem"": 0.05}",beanstalk,3,20,200,2,True,200,15.5159,12.89,13.8717,205.004,567.149,253.78,28.23,7.34,0.33,64.1,87.61,22.77,1.04,198.91,3.45,183.43,1819.6,97.73,182,0,2,33,6,29,89,4,89,133,329.85,120.19,43.75,208.49,708.3,22,0,0,33,118,61,63,0.04
qsem,batched-par k=1,,"{""batch_k"": 1, ""q_sem"": 0.05}",batched-par,8,20,200,2,True,200,29.8774,6.694,8.361,105.07,146.529,107.039,16.7,4.43,55.28,23.59,99.8,26.47,330.33,140.95,0.0,0.0,2819.7,78.65,286,18,2,40,6,68,66,2,66,0,0.0,0.0,40.09,356.41,0.0,0,0,18,0,0,0,0,0.27
qsem,beanstalk quarantine,,"{""green_mode"": ""quarantine"", ""q_sem"": 0.05}",beanstalk,4,20,200,2,True,200,15.0942,13.2502,14.4536,226.912,475.856,241.447,27.2,7.4,0.36,65.05,82.1,22.33,1.09,196.37,2.06,186.64,1689.5,93.27,168,0,2,36,11,24,98,1,98,135,285.08,102.52,39.31,158.54,684.9,16,0,0,29,112,70,56,0.04
qsem,beanstalk quarantine,,"{""green_mode"": ""quarantine"", ""q_sem"": 0.05}",beanstalk,5,20,200,2,True,200,18.3161,10.9193,11.6586,375.812,720.12,368.202,22.64,7.21,0.3,69.85,82.94,26.43,1.09,255.86,0.0,249.23,2076.6,94.48,207,0,2,35,13,26,105,1,105,128,373.27,132.05,65.96,265.35,895.9,18,0,0,31,159,76,48,0.04
qsem,beanstalk,,"{""q_sem"": 0.05}",beanstalk,7,20,200,2,True,200,15.1688,13.185,,534.597,885.7,625.824,27.88,9.75,0.35,62.03,84.57,29.57,1.05,188.19,4.04,161.36,1510.7,83.0,153,0,2,33,4,45,93,2,93,154,182.74,65.02,436.2,890.92,550.7,18,0,0,28,105,67,48,0.17
qsem,beanstalk quarantine,,"{""green_mode"": ""quarantine"", ""q_sem"": 0.05}",beanstalk,9,20,200,2,True,200,12.7591,15.6751,16.5964,149.364,345.45,167.244,35.11,10.76,0.39,53.73,89.6,27.47,1.0,137.12,0.46,131.7,1356.6,88.6,135,0,2,31,5,35,83,0,83,142,247.42,85.85,23.64,96.52,556.2,15,0,0,21,61,64,74,0.04
qsem,beanstalk-noplace,,"{""q_sem"": 0.05}",beanstalk-noplace,0,20,200,2,True,200,14.3247,13.9619,,440.847,832.924,511.225,28.07,9.91,0.4,61.62,80.43,28.4,1.14,176.52,2.89,166.88,1576.3,91.7,156,0,2,54,3,35,94,3,94,0,228.73,67.92,406.83,836.12,645.1,15,0,0,28,117,69,39,0.02
qsem,beanstalk-noplace,,"{""q_sem"": 0.05}",beanstalk-noplace,1,20,200,2,True,200,15.4191,12.9709,,659.001,893.246,618.128,28.85,13.0,0.34,57.8,88.97,40.1,1.06,178.26,0.0,165.51,1538.6,83.16,154,0,2,30,2,53,98,1,98,0,132.37,59.82,435.71,897.7,605.2,12,0,0,28,96,71,58,0.02
qsem,beanstalk-noplace,,"{""q_sem"": 0.05}",beanstalk-noplace,2,20,200,2,True,200,11.2272,17.814,47.3354,293.335,441.282,274.402,39.96,7.92,0.42,51.7,89.73,17.79,0.94,116.09,1.61,89.67,1222.8,90.76,121,0,2,36,7,32,51,3,51,0,191.3,60.17,173.34,443.09,409.6,9,0,0,21,81,33,40,0.02
qsem,beanstalk-noplace,,"{""q_sem"": 0.05}",beanstalk-noplace,3,20,200,2,True,200,14.5598,13.7364,22.4853,367.122,426.393,334.549,30.09,8.02,0.36,61.54,87.61,23.36,1.04,179.19,1.39,173.22,1674.3,95.83,165,0,2,41,9,34,78,1,78,0,264.87,93.04,205.12,424.28,644.1,14,0,0,27,126,52,39,0.02
qsem,beanstalk-noplace,,"{""q_sem"": 0.05}",beanstalk-noplace,4,20,200,2,True,200,14.8202,13.495,,540.8,789.275,448.253,27.7,6.89,0.34,65.07,82.1,20.43,1.01,192.87,6.12,162.55,1564.0,87.94,157,0,2,36,11,36,74,2,74,0,282.0,88.32,350.52,787.1,598.6,19,0,0,29,115,47,42,0.02
qsem,beanstalk-noplace,,"{""q_sem"": 0.05}",beanstalk-noplace,5,20,200,2,True,200,13.5138,14.7997,1117.9966,254.193,707.36,402.481,30.69,10.36,0.42,58.53,82.94,28.0,1.14,158.2,0.0,140.18,1568.1,96.7,158,0,2,56,11,42,93,4,93,0,302.69,73.0,313.18,709.37,570.3,23,0,0,23,109,74,49,0.02
qsem,beanstalk quarantine,,"{""green_mode"": ""quarantine"", ""q_sem"": 0.05}",beanstalk,6,20,200,2,True,200,15.6966,12.7416,21.4106,187.54,375.192,191.802,26.53,8.89,0.35,64.23,83.28,27.92,1.11,201.63,4.39,183.63,1585.0,84.15,158,0,2,33,9,31,101,3,101,146,270.74,85.19,43.98,153.26,624.6,19,0,0,26,99,78,59,0.19
qsem,beanstalk quarantine,,"{""green_mode"": ""quarantine"", ""q_sem"": 0.05}",beanstalk,1,20,200,2,True,200,14.3753,13.9127,14.1382,156.952,399.729,168.471,30.95,9.03,0.34,59.68,88.97,25.96,0.98,171.59,0.21,160.43,1574.7,91.29,156,0,2,27,9,32,78,1,78,152,205.45,80.38,37.95,153.42,591.1,13,0,0,23,94,57,62,0.32
qsem,beanstalk-noplace,,"{""q_sem"": 0.05}",beanstalk-noplace,8,20,200,2,True,200,20.4888,9.7614,,411.278,769.889,471.326,24.35,6.85,0.24,68.56,99.8,28.09,0.96,280.92,8.21,214.53,1561.1,63.49,156,0,2,32,6,41,66,3,66,0,204.67,76.31,291.35,772.47,603.3,11,0,0,25,109,44,47,0.02
qsem,beanstalk-noplace,,"{""q_sem"": 0.05}",beanstalk-noplace,7,20,200,2,True,200,14.1818,14.1026,29.4726,266.07,348.522,244.57,29.82,9.03,0.37,60.78,84.57,25.62,1.04,172.41,0.65,128.06,1470.4,86.4,149,0,2,40,8,49,84,2,84,0,210.5,57.18,143.02,356.47,511.1,14,0,0,21,89,65,60,0.05
qsem,beanstalk,,"{""q_sem"": 0.05}",beanstalk,9,20,200,2,True,200,18.5087,10.8057,27.618,320.385,716.914,419.859,24.2,9.47,0.29,66.03,89.6,35.06,1.08,244.43,0.61,242.74,1815.8,81.76,181,0,2,49,3,40,89,4,89,151,330.34,83.36,280.58,718.33,904.7,16,0,0,32,131,61,50,0.35
qsem,beanstalk-noplace,,"{""q_sem"": 0.05}",beanstalk-noplace,9,20,200,2,True,200,12.5805,15.8977,28.872,291.3,400.937,283.791,35.61,8.94,0.4,55.05,89.6,22.5,1.01,138.5,2.82,133.78,1408.6,93.31,142,0,2,39,4,41,72,2,72,0,219.95,66.04,174.12,399.28,523.5,10,0,0,24,94,50,48,0.02
qsem,batched k=1,,"{""batch_k"": 1, ""q_sem"": 0.1}",batched,2,20,200,2,True,200,30.2002,6.6225,6.6602,146.017,204.528,142.503,14.86,3.97,74.67,6.5,89.73,23.97,451.04,39.27,2.38,0.0,3512.0,96.91,372,53,2,35,5,106,92,4,92,0,0.0,0.0,8.64,52.99,0.0,0,0,76,0,0,0,0,0.02
qsem,batched k=1,,"{""batch_k"": 1, ""q_sem"": 0.1}",batched,0,20,200,2,True,200,35.2459,5.6744,5.7758,175.171,253.442,172.126,11.41,4.24,77.15,7.2,80.43,29.91,543.84,50.73,0.0,0.0,4060.1,95.99,430,70,2,44,2,149,128,4,128,0,0.0,0.0,9.95,47.26,0.0,0,0,98,0,0,0,0,0.05
qsem,beanstalk quarantine,,"{""green_mode"": ""quarantine"", ""q_sem"": 0.05}",beanstalk,7,20,200,2,True,200,16.0746,12.442,14.9837,261.619,425.154,235.475,26.3,10.41,0.33,62.95,84.57,33.47,1.07,202.38,0.0,188.71,1771.8,91.85,179,0,2,43,2,32,94,3,94,150,299.37,108.32,32.82,144.23,715.1,12,0,0,28,112,69,67,0.28
qsem,batched k=1,,"{""batch_k"": 1, ""q_sem"": 0.1}",batched,3,20,200,2,True,200,32.8031,6.097,6.0141,160.106,227.654,160.573,13.35,3.62,77.97,5.06,87.61,23.72,511.52,33.21,3.24,0.0,3836.4,97.46,405,67,2,38,10,123,107,3,107,0,0.0,0.0,9.17,40.96,0.0,0,0,95,0,0,0,0,0.02
qsem,batched k=1,,"{""batch_k"": 1, ""q_sem"": 0.1}",batched,1,20,200,2,True,200,32.6469,6.1262,6.2013,161.116,217.32,157.385,13.63,4.13,76.21,6.03,88.97,26.99,497.63,39.35,0.0,0.0,3768.9,96.2,398,66,2,25,6,119,108,6,108,0,0.0,0.0,9.37,52.67,0.0,0,0,84,0,0,0,0,0.05
qsem,batched k=1,,"{""batch_k"": 1, ""q_sem"": 0.1}",batched,6,20,200,2,True,200,38.4724,5.1985,5.5943,177.619,247.662,174.693,10.82,3.96,71.72,13.5,83.28,30.46,551.85,103.86,17.78,0.0,4058.9,87.92,429,67,2,43,5,144,123,6,123,0,0.0,0.0,17.55,197.26,0.0,0,0,100,0,0,0,0,0.02
qsem,batched k=1,,"{""batch_k"": 1, ""q_sem"": 0.1}",batched,5,20,200,2,True,200,33.5588,5.9597,6.0176,162.578,243.992,160.487,12.36,3.97,75.74,7.94,82.94,26.62,508.34,53.28,0.0,0.0,3788.5,94.08,402,62,2,53,9,124,110,2,110,0,0.0,0.0,9.7,64.55,0.0,0,0,90,0,0,0,0,0.02
qsem,batched k=1,,"{""batch_k"": 1, ""q_sem"": 0.1}",batched,9,20,200,2,True,200,30.5629,6.5439,6.6613,144.528,215.162,147.387,14.66,4.35,76.02,4.97,89.6,26.59,464.69,30.37,4.47,0.0,3564.4,97.19,370,52,2,39,7,105,95,1,95,0,0.0,0.0,9.08,49.71,0.0,0,0,74,0,0,0,0,0.02
qsem,beanstalk quarantine,,"{""green_mode"": ""quarantine"", ""q_sem"": 0.05}",beanstalk,8,20,200,2,True,200,17.7337,11.278,11.473,169.256,324.912,159.87,28.14,8.48,0.27,63.11,99.8,30.08,0.94,223.85,1.84,212.83,1650.8,77.57,164,0,2,29,7,39,66,2,66,157,229.15,101.87,27.29,107.92,824.4,8,0,0,24,77,44,87,0.32
qsem,batched k=1,,"{""batch_k"": 1, ""q_sem"": 0.1}",batched,4,20,200,2,True,200,30.457,6.5666,6.632,149.31,199.366,147.533,13.48,3.17,77.56,5.79,82.1,19.33,472.44,35.26,1.38,0.0,3529.3,96.56,375,57,2,32,9,107,95,5,95,0,0.0,0.0,8.6,51.28,0.0,0,0,75,0,0,0,0,0.06
qsem,batched-par k=1,,"{""batch_k"": 1, ""q_sem"": 0.1}",batched-par,0,20,200,2,True,200,33.8514,5.9082,6.0404,167.549,237.83,167.174,11.88,4.76,77.54,5.81,80.43,32.25,525.0,39.35,0.0,0.0,3953.3,97.32,421,57,2,46,2,157,139,2,139,0,0.0,0.0,8.78,52.25,0.0,0,0,80,0,0,0,0,0.02
qsem,batched-par k=1,,"{""batch_k"": 1, ""q_sem"": 0.1}",batched-par,1,20,200,2,True,200,29.1424,6.8629,6.9343,138.576,193.039,136.946,15.26,4.79,73.53,6.42,88.97,27.93,428.56,37.39,0.0,0.0,3428.0,98.02,359,38,2,25,6,118,107,8,107,0,0.0,0.0,7.3,40.66,0.0,0,0,44,0,0,0,0,0.02
qsem,batched k=1,,"{""batch_k"": 1, ""q_sem"": 0.1}",batched,7,20,200,2,True,200,32.07,6.2364,6.3898,156.333,212.739,150.97,13.18,4.16,74.29,8.36,84.57,26.71,476.52,53.6,0.0,0.0,3641.0,94.61,384,54,2,38,7,116,100,7,100,0,0.0,0.0,8.98,40.01,0.0,0,0,77,0,0,0,0,0.07
qsem,batched-par k=1,,"{""batch_k"": 1, ""q_sem"": 0.1}",batched-par,4,20,200,2,True,200,27.5186,7.2678,7.3693,132.988,180.185,130.534,14.92,3.49,75.57,6.02,82.1,19.2,415.91,33.16,1.48,0.0,3248.3,98.37,338,33,2,35,10,104,97,3,97,0,0.0,0.0,6.98,35.31,0.0,0,0,38,0,0,0,0,0.02
qsem,batched-par k=1,,"{""batch_k"": 1, ""q_sem"": 0.1}",batched-par,2,20,200,2,True,200,28.2083,7.0901,7.2034,133.421,185.645,130.336,15.9,4.46,72.55,7.09,89.73,25.18,409.28,39.98,3.35,0.0,3329.0,98.35,341,34,2,33,3,104,91,7,91,0,0.0,0.0,7.47,49.77,0.0,0,0,43,0,0,0,0,0.04
qsem,batched-par k=1,,"{""batch_k"": 1, ""q_sem"": 0.1}",batched-par,5,20,200,2,True,200,31.4548,6.3583,6.3197,155.273,219.993,152.261,13.18,4.36,76.32,6.14,82.94,27.44,480.1,38.62,0.0,0.0,3641.9,96.48,380,49,2,54,9,126,114,7,114,0,0.0,0.0,8.23,40.68,0.0,0,0,59,0,0,0,0,0.03
qsem,batched-par k=1,,"{""batch_k"": 1, ""q_sem"": 0.1}",batched-par,7,20,200,2,True,200,29.1935,6.8508,6.8136,142.916,207.153,138.709,14.48,4.38,74.81,6.33,84.57,25.56,436.8,36.94,0.0,0.0,3422.5,97.7,354,42,2,38,7,111,101,4,101,0,0.0,0.0,7.53,40.26,0.0,0,0,49,0,0,0,0,0.02
qsem,beanstalk-noplace,,"{""q_sem"": 0.05}",beanstalk-noplace,6,20,200,2,True,200,15.7833,12.6716,18.308,276.009,403.166,272.781,26.38,7.61,0.33,65.68,83.28,24.01,1.05,207.33,4.46,167.04,1542.8,81.46,155,0,2,42,8,45,75,2,75,0,259.23,69.56,162.39,409.91,630.6,14,0,0,25,103,52,52,0.22
qsem,batched-par k=1,,"{""batch_k"": 1, ""q_sem"": 0.1}",batched-par,9,20,200,2,True,200,28.2148,7.0885,7.2608,128.012,205.892,133.365,15.88,4.87,73.91,5.34,89.6,27.46,417.09,30.15,2.24,0.0,3316.6,97.96,351,40,2,42,5,106,99,5,99,0,0.0,0.0,7.03,38.75,0.0,0,0,47,0,0,0,0,0.02
qsem,beanstalk,,"{""q_sem"": 0.1}",beanstalk,0,20,200,2,True,200,25.5984,7.813,10.3145,482.868,591.616,470.555,15.71,8.63,0.26,75.4,80.43,44.2,1.33,386.01,0.0,367.05,2799.5,91.13,280,0,2,42,6,46,166,5,166,149,347.47,101.24,252.8,593.24,1220.2,22,0,0,55,228,116,52,0.04
qsem,batched k=1,,"{""batch_k"": 1, ""q_sem"": 0.1}",batched,8,20,200,2,True,200,37.3304,5.3576,5.9565,158.654,242.421,161.963,13.37,4.52,67.79,14.32,99.8,33.78,506.1,106.93,0.0,0.0,3885.9,86.74,408,69,2,39,6,122,108,6,108,0,0.0,0.0,20.28,223.64,0.0,0,0,94,0,0,0,0,0.14
qsem,batched-par k=1,,"{""batch_k"": 1, ""q_sem"": 0.1}",batched-par,6,20,200,2,True,200,34.1098,5.8634,6.6488,151.35,197.928,145.938,12.21,4.3,67.01,16.49,83.28,29.35,457.11,112.46,13.63,0.0,3538.8,86.46,372,43,2,43,4,128,119,5,119,0,0.0,0.0,20.95,237.67,0.0,0,0,48,0,0,0,0,0.07
qsem,batched-par k=1,,"{""batch_k"": 1, ""q_sem"": 0.1}",batched-par,8,20,200,2,True,200,32.6146,6.1322,7.1438,126.073,209.925,132.255,15.3,5.04,62.55,17.12,99.8,32.86,407.99,111.64,0.0,0.0,3350.2,85.6,353,39,2,41,6,110,102,5,102,0,0.0,0.0,18.37,212.15,0.0,0,0,46,0,0,0,0,0.06
qsem,beanstalk,,"{""q_sem"": 0.1}",beanstalk,1,20,200,2,True,200,17.6653,11.3216,,692.27,1039.284,683.124,25.18,10.43,0.31,64.08,88.97,36.86,1.08,226.39,0.56,205.75,1851.7,87.35,184,0,2,27,10,53,110,2,110,142,198.27,67.01,513.66,1043.36,767.8,15,0,0,34,128,78,56,0.04
qsem,beanstalk,,"{""q_sem"": 0.1}",beanstalk,2,20,200,2,True,200,19.0055,10.5233,,522.745,1068.567,650.707,23.61,8.92,0.29,67.18,89.73,33.92,1.12,255.34,1.98,232.05,2095.9,91.9,209,0,2,34,12,48,111,6,111,155,360.85,94.45,505.93,1072.87,859.2,25,0,0,36,157,81,52,0.04
qsem,beanstalk,,"{""q_sem"": 0.1}",beanstalk,6,20,200,2,True,200,18.5708,10.7696,,611.815,1073.532,613.107,22.42,10.28,0.33,66.97,83.28,38.19,1.22,248.73,0.48,247.0,1994.2,89.48,199,0,2,43,7,46,131,3,131,138,253.08,77.4,520.55,1076.9,933.4,19,0,0,34,146,100,53,0.04
qsem,beanstalk,,"{""q_sem"": 0.1}",beanstalk,7,20,200,2,True,200,27.5523,7.2589,33.9945,805.874,1348.075,781.261,15.35,10.81,0.25,73.59,84.57,59.59,1.37,405.52,3.06,368.35,2894.7,87.55,292,0,2,32,7,68,194,4,194,147,334.62,80.03,577.05,1353.29,1314.5,22,0,0,54,219,144,73,0.05
qsem,beanstalk,,"{""q_sem"": 0.1}",beanstalk,9,20,200,2,True,200,18.1387,11.0262,,683.022,1066.864,727.446,24.7,11.53,0.33,63.44,89.6,41.81,1.21,230.15,0.0,225.18,1809.6,83.14,181,0,2,49,6,64,120,4,120,155,239.17,74.19,524.44,1068.28,831.4,19,0,0,30,114,94,67,0.04
qsem,beanstalk,,"{""q_sem"": 0.1}",beanstalk,8,20,200,2,True,200,20.0954,9.9525,,689.611,1188.538,738.341,24.83,10.78,0.29,64.1,99.8,43.32,1.16,257.63,2.74,251.14,2088.4,86.61,208,0,2,33,11,59,125,2,125,153,239.96,75.47,591.06,1193.8,953.3,19,0,0,37,147,90,61,0.12
qsem,batched-par k=1,,"{""batch_k"": 1, ""q_sem"": 0.1}",batched-par,3,20,200,2,True,200,30.0079,6.6649,6.5928,143.639,215.572,144.141,14.6,4.1,75.95,5.35,87.61,24.63,455.84,32.08,1.35,0.0,3532.2,98.09,374,51,2,37,7,122,112,3,112,0,0.0,0.0,7.61,51.93,0.0,0,0,59,0,0,0,0,0.31
qsem,beanstalk quarantine,,"{""green_mode"": ""quarantine"", ""q_sem"": 0.1}",beanstalk,1,20,200,2,True,200,20.9454,9.5487,10.0045,260.741,563.806,276.879,21.24,10.85,0.28,67.64,88.97,45.44,1.15,283.35,0.22,268.95,2368.8,94.24,235,0,2,28,4,44,134,4,134,146,342.19,116.66,40.52,141.54,1025.2,15,0,0,42,158,96,77,0.04
qsem,beanstalk,,"{""q_sem"": 0.1}",beanstalk,3,20,200,2,True,200,21.4736,9.3138,12.4495,409.945,498.268,386.129,20.4,7.38,0.28,71.95,87.61,31.68,1.18,309.0,3.03,283.99,2407.2,93.42,241,0,2,43,13,40,122,4,122,149,335.26,97.85,213.3,501.75,1062.6,21,0,0,42,194,84,47,0.22
qsem,beanstalk,,"{""q_sem"": 0.1}",beanstalk,4,20,200,2,True,200,16.7854,11.9151,,530.516,889.956,455.261,24.46,8.89,0.35,66.3,82.1,29.85,1.17,222.59,1.08,208.31,1762.8,87.52,175,0,2,38,9,39,118,0,118,146,253.2,74.22,397.3,891.74,739.3,15,0,0,32,130,86,45,0.24
qsem,beanstalk quarantine,,"{""green_mode"": ""quarantine"", ""q_sem"": 0.1}",beanstalk,4,20,200,2,True,200,20.5208,9.7462,9.3968,331.47,744.032,349.202,20.0,8.28,0.3,71.42,82.1,33.96,1.25,293.1,1.12,275.67,2408.5,97.81,239,0,2,35,13,24,143,1,143,134,352.37,136.5,61.19,189.28,1006.6,26,0,0,46,186,99,53,0.04
qsem,beanstalk quarantine,,"{""green_mode"": ""quarantine"", ""q_sem"": 0.1}",beanstalk,5,20,200,2,True,200,21.7565,9.1927,10.2518,325.985,729.047,373.764,19.06,8.01,0.28,72.66,82.94,34.84,1.2,316.15,3.16,289.17,2438.2,93.39,242,0,2,25,7,30,151,2,151,118,442.53,124.32,59.06,257.5,1086.3,30,0,0,40,179,114,63,0.04
qsem,beanstalk quarantine,,"{""green_mode"": ""quarantine"", ""q_sem"": 0.1}",beanstalk,3,20,200,2,True,200,19.8584,10.0713,10.7701,319.509,561.084,307.209,22.06,7.49,0.27,70.18,87.61,29.74,1.09,278.73,4.05,259.96,2289.4,96.07,229,0,2,29,10,29,114,3,114,123,380.58,135.35,42.17,175.83,1024.2,16,0,0,45,167,76,62,0.07
qsem,beanstalk quarantine,,"{""green_mode"": ""quarantine"", ""q_sem"": 0.1}",beanstalk,8,20,200,2,True,200,23.1769,8.6293,9.4134,207.653,565.061,239.573,21.53,8.31,0.23,69.93,99.8,38.52,1.06,324.16,0.0,278.14,2356.6,84.73,236,0,2,30,7,31,103,4,103,150,316.44,124.09,49.92,204.3,1079.4,15,0,0,35,163,72,73,0.04
qsem,beanstalk quarantine,,"{""green_mode"": ""quarantine"", ""q_sem"": 0.1}",beanstalk,7,20,200,2,True,200,21.5847,9.2658,10.4725,228.528,632.486,285.796,19.59,15.21,0.33,64.88,84.57,65.65,1.41,280.07,2.03,255.85,2296.8,88.67,232,0,2,43,2,43,195,3,195,126,384.68,110.62,56.36,328.06,1007.5,26,0,0,56,130,143,102,0.05
qsem,beanstalk,,"{""q_sem"": 0.1}",beanstalk,5,20,200,2,True,200,20.7633,9.6324,,803.753,1221.284,831.73,19.97,9.86,0.31,69.86,82.94,40.93,1.29,290.11,0.52,283.15,2167.3,86.99,216,0,2,47,12,45,145,1,145,139,295.57,91.89,599.95,1222.52,914.2,20,0,0,38,168,109,48,0.35
qsem,beanstalk-noplace,,"{""q_sem"": 0.1}",beanstalk-noplace,0,20,200,2,True,200,25.109,7.9653,12.7127,567.828,742.778,546.127,16.02,9.65,0.28,74.05,80.43,48.48,1.43,371.84,0.0,286.29,2496.3,82.85,250,0,2,63,4,58,176,4,176,0,349.09,75.5,363.03,746.1,1037.6,18,0,0,47,186,133,64,0.02
qsem,beanstalk-noplace,,"{""q_sem"": 0.1}",beanstalk-noplace,2,20,200,2,True,200,15.3423,13.0358,29.62,323.517,484.582,312.4,29.24,8.11,0.32,62.33,89.73,24.88,0.98,191.26,2.0,166.79,1691.7,91.89,169,0,2,38,3,35,67,3,67,0,300.68,88.88,186.52,489.44,651.3,15,0,0,29,125,41,44,0.02
qsem,beanstalk quarantine,,"{""green_mode"": ""quarantine"", ""q_sem"": 0.1}",beanstalk,9,20,200,2,True,200,16.8663,11.858,12.2133,175.144,371.061,182.023,26.56,11.83,0.33,61.28,89.6,39.91,1.12,206.7,0.57,185.87,1723.0,85.13,172,0,2,28,4,38,120,2,120,136,244.93,87.77,25.54,94.55,759.8,16,0,0,35,82,89,89,0.04
qsem,beanstalk-noplace,,"{""q_sem"": 0.1}",beanstalk-noplace,3,20,200,2,True,200,19.381,10.3194,64.0858,622.791,987.704,614.233,22.6,7.02,0.28,70.1,87.61,27.21,1.1,271.71,1.97,245.25,2202.4,94.7,217,0,2,32,5,37,106,2,106,0,364.93,93.12,434.57,995.6,934.6,16,0,0,41,174,67,43,0.02
qsem,beanstalk-noplace,,"{""q_sem"": 0.1}",beanstalk-noplace,4,20,200,2,True,200,15.0998,13.2452,,573.609,818.273,453.788,27.19,8.11,0.37,64.34,82.1,24.49,1.11,194.3,3.06,176.64,1653.6,91.26,165,0,2,41,11,34,97,1,97,0,289.58,77.2,369.01,816.1,645.8,17,0,0,31,125,67,40,0.02
qsem,beanstalk-noplace,,"{""q_sem"": 0.1}",beanstalk-noplace,6,20,200,2,True,200,20.9719,9.5366,22.2286,394.037,806.387,489.521,19.85,7.71,0.28,72.15,83.28,32.36,1.19,302.61,0.0,290.51,2223.3,88.34,223,0,2,40,7,41,127,2,127,0,317.34,88.78,336.02,813.13,979.9,22,0,0,40,178,89,45,0.06
qsem,beanstalk-noplace,,"{""q_sem"": 0.1}",beanstalk-noplace,7,20,200,2,True,200,20.4292,9.7899,19.159,478.877,702.23,458.322,20.7,10.27,0.29,68.75,84.57,41.96,1.17,280.89,1.02,237.91,2188.8,89.28,220,0,2,40,3,75,123,0,123,0,306.86,83.44,303.06,710.17,913.6,19,0,0,37,140,87,80,0.02
qsem,beanstalk-noplace,,"{""q_sem"": 0.1}",beanstalk-noplace,8,20,200,2,True,200,25.6919,7.7846,12.5888,696.582,768.739,590.961,19.42,9.17,0.23,71.18,99.8,47.14,1.17,365.73,7.18,352.07,2217.9,71.94,221,0,2,42,5,56,119,4,119,0,255.07,78.16,375.34,771.32,1156.6,15,0,0,40,161,83,60,0.02
qsem,beanstalk-noplace,,"{""q_sem"": 0.1}",beanstalk-noplace,9,20,200,2,True,200,20.3776,9.8147,,750.757,1201.806,834.967,21.98,10.17,0.3,67.55,89.6,41.46,1.21,275.29,0.65,249.78,2140.6,87.54,215,0,2,38,5,46,133,4,133,0,371.79,73.63,594.87,1206.0,910.9,14,0,0,42,166,95,49,0.02
qsem,beanstalk-noplace,,"{""q_sem"": 0.1}",beanstalk-noplace,1,20,200,2,True,200,24.0511,8.3156,9.9363,418.412,503.825,397.989,18.5,8.73,0.25,72.52,88.97,42.01,1.2,348.85,0.0,344.54,2636.2,91.34,263,0,2,30,8,43,142,5,142,0,342.77,94.11,225.27,502.59,1191.0,17,0,0,50,209,97,54,0.17
qsem,beanstalk quarantine,,"{""green_mode"": ""quarantine"", ""q_sem"": 0.1}",beanstalk,2,20,200,2,True,200,20.5356,9.7392,10.2255,306.56,415.265,267.141,21.85,7.36,0.25,70.54,89.73,30.23,1.04,289.71,1.68,252.16,2364.0,95.93,236,0,2,27,8,30,99,8,99,162,356.12,123.48,58.49,212.22,940.6,23,0,0,35,172,72,64,0.33
qsem,batched k=1,,"{""batch_k"": 1, ""q_sem"": 0.2}",batched,0,20,200,2,True,200,41.3194,4.8403,4.7748,212.752,285.227,208.439,9.73,4.36,79.72,6.19,80.43,36.03,658.76,51.16,0.0,0.0,4757.3,95.95,503,89,2,47,2,196,163,1,163,0,0.0,0.0,11.65,44.59,0.0,0,0,139,0,0,0,0,0.02
qsem,batched k=1,,"{""batch_k"": 1, ""q_sem"": 0.2}",batched,3,20,200,2,True,200,39.6022,5.0502,4.9321,204.23,281.086,198.624,11.06,3.83,79.76,5.35,87.61,30.32,631.76,42.35,4.24,0.0,4595.5,96.7,482,87,2,39,9,175,150,4,150,0,0.0,0.0,11.4,55.06,0.0,0,0,128,0,0,0,0,0.02
qsem,batched k=1,,"{""batch_k"": 1, ""q_sem"": 0.2}",batched,4,20,200,2,True,200,34.9607,5.7207,5.6221,178.39,244.929,174.592,11.74,3.65,79.58,5.03,82.1,25.56,556.42,35.14,3.85,0.0,4060.5,96.79,430,65,2,34,10,152,130,2,130,0,0.0,0.0,10.07,62.5,0.0,0,0,98,0,0,0,0,0.02
qsem,batched k=1,,"{""batch_k"": 1, ""q_sem"": 0.2}",batched,1,20,200,2,True,200,37.7362,5.2999,5.2635,188.021,268.922,187.232,11.79,4.39,78.31,5.52,88.97,33.1,591.0,41.65,4.12,0.0,4381.8,96.76,474,87,2,24,6,172,151,3,151,0,0.0,0.0,10.06,50.83,0.0,0,0,120,0,0,0,0,0.1
qsem,batched k=1,,"{""batch_k"": 1, ""q_sem"": 0.2}",batched,2,20,200,2,True,200,37.9609,5.2686,5.4065,184.144,261.033,183.494,11.82,4.68,75.88,7.62,89.73,35.56,576.09,57.84,2.4,0.0,4379.6,96.14,469,82,2,36,7,171,147,5,147,0,0.0,0.0,10.11,55.69,0.0,0,0,117,0,0,0,0,0.09
qsem,batched k=1,,"{""batch_k"": 1, ""q_sem"": 0.2}",batched,5,20,200,2,True,200,39.2119,5.1005,5.1307,198.214,273.02,194.083,10.58,4.53,77.96,6.93,82.94,35.56,611.38,54.35,0.0,0.0,4459.0,94.76,474,82,2,51,9,177,151,2,151,0,0.0,0.0,11.39,74.56,0.0,0,0,121,0,0,0,0,0.06
qsem,batched k=1,,"{""batch_k"": 1, ""q_sem"": 0.2}",batched,8,20,200,2,True,200,41.7574,4.7896,5.0741,190.586,286.848,192.131,11.95,5.31,71.37,11.36,99.8,44.37,596.06,94.91,0.0,0.0,4517.0,90.14,486,105,2,38,6,171,151,5,151,0,0.0,0.0,14.68,131.93,0.0,0,0,130,0,0,0,0,0.02
qsem,batched k=1,,"{""batch_k"": 1, ""q_sem"": 0.2}",batched,9,20,200,2,True,200,38.6637,5.1728,5.0797,197.715,266.651,194.975,11.59,5.47,78.58,4.37,89.6,42.3,607.62,33.76,6.02,0.0,4502.9,97.05,478,86,2,37,7,170,151,3,151,0,0.0,0.0,11.19,52.35,0.0,0,0,124,0,0,0,0,0.02
qsem,batched-par k=1,,"{""batch_k"": 1, ""q_sem"": 0.2}",batched-par,0,20,200,2,True,200,38.0008,5.263,5.1129,194.438,273.73,191.771,10.58,5.01,79.1,5.31,80.43,38.1,601.14,40.35,0.0,0.0,4436.4,97.29,475,82,2,48,2,188,176,1,176,0,0.0,0.0,9.42,50.47,0.0,0,0,98,0,0,0,0,0.02
qsem,beanstalk quarantine,,"{""green_mode"": ""quarantine"", ""q_sem"": 0.1}",beanstalk,6,20,200,2,True,200,22.5776,8.8583,10.3181,308.824,813.514,359.084,18.44,8.99,0.27,72.3,83.28,40.59,1.23,326.46,1.74,308.4,2647.5,97.72,263,0,2,32,16,30,152,5,152,127,537.75,148.57,47.63,175.75,1112.9,22,0,0,48,193,110,70,0.45
qsem,batched-par k=1,,"{""batch_k"": 1, ""q_sem"": 0.2}",batched-par,1,20,200,2,True,200,36.1415,5.5338,5.5142,177.7,253.068,176.457,12.31,5.66,75.71,6.32,88.97,40.91,547.28,45.67,0.0,0.0,4239.7,97.76,448,66,2,22,6,179,161,5,161,0,0.0,0.0,9.0,42.48,0.0,0,0,82,0,0,0,0,0.02
qsem,batched-par k=1,,"{""batch_k"": 1, ""q_sem"": 0.2}",batched-par,3,20,200,2,True,200,33.6693,5.9401,5.7899,161.661,262.273,166.341,13.01,4.81,77.53,4.65,87.61,32.38,522.09,31.31,1.89,0.0,3968.1,98.21,415,50,2,42,10,160,152,4,152,0,0.0,0.0,7.76,36.83,0.0,0,0,59,0,0,0,0,0.02
qsem,beanstalk quarantine,,"{""green_mode"": ""quarantine"", ""q_sem"": 0.1}",beanstalk,0,20,200,2,True,200,24.4323,8.1859,7.7872,369.43,619.642,344.701,16.46,7.86,0.26,75.42,80.43,38.42,1.25,368.55,1.03,352.74,2795.0,95.33,279,0,2,43,7,28,142,7,142,136,407.73,145.52,68.09,270.53,1212.9,23,0,0,45,215,104,64,0.64
qsem,batched-par k=1,,"{""batch_k"": 1, ""q_sem"": 0.2}",batched-par,2,20,200,2,True,200,32.9737,6.0654,6.5116,160.53,235.094,157.336,13.61,5.07,74.45,6.87,89.73,33.45,491.0,45.29,1.82,0.0,3874.8,97.93,410,54,2,36,3,154,139,6,139,0,0.0,0.0,9.1,84.04,0.0,0,0,65,0,0,0,0,0.06
qsem,batched k=1,,"{""batch_k"": 1, ""q_sem"": 0.2}",batched,7,20,200,2,True,200,38.6598,5.1733,5.1925,193.137,274.925,189.628,10.94,5.2,76.55,7.31,84.57,40.18,591.92,56.54,5.05,0.0,4410.2,95.06,473,87,2,40,5,173,153,5,153,0,0.0,0.0,10.06,50.06,0.0,0,0,115,0,0,0,0,0.17
qsem,batched k=1,,"{""batch_k"": 1, ""q_sem"": 0.2}",batched,6,20,200,2,True,200,38.2694,5.2261,5.2638,185.094,275.243,188.586,10.88,4.2,77.93,6.99,83.28,32.14,596.48,53.49,11.26,0.0,4334.6,94.39,466,82,2,45,4,168,145,6,145,0,0.0,0.0,10.82,63.6,0.0,0,0,115,0,0,0,0,0.21
qsem,batched-par k=1,,"{""batch_k"": 1, ""q_sem"": 0.2}",batched-par,5,20,200,2,True,200,36.594,5.4654,5.6532,183.226,265.994,177.622,11.33,5.22,75.68,7.77,82.94,38.2,553.87,56.87,0.0,0.0,4199.6,95.64,438,57,2,53,9,176,158,4,158,0,0.0,0.0,9.26,49.42,0.0,0,0,76,0,0,0,0,0.1
qsem,batched-par k=1,,"{""batch_k"": 1, ""q_sem"": 0.2}",batched-par,9,20,200,2,True,200,34.282,5.834,5.8786,164.251,254.66,168.88,13.07,5.8,76.3,4.83,89.6,39.77,523.16,33.11,2.45,0.0,4058.2,98.65,429,62,2,42,7,161,145,7,145,0,0.0,0.0,8.4,39.67,0.0,0,0,77,0,0,0,0,0.02
qsem,beanstalk-noplace,,"{""q_sem"": 0.1}",beanstalk-noplace,5,20,200,2,True,200,19.3084,10.3582,,762.12,1118.072,672.007,21.48,8.8,0.32,69.4,82.94,34.0,1.23,267.99,1.3,251.17,2229.6,96.23,222,0,2,46,11,46,130,4,130,0,267.67,89.77,541.68,1120.09,936.0,20,0,0,38,171,96,51,0.46
qsem,batched-par k=1,,"{""batch_k"": 1, ""q_sem"": 0.2}",batched-par,7,20,200,2,True,200,35.2126,5.6798,5.5913,170.918,257.109,171.956,12.01,5.12,76.27,6.6,84.57,36.07,537.11,46.5,0.0,0.0,4075.0,96.44,431,58,2,39,6,169,153,3,153,0,0.0,0.0,8.77,43.68,0.0,0,0,75,0,0,0,0,0.16
qsem,batched-par k=1,,"{""batch_k"": 1, ""q_sem"": 0.2}",batched-par,6,20,200,2,True,200,38.4505,5.2015,5.7539,170.944,288.148,174.897,10.83,4.59,71.22,13.36,83.28,35.31,547.68,102.74,11.71,0.0,4123.1,89.36,441,68,2,44,4,170,157,6,157,0,0.0,0.0,16.43,192.81,0.0,0,0,78,0,0,0,0,0.21
qsem,beanstalk,,"{""q_sem"": 0.2}",beanstalk,1,20,200,2,True,200,24.8978,8.0328,,1121.001,1473.232,1004.274,17.87,12.84,0.26,69.03,88.97,63.92,1.32,343.75,0.51,319.73,2698.0,90.3,268,0,2,39,3,79,174,3,174,133,267.12,75.51,730.56,1477.31,1247.2,16,0,0,53,186,124,82,0.06
qsem,batched-par k=1,,"{""batch_k"": 1, ""q_sem"": 0.2}",batched-par,8,20,200,2,True,200,36.622,5.4612,5.9309,158.637,250.52,162.785,13.63,6.03,68.05,12.29,99.8,44.2,498.42,90.02,0.0,0.0,4003.9,91.11,419,59,2,39,6,160,155,2,155,0,0.0,0.0,10.6,81.37,0.0,0,0,62,0,0,0,0,0.19
qsem,beanstalk,,"{""q_sem"": 0.2}",beanstalk,3,20,200,2,True,200,34.015,5.8798,,1337.665,2017.048,1203.442,12.88,8.51,0.22,78.4,87.61,57.87,1.47,533.36,2.64,525.81,3939.9,96.52,392,0,2,48,8,61,205,7,205,146,460.93,130.54,1000.24,2020.53,1850.8,23,0,0,71,328,141,64,0.05
qsem,beanstalk,,"{""q_sem"": 0.2}",beanstalk,2,20,200,2,True,200,35.1368,5.692,19.4483,793.622,1596.217,959.704,12.77,9.03,0.2,78.0,89.73,63.46,1.39,548.16,0.0,514.02,3817.0,90.53,381,0,2,30,23,66,209,9,209,144,603.73,127.7,663.5,1600.52,1782.0,28,0,0,71,310,147,71,0.08
qsem,beanstalk,,"{""q_sem"": 0.2}",beanstalk,6,20,200,2,True,200,28.8308,6.937,,1173.78,1709.072,1110.264,14.44,8.67,0.23,76.65,83.28,50.02,1.35,441.97,7.43,428.97,2918.1,84.35,289,0,2,38,15,45,184,6,184,135,303.85,90.09,847.67,1712.44,1386.7,24,0,0,52,241,138,48,0.05
qsem,beanstalk,,"{""q_sem"": 0.2}",beanstalk,7,20,200,2,True,200,31.2122,6.4077,7.8439,635.38,1204.299,743.413,13.55,10.64,0.25,75.57,84.57,66.39,1.54,471.74,0.98,469.26,3354.1,89.55,337,0,2,41,1,59,234,5,234,148,419.02,109.45,494.38,1202.17,1657.3,27,0,0,61,271,178,66,0.05
qsem,beanstalk,,"{""q_sem"": 0.2}",beanstalk,8,20,200,2,True,200,35.0649,5.7037,9.4553,667.532,1000.995,653.475,14.23,9.02,0.2,76.55,99.8,63.29,1.39,536.82,0.0,475.78,3235.2,76.89,323,0,2,32,6,59,207,5,207,155,417.67,101.65,388.37,996.69,1477.1,29,0,0,59,258,153,65,0.05
qsem,beanstalk,,"{""q_sem"": 0.2}",beanstalk,9,20,200,2,True,200,28.7941,6.9459,,968.832,1706.193,1074.238,15.56,10.88,0.27,73.3,89.6,62.63,1.55,422.1,0.46,419.18,3287.0,95.13,329,0,2,56,11,48,223,9,223,145,517.37,110.67,843.99,1707.61,1520.1,31,0,0,59,278,173,51,0.05
qsem,beanstalk quarantine,,"{""green_mode"": ""quarantine"", ""q_sem"": 0.2}",beanstalk,0,20,200,2,True,200,37.3348,5.3569,5.6285,522.98,905.414,517.616,10.77,9.67,0.23,79.32,80.43,72.23,1.75,592.28,0.41,570.91,4267.8,95.26,426,0,2,70,5,44,271,7,271,131,523.33,170.57,66.29,281.77,1944.0,33,0,0,86,319,195,107,0.05
qsem,beanstalk,,"{""q_sem"": 0.2}",beanstalk,0,20,200,2,True,200,36.1463,5.5331,,1403.23,2149.397,1353.366,11.13,8.74,0.22,79.91,80.43,63.18,1.61,577.7,0.0,575.73,4044.0,93.23,404,0,2,44,4,49,257,9,257,130,476.56,108.89,1066.78,2151.02,1963.4,24,0,0,75,352,191,52,0.3
qsem,beanstalk quarantine,,"{""green_mode"": ""quarantine"", ""q_sem"": 0.2}",beanstalk,2,20,200,2,True,200,30.5059,6.5561,6.5602,395.188,810.277,412.966,14.71,7.7,0.21,77.39,89.73,46.97,1.27,472.16,2.3,450.57,3528.3,96.38,352,0,2,31,11,38,167,9,167,141,566.0,165.58,77.72,284.18,1563.9,25,0,0,57,275,121,77,0.04
qsem,batched-par k=1,,"{""batch_k"": 1, ""q_sem"": 0.2}",batched-par,4,20,200,2,True,200,29.5017,6.7793,6.7733,145.775,197.188,142.309,13.91,4.18,76.21,5.69,82.1,24.69,449.68,33.57,3.8,0.0,3494.6,98.71,361,30,2,34,11,131,128,0,128,0,0.0,0.0,7.04,44.52,0.0,0,0,33,0,0,0,0,0.52
qsem,beanstalk quarantine,,"{""green_mode"": ""quarantine"", ""q_sem"": 0.2}",beanstalk,4,20,200,2,True,200,29.495,6.7808,7.7828,421.376,1023.886,448.877,13.92,6.86,0.24,78.99,82.1,40.45,1.39,465.97,0.93,452.27,3444.5,97.32,344,0,2,42,19,33,183,4,183,155,472.16,159.04,75.69,288.46,1508.8,25,0,0,62,262,125,82,0.05
qsem,beanstalk,,"{""q_sem"": 0.2}",beanstalk,5,20,200,2,True,200,32.9299,6.0735,,1112.3,1945.932,1227.544,12.59,8.51,0.23,78.67,82.94,56.02,1.5,518.13,0.74,510.16,3815.0,96.54,378,0,2,59,11,44,207,3,207,133,585.48,156.75,959.56,1947.17,1772.7,31,0,0,66,330,145,48,0.27
qsem,beanstalk,,"{""q_sem"": 0.2}",beanstalk,4,20,200,2,True,200,30.1783,6.6273,43.8812,1051.519,1550.05,839.087,13.6,7.52,0.22,78.65,82.1,45.41,1.34,474.71,0.65,448.71,3416.6,94.35,341,0,2,39,12,54,178,5,178,146,571.62,128.5,678.01,1551.55,1577.4,26,0,0,63,282,120,59,0.33
qsem,beanstalk quarantine,,"{""green_mode"": ""quarantine"", ""q_sem"": 0.2}",beanstalk,3,20,200,2,True,200,31.1131,6.4282,8.0128,534.094,863.11,465.36,14.08,8.15,0.22,77.54,87.61,50.73,1.4,482.52,4.58,465.99,3556.1,95.25,354,0,2,42,12,42,187,7,187,134,620.08,164.06,109.69,482.05,1599.7,32,0,0,62,268,132,86,0.18
qsem,beanstalk quarantine,,"{""green_mode"": ""quarantine"", ""q_sem"": 0.2}",beanstalk,5,20,200,2,True,200,35.9231,5.5674,6.4402,692.856,1596.065,679.189,11.54,8.52,0.22,79.71,82.94,61.21,1.6,572.71,1.53,560.81,4076.9,94.58,404,0,2,56,14,35,237,3,237,116,587.41,222.22,100.21,328.34,1909.7,37,0,0,75,338,166,66,0.14
qsem,beanstalk quarantine,,"{""green_mode"": ""quarantine"", ""q_sem"": 0.2}",beanstalk,1,20,200,2,True,200,25.757,7.7649,7.6104,417.451,1103.807,423.095,17.27,11.67,0.28,70.78,88.97,60.14,1.42,364.61,0.17,326.29,2929.0,94.76,291,0,2,44,8,38,197,5,197,122,373.4,148.07,65.65,263.16,1249.0,32,0,0,56,219,148,72,0.32
qsem,beanstalk-noplace,,"{""q_sem"": 0.2}",beanstalk-noplace,1,20,200,2,True,200,30.6216,6.5313,,1239.985,1815.386,1115.803,14.53,11.42,0.23,73.82,88.97,69.95,1.44,452.07,0.32,448.72,3456.0,94.05,345,0,2,34,5,70,208,7,208,0,312.98,90.21,903.19,1821.71,1661.5,19,0,0,69,272,146,73,0.04
qsem,beanstalk-noplace,,"{""q_sem"": 0.2}",beanstalk-noplace,0,20,200,2,True,200,34.8524,5.7385,,1585.032,2075.207,1260.468,11.54,8.53,0.24,79.69,80.43,59.48,1.69,555.45,0.0,541.6,4076.8,97.48,408,0,2,64,5,46,251,5,251,0,529.49,131.45,1029.7,2075.17,1928.5,32,0,0,81,359,175,49,0.05
qsem,beanstalk quarantine,,"{""green_mode"": ""quarantine"", ""q_sem"": 0.2}",beanstalk,8,20,200,2,True,200,36.2376,5.5191,10.488,409.744,937.09,470.058,13.77,10.93,0.21,75.08,99.8,79.25,1.54,544.16,0.65,510.89,3366.6,77.42,335,0,2,35,9,35,246,3,246,140,599.41,159.86,59.05,355.23,1795.3,34,0,0,72,233,178,102,0.08
qsem,beanstalk quarantine,,"{""green_mode"": ""quarantine"", ""q_sem"": 0.2}",beanstalk,9,20,200,2,True,200,29.1954,6.8504,6.4405,453.679,865.053,429.425,15.34,10.09,0.23,74.34,89.6,58.91,1.35,434.05,1.47,418.12,3356.3,95.8,337,0,2,34,9,37,185,7,185,144,484.44,160.01,74.77,261.25,1528.4,34,0,0,53,259,140,77,0.08
qsem,beanstalk-noplace,,"{""q_sem"": 0.2}",beanstalk-noplace,5,20,200,2,True,200,35.568,5.623,,1036.204,2108.66,1223.84,11.66,8.88,0.23,79.23,82.94,63.18,1.61,563.63,2.61,560.85,4034.7,94.53,403,0,2,58,11,57,233,7,233,0,497.19,127.18,1043.82,2110.68,1964.7,28,0,0,73,342,167,61,0.05
qsem,beanstalk-noplace,,"{""q_sem"": 0.2}",beanstalk-noplace,4,20,200,2,True,200,25.8556,7.7353,7.5488,593.882,1250.723,663.61,15.88,8.25,0.27,75.6,82.1,42.67,1.42,390.92,2.69,386.33,3012.8,97.1,301,0,2,44,11,39,193,2,193,0,433.49,108.31,531.6,1255.76,1350.9,25,0,0,55,257,140,44,0.06
qsem,beanstalk-noplace,,"{""q_sem"": 0.2}",beanstalk-noplace,3,20,200,2,True,200,28.9245,6.9146,,1221.797,1709.176,1069.727,15.14,7.72,0.24,76.9,87.61,44.69,1.36,444.83,1.52,423.94,3351.3,96.55,332,0,2,43,7,41,180,4,180,0,337.61,120.4,849.52,1717.07,1537.6,25,0,0,64,288,120,44,0.08
qsem,beanstalk-noplace,,"{""q_sem"": 0.2}",beanstalk-noplace,2,20,200,2,True,200,27.6735,7.2271,17.7079,569.405,1072.799,693.388,16.21,9.04,0.23,74.52,89.73,50.01,1.29,412.44,0.58,411.46,3016.5,90.84,301,0,2,49,6,45,158,7,158,0,402.32,115.07,434.21,1077.65,1461.0,21,0,0,52,249,113,52,0.09
qsem,beanstalk-noplace,,"{""q_sem"": 0.2}",beanstalk-noplace,6,20,200,2,True,200,30.5591,6.5447,,1029.895,1810.794,1152.0,13.63,9.9,0.24,76.23,83.28,60.51,1.48,465.91,4.3,438.81,3287.4,89.65,328,0,2,43,8,52,219,5,219,0,429.84,114.17,900.9,1817.53,1568.4,27,0,0,55,273,169,55,0.02
qsem,beanstalk quarantine,,"{""green_mode"": ""quarantine"", ""q_sem"": 0.2}",beanstalk,7,20,200,2,True,200,29.5454,6.7692,7.4403,431.764,789.861,401.446,14.31,9.56,0.25,75.88,84.57,56.48,1.46,448.41,4.12,435.03,3430.8,96.77,345,0,2,32,3,36,222,4,222,149,379.41,137.35,52.73,205.4,1569.8,28,0,0,63,264,163,81,0.17
fixedR,serial,,"{""ci_slots"": 10}",serial,0,20,200,10,True,200,45.021,4.4424,4.5528,231.057,289.315,224.645,8.93,1.91,81.25,7.9,80.43,17.18,731.63,71.17,0.0,0.0,2622.5,9.71,257,0,1,46,1,57,52,5,52,0,0.0,0.0,9.74,105.77,0.0,0,0,0,0,0,0,0,0.02
fixedR,serial,,"{""ci_slots"": 10}",serial,1,20,200,10,True,200,42.9648,4.655,4.6444,222.516,282.154,218.037,10.35,1.68,82.9,5.07,88.97,14.45,712.34,43.54,0.0,0.0,2554.2,9.91,250,0,1,24,6,50,44,6,44,0,0.0,0.0,7.48,30.68,0.0,0,0,0,0,0,0,0,0.02
fixedR,serial,,"{""ci_slots"": 10}",serial,2,20,200,10,True,200,39.9626,5.0047,5.0531,210.695,247.489,200.919,11.23,1.47,82.33,4.98,89.73,11.71,658.02,39.79,1.91,0.0,2390.5,9.97,233,0,1,35,6,33,31,2,31,0,0.0,0.0,6.72,29.34,0.0,0,0,0,0,0,0,0,0.02
qsem,beanstalk-noplace,,"{""q_sem"": 0.2}",beanstalk-noplace,8,20,200,2,True,200,35.2163,5.6792,,1406.567,2098.02,1423.581,14.17,12.7,0.22,72.91,99.8,89.48,1.53,513.52,5.55,492.87,3622.5,85.72,360,0,2,53,7,75,222,6,222,0,515.65,104.14,1044.19,2100.6,1909.7,23,0,0,72,283,156,77,0.05
fixedR,serial,,"{""ci_slots"": 10}",serial,4,20,200,10,True,200,42.4667,4.7096,4.6778,222.486,289.626,216.783,9.67,1.28,83.8,5.25,82.1,10.88,711.73,44.62,3.18,0.0,2545.0,9.99,249,0,1,33,9,49,46,3,46,0,0.0,0.0,8.15,57.12,0.0,0,0,0,0,0,0,0,0.02
qsem,beanstalk-noplace,,"{""q_sem"": 0.2}",beanstalk-noplace,7,20,200,2,True,200,31.4937,6.3505,,1241.286,1864.034,1281.658,13.43,9.93,0.24,76.4,84.57,62.55,1.54,481.23,0.62,472.43,3690.4,97.65,370,0,2,52,7,60,223,8,223,0,448.69,118.94,927.31,1871.98,1702.4,24,0,0,65,307,166,63,0.07
fixedR,serial,,"{""ci_slots"": 10}",serial,6,20,200,10,True,200,42.3181,4.7261,4.6247,225.591,282.073,218.106,9.84,1.86,84.04,4.26,83.28,15.73,711.29,36.06,5.63,0.0,2532.7,9.97,247,0,1,41,6,47,42,5,42,0,0.0,0.0,7.54,40.44,0.0,0,0,0,0,0,0,0,0.02
fixedR,serial,,"{""ci_slots"": 10}",serial,7,20,200,10,True,200,41.2041,4.8539,4.8817,213.347,262.325,208.806,10.26,1.77,82.69,5.28,84.57,14.58,681.44,43.49,0.0,0.0,2461.3,9.96,241,0,1,41,6,41,37,4,37,0,0.0,0.0,7.27,52.55,0.0,0,0,0,0,0,0,0,0.02
fixedR,serial,,"{""ci_slots"": 10}",serial,8,20,200,10,True,200,43.8936,4.5565,4.858,212.931,261.151,207.944,11.37,2.15,76.8,9.67,99.8,18.9,674.25,84.93,0.0,0.0,2470.4,9.38,239,0,1,36,6,39,38,1,38,0,0.0,0.0,11.01,147.09,0.0,0,0,0,0,0,0,0,0.02
fixedR,serial,,"{""ci_slots"": 10}",serial,9,20,200,10,True,200,41.4202,4.8286,4.8385,211.706,269.74,208.275,10.82,1.55,82.26,5.38,89.6,12.81,681.44,44.56,4.37,0.0,2479.4,9.98,244,0,1,37,7,44,39,5,39,0,0.0,0.0,7.41,40.28,0.0,0,0,0,0,0,0,0,0.02
fixedR,batched k=1,,"{""batch_k"": 1, ""ci_slots"": 10}",batched,0,20,200,10,True,200,12.9293,15.4687,17.4177,39.452,90.452,43.645,31.1,7.66,48.6,12.64,80.43,19.81,125.67,32.67,2.43,0.0,5501.3,70.91,642,219,10,48,3,89,54,5,54,0,0.0,0.0,6.91,30.31,0.0,0,0,383,0,0,0,0,0.03
fixedR,serial,,"{""ci_slots"": 10}",serial,3,20,200,10,True,200,41.8674,4.777,4.8031,217.061,285.853,212.353,10.46,1.6,82.93,5.0,87.61,13.42,694.42,41.9,2.63,0.0,2504.6,9.97,244,0,1,41,11,44,42,2,42,0,0.0,0.0,7.43,33.35,0.0,0,0,0,0,0,0,0,0.09
fixedR,batched k=1,,"{""batch_k"": 1, ""ci_slots"": 10}",batched,1,20,200,10,True,200,12.1123,16.5121,16.982,34.881,78.054,37.886,36.73,7.41,44.72,11.14,88.97,17.96,108.32,26.99,0.0,0.0,5129.0,70.58,596,210,10,28,3,75,48,3,48,0,0.0,0.0,7.92,58.24,0.0,0,0,345,0,0,0,0,0.02
fixedR,batched k=1,,"{""batch_k"": 1, ""ci_slots"": 10}",batched,2,20,200,10,True,200,10.521,19.0097,20.4443,26.22,59.221,28.587,42.64,6.28,39.01,12.07,89.73,13.21,82.08,25.4,1.23,0.0,3995.0,63.29,463,150,10,36,4,45,28,8,28,0,0.0,0.0,7.64,42.28,0.0,0,0,227,0,0,0,0,0.02
fixedR,batched k=1,,"{""batch_k"": 1, ""ci_slots"": 10}",batched,4,20,200,10,True,200,12.862,15.5497,17.3763,31.807,97.63,40.493,31.92,4.64,47.83,15.61,82.1,11.94,123.04,40.16,7.89,0.0,5339.2,69.19,606,199,10,34,7,96,46,3,46,0,0.0,0.0,8.12,50.71,0.0,0,0,357,0,0,0,0,0.02
qsem,beanstalk-noplace,,"{""q_sem"": 0.2}",beanstalk-noplace,9,20,200,2,True,200,30.2801,6.605,7.6857,663.94,1223.513,775.284,14.79,9.2,0.24,75.76,89.6,55.74,1.48,458.78,3.18,443.94,3380.4,93.03,339,0,2,52,7,47,200,7,200,0,436.4,119.07,502.1,1229.55,1539.9,20,0,0,64,286,143,53,0.15
fixedR,batched k=1,,"{""batch_k"": 1, ""ci_slots"": 10}",batched,5,20,200,10,True,200,12.5563,15.9282,16.0835,43.443,97.557,45.827,33.03,6.46,54.37,6.14,82.94,16.22,136.53,15.43,1.52,0.0,5821.7,77.27,651,207,10,59,7,100,50,4,50,0,0.0,0.0,6.39,35.44,0.0,0,0,397,0,0,0,0,0.03
fixedR,batched k=1,,"{""batch_k"": 1, ""ci_slots"": 10}",batched,6,20,200,10,True,200,15.0497,13.2893,17.1356,32.626,90.861,39.535,27.67,5.66,38.12,28.55,83.28,17.05,114.73,85.93,28.8,0.0,5097.7,56.45,574,192,10,42,7,80,44,5,44,0,0.0,0.0,33.36,227.04,0.0,0,0,325,0,0,0,0,0.02
fixedR,serial,,"{""ci_slots"": 10}",serial,5,20,200,10,True,200,43.1118,4.6391,4.6471,227.58,292.739,221.589,9.62,1.53,84.14,4.72,82.94,13.17,725.46,40.66,0.0,0.0,2583.3,9.99,252,0,1,50,9,52,47,5,47,0,0.0,0.0,7.93,41.96,0.0,0,0,0,0,0,0,0,0.14
fixedR,batched k=1,,"{""batch_k"": 1, ""ci_slots"": 10}",batched,3,20,200,10,True,200,11.9211,16.7769,17.2084,33.018,99.587,38.804,36.75,6.22,48.03,9.0,87.61,14.84,114.51,21.47,1.63,0.0,5083.5,71.07,578,203,10,38,7,75,45,4,45,0,0.0,0.0,7.22,38.66,0.0,0,0,329,0,0,0,0,0.06
fixedR,batched k=1,,"{""batch_k"": 1, ""ci_slots"": 10}",batched,8,20,200,10,True,200,17.9565,11.138,17.903,28.784,68.463,35.148,27.79,6.48,26.15,39.59,99.8,23.26,93.9,142.17,15.78,0.0,4620.6,42.89,527,168,10,38,4,59,38,6,38,0,0.0,0.0,59.55,340.48,0.0,0,0,283,0,0,0,0,0.02
qsem,beanstalk quarantine,,"{""green_mode"": ""quarantine"", ""q_sem"": 0.2}",beanstalk,6,20,200,2,True,200,24.5953,8.1316,10.964,333.989,662.232,354.526,16.93,10.14,0.28,72.65,83.28,49.88,1.37,357.38,0.62,347.32,2718.5,92.11,270,0,2,39,15,35,195,6,195,143,316.98,122.84,53.68,212.29,1249.8,20,0,0,52,189,149,81,0.36
fixedR,batched-par k=1,,"{""batch_k"": 1, ""ci_slots"": 10}",batched-par,0,20,200,10,True,200,11.9632,16.718,18.6827,26.179,98.352,37.448,33.62,8.85,43.32,14.21,80.43,21.17,103.66,34.01,2.57,0.0,4928.5,68.66,573,201,10,56,4,91,59,4,59,0,0.0,0.0,6.64,38.03,0.0,0,0,310,0,0,0,0,0.05
fixedR,batched-par k=1,,"{""batch_k"": 1, ""ci_slots"": 10}",batched-par,2,20,200,10,True,200,8.7587,22.8345,23.0971,12.147,55.645,21.192,51.22,7.94,32.38,8.45,89.73,13.91,56.73,14.8,0.7,0.0,3062.2,58.27,342,83,10,39,7,38,30,4,30,0,0.0,0.0,3.4,19.03,0.0,0,0,108,0,0,0,0,0.06
fixedR,batched k=1,,"{""batch_k"": 1, ""ci_slots"": 10}",batched,7,20,200,10,True,200,10.4653,19.1108,22.2578,25.246,67.473,29.448,40.4,7.17,39.73,12.7,84.57,15.01,83.15,26.58,0.0,0.0,4173.7,66.47,476,155,10,38,6,56,35,4,35,0,0.0,0.0,6.34,25.64,0.0,0,0,237,0,0,0,0,0.09
fixedR,batched-par k=1,,"{""batch_k"": 1, ""ci_slots"": 10}",batched-par,1,20,200,10,True,200,9.7121,20.5929,23.1559,13.941,65.366,23.809,45.8,9.91,30.95,13.34,88.97,19.24,60.12,25.91,0.0,0.0,3333.6,57.21,384,105,10,29,6,57,49,3,49,0,0.0,0.0,4.64,45.33,0.0,0,0,132,0,0,0,0,0.08
fixedR,batched-par k=1,,"{""batch_k"": 1, ""ci_slots"": 10}",batched-par,3,20,200,10,True,200,9.3356,21.4234,23.1909,18.132,55.055,23.73,46.92,7.46,34.9,10.71,87.61,13.93,65.17,20.0,8.43,0.0,3460.3,61.78,406,124,10,33,9,60,49,4,49,0,0.0,0.0,3.99,25.59,0.0,0,0,153,0,0,0,0,0.07
fixedR,batched-par k=1,,"{""batch_k"": 1, ""ci_slots"": 10}",batched-par,7,20,200,10,True,200,9.4741,21.1101,23.3206,16.463,62.022,25.208,44.63,8.29,36.06,11.02,84.57,15.7,68.32,20.89,0.0,0.0,3562.4,62.67,412,113,10,37,8,51,38,1,38,0,0.0,0.0,4.02,23.17,0.0,0,0,173,0,0,0,0,0.05
fixedR,batched-par k=1,,"{""batch_k"": 1, ""ci_slots"": 10}",batched-par,6,20,200,10,True,200,12.9484,15.4459,23.2708,18.062,63.216,25.866,32.16,6.82,26.47,34.55,83.28,17.66,68.56,89.47,15.59,0.0,3580.5,46.09,416,133,10,45,6,58,44,5,44,0,0.0,0.0,36.41,228.42,0.0,0,0,167,0,0,0,0,0.07
fixedR,batched-par k=1,,"{""batch_k"": 1, ""ci_slots"": 10}",batched-par,8,20,200,10,True,200,16.4254,12.1763,22.6938,12.959,51.735,23.345,30.38,7.16,16.52,45.93,99.8,23.53,54.28,150.89,0.0,0.0,3038.0,30.83,340,86,10,37,5,43,38,4,38,0,0.0,0.0,71.68,365.73,0.0,0,0,98,0,0,0,0,0.04
fixedR,batched-par k=1,,"{""batch_k"": 1, ""ci_slots"": 10}",batched-par,4,20,200,10,True,200,10.3429,19.3369,23.3834,18.418,63.618,25.04,39.69,6.62,33.73,19.96,82.1,13.68,69.78,41.29,4.65,0.0,3690.5,59.47,429,135,10,35,10,65,48,6,48,0,0.0,0.0,7.14,65.74,0.0,0,0,175,0,0,0,0,0.1
fixedR,batched k=1,,"{""batch_k"": 1, ""ci_slots"": 10}",batched,9,20,200,10,True,200,11.8268,16.9107,20.0644,27.505,68.643,33.01,37.88,7.48,39.04,15.6,89.6,17.7,92.34,36.9,2.65,0.0,4364.7,61.51,502,164,10,44,6,58,37,5,37,0,0.0,0.0,8.99,61.77,0.0,0,0,260,0,0,0,0,0.16
fixedR,beanstalk,,"{""ci_slots"": 10}",beanstalk,0,20,200,10,True,200,7.6598,26.1103,,222.33,351.356,205.518,52.5,14.98,0.69,31.83,80.43,22.95,1.06,48.75,0.0,6.09,2672.9,58.16,265,0,10,54,4,234,64,2,64,169,62.15,25.6,140.34,350.98,88.3,8,0,0,20,25,46,240,0.04
fixedR,batched-par k=1,,"{""batch_k"": 1, ""ci_slots"": 10}",batched-par,9,20,200,10,True,200,9.921,20.1593,23.478,16.623,54.724,23.105,45.16,7.97,30.84,16.03,89.6,15.82,61.2,31.8,4.61,0.0,3231.8,54.29,372,102,10,41,6,51,40,5,40,0,0.0,0.0,4.66,35.37,0.0,0,0,127,0,0,0,0,0.05
fixedR,beanstalk,,"{""ci_slots"": 10}",beanstalk,4,20,200,10,True,200,7.5278,26.5681,,185.335,325.822,192.021,54.53,10.24,0.65,34.58,82.1,15.41,0.98,52.07,0.5,16.37,2415.4,53.48,241,0,10,44,9,214,53,0,53,180,67.99,25.53,124.97,326.28,109.3,6,0,0,16,18,38,223,0.04
fixedR,beanstalk,,"{""ci_slots"": 10}",beanstalk,1,20,200,10,True,200,7.5625,26.4462,88.2656,169.183,288.687,163.88,58.82,11.03,0.62,29.53,88.97,16.68,0.94,44.66,1.85,9.16,2466.5,54.36,246,0,10,29,9,221,49,0,49,177,76.45,27.99,106.46,290.1,121.7,8,0,0,13,15,36,231,0.09
fixedR,beanstalk,,"{""ci_slots"": 10}",beanstalk,5,20,200,10,True,200,7.3027,27.3871,,260.953,380.57,245.932,56.79,10.0,0.64,32.57,82.94,14.61,0.93,47.58,0.14,7.57,2511.1,57.31,249,0,10,32,10,225,54,1,54,166,74.23,25.3,167.6,381.53,118.0,7,0,0,15,18,40,231,0.07
fixedR,beanstalk,,"{""ci_slots"": 10}",beanstalk,2,20,200,10,True,200,7.4926,26.693,33.6905,106.883,261.97,125.066,59.88,9.44,0.54,30.14,89.73,14.14,0.81,45.17,2.16,13.11,2321.8,51.65,232,0,10,25,7,191,29,0,29,182,69.8,32.17,87.5,271.09,84.3,7,0,0,12,13,17,219,0.1
fixedR,beanstalk,,"{""ci_slots"": 10}",beanstalk,3,20,200,10,True,200,6.58,30.395,,199.197,358.158,203.388,66.57,11.77,0.71,20.95,87.61,15.49,0.94,27.56,1.8,15.85,2590.9,65.62,260,0,10,39,4,228,47,2,47,164,62.55,28.24,172.38,368.56,115.7,6,0,0,20,22,29,238,0.11
fixedR,beanstalk,,"{""ci_slots"": 10}",beanstalk,8,20,200,10,True,200,11.0752,18.0583,,201.069,350.361,199.835,45.06,8.38,0.38,46.18,99.8,18.57,0.84,102.3,10.73,23.31,2405.1,36.19,240,0,10,24,7,219,36,0,36,185,126.87,33.09,141.72,355.62,128.0,5,0,0,13,14,23,226,0.04
fixedR,beanstalk quarantine,,"{""ci_slots"": 10, ""green_mode"": ""quarantine""}",beanstalk,1,20,200,10,True,200,7.8885,25.3534,32.551,33.05,115.338,44.685,56.39,11.39,0.57,31.65,88.97,17.97,0.9,49.93,0.0,30.36,2739.4,57.88,274,0,10,25,9,166,51,0,51,181,105.0,34.38,7.49,42.98,138.3,7,0,0,13,18,39,256,0.04
fixedR,beanstalk,,"{""ci_slots"": 10}",beanstalk,9,20,200,10,True,200,8.5381,23.4245,43.4099,161.152,268.675,156.715,52.47,11.14,0.53,35.87,89.6,19.01,0.9,61.25,0.0,8.57,2420.3,47.24,243,0,10,36,3,225,45,0,45,175,85.65,28.12,118.45,270.84,75.6,5,0,0,10,10,35,233,0.09
fixedR,beanstalk,,"{""ci_slots"": 10}",beanstalk,7,20,200,10,True,200,7.429,26.9215,,258.939,387.049,245.587,56.92,12.1,0.6,30.38,84.57,17.98,0.89,45.15,1.83,22.07,2395.4,53.74,238,0,10,36,7,212,37,0,37,173,103.75,30.26,177.62,397.42,146.5,5,0,0,8,8,29,230,0.14
fixedR,beanstalk,,"{""ci_slots"": 10}",beanstalk,6,20,200,10,True,200,10.8444,18.4427,,216.554,351.103,213.015,38.4,7.85,0.43,53.32,83.28,17.03,0.93,115.65,4.57,4.0,2460.5,37.81,246,0,10,29,7,226,51,0,51,178,95.42,27.8,154.04,352.23,68.2,6,0,0,11,12,40,234,0.17
fixedR,beanstalk quarantine,,"{""ci_slots"": 10, ""green_mode"": ""quarantine""}",beanstalk,3,20,200,10,True,200,7.3644,27.1578,30.0891,37.757,114.738,46.109,59.48,9.2,0.6,30.72,87.61,13.54,0.89,45.24,2.23,26.56,2871.6,64.99,287,0,10,27,7,186,46,0,46,163,89.64,35.14,9.25,39.52,175.2,8,0,0,21,35,29,252,0.05
fixedR,batched-par k=1,,"{""batch_k"": 1, ""ci_slots"": 10}",batched-par,5,20,200,10,True,200,10.5818,18.9004,22.1279,22.123,64.108,29.492,39.19,7.52,38.93,14.36,82.94,15.92,82.38,30.39,0.0,0.0,3914.4,61.65,450,137,10,57,6,63,47,6,47,0,0.0,0.0,6.84,58.47,0.0,0,0,197,0,0,0,0,0.33
fixedR,beanstalk quarantine,,"{""ci_slots"": 10, ""green_mode"": ""quarantine""}",beanstalk,0,20,200,10,True,200,8.1002,24.6909,27.1467,52.925,159.198,64.959,49.65,12.62,0.63,37.1,80.43,20.44,1.02,60.11,1.71,50.91,3041.1,62.57,300,0,10,47,6,189,65,0,65,163,100.68,41.91,11.17,47.13,238.3,8,0,0,20,32,46,268,0.16
fixedR,beanstalk quarantine,,"{""ci_slots"": 10, ""green_mode"": ""quarantine""}",beanstalk,4,20,200,10,True,200,7.9905,25.0298,37.124,42.55,107.65,50.802,51.37,8.66,0.59,39.38,82.1,13.83,0.94,62.94,2.92,43.76,2679.8,55.9,267,0,10,30,7,183,55,0,55,167,87.35,29.63,16.48,85.43,114.6,8,0,0,18,29,39,238,0.17
fixedR,beanstalk quarantine,,"{""ci_slots"": 10, ""green_mode"": ""quarantine""}",beanstalk,2,20,200,10,True,200,7.1791,27.8588,33.2069,33.735,113.22,43.252,62.49,9.18,0.56,27.76,89.73,13.18,0.81,39.86,1.75,7.69,2473.7,57.43,246,0,10,23,7,138,26,1,26,185,92.46,40.54,7.77,30.38,82.7,5,0,0,15,19,14,227,0.29
fixedR,beanstalk quarantine,,"{""ci_slots"": 10, ""green_mode"": ""quarantine""}",beanstalk,8,20,200,10,True,200,12.5085,15.9891,35.9141,29.535,75.227,36.109,39.89,8.51,0.34,51.26,99.8,21.29,0.85,128.24,6.52,2.19,2754.3,36.7,272,0,10,24,8,159,39,0,39,185,132.07,37.21,23.87,115.14,91.6,5,0,0,17,22,25,250,0.23
fixedR,beanstalk quarantine,,"{""ci_slots"": 10, ""green_mode"": ""quarantine""}",beanstalk,7,20,200,10,True,200,6.6209,30.2075,34.0488,33.197,103.875,41.647,63.86,11.21,0.65,24.28,84.57,14.84,0.85,32.16,0.54,8.79,2499.0,62.91,249,0,10,33,3,118,35,0,35,169,94.3,37.66,5.09,21.98,103.1,6,0,0,10,10,28,239,0.27
regime,batched k=1,p_self=0.05,"{""batch_k"": 1, ""p_self"": 0.05}",batched,1,20,200,2,True,200,20.4962,9.7579,9.943,91.621,120.076,90.164,21.7,2.68,70.63,4.98,88.97,11.0,289.55,20.41,1.99,0.0,2407.0,97.86,246,18,2,24,5,26,22,3,22,0,0.0,0.0,5.19,24.08,0.0,0,0,21,0,0,0,0,0.02
regime,batched k=1,p_self=0.05,"{""batch_k"": 1, ""p_self"": 0.05}",batched,2,20,200,2,True,200,20.726,9.6497,9.5537,93.892,126.115,92.135,21.65,2.78,71.31,4.26,89.73,11.54,295.57,17.67,0.85,0.0,2403.1,96.62,242,16,2,34,5,25,17,7,17,0,0.0,0.0,5.76,31.53,0.0,0,0,18,0,0,0,0,0.02
fixedR,beanstalk quarantine,,"{""ci_slots"": 10, ""green_mode"": ""quarantine""}",beanstalk,5,20,200,10,True,200,8.1138,24.6495,38.0464,53.177,128.563,59.193,51.11,9.78,0.59,38.52,82.94,15.87,0.95,62.51,0.0,21.13,2884.9,59.26,287,0,10,31,13,178,56,0,56,151,105.94,35.23,12.91,52.91,156.4,9,0,0,17,36,41,251,0.36
regime,batched k=1,p_self=0.05,"{""batch_k"": 1, ""p_self"": 0.05}",batched,5,20,200,2,True,200,21.0152,9.5169,9.5273,94.233,140.523,94.944,19.73,2.37,72.93,4.97,82.94,9.94,306.54,20.88,0.0,0.0,2471.8,98.02,251,19,2,54,8,29,23,5,23,0,0.0,0.0,5.47,33.23,0.0,0,0,23,0,0,0,0,0.02
fixedR,beanstalk quarantine,,"{""ci_slots"": 10, ""green_mode"": ""quarantine""}",beanstalk,6,20,200,10,True,200,9.5739,20.8902,34.9191,34.747,91.272,40.416,43.49,8.63,0.48,47.4,83.28,16.52,0.92,90.76,1.4,6.19,2678.0,46.62,266,0,10,32,9,161,48,0,48,170,97.43,31.63,17.29,92.46,47.9,5,0,0,9,12,39,254,0.34
fixedR,beanstalk quarantine,,"{""ci_slots"": 10, ""green_mode"": ""quarantine""}",beanstalk,9,20,200,10,True,200,8.9038,22.4623,34.4475,31.137,101.378,41.368,50.31,8.52,0.51,40.65,89.6,15.18,0.91,72.39,4.32,8.48,2643.5,49.48,267,0,10,36,7,167,42,0,42,172,84.2,31.48,11.49,64.91,87.9,6,0,0,10,18,33,249,0.26
regime,batched k=1,p_self=0.05,"{""batch_k"": 1, ""p_self"": 0.05}",batched,4,20,200,2,True,200,20.5141,9.7494,10.3094,88.233,112.822,86.639,20.01,1.83,68.56,9.6,82.1,7.52,281.28,39.38,4.57,0.0,2301.6,93.5,230,12,2,34,12,16,15,1,15,0,0.0,0.0,5.72,30.86,0.0,0,0,14,0,0,0,0,0.12
regime,batched k=1,p_self=0.05,"{""batch_k"": 1, ""p_self"": 0.05}",batched,6,20,200,2,True,200,21.5906,9.2633,9.1701,98.177,133.068,97.578,19.29,2.54,72.78,5.39,83.28,10.98,314.28,23.28,3.39,0.0,2494.6,96.28,252,20,2,41,5,28,21,7,21,0,0.0,0.0,5.77,26.68,0.0,0,0,24,0,0,0,0,0.09
regime,batched k=1,p_self=0.05,"{""batch_k"": 1, ""p_self"": 0.05}",batched,9,20,200,2,True,200,19.5405,10.2352,10.0781,84.405,114.271,85.343,22.93,2.9,69.89,4.28,89.6,11.34,273.14,16.73,1.5,0.0,2307.0,98.38,232,13,2,41,6,17,15,1,15,0,0.0,0.0,5.19,28.56,0.0,0,0,16,0,0,0,0,0.02
regime,batched k=1,p_self=0.05,"{""batch_k"": 1, ""p_self"": 0.05}",batched,0,20,200,2,True,200,19.8551,10.073,10.0393,88.909,125.406,88.556,20.25,3.01,71.33,5.41,80.43,11.94,283.25,21.49,0.0,0.0,2327.9,97.7,236,11,2,45,2,20,18,1,18,0,0.0,0.0,5.27,30.44,0.0,0,0,17,0,0,0,0,0.25
regime,batched-par k=1,p_self=0.05,"{""batch_k"": 1, ""p_self"": 0.05}",batched-par,0,20,200,2,True,200,19.6097,10.199,10.1449,88.487,124.504,87.261,20.51,3.1,71.06,5.33,80.43,12.17,278.7,20.89,0.0,0.0,2312.8,98.29,230,8,2,47,2,19,16,3,16,0,0.0,0.0,4.79,23.05,0.0,0,0,11,0,0,0,0,0.02
regime,batched k=1,p_self=0.05,"{""batch_k"": 1, ""p_self"": 0.05}",batched,7,20,200,2,True,200,20.7207,9.6522,10.0073,89.777,132.757,92.223,20.41,2.63,71.55,5.41,84.57,10.91,296.5,22.44,0.0,0.0,2434.2,97.9,249,18,2,36,6,27,20,5,20,0,0.0,0.0,5.68,36.5,0.0,0,0,24,0,0,0,0,0.11
regime,batched-par k=1,p_self=0.05,"{""batch_k"": 1, ""p_self"": 0.05}",batched-par,3,20,200,2,True,200,19.309,10.3579,10.6708,84.981,114.246,83.552,22.69,2.27,69.85,5.2,87.61,8.76,269.75,20.07,1.37,0.0,2286.4,98.68,226,6,2,37,9,20,18,2,18,0,0.0,0.0,4.24,18.05,0.0,0,0,6,0,0,0,0,0.02
regime,batched-par k=1,p_self=0.05,"{""batch_k"": 1, ""p_self"": 0.05}",batched-par,2,20,200,2,True,200,20.714,9.6553,9.7719,93.933,119.927,89.929,21.66,2.69,69.67,5.98,89.73,11.15,288.61,24.79,1.22,0.0,2432.3,97.85,244,10,2,33,5,33,18,14,18,0,0.0,0.0,4.9,20.83,0.0,0,0,12,0,0,0,0,0.03
regime,batched k=1,p_self=0.05,"{""batch_k"": 1, ""p_self"": 0.05}",batched,8,20,200,2,True,200,20.8701,9.5831,9.6276,87.684,123.033,87.396,23.91,2.82,66.98,6.3,99.8,11.76,279.56,26.28,0.0,0.0,2393.6,95.57,244,18,2,41,6,23,16,7,16,0,0.0,0.0,5.76,28.93,0.0,0,0,21,0,0,0,0,0.11
regime,batched-par k=1,p_self=0.05,"{""batch_k"": 1, ""p_self"": 0.05}",batched-par,7,20,200,2,True,200,20.322,9.8415,9.795,92.607,128.511,91.147,20.81,2.9,71.85,4.44,84.57,11.8,292.02,18.05,0.0,0.0,2402.4,98.52,240,11,2,39,7,27,22,5,22,0,0.0,0.0,5.09,23.13,0.0,0,0,13,0,0,0,0,0.02
regime,batched-par k=1,p_self=0.05,"{""batch_k"": 1, ""p_self"": 0.05}",batched-par,8,20,200,2,True,200,21.8491,9.1537,10.3112,81.285,111.751,81.163,22.84,3.22,58.69,15.25,99.8,14.07,256.47,66.64,0.0,0.0,2283.0,87.07,228,7,2,41,6,20,15,5,15,0,0.0,0.0,10.71,126.06,0.0,0,0,8,0,0,0,0,0.02
regime,batched-par k=1,p_self=0.05,"{""batch_k"": 1, ""p_self"": 0.05}",batched-par,9,20,200,2,True,200,19.6211,10.1931,10.4287,82.252,108.766,82.428,22.83,3.08,66.94,7.15,89.6,12.08,262.68,28.06,2.35,0.0,2261.8,96.06,227,6,2,40,7,21,15,6,15,0,0.0,0.0,4.87,42.54,0.0,0,0,6,0,0,0,0,0.02
regime,batched-par k=1,p_self=0.05,"{""batch_k"": 1, ""p_self"": 0.05}",batched-par,4,20,200,2,True,200,19.871,10.0649,10.6573,84.296,111.68,82.781,20.66,1.85,67.59,9.91,82.1,7.34,268.6,39.38,4.25,0.0,2253.0,94.48,220,4,2,34,11,16,14,2,14,0,0.0,0.0,4.54,30.45,0.0,0,0,4,0,0,0,0,0.12
regime,batched-par k=1,p_self=0.05,"{""batch_k"": 1, ""p_self"": 0.05}",batched-par,1,20,200,2,True,200,19.879,10.0609,9.9131,87.891,127.219,88.022,22.38,3.44,70.36,3.82,88.97,13.66,279.74,15.2,0.0,0.0,2371.0,99.39,238,7,2,24,6,30,22,8,22,0,0.0,0.0,4.55,28.15,0.0,0,0,8,0,0,0,0,0.15
regime,beanstalk,p_self=0.05,"{""p_self"": 0.05}",beanstalk,2,20,200,2,True,200,7.5831,26.3744,33.6741,51.704,176.127,70.559,59.16,5.16,0.49,35.18,89.73,7.83,0.75,53.35,2.77,4.79,701.4,77.08,70,0,2,21,5,35,12,0,12,181,74.94,40.53,43.87,176.78,58.8,4,0,0,7,17,6,53,0.04
regime,beanstalk,p_self=0.05,"{""p_self"": 0.05}",beanstalk,3,20,200,2,True,200,5.8745,34.0456,50.9408,72.57,142.288,73.857,74.57,7.69,0.71,17.04,87.61,9.03,0.83,20.02,0.83,5.97,680.2,96.49,67,0,2,33,7,45,18,0,18,180,59.24,33.2,56.9,142.1,55.8,4,0,0,5,12,13,55,0.04
regime,batched k=1,p_self=0.05,"{""batch_k"": 1, ""p_self"": 0.05}",batched,3,20,200,2,True,200,20.7024,9.6607,9.7004,92.873,126.937,91.24,21.16,2.38,71.07,5.39,87.61,9.87,294.27,22.31,1.05,0.0,2419.9,97.41,240,13,2,37,12,23,19,4,19,0,0.0,0.0,5.52,27.79,0.0,0,0,17,0,0,0,0,0.39
regime,beanstalk,p_self=0.05,"{""p_self"": 0.05}",beanstalk,4,20,200,2,True,200,7.1421,28.0029,50.0766,48.884,155.6,63.953,57.48,6.34,0.56,35.62,82.1,9.06,0.79,50.89,5.38,2.6,630.0,73.5,64,0,2,34,9,38,15,0,15,181,69.97,30.8,41.32,157.96,38.7,3,0,0,5,8,11,56,0.04
regime,beanstalk,p_self=0.05,"{""p_self"": 0.05}",beanstalk,5,20,200,2,True,200,7.9362,25.2011,97.774,101.483,217.245,111.287,52.25,7.38,0.56,39.81,82.94,11.71,0.88,63.19,0.0,10.48,691.1,72.57,70,0,2,38,11,42,26,0,26,178,59.67,34.32,76.89,218.87,49.9,4,0,0,9,19,19,50,0.04
regime,beanstalk,p_self=0.05,"{""p_self"": 0.05}",beanstalk,6,20,200,2,True,200,7.5168,26.6069,35.2414,78.298,142.674,78.944,55.39,7.23,0.56,36.82,83.28,10.86,0.84,55.36,2.87,40.33,658.0,72.94,66,0,2,30,4,43,27,1,27,172,73.85,35.68,56.06,143.42,78.0,5,0,0,6,16,22,50,0.04
regime,beanstalk,p_self=0.05,"{""p_self"": 0.05}",beanstalk,7,20,200,2,True,200,6.6705,29.9825,27.0575,220.723,345.737,206.06,63.39,9.64,0.62,26.35,84.57,12.86,0.83,35.15,0.94,30.82,724.0,90.45,73,0,2,33,2,51,22,1,22,175,121.1,37.04,155.87,352.58,116.0,5,0,0,5,13,18,60,0.04
regime,batched-par k=1,p_self=0.05,"{""batch_k"": 1, ""p_self"": 0.05}",batched-par,6,20,200,2,True,200,20.296,9.8542,10.0106,89.758,120.468,89.671,20.52,2.3,71.33,5.85,83.28,9.34,289.56,23.74,4.81,0.0,2365.1,97.11,234,6,2,43,3,27,20,7,20,0,0.0,0.0,4.67,27.56,0.0,0,0,7,0,0,0,0,0.32
regime,beanstalk quarantine,p_self=0.05,"{""green_mode"": ""quarantine"", ""p_self"": 0.05}",beanstalk,0,20,200,2,True,200,6.0377,33.1254,31.4309,38.838,94.261,47.112,66.61,8.93,0.71,23.75,80.43,10.78,0.86,28.68,0.0,8.88,684.6,94.49,68,0,2,48,4,22,14,0,14,171,81.96,38.4,14.2,60.61,62.8,4,0,0,5,14,9,54,0.04
regime,beanstalk quarantine,p_self=0.05,"{""green_mode"": ""quarantine"", ""p_self"": 0.05}",beanstalk,1,20,200,2,True,200,7.2677,27.519,30.244,42.834,125.418,53.98,61.21,8.38,0.55,29.86,88.97,12.18,0.8,43.4,1.42,31.9,777.1,89.1,77,0,2,19,11,21,27,0,27,166,105.19,49.86,14.11,77.34,172.3,6,0,0,7,19,21,58,0.04
regime,batched-par k=1,p_self=0.05,"{""batch_k"": 1, ""p_self"": 0.05}",batched-par,5,20,200,2,True,200,20.2502,9.8765,9.9708,90.083,132.314,90.815,20.48,2.59,72.15,4.78,82.94,10.49,292.23,19.35,0.0,0.0,2403.5,98.91,243,15,2,53,8,27,22,5,22,0,0.0,0.0,4.9,28.66,0.0,0,0,16,0,0,0,0,0.41
regime,beanstalk quarantine,p_self=0.05,"{""green_mode"": ""quarantine"", ""p_self"": 0.05}",beanstalk,2,20,200,2,True,200,7.4898,26.703,29.0608,59.053,132.526,65.08,59.9,5.85,0.5,33.74,89.73,8.77,0.75,50.54,2.79,34.46,768.3,85.48,77,0,2,23,6,20,15,0,15,175,94.69,55.13,18.31,69.92,143.7,4,0,0,9,29,7,48,0.03
regime,beanstalk,p_self=0.05,"{""p_self"": 0.05}",beanstalk,1,20,200,2,True,200,6.4552,30.9825,45.2912,75.797,198.095,91.582,68.91,8.79,0.65,21.65,88.97,11.34,0.84,27.95,0.0,5.05,727.7,93.94,72,0,2,27,3,49,23,0,23,183,70.22,33.23,64.91,195.85,58.8,3,0,0,5,13,18,59,0.33
regime,beanstalk,p_self=0.05,"{""p_self"": 0.05}",beanstalk,0,20,200,2,True,200,6.9433,28.8047,31.4089,85.127,177.23,85.307,57.92,7.01,0.6,34.48,80.43,9.73,0.83,47.88,0.0,19.75,700.9,84.12,70,0,2,35,4,42,18,0,18,175,105.8,36.71,57.31,178.21,97.5,5,0,0,5,18,13,52,0.36
regime,beanstalk quarantine,p_self=0.05,"{""green_mode"": ""quarantine"", ""p_self"": 0.05}",beanstalk,3,20,200,2,True,200,7.0725,28.2784,31.8797,50.283,124.225,60.044,61.94,8.44,0.61,29.02,87.61,11.94,0.86,41.05,3.76,31.28,804.7,94.81,79,0,2,36,6,28,26,0,26,184,92.2,50.18,11.27,47.17,120.9,5,0,0,8,16,20,63,0.04
regime,beanstalk quarantine,p_self=0.05,"{""green_mode"": ""quarantine"", ""p_self"": 0.05}",beanstalk,4,20,200,2,True,200,6.6409,30.1164,46.5037,37.231,87.205,40.851,61.82,7.32,0.62,30.25,82.1,9.72,0.82,40.18,0.49,1.7,612.7,76.88,62,0,2,36,6,15,16,0,16,177,70.53,42.11,11.48,49.29,27.2,3,0,0,5,11,11,51,0.03
regime,beanstalk quarantine,p_self=0.05,"{""green_mode"": ""quarantine"", ""p_self"": 0.05}",beanstalk,6,20,200,2,True,200,6.77,29.5423,39.5052,56.855,111.596,58.7,61.5,8.25,0.62,29.62,83.28,11.18,0.84,40.11,3.61,5.39,738.9,90.96,74,0,2,37,6,27,25,0,25,176,84.99,45.38,15.6,52.76,77.2,4,0,0,5,15,21,59,0.04
regime,beanstalk quarantine,p_self=0.05,"{""green_mode"": ""quarantine"", ""p_self"": 0.05}",beanstalk,7,20,200,2,True,200,6.8731,29.0989,28.9392,60.275,141.543,68.277,61.52,9.05,0.59,28.84,84.57,12.44,0.81,39.64,0.66,34.93,712.9,86.44,73,0,2,29,3,22,22,1,22,176,137.23,47.01,15.0,57.87,134.4,5,0,0,6,21,18,51,0.04
regime,beanstalk quarantine,p_self=0.05,"{""green_mode"": ""quarantine"", ""p_self"": 0.05}",beanstalk,8,20,200,2,True,200,7.5478,26.4977,34.5246,33.96,82.985,37.262,66.11,6.06,0.49,27.34,99.8,9.14,0.75,41.27,2.09,16.46,759.4,83.85,75,0,2,18,5,25,13,0,13,187,62.34,39.76,16.44,53.35,51.6,3,0,0,4,12,9,63,0.04
regime,batched k=1,p_self=0.30,"{""batch_k"": 1, ""p_self"": 0.3}",batched,0,20,200,2,True,200,33.4727,5.975,5.983,165.826,246.177,161.898,12.01,4.07,76.54,7.37,80.43,27.25,512.41,49.36,0.0,0.0,3834.0,95.45,404,65,2,46,2,123,105,3,105,0,0.0,0.0,11.32,66.53,0.0,0,0,96,0,0,0,0,0.02
regime,beanstalk quarantine,p_self=0.05,"{""green_mode"": ""quarantine"", ""p_self"": 0.05}",beanstalk,9,20,200,2,True,200,8.6334,23.1659,30.3623,56.322,124.676,58.207,51.89,8.24,0.48,39.39,89.6,14.22,0.83,68.02,0.0,11.07,777.7,75.07,77,0,2,37,7,21,19,0,19,173,91.35,46.7,17.37,73.29,74.5,3,0,0,7,24,12,53,0.03
regime,batched k=1,p_self=0.30,"{""batch_k"": 1, ""p_self"": 0.3}",batched,1,20,200,2,True,200,32.9936,6.0618,5.9279,164.933,229.226,160.575,13.48,3.74,77.38,5.4,88.97,24.67,510.58,35.65,0.0,0.0,3812.0,96.28,399,72,2,25,5,117,101,5,101,0,0.0,0.0,10.73,61.01,0.0,0,0,93,0,0,0,0,0.02
regime,beanstalk,p_self=0.05,"{""p_self"": 0.05}",beanstalk,9,20,200,2,True,200,9.2045,21.7284,33.2033,51.959,121.598,55.072,48.67,6.19,0.45,44.7,89.6,11.39,0.82,82.28,4.77,1.68,664.3,60.14,66,0,2,35,5,34,17,0,17,179,85.5,37.97,58.98,199.68,41.2,3,0,0,6,15,12,51,0.28
regime,beanstalk quarantine,p_self=0.05,"{""green_mode"": ""quarantine"", ""p_self"": 0.05}",beanstalk,5,20,200,2,True,200,9.0614,22.0716,29.5239,73.762,171.122,79.958,45.77,5.45,0.45,48.33,82.94,9.88,0.82,87.58,0.0,26.49,859.4,79.03,87,0,2,28,12,21,24,0,24,153,126.31,56.44,19.68,83.7,115.0,6,0,0,8,27,18,59,0.16
regime,beanstalk,p_self=0.05,"{""p_self"": 0.05}",beanstalk,8,20,200,2,True,200,7.5952,26.3325,37.5729,45.265,191.258,75.561,65.7,7.5,0.5,26.29,99.8,11.4,0.77,39.94,1.55,1.83,766.2,84.07,76,0,2,26,5,41,12,0,12,187,60.0,34.72,50.17,201.01,28.7,3,0,0,4,9,8,67,0.46
regime,batched k=1,p_self=0.30,"{""batch_k"": 1, ""p_self"": 0.3}",batched,5,20,200,2,True,200,31.9569,6.2584,6.2347,161.03,229.349,159.188,12.98,3.37,79.66,4.0,82.94,21.52,509.11,25.57,0.0,0.0,3736.2,97.43,395,64,2,50,9,115,102,4,102,0,0.0,0.0,10.34,70.35,0.0,0,0,89,0,0,0,0,0.02
regime,batched k=1,p_self=0.30,"{""batch_k"": 1, ""p_self"": 0.3}",batched,2,20,200,2,True,200,28.4704,7.0248,6.8332,139.847,194.234,134.614,15.76,3.56,75.24,5.44,89.73,20.3,428.42,30.96,1.65,0.0,3314.1,97.0,341,47,2,32,6,81,74,3,74,0,0.0,0.0,8.48,36.76,0.0,0,0,64,0,0,0,0,0.21
regime,batched k=1,p_self=0.30,"{""batch_k"": 1, ""p_self"": 0.3}",batched,3,20,200,2,True,200,31.2995,6.3899,6.5677,135.155,263.01,147.681,14.0,4.01,74.63,7.37,87.61,25.09,467.18,46.11,3.62,0.0,3610.7,96.13,372,60,2,39,8,100,89,4,89,0,0.0,0.0,9.95,50.68,0.0,0,0,79,0,0,0,0,0.22
regime,batched k=1,p_self=0.30,"{""batch_k"": 1, ""p_self"": 0.3}",batched,8,20,200,2,True,200,34.7784,5.7507,6.9195,128.996,205.115,137.262,14.35,4.47,61.3,19.87,99.8,31.12,426.42,138.23,8.4,0.0,3359.3,80.49,353,50,2,40,5,91,79,7,79,0,0.0,0.0,26.93,257.78,0.0,0,0,67,0,0,0,0,0.02
regime,batched k=1,p_self=0.30,"{""batch_k"": 1, ""p_self"": 0.3}",batched,4,20,200,2,True,200,31.6604,6.317,6.4638,151.601,211.859,152.421,12.97,3.02,77.22,6.8,82.1,19.12,488.95,43.04,5.26,0.0,3597.9,94.7,379,48,2,31,10,113,94,4,94,0,0.0,0.0,10.03,47.98,0.0,0,0,81,0,0,0,0,0.06
regime,batched k=1,p_self=0.30,"{""batch_k"": 1, ""p_self"": 0.3}",batched,7,20,200,2,True,200,31.4555,6.3582,6.314,148.638,249.39,153.35,13.44,3.94,77.32,5.31,84.57,24.76,486.4,33.38,0.0,0.0,3611.7,95.68,378,51,2,37,7,105,94,4,94,0,0.0,0.0,9.29,53.48,0.0,0,0,80,0,0,0,0,0.07
regime,batched k=1,p_self=0.30,"{""batch_k"": 1, ""p_self"": 0.3}",batched,6,20,200,2,True,200,37.5119,5.3316,6.0778,159.291,229.337,160.348,11.1,3.76,67.49,17.66,83.28,28.19,506.31,132.47,22.37,0.0,3720.6,82.65,393,58,2,41,5,120,103,7,103,0,0.0,0.0,33.74,340.74,0.0,0,0,83,0,0,0,0,0.07
regime,batched k=1,p_self=0.30,"{""batch_k"": 1, ""p_self"": 0.3}",batched,9,20,200,2,True,200,28.5175,7.0132,6.9624,127.945,206.232,136.09,15.71,3.82,75.72,4.75,89.6,21.78,431.86,27.12,2.99,0.0,3323.1,97.11,345,51,2,40,5,82,80,0,80,0,0.0,0.0,8.4,38.23,0.0,0,0,65,0,0,0,0,0.06
regime,batched-par k=1,p_self=0.30,"{""batch_k"": 1, ""p_self"": 0.3}",batched-par,1,20,200,2,True,200,28.6308,6.9855,6.9771,134.493,189.489,134.009,15.54,4.42,73.59,6.45,88.97,25.28,421.42,36.95,0.0,0.0,3335.1,97.07,343,32,2,25,6,108,101,6,101,0,0.0,0.0,7.23,39.82,0.0,0,0,36,0,0,0,0,0.07
regime,batched-par k=1,p_self=0.30,"{""batch_k"": 1, ""p_self"": 0.3}",batched-par,0,20,200,2,True,200,29.6993,6.7342,6.7981,137.856,216.347,141.197,13.54,4.65,74.59,7.22,80.43,27.6,443.05,42.9,0.0,0.0,3455.8,96.97,354,35,2,47,2,110,105,2,105,0,0.0,0.0,8.15,42.25,0.0,0,0,47,0,0,0,0,0.07
regime,batched-par k=1,p_self=0.30,"{""batch_k"": 1, ""p_self"": 0.3}",batched-par,2,20,200,2,True,200,25.5537,7.8267,7.5945,120.252,173.095,118.425,17.56,3.96,73.28,5.2,89.73,20.22,374.53,26.59,1.46,0.0,3024.2,98.62,306,20,2,31,5,82,74,5,74,0,0.0,0.0,6.58,32.03,0.0,0,0,27,0,0,0,0,0.08
regime,batched-par k=1,p_self=0.30,"{""batch_k"": 1, ""p_self"": 0.3}",batched-par,4,20,200,2,True,200,27.5479,7.2601,7.3422,129.111,193.896,129.666,14.9,3.52,74.93,6.65,82.1,19.38,412.84,36.64,3.85,0.0,3205.5,96.97,329,28,2,33,11,98,94,3,94,0,0.0,0.0,6.79,40.83,0.0,0,0,32,0,0,0,0,0.08
regime,batched-par k=1,p_self=0.30,"{""batch_k"": 1, ""p_self"": 0.3}",batched-par,3,20,200,2,True,200,27.7147,7.2164,7.7329,118.42,207.66,126.187,15.81,4.39,71.5,8.31,87.61,24.33,396.29,46.06,1.65,0.0,3192.8,96.0,330,32,2,37,8,94,91,2,91,0,0.0,0.0,7.79,50.91,0.0,0,0,37,0,0,0,0,0.09
regime,batched-par k=1,p_self=0.30,"{""batch_k"": 1, ""p_self"": 0.3}",batched-par,6,20,200,2,True,200,33.5611,5.9593,7.0185,134.658,192.061,136.784,12.41,4.12,63.81,19.67,83.28,27.63,428.32,132.0,15.2,0.0,3330.0,82.69,348,38,2,41,6,106,103,3,103,0,0.0,0.0,35.57,344.5,0.0,0,0,42,0,0,0,0,0.08
regime,batched-par k=1,p_self=0.30,"{""batch_k"": 1, ""p_self"": 0.3}",batched-par,7,20,200,2,True,200,29.2126,6.8464,6.7126,135.682,237.366,140.333,14.47,4.36,75.71,5.46,84.57,25.45,442.33,31.91,0.0,0.0,3412.5,97.35,352,39,2,37,7,104,94,5,94,0,0.0,0.0,8.09,51.16,0.0,0,0,53,0,0,0,0,0.07
regime,batched-par k=1,p_self=0.30,"{""batch_k"": 1, ""p_self"": 0.3}",batched-par,9,20,200,2,True,200,25.5981,7.8131,7.7702,110.779,180.242,119.575,17.5,4.37,73.49,4.65,89.6,22.35,376.23,23.78,4.15,0.0,3041.7,99.02,313,26,2,41,5,84,80,3,80,0,0.0,0.0,6.85,59.74,0.0,0,0,30,0,0,0,0,0.06
regime,batched-par k=1,p_self=0.30,"{""batch_k"": 1, ""p_self"": 0.3}",batched-par,5,20,200,2,True,200,29.5002,6.7796,6.8481,149.085,195.045,144.965,14.06,3.65,78.25,4.04,82.94,21.51,461.71,23.85,0.0,0.0,3484.6,98.44,359,41,2,49,9,110,102,6,102,0,0.0,0.0,7.63,35.95,0.0,0,0,51,0,0,0,0,0.14
regime,beanstalk,p_self=0.30,"{""p_self"": 0.3}",beanstalk,0,20,200,2,True,200,18.5238,10.7969,,586.57,1063.824,672.828,21.71,6.58,0.28,71.44,80.43,24.36,1.04,264.65,3.91,245.34,2110.4,94.94,211,0,2,25,5,34,99,5,99,130,329.76,95.0,511.19,1065.45,902.8,17,0,0,37,173,67,38,0.14
regime,beanstalk,p_self=0.30,"{""p_self"": 0.3}",beanstalk,1,20,200,2,True,200,14.4301,13.8599,28.4927,352.608,510.346,367.507,30.83,9.42,0.39,59.36,88.97,27.2,1.12,171.32,0.0,170.29,1603.4,92.59,159,0,2,39,5,29,103,2,103,149,305.77,70.78,217.72,514.42,693.4,15,0,0,29,126,76,33,0.11
regime,beanstalk,p_self=0.30,"{""p_self"": 0.3}",beanstalk,4,20,200,2,True,200,17.513,11.4201,20.6267,430.482,561.805,401.098,23.44,6.0,0.31,70.25,82.1,21.0,1.08,246.07,5.29,226.53,1975.4,93.99,195,0,2,31,10,26,101,1,101,132,322.02,88.83,253.0,563.31,827.5,19,0,0,33,165,69,30,0.11
regime,beanstalk,p_self=0.30,"{""p_self"": 0.3}",beanstalk,2,20,200,2,True,200,13.0291,15.3502,,424.862,760.289,507.432,34.43,8.12,0.37,57.08,89.73,21.16,0.95,148.74,0.0,143.6,1441.1,92.17,145,0,2,28,8,42,66,4,66,173,230.33,75.0,374.08,764.59,487.5,16,0,0,24,100,46,45,0.12
regime,batched-par k=1,p_self=0.30,"{""batch_k"": 1, ""p_self"": 0.3}",batched-par,8,20,200,2,True,200,30.3698,6.5855,7.943,112.394,168.436,117.238,16.43,4.54,59.8,19.23,99.8,27.55,363.24,116.8,0.0,0.0,3013.6,82.69,305,23,2,40,5,82,76,6,76,0,0.0,0.0,27.57,284.5,0.0,0,0,23,0,0,0,0,0.22
regime,beanstalk,p_self=0.30,"{""p_self"": 0.3}",beanstalk,3,20,200,2,True,200,18.1968,10.9909,,562.551,1073.807,703.446,24.07,6.72,0.28,68.93,87.61,24.45,1.03,250.85,3.95,234.6,1947.5,89.19,194,0,2,26,6,58,91,2,91,148,314.01,82.88,545.9,1091.81,779.3,16,0,0,31,135,62,59,0.18
regime,beanstalk,p_self=0.30,"{""p_self"": 0.3}",beanstalk,8,20,200,2,True,200,22.2651,8.9827,17.7251,356.765,532.331,339.923,22.41,6.38,0.23,70.98,99.8,28.42,1.0,316.08,7.35,254.41,1774.1,66.4,177,0,2,21,3,51,89,2,89,145,242.52,74.96,218.53,532.21,665.4,12,0,0,33,121,58,56,0.1
regime,beanstalk,p_self=0.30,"{""p_self"": 0.3}",beanstalk,5,20,200,2,True,200,14.9566,13.3721,21.1796,325.062,439.78,290.76,27.73,8.56,0.38,63.33,82.94,25.61,1.14,189.44,0.33,157.44,1553.7,86.57,154,0,2,39,13,42,110,0,110,137,209.47,56.54,178.42,450.43,605.5,14,0,0,28,106,83,48,0.13
regime,beanstalk,p_self=0.30,"{""p_self"": 0.3}",beanstalk,9,20,200,2,True,200,14.0425,14.2424,43.1661,321.79,600.709,367.665,31.9,8.53,0.37,59.2,89.6,23.95,1.03,166.27,0.0,124.03,1443.2,85.64,144,0,2,39,7,39,83,3,83,151,238.05,60.28,243.24,604.51,545.1,14,0,0,22,100,64,44,0.13
regime,beanstalk,p_self=0.30,"{""p_self"": 0.3}",beanstalk,7,20,200,2,True,200,14.1228,14.1615,,598.975,818.576,541.283,29.94,9.8,0.37,59.89,84.57,27.68,1.04,169.16,2.7,156.0,1486.6,87.72,151,0,2,24,3,53,98,2,98,143,164.63,52.81,396.02,819.05,546.0,16,0,0,24,93,76,58,0.17
regime,beanstalk,p_self=0.30,"{""p_self"": 0.3}",beanstalk,6,20,200,2,True,200,22.2091,9.0053,,789.853,1311.769,956.478,18.75,6.92,0.25,74.09,83.28,30.72,1.11,329.08,2.99,295.38,1885.6,70.75,188,0,2,27,10,43,116,3,116,145,343.47,67.35,649.06,1315.14,806.8,15,0,0,33,142,86,46,0.19
regime,beanstalk quarantine,p_self=0.30,"{""green_mode"": ""quarantine"", ""p_self"": 0.3}",beanstalk,0,20,200,2,True,200,17.8588,11.199,11.0951,240.678,445.701,240.102,22.52,7.29,0.31,69.88,80.43,26.04,1.1,249.6,0.47,227.61,2065.7,96.39,206,0,2,31,4,30,108,3,108,124,374.63,104.28,55.72,253.33,836.6,17,0,0,38,141,75,65,0.15
regime,beanstalk quarantine,p_self=0.30,"{""green_mode"": ""quarantine"", ""p_self"": 0.3}",beanstalk,4,20,200,2,True,200,18.5397,10.7877,12.1046,248.14,465.09,265.553,22.14,6.01,0.3,71.55,82.1,22.28,1.11,265.3,0.6,259.28,2106.2,94.67,209,0,2,33,9,21,103,2,103,133,270.79,119.36,41.07,136.19,946.4,20,0,0,32,162,73,47,0.05
regime,beanstalk quarantine,p_self=0.30,"{""green_mode"": ""quarantine"", ""p_self"": 0.3}",beanstalk,5,20,200,2,True,200,16.3745,12.2141,14.7891,216.877,481.284,245.079,25.33,7.77,0.35,66.55,82.94,25.46,1.15,217.95,0.0,200.69,1889.3,96.15,188,0,2,33,10,29,116,0,116,125,302.78,90.61,46.69,184.66,705.8,20,0,0,31,130,87,58,0.07
regime,beanstalk quarantine,p_self=0.30,"{""green_mode"": ""quarantine"", ""p_self"": 0.3}",beanstalk,7,20,200,2,True,200,15.6184,12.8054,13.4578,204.607,354.361,190.467,27.07,10.09,0.35,62.49,84.57,31.51,1.09,195.2,2.11,167.37,1724.1,91.99,174,0,2,40,2,31,96,3,96,157,221.93,74.68,34.94,143.07,633.8,15,0,0,23,98,76,76,0.08
regime,beanstalk quarantine,p_self=0.30,"{""green_mode"": ""quarantine"", ""p_self"": 0.3}",beanstalk,3,20,200,2,True,200,18.852,10.6089,10.6035,203.126,383.746,216.732,23.24,7.45,0.28,69.03,87.61,28.08,1.07,260.28,2.48,242.49,2184.2,96.55,219,0,2,35,12,40,94,6,94,137,257.3,94.48,35.19,132.86,879.9,13,0,0,34,146,66,73,0.17
regime,beanstalk quarantine,p_self=0.30,"{""green_mode"": ""quarantine"", ""p_self"": 0.3}",beanstalk,2,20,200,2,True,200,13.0186,15.3626,14.9584,170.372,430.593,202.57,34.46,6.93,0.35,58.25,89.73,18.05,0.92,151.68,1.76,136.46,1498.1,95.89,150,0,2,24,6,27,62,2,62,151,306.52,125.24,48.8,199.49,496.0,14,0,0,26,96,41,54,0.23
regime,beanstalk quarantine,p_self=0.30,"{""green_mode"": ""quarantine"", ""p_self"": 0.3}",beanstalk,1,20,200,2,True,200,14.7435,13.5653,13.0721,156.027,492.567,215.622,30.17,8.65,0.37,60.81,88.97,25.51,1.08,179.31,2.26,155.42,1737.8,98.22,172,0,2,30,7,31,102,2,102,139,335.21,95.53,39.48,143.65,629.0,19,0,0,28,114,77,58,0.24
regime,batched k=1,aidev-upper,"{""batch_k"": 1, ""p_file"": 0.417, ""p_per_file"": 0.35}",batched,1,20,200,2,True,200,25.0298,7.9905,8.1842,107.284,177.504,110.943,17.77,6.1,67.77,8.35,88.97,30.55,339.26,41.82,0.0,0.0,2817.8,93.81,288,31,2,119,3,50,44,4,44,0,0.0,0.0,8.31,70.09,0.0,0,0,40,0,0,0,0,0.04
regime,batched k=1,aidev-upper,"{""batch_k"": 1, ""p_file"": 0.417, ""p_per_file"": 0.35}",batched,0,20,200,2,True,200,25.1853,7.9411,8.1353,111.871,189.574,115.397,15.97,7.15,69.22,7.67,80.43,35.99,348.66,38.62,0.0,0.0,2828.2,93.58,287,27,2,170,1,53,47,2,47,0,0.0,0.0,7.61,38.8,0.0,0,0,38,0,0,0,0,0.05
regime,batched k=1,aidev-upper,"{""batch_k"": 1, ""p_file"": 0.417, ""p_per_file"": 0.35}",batched,2,20,200,2,True,200,21.2853,9.3962,9.2782,93.606,155.334,95.671,21.08,6.51,68.4,4.01,89.73,27.7,291.2,17.07,1.23,0.0,2508.9,98.23,254,18,2,131,5,30,23,6,23,0,0.0,0.0,5.79,31.55,0.0,0,0,25,0,0,0,0,0.05
regime,batched k=1,aidev-upper,"{""batch_k"": 1, ""p_file"": 0.417, ""p_per_file"": 0.35}",batched,4,20,200,2,True,200,24.4992,8.1635,8.3989,108.592,180.375,111.891,16.76,4.56,71.56,7.13,82.1,22.33,350.63,34.91,4.63,0.0,2814.2,95.73,284,26,2,116,6,50,44,3,44,0,0.0,0.0,7.5,41.91,0.0,0,0,37,0,0,0,0,0.02
regime,batched k=1,aidev-upper,"{""batch_k"": 1, ""p_file"": 0.417, ""p_per_file"": 0.35}",batched,3,20,200,2,True,200,23.6532,8.4555,8.3404,106.372,178.817,108.041,18.52,6.01,70.11,5.35,87.61,28.45,331.68,25.32,2.31,0.0,2735.4,96.37,277,26,2,155,4,45,40,3,40,0,0.0,0.0,6.98,45.05,0.0,0,0,34,0,0,0,0,0.05
regime,batched k=1,aidev-upper,"{""batch_k"": 1, ""p_file"": 0.417, ""p_per_file"": 0.35}",batched,7,20,200,2,True,200,22.3822,8.9357,9.4543,100.86,144.953,100.878,18.89,6.45,68.67,5.99,84.57,28.88,307.38,26.82,0.0,0.0,2593.6,96.56,266,23,2,142,5,38,30,6,30,0,0.0,0.0,6.03,25.78,0.0,0,0,30,0,0,0,0,0.02
regime,beanstalk quarantine,p_self=0.30,"{""green_mode"": ""quarantine"", ""p_self"": 0.3}",beanstalk,6,20,200,2,True,200,19.7757,10.1134,15.217,178.523,412.211,192.959,21.06,7.83,0.28,70.83,83.28,30.99,1.09,280.16,1.98,227.21,1779.4,74.98,178,0,2,26,5,34,114,4,114,134,212.55,88.44,34.57,117.71,791.4,15,0,0,32,108,87,70,0.27
regime,batched k=1,aidev-upper,"{""batch_k"": 1, ""p_file"": 0.417, ""p_per_file"": 0.35}",batched,5,20,200,2,True,200,24.7776,8.0718,8.2262,109.686,179.213,112.118,16.74,5.88,69.54,7.85,82.94,29.14,344.59,38.89,0.0,0.0,2785.2,93.67,286,32,2,155,8,48,43,3,43,0,0.0,0.0,8.07,62.46,0.0,0,0,40,0,0,0,0,0.16
regime,batched k=1,aidev-upper,"{""batch_k"": 1, ""p_file"": 0.417, ""p_per_file"": 0.35}",batched,6,20,200,2,True,200,26.7169,7.4859,8.4522,109.874,160.247,108.648,15.58,4.89,62.89,16.64,83.28,26.14,336.02,88.9,19.48,0.0,2706.5,84.42,283,34,2,121,5,46,39,7,39,0,0.0,0.0,20.42,218.48,0.0,0,0,37,0,0,0,0,0.16
regime,batched k=1,aidev-upper,"{""batch_k"": 1, ""p_file"": 0.417, ""p_per_file"": 0.35}",batched,9,20,200,2,True,200,24.0613,8.3121,8.5158,92.903,145.553,105.107,18.62,9.76,63.04,8.58,89.6,46.99,303.37,41.27,2.45,0.0,2676.0,92.68,276,25,2,148,4,42,37,4,37,0,0.0,0.0,7.71,66.07,0.0,0,0,35,0,0,0,0,0.07
regime,batched k=1,aidev-upper,"{""batch_k"": 1, ""p_file"": 0.417, ""p_per_file"": 0.35}",batched,8,20,200,2,True,200,28.7574,6.9547,8.7099,97.638,151.091,101.773,17.35,6.42,52.57,23.66,99.8,36.91,302.33,136.11,0.0,0.0,2629.6,76.2,274,28,2,119,3,41,33,8,33,0,0.0,0.0,37.42,330.59,0.0,0,0,33,0,0,0,0,0.12
regime,batched-par k=1,aidev-upper,"{""batch_k"": 1, ""p_file"": 0.417, ""p_per_file"": 0.35}",batched-par,3,20,200,2,True,200,22.33,8.9566,9.1805,99.135,153.017,99.826,19.62,6.69,67.82,5.87,87.61,29.86,302.89,26.24,0.79,0.0,2628.9,98.11,269,19,2,155,4,48,43,5,43,0,0.0,0.0,5.12,23.75,0.0,0,0,21,0,0,0,0,0.02
regime,batched-par k=1,aidev-upper,"{""batch_k"": 1, ""p_file"": 0.417, ""p_per_file"": 0.35}",batched-par,1,20,200,2,True,200,22.6416,8.8333,8.9432,97.533,158.438,99.918,19.65,7.03,66.52,6.8,88.97,31.83,301.23,30.8,0.0,0.0,2630.1,96.8,259,10,2,122,4,48,44,4,44,0,0.0,0.0,5.43,29.74,0.0,0,0,11,0,0,0,0,0.05
regime,beanstalk quarantine,p_self=0.30,"{""green_mode"": ""quarantine"", ""p_self"": 0.3}",beanstalk,8,20,200,2,True,200,20.9231,9.5588,15.4281,214.46,481.574,228.847,23.85,6.63,0.23,69.29,99.8,27.74,0.97,289.96,0.47,206.27,1861.9,74.16,185,0,2,24,5,33,81,2,81,143,316.2,114.5,42.39,143.93,781.2,13,0,0,30,122,53,63,0.37
regime,batched-par k=1,aidev-upper,"{""batch_k"": 1, ""p_file"": 0.417, ""p_per_file"": 0.35}",batched-par,6,20,200,2,True,200,25.2672,7.9154,9.0687,99.655,153.288,100.66,16.48,5.52,60.88,17.12,83.28,27.89,307.64,86.53,10.12,0.0,2577.6,85.01,259,13,2,134,2,43,39,4,39,0,0.0,0.0,17.8,197.74,0.0,0,0,16,0,0,0,0,0.06
regime,batched-par k=1,aidev-upper,"{""batch_k"": 1, ""p_file"": 0.417, ""p_per_file"": 0.35}",batched-par,2,20,200,2,True,200,20.6599,9.6806,9.6505,92.4,134.724,91.352,21.72,6.84,66.85,4.59,89.73,28.27,276.24,18.96,0.92,0.0,2448.2,98.75,243,8,2,129,5,34,27,7,27,0,0.0,0.0,4.62,22.32,0.0,0,0,9,0,0,0,0,0.12
regime,batched-par k=1,aidev-upper,"{""batch_k"": 1, ""p_file"": 0.417, ""p_per_file"": 0.35}",batched-par,7,20,200,2,True,200,21.8452,9.1553,9.3035,96.057,138.343,97.405,19.36,6.93,67.38,6.33,84.57,30.29,294.39,27.65,0.0,0.0,2547.4,97.18,258,19,2,151,4,37,31,6,31,0,0.0,0.0,5.32,27.81,0.0,0,0,21,0,0,0,0,0.02
regime,batched-par k=1,aidev-upper,"{""batch_k"": 1, ""p_file"": 0.417, ""p_per_file"": 0.35}",batched-par,9,20,200,2,True,200,21.6648,9.2316,9.1827,88.168,139.845,97.09,20.68,10.1,64.59,4.63,89.6,43.78,279.86,20.07,1.48,0.0,2561.5,98.53,258,12,2,145,6,44,41,3,41,0,0.0,0.0,5.25,26.9,0.0,0,0,14,0,0,0,0,0.02
regime,batched-par k=1,aidev-upper,"{""batch_k"": 1, ""p_file"": 0.417, ""p_per_file"": 0.35}",batched-par,0,20,200,2,True,200,24.1923,8.2671,8.688,104.676,174.077,106.924,16.62,8.0,65.66,9.71,80.43,38.71,317.71,47.0,0.0,0.0,2710.8,93.38,271,21,2,189,1,49,47,2,47,0,0.0,0.0,6.29,38.5,0.0,0,0,22,0,0,0,0,0.16
regime,beanstalk,aidev-upper,"{""p_file"": 0.417, ""p_per_file"": 0.35}",beanstalk,0,20,200,2,True,200,10.3387,19.3447,24.555,220.396,384.5,232.829,38.9,21.36,0.69,39.05,80.43,44.17,1.43,80.75,3.53,64.2,1041.9,83.98,104,0,2,180,3,52,50,0,50,179,159.39,49.89,158.91,388.51,400.7,8,0,0,15,48,35,56,0.04
regime,beanstalk,aidev-upper,"{""p_file"": 0.417, ""p_per_file"": 0.35}",beanstalk,1,20,200,2,True,200,9.3675,21.3504,,400.521,541.982,377.129,47.49,19.63,0.64,32.24,88.97,36.78,1.19,60.41,0.0,55.54,1015.3,90.32,101,0,2,125,4,76,43,1,43,176,126.68,42.43,281.03,562.05,269.4,6,0,0,11,24,33,77,0.04
regime,beanstalk,aidev-upper,"{""p_file"": 0.417, ""p_per_file"": 0.35}",beanstalk,2,20,200,2,True,200,8.9769,22.2793,30.6479,79.24,283.464,131.317,49.98,14.94,0.62,34.47,89.73,26.82,1.11,61.88,6.08,24.86,988.2,91.74,99,0,2,117,2,44,21,1,21,177,141.08,51.69,80.5,279.94,159.3,7,0,0,11,32,11,67,0.03
regime,beanstalk,aidev-upper,"{""p_file"": 0.417, ""p_per_file"": 0.35}",beanstalk,3,20,200,2,True,200,8.1584,24.5147,,283.148,458.688,287.307,53.69,21.31,0.77,24.23,87.61,34.77,1.26,39.53,1.7,21.33,894.9,91.41,88,0,2,145,2,47,38,2,38,177,96.41,40.62,222.55,466.38,193.8,7,0,0,12,38,28,50,0.04
regime,batched-par k=1,aidev-upper,"{""batch_k"": 1, ""p_file"": 0.417, ""p_per_file"": 0.35}",batched-par,5,20,200,2,True,200,23.9452,8.3524,8.9047,104.684,159.183,105.216,17.32,5.97,67.26,9.45,82.94,28.61,322.11,45.24,0.0,0.0,2686.1,93.48,275,24,2,154,7,49,43,6,43,0,0.0,0.0,7.33,78.03,0.0,0,0,26,0,0,0,0,0.22
regime,batched-par k=1,aidev-upper,"{""batch_k"": 1, ""p_file"": 0.417, ""p_per_file"": 0.35}",batched-par,8,20,200,2,True,200,27.0244,7.4007,9.769,84.896,139.149,90.129,18.46,6.8,48.78,25.95,99.8,36.78,263.65,140.26,0.0,0.0,2453.6,75.66,243,5,2,116,6,38,35,3,35,0,0.0,0.0,39.31,334.3,0.0,0,0,5,0,0,0,0,0.14
regime,beanstalk,aidev-upper,"{""p_file"": 0.417, ""p_per_file"": 0.35}",beanstalk,5,20,200,2,True,200,10.4343,19.1676,,250.937,508.372,309.259,39.74,12.85,0.61,46.79,82.94,26.82,1.28,97.65,0.0,45.56,981.9,78.42,98,0,2,136,9,50,47,0,47,164,150.97,42.97,219.96,516.31,215.5,9,0,0,15,45,34,53,0.04
regime,beanstalk,aidev-upper,"{""p_file"": 0.417, ""p_per_file"": 0.35}",beanstalk,6,20,200,2,True,200,11.8581,16.866,,257.515,399.507,253.138,35.11,16.16,0.53,48.19,83.28,38.33,1.27,114.29,5.16,61.53,876.9,61.62,88,0,2,138,4,62,41,0,41,177,95.67,38.9,155.79,403.01,126.9,7,0,0,8,21,33,67,0.04
regime,batched-par k=1,aidev-upper,"{""batch_k"": 1, ""p_file"": 0.417, ""p_per_file"": 0.35}",batched-par,4,20,200,2,True,200,22.6522,8.8292,9.1066,100.366,155.181,100.076,18.12,5.34,68.29,8.25,82.1,24.2,309.38,37.35,4.32,0.0,2607.4,95.92,262,14,2,124,4,47,44,3,44,0,0.0,0.0,5.53,31.74,0.0,0,0,15,0,0,0,0,0.28
regime,beanstalk quarantine,p_self=0.30,"{""green_mode"": ""quarantine"", ""p_self"": 0.3}",beanstalk,9,20,200,2,True,200,12.7528,15.6829,17.0388,219.878,524.386,231.717,35.13,9.46,0.41,54.99,89.6,24.14,1.05,140.27,0.5,121.73,1501.6,98.12,150,0,2,38,4,27,83,2,83,142,261.06,95.82,51.06,184.67,538.4,19,0,0,23,97,63,53,0.58
regime,beanstalk,aidev-upper,"{""p_file"": 0.417, ""p_per_file"": 0.35}",beanstalk,4,20,200,2,True,200,9.527,20.9929,29.7392,185.752,307.637,185.048,43.09,14.7,0.63,41.58,82.1,28.01,1.2,79.23,0.49,77.67,990.5,86.64,99,0,2,123,5,47,46,1,46,171,134.4,52.49,122.34,308.8,326.7,8,0,0,14,45,33,54,0.11
regime,beanstalk,aidev-upper,"{""p_file"": 0.417, ""p_per_file"": 0.35}",beanstalk,9,20,200,2,True,200,9.4832,21.0898,102.7167,144.469,278.984,148.416,47.24,16.64,0.59,35.53,89.6,31.57,1.11,67.38,0.0,32.91,877.0,77.06,87,0,2,107,2,48,36,0,36,180,85.06,38.36,87.17,279.35,152.8,4,0,0,10,29,26,58,0.03
regime,beanstalk quarantine,aidev-upper,"{""green_mode"": ""quarantine"", ""p_file"": 0.417, ""p_per_file"": 0.35}",beanstalk,0,20,200,2,True,200,11.0326,18.128,22.3792,95.936,212.367,107.553,36.45,20.19,0.65,42.71,80.43,44.55,1.43,94.25,0.0,51.32,1044.3,78.88,105,0,2,183,2,23,52,0,52,166,123.93,66.66,15.91,59.79,330.7,11,0,0,17,40,35,65,0.04
regime,beanstalk quarantine,aidev-upper,"{""green_mode"": ""quarantine"", ""p_file"": 0.417, ""p_per_file"": 0.35}",beanstalk,3,20,200,2,True,200,10.24,19.5313,19.96,92.425,232.264,103.275,42.78,14.45,0.59,42.18,87.61,29.59,1.22,86.38,1.36,75.68,1174.0,95.54,116,0,2,134,4,29,38,2,38,170,195.88,74.6,23.69,99.77,333.9,7,0,0,15,50,25,66,0.04
regime,beanstalk quarantine,aidev-upper,"{""green_mode"": ""quarantine"", ""p_file"": 0.417, ""p_per_file"": 0.35}",beanstalk,4,20,200,2,True,200,10.172,19.6618,24.3134,81.081,243.046,103.107,40.36,11.46,0.58,47.61,82.1,23.31,1.17,96.86,3.06,56.83,1042.2,85.38,104,0,2,113,3,25,43,0,43,158,177.53,68.96,28.45,148.58,276.8,8,0,0,13,44,31,60,0.04
regime,beanstalk quarantine,aidev-upper,"{""green_mode"": ""quarantine"", ""p_file"": 0.417, ""p_per_file"": 0.35}",beanstalk,1,20,200,2,True,200,10.8534,18.4275,18.086,88.558,320.515,117.61,40.99,15.54,0.54,42.94,88.97,33.73,1.17,93.2,0.0,82.84,1184.8,90.97,118,0,2,107,3,29,48,1,48,177,223.16,82.42,17.61,70.16,334.5,10,0,0,14,47,36,71,0.07
regime,beanstalk quarantine,aidev-upper,"{""green_mode"": ""quarantine"", ""p_file"": 0.417, ""p_per_file"": 0.35}",beanstalk,6,20,200,2,True,200,13.1768,15.1782,30.7122,95.749,182.852,99.057,31.6,13.65,0.47,54.28,83.28,35.97,1.24,143.05,0.0,95.36,989.7,62.59,99,0,2,129,7,30,46,1,46,173,132.48,56.29,27.68,106.4,246.2,9,0,0,12,34,37,65,0.04
regime,beanstalk quarantine,aidev-upper,"{""green_mode"": ""quarantine"", ""p_file"": 0.417, ""p_per_file"": 0.35}",beanstalk,7,20,200,2,True,200,8.2486,24.2466,26.3446,53.722,166.468,69.151,51.26,24.27,0.76,23.71,84.57,40.03,1.25,39.12,0.67,35.85,910.7,92.01,92,0,2,144,3,26,36,0,36,184,127.67,53.18,8.85,36.27,178.3,6,0,0,7,12,30,80,0.04
regime,beanstalk quarantine,aidev-upper,"{""green_mode"": ""quarantine"", ""p_file"": 0.417, ""p_per_file"": 0.35}",beanstalk,5,20,200,2,True,200,10.2625,19.4884,27.7945,117.777,208.993,126.214,40.41,13.03,0.59,45.97,82.94,26.73,1.21,94.36,6.85,57.98,1000.7,81.26,100,0,2,121,6,25,47,0,47,164,141.81,66.1,29.09,108.29,278.2,11,0,0,14,50,35,50,0.08
regime,beanstalk quarantine,aidev-upper,"{""green_mode"": ""quarantine"", ""p_file"": 0.417, ""p_per_file"": 0.35}",beanstalk,8,20,200,2,True,200,16.4193,12.1808,24.0778,64.47,159.691,76.747,30.39,11.43,0.33,57.85,99.8,37.52,1.1,189.97,14.84,75.32,1135.2,57.61,113,0,2,105,4,29,31,0,31,176,130.04,59.2,28.57,131.57,201.6,6,0,0,13,44,19,69,0.03
regime,batched k=1,T=30min,"{""batch_k"": 1, ""test_minutes"": 30.0}",batched,0,20,200,2,True,200,75.018,2.666,2.694,411.054,531.367,399.798,5.36,1.13,87.69,5.82,80.43,16.99,1315.67,87.27,0.0,0.0,8681.2,96.43,302,39,2,48,2,59,53,3,53,0,0.0,0.0,22.33,140.94,0.0,0,0,46,0,0,0,0,0.02
regime,batched k=1,T=30min,"{""batch_k"": 1, ""test_minutes"": 30.0}",batched,1,20,200,2,True,200,68.9854,2.8992,2.8963,372.523,469.438,365.117,6.45,1.08,87.13,5.34,88.97,14.89,1202.16,73.68,0.0,0.0,8054.0,97.29,288,32,2,25,5,51,46,3,46,0,0.0,0.0,18.12,79.06,0.0,0,0,39,0,0,0,0,0.02
regime,beanstalk quarantine,aidev-upper,"{""green_mode"": ""quarantine"", ""p_file"": 0.417, ""p_per_file"": 0.35}",beanstalk,9,20,200,2,True,200,10.4766,19.0901,24.831,88.725,185.034,93.612,42.76,15.49,0.54,41.21,89.6,32.45,1.13,86.36,0.0,22.57,1009.4,80.29,101,0,2,108,3,35,36,0,36,175,97.48,49.37,18.68,76.87,207.0,5,0,0,11,39,27,62,0.04
regime,batched k=1,T=30min,"{""batch_k"": 1, ""test_minutes"": 30.0}",batched,2,20,200,2,True,200,66.8652,2.9911,2.9486,374.155,450.294,357.807,6.71,0.91,88.28,4.1,89.73,12.11,1180.58,54.88,3.07,0.0,7815.9,97.41,270,27,2,36,5,39,31,6,31,0,0.0,0.0,19.29,96.47,0.0,0,0,33,0,0,0,0,0.02
regime,batched k=1,T=30min,"{""batch_k"": 1, ""test_minutes"": 30.0}",batched,3,20,200,2,True,200,71.0582,2.8146,2.7975,384.931,511.387,378.244,6.16,0.99,87.72,5.12,87.61,14.12,1246.69,72.74,4.31,0.0,8356.5,98.0,286,31,2,41,10,49,42,5,42,0,0.0,0.0,20.04,102.06,0.0,0,0,39,0,0,0,0,0.02
regime,batched k=1,T=30min,"{""batch_k"": 1, ""test_minutes"": 30.0}",batched,5,20,200,2,True,200,72.5995,2.7548,2.7189,389.735,554.738,391.457,5.71,0.93,88.94,4.42,82.94,13.49,1291.37,64.19,0.0,0.0,8543.5,98.07,297,37,2,50,9,51,47,3,47,0,0.0,0.0,21.68,105.63,0.0,0,0,47,0,0,0,0,0.02
regime,batched k=1,T=30min,"{""batch_k"": 1, ""test_minutes"": 30.0}",batched,4,20,200,2,True,200,71.0397,2.8153,2.7886,391.166,517.801,381.35,5.78,0.85,88.62,4.75,82.1,12.06,1259.11,67.52,4.34,0.0,8309.0,97.47,288,27,2,35,10,52,47,3,47,0,0.0,0.0,20.28,94.49,0.0,0,0,38,0,0,0,0,0.05
regime,beanstalk,aidev-upper,"{""p_file"": 0.417, ""p_per_file"": 0.35}",beanstalk,7,20,200,2,True,200,9.4882,21.0787,21.2755,73.484,237.128,96.826,44.56,22.95,0.65,31.83,84.57,43.56,1.24,60.4,1.01,48.12,890.3,78.19,90,0,2,141,4,68,30,0,30,179,226.07,39.4,78.36,229.75,224.0,5,0,0,6,10,24,80,0.3
regime,beanstalk,aidev-upper,"{""p_file"": 0.417, ""p_per_file"": 0.35}",beanstalk,8,20,200,2,True,200,14.6894,13.6152,,207.414,388.838,209.938,33.97,13.14,0.37,52.52,99.8,38.59,1.1,154.3,6.22,11.71,1005.0,57.02,100,0,2,103,2,53,30,0,30,181,129.84,46.8,133.13,396.9,105.6,5,0,0,13,31,18,69,0.36
regime,beanstalk quarantine,aidev-upper,"{""green_mode"": ""quarantine"", ""p_file"": 0.417, ""p_per_file"": 0.35}",beanstalk,2,20,200,2,True,200,8.5696,23.3383,27.5232,57.874,138.932,67.553,52.35,17.4,0.63,29.61,89.73,29.82,1.09,50.75,5.25,17.26,956.5,93.01,96,0,2,113,2,22,20,0,20,179,131.79,52.28,15.28,62.02,125.4,4,0,0,11,34,10,62,0.33
regime,batched k=1,T=30min,"{""batch_k"": 1, ""test_minutes"": 30.0}",batched,9,20,200,2,True,200,69.4802,2.8785,2.8303,375.893,496.645,370.933,6.45,0.9,88.08,4.57,89.6,12.45,1223.99,63.56,10.98,0.0,8195.6,98.3,282,25,2,38,7,44,40,3,40,0,0.0,0.0,19.84,116.21,0.0,0,0,39,0,0,0,0,0.04
regime,batched-par k=1,T=30min,"{""batch_k"": 1, ""test_minutes"": 30.0}",batched-par,0,20,200,2,True,200,70.3969,2.841,2.8489,381.695,509.586,374.214,5.71,1.26,87.34,5.69,80.43,17.7,1229.68,80.13,0.0,0.0,8292.6,98.16,290,27,2,51,2,58,56,2,56,0,0.0,0.0,18.3,85.91,0.0,0,0,32,0,0,0,0,0.09
regime,batched-par k=1,T=30min,"{""batch_k"": 1, ""test_minutes"": 30.0}",batched-par,2,20,200,2,True,200,62.9686,3.1762,3.1824,344.572,429.892,333.669,7.12,1.04,87.28,4.56,89.73,13.11,1099.12,57.41,3.13,0.0,7494.6,99.18,253,13,2,36,4,39,31,8,31,0,0.0,0.0,15.5,104.02,0.0,0,0,14,0,0,0,0,0.06
regime,batched k=1,T=30min,"{""batch_k"": 1, ""test_minutes"": 30.0}",batched,8,20,200,2,True,200,69.7639,2.8668,2.8139,373.381,476.233,371.104,7.15,1.31,87.35,4.19,99.8,18.21,1218.8,58.47,0.0,0.0,8153.3,97.39,276,21,2,36,6,45,37,5,37,0,0.0,0.0,21.48,127.33,0.0,0,0,34,0,0,0,0,0.1
regime,batched-par k=1,T=30min,"{""batch_k"": 1, ""test_minutes"": 30.0}",batched-par,3,20,200,2,True,200,64.435,3.1039,3.15,346.998,435.533,340.617,6.8,1.03,87.08,5.1,87.61,13.22,1122.18,65.7,4.45,0.0,7611.8,98.44,260,12,2,40,9,46,43,3,43,0,0.0,0.0,15.59,81.86,0.0,0,0,14,0,0,0,0,0.02
regime,batched-par k=1,T=30min,"{""batch_k"": 1, ""test_minutes"": 30.0}",batched-par,1,20,200,2,True,200,65.4927,3.0538,3.012,360.832,442.436,347.522,6.79,1.19,87.25,4.77,88.97,15.6,1142.81,62.48,0.0,0.0,7760.4,98.74,266,13,2,25,5,51,45,6,45,0,0.0,0.0,15.38,86.8,0.0,0,0,15,0,0,0,0,0.11
regime,batched k=1,T=30min,"{""batch_k"": 1, ""test_minutes"": 30.0}",batched,6,20,200,2,True,200,69.2348,2.8887,2.7648,391.11,485.849,374.552,6.01,1.09,89.08,3.82,83.28,15.04,1233.47,52.91,7.41,0.0,8116.2,97.69,281,26,2,41,3,47,42,4,42,0,0.0,0.0,18.84,87.29,0.0,0,0,35,0,0,0,0,0.14
regime,batched-par k=1,T=30min,"{""batch_k"": 1, ""test_minutes"": 30.0}",batched-par,5,20,200,2,True,200,67.1243,2.9795,2.9835,361.939,476.095,359.524,6.18,0.96,88.31,4.55,82.94,12.9,1185.51,61.13,0.0,0.0,7987.8,99.17,273,17,2,49,7,53,47,6,47,0,0.0,0.0,17.11,104.57,0.0,0,0,20,0,0,0,0,0.03
regime,batched-par k=1,T=30min,"{""batch_k"": 1, ""test_minutes"": 30.0}",batched-par,8,20,200,2,True,200,62.5214,3.1989,3.2728,331.705,410.866,324.477,7.98,1.39,85.11,5.52,99.8,17.34,1064.25,69.04,0.0,0.0,7380.3,98.37,249,9,2,35,6,39,36,3,36,0,0.0,0.0,14.91,104.96,0.0,0,0,10,0,0,0,0,0.02
regime,batched-par k=1,T=30min,"{""batch_k"": 1, ""test_minutes"": 30.0}",batched-par,9,20,200,2,True,200,64.6292,3.0946,3.0891,341.789,449.524,339.703,6.93,0.92,86.68,5.47,89.6,11.91,1120.44,70.64,10.12,0.0,7611.8,98.15,258,11,2,39,6,44,40,4,40,0,0.0,0.0,15.17,66.36,0.0,0,0,14,0,0,0,0,0.02
regime,batched-par k=1,T=30min,"{""batch_k"": 1, ""test_minutes"": 30.0}",batched-par,7,20,200,2,True,200,64.2748,3.1116,3.1337,350.838,434.166,338.921,6.58,1.04,86.84,5.54,84.57,13.37,1116.36,71.19,0.0,0.0,7620.0,98.8,259,19,2,40,6,39,37,2,37,0,0.0,0.0,14.89,85.79,0.0,0,0,20,0,0,0,0,0.04
regime,beanstalk,T=30min,"{""test_minutes"": 30.0}",beanstalk,0,20,200,2,True,200,29.5512,6.7679,8.4431,592.073,910.006,608.438,13.61,2.29,0.15,83.95,80.43,13.52,0.9,496.18,0.0,430.13,3304.2,93.18,110,0,2,28,4,22,49,0,49,149,683.45,192.15,341.73,888.03,1478.4,10,0,0,16,82,33,28,0.04
regime,batched k=1,T=30min,"{""batch_k"": 1, ""test_minutes"": 30.0}",batched,7,20,200,2,True,200,66.4988,3.0076,3.0376,365.452,441.626,354.702,6.36,1.03,87.87,4.74,84.57,13.64,1168.69,63.07,6.08,0.0,7765.3,97.31,274,25,2,40,7,42,37,4,37,0,0.0,0.0,18.52,93.67,0.0,0,0,33,0,0,0,0,0.21
regime,batched-par k=1,T=30min,"{""batch_k"": 1, ""test_minutes"": 30.0}",batched-par,4,20,200,2,True,200,64.8264,3.0852,3.1247,357.477,455.479,342.351,6.33,0.84,87.18,5.65,82.1,10.86,1130.31,73.26,6.39,0.0,7728.0,99.34,261,11,2,32,9,49,46,2,46,0,0.0,0.0,15.13,118.74,0.0,0,0,13,0,0,0,0,0.09
regime,batched-par k=1,T=30min,"{""batch_k"": 1, ""test_minutes"": 30.0}",batched-par,6,20,200,2,True,200,65.1243,3.071,3.0027,350.352,489.417,350.226,6.39,1.17,88.46,3.98,83.28,15.22,1152.2,51.79,7.67,0.0,7764.1,99.35,265,16,2,42,4,49,42,6,42,0,0.0,0.0,15.49,95.01,0.0,0,0,17,0,0,0,0,0.11
regime,beanstalk,T=30min,"{""test_minutes"": 30.0}",beanstalk,2,20,200,2,True,200,20.3302,9.8376,14.8487,450.229,654.888,448.54,22.07,2.09,0.19,75.64,89.73,8.51,0.79,307.57,2.07,288.17,2331.2,95.55,78,0,2,22,6,19,21,1,21,160,544.25,181.65,254.59,642.48,896.5,5,0,0,11,53,12,25,0.1
regime,beanstalk,T=30min,"{""test_minutes"": 30.0}",beanstalk,6,20,200,2,True,200,22.4261,8.9182,17.4247,554.635,777.29,591.947,18.57,4.04,0.2,77.2,83.28,18.1,0.91,346.24,0.0,287.93,2462.8,91.52,82,0,2,29,7,22,53,3,53,160,527.84,165.94,326.64,760.17,1044.1,13,0,0,12,56,44,26,0.04
regime,beanstalk,T=30min,"{""test_minutes"": 30.0}",beanstalk,1,20,200,2,True,200,21.9635,9.106,31.9571,879.027,998.652,725.864,20.25,3.49,0.2,76.06,88.97,15.32,0.86,334.12,3.64,293.93,2461.4,93.39,81,0,2,24,7,21,45,0,45,154,604.75,169.17,401.15,983.55,975.7,12,0,0,12,55,33,26,0.14
regime,beanstalk,T=30min,"{""test_minutes"": 30.0}",beanstalk,9,20,200,2,True,200,18.4762,10.8247,,935.658,1087.116,699.938,24.25,3.73,0.24,71.79,89.6,13.77,0.88,265.28,0.86,244.38,2075.9,93.63,69,0,2,34,6,24,37,1,37,164,449.64,135.12,517.67,1070.66,792.0,7,0,0,9,42,29,27,0.03
regime,beanstalk,T=30min,"{""test_minutes"": 30.0}",beanstalk,4,20,200,2,True,200,27.8573,7.1795,9.8666,686.108,976.986,728.097,14.74,2.36,0.17,82.74,82.1,13.13,0.93,460.98,3.33,435.84,3138.4,93.88,105,0,2,31,8,20,53,1,53,152,573.14,198.43,407.27,961.74,1353.2,17,0,0,16,80,38,25,0.14
regime,beanstalk,T=30min,"{""test_minutes"": 30.0}",beanstalk,5,20,200,2,True,200,24.6873,8.1013,,681.923,1457.176,903.687,16.8,2.82,0.19,80.2,82.94,13.92,0.92,395.97,0.0,329.83,2940.6,99.26,98,0,2,30,9,24,53,0,53,152,675.88,176.43,708.77,1448.67,1176.0,13,0,0,17,72,38,26,0.13
regime,beanstalk quarantine,T=30min,"{""green_mode"": ""quarantine"", ""test_minutes"": 30.0}",beanstalk,0,20,200,2,True,200,28.4075,7.0404,7.8912,539.723,1092.108,611.611,14.16,2.47,0.16,83.22,80.43,14.04,0.89,472.79,0.0,456.69,3297.3,96.73,110,0,2,27,4,13,51,0,51,156,726.96,257.91,126.09,409.11,1405.4,16,0,0,16,84,35,26,0.04
regime,beanstalk,T=30min,"{""test_minutes"": 30.0}",beanstalk,3,20,200,2,True,200,27.324,7.3196,,902.85,1540.811,1070.069,16.03,2.45,0.16,81.36,87.61,13.38,0.89,444.61,6.89,416.57,3222.2,98.27,106,0,2,26,8,20,44,2,44,164,773.22,216.32,706.96,1520.22,1320.2,10,0,0,16,82,30,24,0.18
regime,beanstalk,T=30min,"{""test_minutes"": 30.0}",beanstalk,8,20,200,2,True,200,33.4701,5.9755,368.0068,1101.008,1325.854,841.2,14.91,2.89,0.12,82.08,99.8,19.34,0.83,549.44,0.0,343.14,3014.0,75.04,100,0,2,26,6,24,34,0,34,162,563.86,216.75,503.31,1313.99,1246.1,8,0,0,15,68,19,32,0.13
regime,beanstalk,T=30min,"{""test_minutes"": 30.0}",beanstalk,7,20,200,2,True,200,17.399,11.4949,31.4107,584.04,715.797,509.725,24.3,4.42,0.25,71.02,84.57,15.4,0.86,247.15,0.0,201.0,1889.3,90.49,63,0,2,32,3,20,38,1,38,165,517.94,134.38,278.61,698.59,756.7,13,0,0,10,39,30,24,0.14
regime,beanstalk quarantine,T=30min,"{""green_mode"": ""quarantine"", ""test_minutes"": 30.0}",beanstalk,3,20,200,2,True,200,26.9557,7.4196,8.1571,411.426,657.717,445.375,16.25,2.5,0.17,81.08,87.61,13.49,0.89,437.12,0.0,361.74,3127.9,96.7,103,0,2,28,8,18,46,2,46,160,540.13,163.45,112.23,333.82,1259.4,13,0,0,14,69,34,34,0.07
regime,beanstalk quarantine,T=30min,"{""green_mode"": ""quarantine"", ""test_minutes"": 30.0}",beanstalk,1,20,200,2,True,200,22.1367,9.0348,8.6786,400.081,732.919,440.913,20.1,3.39,0.2,76.32,88.97,15.01,0.88,337.88,0.0,316.38,2610.1,98.26,86,0,2,25,8,12,44,1,44,165,607.31,176.36,101.61,362.83,1025.9,10,0,0,11,57,34,29,0.12
regime,beanstalk quarantine,T=30min,"{""green_mode"": ""quarantine"", ""test_minutes"": 30.0}",beanstalk,7,20,200,2,True,200,22.3622,8.9437,9.9508,603.462,746.116,462.033,18.91,3.38,0.19,77.52,84.57,15.11,0.87,346.7,0.0,216.72,2621.2,97.68,88,0,2,31,4,14,40,1,40,168,610.46,189.21,104.01,442.82,744.6,15,0,0,11,54,31,34,0.04
regime,beanstalk quarantine,T=30min,"{""green_mode"": ""quarantine"", ""test_minutes"": 30.0}",beanstalk,2,20,200,2,True,200,19.5769,10.2161,11.8616,355.673,521.833,327.825,22.92,2.34,0.2,74.54,89.73,9.15,0.79,291.87,3.88,164.69,2274.9,96.84,76,0,2,22,6,15,23,1,23,161,454.63,184.59,93.4,295.1,760.1,7,0,0,10,47,14,29,0.12
main,batched k=4,,{},batched,0,5,50,2,True,50,8.5169,5.8707,5.6913,12.152,59.497,22.19,52.51,8.85,34.58,4.07,22.36,3.77,14.72,1.73,0.88,0.0,673.9,65.93,73,11,2,1,2,17,12,1,12,0,0.0,0.0,11.15,62.39,0.0,0,3,13,0,0,0,0,0.02
regime,beanstalk quarantine,T=30min,"{""green_mode"": ""quarantine"", ""test_minutes"": 30.0}",beanstalk,9,20,200,2,True,200,19.5158,10.2481,8.9115,247.833,828.133,416.34,22.96,3.38,0.22,73.45,89.6,13.18,0.86,286.68,0.0,217.89,2210.8,94.4,73,0,2,29,4,15,38,1,38,155,574.79,212.57,111.28,370.94,865.9,16,0,0,9,46,30,27,0.03
main,batched k=4,,{},batched,1,5,50,2,True,50,8.6304,5.7935,6.5443,11.48,40.385,16.814,56.68,3.97,28.5,10.85,24.46,1.71,12.3,4.68,0.0,0.0,625.9,60.43,64,7,2,1,0,10,9,0,9,0,0.0,0.0,9.24,51.72,0.0,0,1,7,0,0,0,0,0.01
main,batched k=4,,{},batched,2,5,50,2,True,50,7.6443,6.5408,6.9634,11.027,31.022,13.618,60.97,3.05,26.65,9.34,23.3,1.16,10.18,3.57,0.0,0.0,515.4,56.18,50,1,2,1,0,3,3,0,3,0,0.0,0.0,7.5,40.36,0.0,0,0,1,0,0,0,0,0.01
main,batched k=4,,{},batched,4,5,50,2,True,50,7.746,6.4549,6.7372,12.125,42.644,19.978,54.74,3.6,39.39,2.27,21.2,1.39,15.25,0.88,0.0,0.0,663.3,71.36,72,11,2,1,0,15,10,1,10,0,0.0,0.0,8.96,47.12,0.0,0,3,13,0,0,0,0,0.01
main,batched k=4,,{},batched,3,5,50,2,True,50,8.5359,5.8576,5.9854,14.636,55.586,24.567,45.31,5.63,42.34,6.72,19.34,2.4,18.07,2.87,1.68,0.0,688.5,67.21,74,11,2,6,0,20,14,0,14,0,0.0,0.0,11.0,44.37,0.0,0,6,13,0,0,0,0,0.02
main,batched k=4,,{},batched,5,5,50,2,True,50,8.0925,6.1785,6.7906,12.547,64.345,21.588,50.68,7.0,37.46,4.86,20.51,2.83,15.16,1.97,1.43,0.0,630.0,64.87,66,8,2,5,2,13,9,0,9,0,0.0,0.0,9.4,49.94,0.0,0,4,8,0,0,0,0,0.01
main,batched k=4,,{},batched,7,5,50,2,True,50,7.438,6.7223,7.8422,14.062,46.41,20.344,48.28,3.94,41.65,6.13,17.96,1.47,15.49,2.28,0.0,0.0,616.5,69.08,69,12,2,0,0,15,8,2,8,0,0.0,0.0,9.03,32.86,0.0,0,5,13,0,0,0,0,0.01
main,batched k=4,,{},batched,8,5,50,2,True,50,7.6742,6.5153,6.5988,10.826,36.674,15.751,61.31,4.22,29.98,4.48,23.52,1.62,11.5,1.72,0.0,0.0,604.9,65.68,62,5,2,2,0,9,9,0,9,0,0.0,0.0,6.89,22.74,0.0,0,0,5,0,0,0,0,0.01
main,batched k=4,,{},batched,9,5,50,2,True,50,8.0894,6.1809,6.47,10.838,26.33,14.979,64.11,3.44,27.42,5.02,25.93,1.39,11.09,2.03,0.0,0.0,557.6,57.45,58,4,2,4,0,7,5,1,5,0,0.0,0.0,7.84,34.61,0.0,0,1,4,0,0,0,0,0.01
main,batched k=4,,{},batched,6,5,50,2,True,50,7.9926,6.2558,7.1503,12.239,40.209,16.728,55.32,5.99,28.89,9.8,22.11,2.39,11.55,3.92,0.0,0.0,598.4,62.39,63,7,2,0,1,10,10,0,10,0,0.0,0.0,9.49,47.53,0.0,0,0,7,0,0,0,0,0.03
regime,beanstalk quarantine,T=30min,"{""green_mode"": ""quarantine"", ""test_minutes"": 30.0}",beanstalk,5,20,200,2,True,200,26.2559,7.6173,9.2855,659.827,1107.142,605.268,15.79,2.65,0.18,81.38,82.94,13.93,0.92,427.33,5.58,352.45,3097.9,98.32,103,0,2,30,8,14,55,0,55,141,707.71,256.58,127.17,387.76,1185.9,13,0,0,16,70,40,33,0.17
regime,beanstalk quarantine,T=30min,"{""green_mode"": ""quarantine"", ""test_minutes"": 30.0}",beanstalk,8,20,200,2,True,200,25.7123,7.7784,10.3054,432.349,1001.062,457.383,19.41,3.49,0.16,76.94,99.8,17.93,0.83,395.68,0.0,332.31,2978.1,96.52,99,0,2,24,4,15,34,0,34,157,524.21,222.06,130.77,431.95,1131.3,8,0,0,14,71,21,28,0.11
main,batched-aimd,,{},batched-aimd,2,5,50,2,True,50,7.6189,6.5626,7.0947,10.79,34.155,14.362,61.17,4.99,26.42,7.41,23.3,1.9,10.07,2.82,0.0,0.0,517.1,56.55,52,2,2,1,0,4,3,1,3,0,0.0,0.0,7.96,39.13,0.0,0,0,2,0,0,0,0,0.01
main,batched-aimd,,{},batched-aimd,3,5,50,2,True,50,8.4253,5.9345,6.128,19.582,57.774,25.796,45.9,7.36,43.67,3.07,19.34,3.1,18.4,1.29,0.0,0.0,762.3,75.39,80,11,2,6,0,23,15,3,15,0,0.0,0.0,9.65,38.6,0.0,0,4,13,0,0,0,0,0.01
regime,beanstalk quarantine,T=30min,"{""green_mode"": ""quarantine"", ""test_minutes"": 30.0}",beanstalk,4,20,200,2,True,200,20.4559,9.7771,12.6974,499.089,848.199,490.431,20.07,3.61,0.23,76.1,82.1,14.75,0.93,311.34,2.77,283.48,2388.7,97.31,81,0,2,36,7,14,52,0,52,152,600.1,252.51,109.22,414.64,898.5,13,0,0,14,52,39,28,0.23
main,batched-aimd,,{},batched-aimd,1,5,50,2,True,50,8.8273,5.6642,6.3612,11.732,42.571,17.467,55.42,3.88,29.1,11.6,24.46,1.71,12.84,5.12,1.7,0.0,626.7,59.16,65,8,2,1,0,10,9,0,9,0,0.0,0.0,11.37,64.03,0.0,0,1,8,0,0,0,0,0.05
main,batched-aimd,,{},batched-aimd,6,5,50,2,True,50,8.6348,5.7905,6.4267,11.17,65.706,20.782,51.2,5.9,34.22,8.69,22.11,2.55,14.77,3.75,0.0,0.0,654.8,63.19,71,10,2,0,1,14,10,1,10,0,0.0,0.0,10.03,51.55,0.0,0,3,11,0,0,0,0,0.01
main,batched-aimd,,{},batched-aimd,5,5,50,2,True,50,8.4129,5.9433,6.6404,14.124,47.12,19.793,48.75,8.41,30.8,12.04,20.51,3.54,12.96,5.06,1.56,0.0,612.1,60.63,64,7,2,5,2,11,9,1,9,0,0.0,0.0,9.46,56.48,0.0,0,1,8,0,0,0,0,0.04
main,batched-aimd,,{},batched-aimd,8,5,50,2,True,50,8.0865,6.1832,6.2904,12.283,37.413,17.564,58.18,4.81,31.39,5.62,23.52,1.94,12.69,2.27,0.0,0.0,602.0,62.03,65,9,2,2,0,12,9,2,9,0,0.0,0.0,8.49,35.57,0.0,0,1,9,0,0,0,0,0.01
main,batched-aimd,,{},batched-aimd,4,5,50,2,True,50,7.4772,6.687,6.8172,12.377,51.83,18.368,56.71,3.63,37.31,2.35,21.2,1.36,13.95,0.88,0.0,0.0,616.9,68.76,63,5,2,1,1,13,10,0,10,0,0.0,0.0,7.44,30.19,0.0,0,3,6,0,0,0,0,0.04
main,batched+place,,{},batched+place,0,5,50,2,True,50,9.254,5.403,6.8216,12.434,50.032,21.443,48.33,9.69,28.93,13.05,22.36,4.48,13.39,6.04,0.0,0.0,660.1,59.44,69,8,2,4,2,15,12,2,12,6,0.0,0.0,12.3,60.33,0.0,0,1,9,0,0,0,0,0.01
main,batched+place,,{},batched+place,1,5,50,2,True,50,8.3882,5.9608,6.4965,12.826,42.503,17.534,58.32,4.58,30.26,6.84,24.46,1.92,12.69,2.87,0.0,0.0,594.0,59.01,63,8,2,2,1,11,9,1,9,3,0.0,0.0,9.65,40.58,0.0,0,1,8,0,0,0,0,0.01
main,batched-aimd,,{},batched-aimd,7,5,50,2,True,50,6.8994,7.247,7.5053,13.843,50.885,19.199,52.05,3.12,43.26,1.57,17.96,1.08,14.92,0.54,0.0,0.0,604.8,73.05,65,8,2,0,0,13,8,0,8,0,0.0,0.0,7.77,32.1,0.0,0,5,11,0,0,0,0,0.02
main,batched-aimd,,{},batched-aimd,9,5,50,2,True,50,8.5062,5.8781,6.0696,11.208,40.933,16.611,60.97,4.72,27.83,6.48,25.93,2.01,11.84,2.76,0.0,0.0,567.9,55.63,57,2,2,4,1,7,5,2,5,0,0.0,0.0,8.73,33.63,0.0,0,0,4,0,0,0,0,0.02
main,batched+place,,{},batched+place,2,5,50,2,True,50,7.8824,6.3433,7.2621,11.689,36.147,15.813,59.12,3.69,29.74,7.44,23.3,1.46,11.72,2.93,0.0,0.0,582.1,61.54,57,4,2,2,0,7,3,3,3,10,0.0,0.0,7.88,36.32,0.0,0,1,4,0,0,0,0,0.01
main,batched+place,,{},batched+place,3,5,50,2,True,50,8.1576,6.1292,6.2466,15.727,56.998,22.684,47.41,3.79,42.56,6.25,19.34,1.54,17.36,2.55,0.83,0.0,633.7,64.73,71,16,2,0,0,18,14,0,14,5,0.0,0.0,11.12,43.77,0.0,0,4,17,0,0,0,0,0.01
regime,beanstalk quarantine,T=30min,"{""green_mode"": ""quarantine"", ""test_minutes"": 30.0}",beanstalk,6,20,200,2,True,200,26.0279,7.6841,11.5556,690.363,983.726,633.414,16.0,3.29,0.17,80.54,83.28,17.11,0.89,419.27,0.0,349.46,3030.4,97.02,101,0,2,24,9,17,53,3,53,149,844.7,258.55,197.39,675.54,1279.1,14,0,0,13,71,44,30,0.23
main,batched+place,,{},batched+place,6,5,50,2,True,50,8.3085,6.0179,6.216,11.793,52.094,20.294,53.21,7.15,33.55,6.08,22.11,2.97,13.94,2.52,0.0,0.0,644.6,64.65,69,12,2,2,2,13,10,1,10,7,0.0,0.0,8.11,32.95,0.0,0,2,13,0,0,0,0,0.01
main,batched+place,,{},batched+place,7,5,50,2,True,50,7.1969,6.9474,7.4508,12.833,38.007,17.274,49.9,4.4,35.61,10.1,17.96,1.58,12.81,3.63,1.14,0.0,623.6,72.21,63,4,2,2,0,11,9,0,9,4,0.0,0.0,7.65,34.67,0.0,0,2,5,0,0,0,0,0.01
main,batched+place,,{},batched+place,8,5,50,2,True,50,7.9721,6.2719,5.8017,10.854,51.173,18.462,59.02,2.87,35.72,2.39,23.52,1.15,14.24,0.95,0.0,0.0,661.3,69.13,68,6,2,1,0,13,9,0,9,8,0.0,0.0,8.03,37.84,0.0,0,4,7,0,0,0,0,0.01
queue,batched k=16,,"{""batch_k"": 16}",batched,0,5,50,2,True,50,8.5169,5.8707,5.6913,12.152,59.497,22.19,52.51,8.85,34.58,4.07,22.36,3.77,14.72,1.73,0.88,0.0,673.9,65.93,73,11,2,1,2,17,12,1,12,0,0.0,0.0,11.15,62.39,0.0,0,3,13,0,0,0,0,0.01
main,batched+place,,{},batched+place,4,5,50,2,True,50,7.2466,6.8998,6.7916,12.648,37.882,17.615,58.51,4.88,35.63,0.98,21.2,1.77,12.91,0.35,0.0,0.0,592.5,68.13,62,9,2,1,1,13,11,1,11,4,0.0,0.0,8.08,32.6,0.0,0,1,9,0,0,0,0,0.02
main,batched+place,,{},batched+place,5,5,50,2,True,50,9.3131,5.3688,6.8715,12.558,46.82,18.371,44.04,6.14,26.74,23.09,20.51,2.86,12.45,10.75,0.0,0.0,552.1,49.4,60,7,2,4,0,10,9,0,9,3,0.0,0.0,23.8,140.52,0.0,0,1,8,0,0,0,0,0.02
queue,batched k=16,,"{""batch_k"": 16}",batched,2,5,50,2,True,50,7.6443,6.5408,6.9634,11.027,31.022,13.618,60.97,3.05,26.65,9.34,23.3,1.16,10.18,3.57,0.0,0.0,515.4,56.18,50,1,2,1,0,3,3,0,3,0,0.0,0.0,7.5,40.36,0.0,0,0,1,0,0,0,0,0.01
queue,batched k=16,,"{""batch_k"": 16}",batched,5,5,50,2,True,50,8.0925,6.1785,6.7906,12.547,64.345,21.588,50.68,7.0,37.46,4.86,20.51,2.83,15.16,1.97,1.43,0.0,630.0,64.87,66,8,2,5,2,13,9,0,9,0,0.0,0.0,9.4,49.94,0.0,0,4,8,0,0,0,0,0.01
queue,batched k=16,,"{""batch_k"": 16}",batched,3,5,50,2,True,50,8.5359,5.8576,5.9854,14.636,55.586,24.567,45.31,5.63,42.34,6.72,19.34,2.4,18.07,2.87,1.68,0.0,688.5,67.21,74,11,2,6,0,20,14,0,14,0,0.0,0.0,11.0,44.37,0.0,0,6,13,0,0,0,0,0.02
queue,batched k=16,,"{""batch_k"": 16}",batched,1,5,50,2,True,50,8.6304,5.7935,6.5443,11.48,40.385,16.814,56.68,3.97,28.5,10.85,24.46,1.71,12.3,4.68,0.0,0.0,625.9,60.43,64,7,2,1,0,10,9,0,9,0,0.0,0.0,9.24,51.72,0.0,0,1,7,0,0,0,0,0.03
queue,batched k=16,,"{""batch_k"": 16}",batched,8,5,50,2,True,50,7.6742,6.5153,6.5988,10.826,36.674,15.751,61.31,4.22,29.98,4.48,23.52,1.62,11.5,1.72,0.0,0.0,604.9,65.68,62,5,2,2,0,9,9,0,9,0,0.0,0.0,6.89,22.74,0.0,0,0,5,0,0,0,0,0.01
queue,batched k=16,,"{""batch_k"": 16}",batched,9,5,50,2,True,50,8.0894,6.1809,6.47,10.838,26.33,14.979,64.11,3.44,27.42,5.02,25.93,1.39,11.09,2.03,0.0,0.0,557.6,57.45,58,4,2,4,0,7,5,1,5,0,0.0,0.0,7.84,34.61,0.0,0,1,4,0,0,0,0,0.01
queue,batched-par k=4,,"{""batch_k"": 4}",batched-par,0,5,50,2,True,50,8.3369,5.9974,5.8219,11.961,60.505,21.28,53.64,8.32,34.22,3.81,22.36,3.47,14.27,1.59,0.0,0.0,669.6,66.93,67,5,2,1,2,16,12,1,12,0,0.0,0.0,9.11,44.59,0.0,0,3,6,0,0,0,0,0.01
main,batched+place,,{},batched+place,9,5,50,2,True,50,7.6722,6.517,6.5525,10.846,24.881,13.64,67.6,2.06,27.57,2.77,25.93,0.79,10.58,1.06,0.0,0.0,558.6,60.67,57,4,2,1,0,5,5,0,5,9,0.0,0.0,7.85,34.82,0.0,0,0,5,0,0,0,0,0.07
queue,batched k=16,,"{""batch_k"": 16}",batched,7,5,50,2,True,50,7.438,6.7223,7.8422,14.062,46.41,20.344,48.28,3.94,41.65,6.13,17.96,1.47,15.49,2.28,0.0,0.0,616.5,69.08,69,12,2,0,0,15,8,2,8,0,0.0,0.0,9.03,32.86,0.0,0,5,13,0,0,0,0,0.04
main,batched-aimd,,{},batched-aimd,0,5,50,2,True,50,8.3683,5.9749,5.7406,12.293,64.048,21.36,53.44,7.97,34.58,4.01,22.36,3.33,14.47,1.68,0.0,0.0,663.4,66.06,70,8,2,1,2,15,12,0,12,0,0.0,0.0,8.25,42.21,0.0,0,3,9,0,0,0,0,0.17
queue,batched-par k=4,,"{""batch_k"": 4}",batched-par,3,5,50,2,True,50,7.8733,6.3506,6.6352,13.147,51.019,21.992,49.12,7.22,39.34,4.33,19.34,2.84,15.49,1.7,0.0,0.0,647.3,68.51,68,9,2,6,0,18,14,1,14,0,0.0,0.0,9.09,35.93,0.0,0,3,9,0,0,0,0,0.01
queue,batched-par k=4,,"{""batch_k"": 4}",batched-par,2,5,50,2,True,50,7.7525,6.4495,6.8085,10.967,34.876,14.814,60.11,4.28,27.57,8.04,23.3,1.66,10.69,3.12,0.0,0.0,558.3,60.01,56,2,2,1,0,6,3,3,3,0,0.0,0.0,6.96,31.39,0.0,0,0,2,0,0,0,0,0.02
queue,batched k=16,,"{""batch_k"": 16}",batched,4,5,50,2,True,50,7.746,6.4549,6.7372,12.125,42.644,19.978,54.74,3.6,39.39,2.27,21.2,1.39,15.25,0.88,0.0,0.0,663.3,71.36,72,11,2,1,0,15,10,1,10,0,0.0,0.0,8.96,47.12,0.0,0,3,13,0,0,0,0,0.08
queue,batched-par k=4,,"{""batch_k"": 4}",batched-par,4,5,50,2,True,50,7.2088,6.936,7.2618,11.891,35.033,16.326,58.82,3.96,33.78,3.44,21.2,1.43,12.18,1.24,0.0,0.0,596.9,69.0,57,1,2,1,1,11,10,1,10,0,0.0,0.0,6.97,29.81,0.0,0,0,1,0,0,0,0,0.01
queue,batched-par k=4,,"{""batch_k"": 4}",batched-par,1,5,50,2,True,50,8.5933,5.8185,6.4242,11.266,42.434,16.641,56.93,4.19,28.09,10.8,24.46,1.8,12.07,4.64,1.54,0.0,593.0,57.51,61,3,2,2,0,11,9,0,9,0,0.0,0.0,9.87,54.34,0.0,0,2,3,0,0,0,0,0.04
queue,batched-par k=4,,"{""batch_k"": 4}",batched-par,7,5,50,2,True,50,6.4265,7.7803,7.8757,11.631,33.844,15.533,55.88,3.35,36.94,3.84,17.96,1.08,11.87,1.23,0.0,0.0,541.9,70.27,54,2,2,0,0,9,8,0,8,0,0.0,0.0,6.64,26.88,0.0,0,1,2,0,0,0,0,0.01
queue,batched-par k=4,,"{""batch_k"": 4}",batched-par,8,5,50,2,True,50,7.8846,6.3415,6.2272,11.415,42.244,17.219,59.67,6.13,30.27,3.93,23.52,2.42,11.93,1.55,0.0,0.0,575.7,60.84,58,3,2,2,0,12,9,3,9,0,0.0,0.0,8.93,33.89,0.0,0,0,3,0,0,0,0,0.01
queue,batched-par k=4,,"{""batch_k"": 4}",batched-par,6,5,50,2,True,50,8.858,5.6446,6.2708,12.844,66.194,21.481,49.91,6.07,34.35,9.67,22.11,2.69,15.21,4.28,0.0,0.0,669.9,63.02,72,8,2,0,1,18,10,2,10,0,0.0,0.0,11.62,57.09,0.0,0,4,10,0,0,0,0,0.02
main,serial,,{},serial,0,5,50,2,True,50,10.7144,4.6666,4.5902,30.03,72.78,35.206,41.74,6.34,48.43,3.49,22.36,3.39,25.94,1.87,0.0,0.0,626.5,48.73,62,0,1,3,2,12,12,0,12,0,0.0,0.0,7.88,43.06,0.0,0,0,0,0,0,0,0,0.01
queue,batched-par k=4,,"{""batch_k"": 4}",batched-par,9,5,50,2,True,50,8.1503,6.1347,6.3644,10.899,29.135,14.235,63.63,3.19,25.92,7.26,25.93,1.3,10.56,2.96,0.93,0.0,548.7,56.11,55,2,2,4,0,5,5,0,5,0,0.0,0.0,7.68,31.62,0.0,0,0,2,0,0,0,0,0.02
main,serial,,{},serial,3,5,50,2,True,50,11.2261,4.4539,4.5663,40.408,71.03,41.715,34.45,4.3,57.63,3.62,19.34,2.41,32.35,2.03,0.0,0.0,664.6,49.33,65,0,1,5,0,15,14,1,14,0,0.0,0.0,8.06,31.17,0.0,0,0,0,0,0,0,0,0.01
main,serial,,{},serial,2,5,50,2,True,50,9.4674,5.2813,5.4719,22.552,42.591,24.989,49.23,2.46,41.53,6.78,23.3,1.16,19.66,3.21,0.0,0.0,531.1,46.75,53,0,1,1,0,3,3,0,3,0,0.0,0.0,6.49,33.37,0.0,0,0,0,0,0,0,0,0.01
main,serial,,{},serial,4,5,50,2,True,50,10.3098,4.8498,4.9451,32.144,63.394,34.566,41.13,4.09,51.78,2.99,21.2,2.11,26.69,1.54,0.0,0.0,608.7,49.2,61,0,1,1,1,11,10,1,10,0,0.0,0.0,7.3,33.97,0.0,0,0,0,0,0,0,0,0.01
queue,batched-par k=4,,"{""batch_k"": 4}",batched-par,5,5,50,2,True,50,8.24,6.068,6.7331,11.547,47.366,19.1,49.77,9.31,29.32,11.6,20.51,3.84,12.08,4.78,0.0,0.0,610.9,61.78,63,5,2,5,1,11,9,1,9,0,0.0,0.0,9.39,55.84,0.0,0,1,5,0,0,0,0,0.04
main,serial,,{},serial,5,5,50,2,True,50,11.7959,4.2388,5.1117,33.266,68.343,36.944,34.77,7.25,44.95,13.03,20.51,4.28,26.51,7.69,0.0,0.0,605.3,42.76,60,0,1,6,1,10,9,1,9,0,0.0,0.0,11.64,87.73,0.0,0,0,0,0,0,0,0,0.01
main,serial,,{},serial,9,5,50,2,True,50,10.2459,4.88,5.0139,23.55,58.914,27.986,50.62,3.17,42.35,3.86,25.93,1.63,21.7,1.98,0.0,0.0,572.3,46.55,56,0,1,3,1,6,5,1,5,0,0.0,0.0,6.99,26.52,0.0,0,0,0,0,0,0,0,0.01
queue,batched k=16,,"{""batch_k"": 16}",batched,6,5,50,2,True,50,7.9926,6.2558,7.1503,12.239,40.209,16.728,55.32,5.99,28.89,9.8,22.11,2.39,11.55,3.92,0.0,0.0,598.4,62.39,63,7,2,0,1,10,10,0,10,0,0.0,0.0,9.49,47.53,0.0,0,0,7,0,0,0,0,0.11
main,beanstalk,,{},beanstalk,0,5,50,2,True,50,6.0284,8.294,7.2409,52.586,135.186,58.507,74.19,12.45,0.68,12.68,22.36,3.75,0.2,3.82,0.0,0.19,580.3,80.21,58,0,2,4,1,38,12,0,12,7,54.71,33.36,44.18,149.7,18.3,2,0,0,5,6,7,52,0.01
main,serial,,{},serial,1,5,50,2,True,50,11.3553,4.4032,4.8672,25.573,66.543,32.374,43.08,2.99,44.52,9.4,24.46,1.7,25.28,5.34,0.0,0.0,633.6,46.5,62,0,1,0,0,12,9,3,9,0,0.0,0.0,9.69,62.88,0.0,0,0,0,0,0,0,0,0.04
main,beanstalk,,{},beanstalk,2,5,50,2,True,50,6.0691,8.2385,9.7867,13.773,54.491,20.675,76.79,3.42,0.57,19.22,23.3,1.04,0.17,5.83,0.0,0.0,490.0,67.28,49,0,2,3,0,17,3,0,3,2,35.8,32.93,17.32,74.11,0.0,1,0,0,3,3,1,46,0.01
main,beanstalk,,{},beanstalk,3,5,50,2,True,50,4.8077,10.4,11.7913,41.905,115.488,50.73,80.44,9.06,0.86,9.64,19.34,2.18,0.21,2.32,0.0,0.0,479.3,83.08,46,0,2,4,0,35,14,0,14,5,42.88,27.1,37.88,115.47,0.0,3,0,0,4,4,10,42,0.01
main,beanstalk,,{},beanstalk,4,5,50,2,True,50,4.9176,10.1676,10.8759,31.785,57.752,31.645,86.22,5.52,0.78,7.47,21.2,1.36,0.19,1.84,0.0,0.0,496.7,84.17,50,0,2,1,2,35,10,0,10,3,35.38,26.84,22.43,57.71,0.0,3,0,0,4,4,6,46,0.01
main,serial,,{},serial,8,5,50,2,True,50,10.5738,4.7286,4.857,31.02,60.841,32.267,44.5,3.31,47.55,4.64,23.52,1.75,25.14,2.46,0.0,0.0,624.5,49.22,60,0,1,2,0,10,9,1,9,0,0.0,0.0,7.42,31.06,0.0,0,0,0,0,0,0,0,0.04
main,beanstalk,,{},beanstalk,5,5,50,2,True,50,7.7313,6.4672,8.9658,36.37,145.948,55.734,53.05,8.38,0.49,38.08,20.51,3.24,0.19,14.72,0.0,3.68,454.6,49.01,45,0,2,3,0,29,9,0,9,6,105.94,33.87,51.95,151.97,61.2,2,0,0,2,2,8,43,0.01
main,beanstalk,,{},beanstalk,6,5,50,2,True,50,5.5919,8.9415,8.2719,18.79,71.819,28.566,79.06,9.21,0.7,11.03,22.11,2.57,0.19,3.08,0.0,0.0,495.4,73.83,50,0,2,2,3,29,10,0,10,3,37.16,28.63,21.3,81.12,0.0,3,0,0,2,2,9,48,0.01
main,beanstalk,,{},beanstalk,8,5,50,2,True,50,5.5817,8.9578,9.0048,19.709,76.501,28.492,84.29,4.37,0.67,10.67,23.52,1.22,0.19,2.98,0.0,0.0,480.5,71.74,48,0,2,2,0,20,9,0,9,7,44.15,31.04,18.57,81.06,2.2,3,0,0,4,5,5,43,0.01
main,serial,,{},serial,6,5,50,2,True,50,11.4228,4.3772,4.5795,34.013,70.258,36.763,38.71,4.89,48.75,7.66,22.11,2.79,27.84,4.37,0.0,0.0,638.8,46.61,62,0,1,0,1,12,10,2,10,0,0.0,0.0,8.54,45.81,0.0,0,0,0,0,0,0,0,0.05
main,beanstalk,,{},beanstalk,9,5,50,2,True,50,6.0645,8.2447,9.131,14.152,59.462,24.136,85.52,3.9,0.58,10.0,25.93,1.18,0.17,3.03,0.0,0.0,463.7,63.72,46,0,2,2,1,18,5,0,5,5,36.08,30.44,17.08,76.44,0.0,2,0,0,0,0,5,46,0.01
main,serial,,{},serial,7,5,50,2,True,50,10.3233,4.8434,5.0787,35.028,67.543,38.146,34.79,2.08,59.5,3.63,17.96,1.08,30.71,1.87,0.0,0.0,593.6,47.91,58,0,1,0,0,8,8,0,8,0,0.0,0.0,6.99,25.41,0.0,0,0,0,0,0,0,0,0.05
main,beanstalk-noplace,,{},beanstalk-noplace,0,5,50,2,True,50,6.3198,7.9116,9.6363,55.189,107.91,57.346,70.77,10.87,0.63,17.74,22.36,3.43,0.2,5.61,0.0,0.0,560.6,73.92,55,0,2,2,3,39,12,0,12,0,44.75,30.76,41.89,108.5,0.0,2,0,0,6,6,7,49,0.01
main,beanstalk-noplace,,{},beanstalk-noplace,2,5,50,2,True,50,5.5057,9.0815,9.2118,12.686,77.769,24.473,84.65,4.62,0.62,10.11,23.3,1.27,0.17,2.78,0.0,0.43,496.3,75.12,50,0,2,2,0,12,3,0,3,0,51.69,39.89,13.49,78.64,1.3,2,0,0,3,4,1,46,0.01
main,beanstalk-noplace,,{},beanstalk-noplace,4,5,50,2,True,50,5.0419,9.9169,12.1389,27.387,85.32,35.484,84.1,6.44,0.76,8.69,21.2,1.62,0.19,2.19,0.0,0.01,479.7,79.28,49,0,2,2,2,27,10,0,10,0,49.54,29.29,24.28,93.58,0.5,2,0,0,4,5,6,44,0.01
main,beanstalk,,{},beanstalk,1,5,50,2,True,50,6.3587,7.8632,10.3685,15.025,78.179,29.261,76.93,6.36,0.61,16.1,24.46,2.02,0.19,5.12,0.0,0.0,526.5,69.01,52,0,2,3,1,21,9,0,9,4,46.9,29.47,20.31,80.33,0.0,3,0,0,2,2,7,50,0.05
main,beanstalk-noplace,,{},beanstalk-noplace,6,5,50,2,True,50,5.8317,8.5739,8.9638,36.989,74.492,38.699,75.81,9.18,0.64,14.36,22.11,2.68,0.19,4.19,0.0,0.52,507.2,72.48,50,0,2,1,2,35,10,1,10,0,45.91,32.16,28.42,95.17,0.4,3,0,0,1,1,10,49,0.01
main,beanstalk-noplace,,{},beanstalk-noplace,1,5,50,2,True,50,6.6755,7.4901,8.924,28.632,73.876,30.773,73.28,7.08,0.59,19.05,24.46,2.36,0.2,6.36,0.85,0.2,552.4,68.96,55,0,2,3,1,28,10,0,10,0,52.4,31.59,21.34,83.15,6.6,2,0,0,3,3,8,52,0.03
main,beanstalk-noplace,,{},beanstalk-noplace,8,5,50,2,True,50,5.7066,8.7618,9.8662,16.173,66.905,27.575,82.45,5.68,0.66,11.21,23.52,1.62,0.19,3.2,0.0,0.0,516.0,75.35,52,0,2,2,0,25,9,0,9,0,40.42,26.27,18.73,70.44,0.0,2,0,0,4,4,5,48,0.01
main,beanstalk-noplace,,{},beanstalk-noplace,3,5,50,2,True,50,5.0457,9.9093,11.0695,46.729,145.159,59.025,76.65,11.03,0.86,11.46,19.34,2.78,0.22,2.89,0.0,0.0,518.0,85.55,51,0,2,5,0,34,15,0,15,0,41.92,26.87,45.28,144.89,0.0,3,0,0,5,5,10,46,0.03
main,beanstalk,,{},beanstalk,7,5,50,2,True,50,4.5616,10.9611,11.5084,22.854,56.905,27.411,78.72,5.89,0.83,14.56,17.96,1.34,0.19,3.32,0.0,0.0,427.3,78.06,43,0,2,2,1,22,8,0,8,5,37.65,24.03,14.79,51.9,0.0,3,0,0,1,1,7,42,0.05
queue,batched k=1,,"{""batch_k"": 1}",batched,0,5,50,2,True,50,8.2451,6.0642,5.876,14.533,44.311,20.464,54.24,7.0,34.36,4.39,22.36,2.89,14.17,1.81,0.0,0.0,701.8,70.94,75,9,2,1,2,14,12,1,12,0,0.0,0.0,8.37,42.57,0.0,0,0,12,0,0,0,0,0.01
main,beanstalk-noplace,,{},beanstalk-noplace,7,5,50,2,True,50,4.3241,11.5632,13.8297,29.317,51.039,29.27,83.05,5.33,0.84,10.79,17.96,1.15,0.18,2.33,0.0,0.0,419.7,80.88,43,0,2,1,0,32,8,0,8,0,31.73,25.6,18.5,52.12,0.0,1,0,0,1,1,7,42,0.03
queue,batched k=1,,"{""batch_k"": 1}",batched,4,5,50,2,True,50,7.5932,6.5848,7.1196,11.669,42.174,18.556,55.84,3.91,36.82,3.43,21.2,1.49,13.98,1.3,0.0,0.0,670.0,73.53,68,5,2,1,1,12,10,2,10,0,0.0,0.0,7.52,36.76,0.0,0,0,6,0,0,0,0,0.01
queue,batched k=1,,"{""batch_k"": 1}",batched,5,5,50,2,True,50,7.6402,6.5443,6.6093,14.899,36.732,19.222,53.68,7.41,34.52,4.39,20.51,2.83,13.19,1.68,0.0,0.0,650.6,70.96,67,8,2,5,2,9,9,0,9,0,0.0,0.0,7.57,30.23,0.0,0,0,8,0,0,0,0,0.01
queue,batched k=1,,"{""batch_k"": 1}",batched,2,5,50,2,True,50,7.7143,6.4815,6.8699,11.027,30.561,14.429,60.41,3.51,27.66,8.41,23.3,1.35,10.67,3.25,0.0,0.0,568.3,61.39,56,2,2,1,0,4,3,1,3,0,0.0,0.0,6.87,32.35,0.0,0,0,2,0,0,0,0,0.03
queue,batched k=1,,"{""batch_k"": 1}",batched,7,5,50,2,True,50,6.9672,7.1765,7.8221,15.78,38.4,19.115,51.54,3.74,41.99,2.73,17.96,1.3,14.63,0.95,0.0,0.0,656.2,78.49,70,10,2,0,0,10,8,2,8,0,0.0,0.0,7.15,32.28,0.0,0,0,10,0,0,0,0,0.02
queue,batched k=1,,"{""batch_k"": 1}",batched,8,5,50,2,True,50,7.8744,6.3497,6.3608,11.665,44.801,17.048,59.75,5.0,31.08,4.17,23.52,1.97,12.24,1.64,0.0,0.0,638.6,67.58,68,8,2,2,0,10,9,1,9,0,0.0,0.0,6.89,26.83,0.0,0,0,8,0,0,0,0,0.03
queue,batched k=1,,"{""batch_k"": 1}",batched,1,5,50,2,True,50,8.7347,5.7243,6.3707,12.389,41.113,17.433,56.01,4.12,29.15,10.73,24.46,1.8,12.73,4.69,0.0,0.0,632.2,60.31,64,4,2,2,0,9,9,0,9,0,0.0,0.0,10.14,58.79,0.0,0,0,5,0,0,0,0,0.15
queue,batched-par k=1,,"{""batch_k"": 1}",batched-par,0,5,50,2,True,50,8.2702,6.0458,6.0811,12.168,51.621,19.632,54.08,8.22,31.35,6.36,22.36,3.4,12.96,2.63,0.0,0.0,662.7,66.77,66,3,2,1,2,13,12,1,12,0,0.0,0.0,7.08,24.41,0.0,0,0,3,0,0,0,0,0.04
queue,batched k=1,,"{""batch_k"": 1}",batched,3,5,50,2,True,50,8.0363,6.2217,6.8192,17.899,45.981,22.03,48.12,6.56,39.13,6.19,19.34,2.64,15.72,2.49,0.0,0.0,717.1,74.36,74,9,2,6,0,14,14,0,14,0,0.0,0.0,8.44,33.66,0.0,0,0,10,0,0,0,0,0.22
queue,batched k=1,,"{""batch_k"": 1}",batched,9,5,50,2,True,50,9.3067,5.3725,6.4528,10.878,50.042,17.591,55.73,5.57,25.93,12.77,25.93,2.59,12.07,5.94,0.0,0.0,611.9,54.79,62,4,2,3,1,7,5,2,5,0,0.0,0.0,11.02,61.18,0.0,0,0,5,0,0,0,0,0.17
queue,batched-par k=1,,"{""batch_k"": 1}",batched-par,1,5,50,2,True,50,8.5224,5.8669,6.5933,11.272,34.24,16.086,57.4,4.22,27.24,11.14,24.46,1.8,11.61,4.75,0.0,0.0,597.9,58.46,61,2,2,2,0,9,9,0,9,0,0.0,0.0,9.48,59.3,0.0,0,0,2,0,0,0,0,0.11
queue,batched-par k=1,,"{""batch_k"": 1}",batched-par,4,5,50,2,True,50,7.3636,6.7901,7.0422,10.845,37.757,17.181,57.58,5.04,33.85,3.53,21.2,1.86,12.46,1.3,0.0,0.0,634.2,71.77,63,2,2,1,1,11,10,1,10,0,0.0,0.0,6.21,22.54,0.0,0,0,2,0,0,0,0,0.01
queue,batched-par k=1,,"{""batch_k"": 1}",batched-par,5,5,50,2,True,50,7.671,6.5181,6.6416,11.835,43.74,19.093,53.46,8.16,33.32,5.05,20.51,3.13,12.78,1.94,0.0,0.0,638.4,69.35,65,5,2,5,2,10,9,1,9,0,0.0,0.0,7.39,31.23,0.0,0,0,5,0,0,0,0,0.01
main,beanstalk-noplace,,{},beanstalk-noplace,9,5,50,2,True,50,6.3027,7.9331,10.4213,14.112,73.471,26.273,82.29,4.8,0.57,12.34,25.93,1.51,0.18,3.89,0.0,0.0,456.8,60.4,47,0,2,4,1,21,5,0,5,0,46.65,30.53,17.43,72.52,0.1,1,0,0,0,0,5,47,0.33
queue,batched-par k=1,,"{""batch_k"": 1}",batched-par,6,5,50,2,True,50,8.3017,6.0228,6.6796,13.314,49.404,18.773,53.26,6.31,31.38,9.05,22.11,2.62,13.02,3.76,0.0,0.0,647.6,65.01,67,5,2,0,1,12,10,2,10,0,0.0,0.0,8.45,41.72,0.0,0,0,5,0,0,0,0,0.01
queue,batched-par k=1,,"{""batch_k"": 1}",batched-par,8,5,50,2,True,50,7.9398,6.2974,6.3194,11.888,40.704,17.518,59.26,6.1,30.67,3.97,23.52,2.42,12.18,1.58,0.0,0.0,645.8,67.78,66,5,2,3,0,11,9,2,9,0,0.0,0.0,6.35,19.44,0.0,0,0,5,0,0,0,0,0.01
queue,batched-par k=1,,"{""batch_k"": 1}",batched-par,3,5,50,2,True,50,7.7595,6.4437,6.7272,16.775,41.232,20.809,49.84,6.72,37.98,5.46,19.34,2.61,14.73,2.12,0.0,0.0,691.4,74.26,72,6,2,6,0,15,14,1,14,0,0.0,0.0,8.01,32.29,0.0,0,0,7,0,0,0,0,0.09
queue,batched-par k=1,,"{""batch_k"": 1}",batched-par,9,5,50,2,True,50,8.1554,6.1309,6.4086,11.248,33.655,14.844,63.6,4.03,26.31,6.07,25.93,1.64,10.73,2.47,0.0,0.0,576.5,58.91,57,1,2,4,0,6,5,1,5,0,0.0,0.0,6.85,27.35,0.0,0,0,1,0,0,0,0,0.01
main,beanstalk-noplace,,{},beanstalk-noplace,5,5,50,2,True,50,6.3507,7.8731,12.2961,33.681,60.029,33.367,64.58,12.82,0.65,21.96,20.51,4.07,0.21,6.97,0.0,0.2,493.3,64.73,50,0,2,7,0,27,9,0,9,0,62.6,28.94,21.17,69.88,20.4,2,0,0,2,2,8,48,0.38
fixedR,serial,,"{""ci_slots"": 10}",serial,1,5,50,10,True,50,11.3553,4.4032,4.8672,25.573,66.543,32.374,43.08,2.99,44.52,9.4,24.46,1.7,25.28,5.34,0.0,0.0,633.6,9.3,62,0,1,0,0,12,9,3,9,0,0.0,0.0,9.69,62.88,0.0,0,0,0,0,0,0,0,0.01
fixedR,serial,,"{""ci_slots"": 10}",serial,3,5,50,10,True,50,11.2261,4.4539,4.5663,40.408,71.03,41.715,34.45,4.3,57.63,3.62,19.34,2.41,32.35,2.03,0.0,0.0,664.6,9.87,65,0,1,5,0,15,14,1,14,0,0.0,0.0,8.06,31.17,0.0,0,0,0,0,0,0,0,0.01
queue,batched-par k=1,,"{""batch_k"": 1}",batched-par,7,5,50,2,True,50,6.7422,7.416,7.3933,12.329,41.927,17.45,53.26,3.57,39.56,3.6,17.96,1.21,13.34,1.21,0.0,0.0,627.8,77.59,63,3,2,0,0,10,8,2,8,0,0.0,0.0,6.25,24.7,0.0,0,0,3,0,0,0,0,0.04
fixedR,serial,,"{""ci_slots"": 10}",serial,0,5,50,10,True,50,10.7144,4.6666,4.5902,30.03,72.78,35.206,41.74,6.34,48.43,3.49,22.36,3.39,25.94,1.87,0.0,0.0,626.5,9.75,62,0,1,3,2,12,12,0,12,0,0.0,0.0,7.88,43.06,0.0,0,0,0,0,0,0,0,0.03
fixedR,serial,,"{""ci_slots"": 10}",serial,4,5,50,10,True,50,10.3098,4.8498,4.9451,32.144,63.394,34.566,41.13,4.09,51.78,2.99,21.2,2.11,26.69,1.54,0.0,0.0,608.7,9.84,61,0,1,1,1,11,10,1,10,0,0.0,0.0,7.3,33.97,0.0,0,0,0,0,0,0,0,0.01
queue,batched-par k=1,,"{""batch_k"": 1}",batched-par,2,5,50,2,True,50,7.8423,6.3756,6.6987,11.022,34.736,14.74,59.43,3.79,27.54,9.25,23.3,1.49,10.8,3.63,0.0,0.0,569.5,60.51,56,1,2,1,0,5,3,2,3,0,0.0,0.0,7.51,40.7,0.0,0,0,1,0,0,0,0,0.15
fixedR,serial,,"{""ci_slots"": 10}",serial,7,5,50,10,True,50,10.3233,4.8434,5.0787,35.028,67.543,38.146,34.79,2.08,59.5,3.63,17.96,1.08,30.71,1.87,0.0,0.0,593.6,9.58,58,0,1,0,0,8,8,0,8,0,0.0,0.0,6.99,25.41,0.0,0,0,0,0,0,0,0,0.01
fixedR,serial,,"{""ci_slots"": 10}",serial,5,5,50,10,True,50,11.7959,4.2388,5.1117,33.266,68.343,36.944,34.77,7.25,44.95,13.03,20.51,4.28,26.51,7.69,0.0,0.0,605.3,8.55,60,0,1,6,1,10,9,1,9,0,0.0,0.0,11.64,87.73,0.0,0,0,0,0,0,0,0,0.01
fixedR,serial,,"{""ci_slots"": 10}",serial,8,5,50,10,True,50,10.5738,4.7286,4.857,31.02,60.841,32.267,44.5,3.31,47.55,4.64,23.52,1.75,25.14,2.46,0.0,0.0,624.5,9.84,60,0,1,2,0,10,9,1,9,0,0.0,0.0,7.42,31.06,0.0,0,0,0,0,0,0,0,0.01
fixedR,serial,,"{""ci_slots"": 10}",serial,9,5,50,10,True,50,10.2459,4.88,5.0139,23.55,58.914,27.986,50.62,3.17,42.35,3.86,25.93,1.63,21.7,1.98,0.0,0.0,572.3,9.31,56,0,1,3,1,6,5,1,5,0,0.0,0.0,6.99,26.52,0.0,0,0,0,0,0,0,0,0.01
fixedR,serial,,"{""ci_slots"": 10}",serial,2,5,50,10,True,50,9.4674,5.2813,5.4719,22.552,42.591,24.989,49.23,2.46,41.53,6.78,23.3,1.16,19.66,3.21,0.0,0.0,531.1,9.35,53,0,1,1,0,3,3,0,3,0,0.0,0.0,6.49,33.37,0.0,0,0,0,0,0,0,0,0.04
fixedR,batched k=1,,"{""batch_k"": 1, ""ci_slots"": 10}",batched,0,5,50,10,True,50,8.1057,6.1685,6.0005,11.026,55.35,19.365,55.17,8.43,31.39,5.01,22.36,3.42,12.72,2.03,0.0,0.0,743.1,15.28,81,17,4,1,2,13,12,1,12,0,0.0,0.0,8.83,40.69,0.0,0,0,18,0,0,0,0,0.02
queue,batched k=1,,"{""batch_k"": 1}",batched,6,5,50,2,True,50,8.0928,6.1783,6.8482,11.713,43.857,17.59,54.63,5.92,30.31,9.14,22.11,2.39,12.26,3.7,0.0,0.0,632.8,65.16,66,6,2,0,1,10,10,0,10,0,0.0,0.0,8.55,40.34,0.0,0,0,6,0,0,0,0,0.37
fixedR,batched k=1,,"{""batch_k"": 1, ""ci_slots"": 10}",batched,3,5,50,10,True,50,7.4071,6.7503,7.2664,12.864,38.248,18.443,52.21,6.79,34.71,6.29,19.34,2.51,12.86,2.33,0.0,0.0,762.0,17.14,84,19,5,4,0,14,14,0,14,0,0.0,0.0,9.6,42.99,0.0,0,0,20,0,0,0,0,0.02
fixedR,batched k=1,,"{""batch_k"": 1, ""ci_slots"": 10}",batched,2,5,50,10,True,50,7.3582,6.7951,7.2759,10.301,26.971,12.188,63.34,3.16,24.44,9.06,23.3,1.16,8.99,3.33,0.0,0.0,538.3,12.19,53,0,5,1,0,3,3,0,3,0,0.0,0.0,7.5,38.17,0.0,0,0,0,0,0,0,0,0.04
fixedR,batched k=1,,"{""batch_k"": 1, ""ci_slots"": 10}",batched,5,5,50,10,True,50,7.3838,6.7715,6.9368,11.251,34.878,16.951,55.54,7.93,30.33,6.2,20.51,2.93,11.2,2.29,0.81,0.0,649.6,14.66,70,10,4,5,2,10,9,1,9,0,0.0,0.0,7.24,28.74,0.0,0,0,10,0,0,0,0,0.02
fixedR,batched k=1,,"{""batch_k"": 1, ""ci_slots"": 10}",batched,6,5,50,10,True,50,8.2511,6.0598,6.8276,11.317,44.255,17.848,53.58,6.33,29.72,10.36,22.11,2.61,12.26,4.28,0.0,0.0,726.8,14.68,77,14,4,0,1,12,10,2,10,0,0.0,0.0,10.47,52.61,0.0,0,0,15,0,0,0,0,0.01
fixedR,batched k=1,,"{""batch_k"": 1, ""ci_slots"": 10}",batched,7,5,50,10,True,50,6.6109,7.5632,7.9257,11.197,34.537,15.582,54.32,4.08,35.2,6.4,17.96,1.35,11.64,2.11,0.0,0.0,688.7,17.36,76,13,5,0,0,11,8,2,8,0,0.0,0.0,8.5,35.7,0.0,0,0,16,0,0,0,0,0.01
fixedR,batched-par k=1,,"{""batch_k"": 1, ""ci_slots"": 10}",batched-par,0,5,50,10,True,50,7.8685,6.3545,6.2322,10.89,44.931,18.186,56.84,10.05,28.47,4.64,22.36,3.95,11.2,1.83,0.0,0.0,672.1,14.24,70,7,4,2,1,13,12,1,12,0,0.0,0.0,6.86,20.46,0.0,0,0,7,0,0,0,0,0.01
fixedR,serial,,"{""ci_slots"": 10}",serial,6,5,50,10,True,50,11.4228,4.3772,4.5795,34.013,70.258,36.763,38.71,4.89,48.75,7.66,22.11,2.79,27.84,4.37,0.0,0.0,638.8,9.32,62,0,1,0,1,12,10,2,10,0,0.0,0.0,8.54,45.81,0.0,0,0,0,0,0,0,0,0.07
fixedR,batched-par k=1,,"{""batch_k"": 1, ""ci_slots"": 10}",batched-par,1,5,50,10,True,50,8.3025,6.0223,6.8844,10.767,34.263,14.896,58.92,5.14,24.76,11.18,24.46,2.13,10.28,4.64,0.0,0.0,613.6,12.32,63,3,5,2,0,10,10,0,10,0,0.0,0.0,9.82,57.09,0.0,0,0,3,0,0,0,0,0.01
fixedR,batched k=1,,"{""batch_k"": 1, ""ci_slots"": 10}",batched,8,5,50,10,True,50,7.767,6.4375,6.4243,11.227,37.877,16.602,60.58,5.26,30.36,3.8,23.52,2.04,11.79,1.48,0.0,0.0,701.1,15.04,75,12,4,2,0,11,9,2,9,0,0.0,0.0,7.61,27.78,0.0,0,0,14,0,0,0,0,0.04
fixedR,batched-par k=1,,"{""batch_k"": 1, ""ci_slots"": 10}",batched-par,4,5,50,10,True,50,6.8639,7.2844,7.5841,10.551,33.312,14.33,61.77,3.98,30.81,3.43,21.2,1.37,10.58,1.18,0.0,0.0,625.7,15.19,62,2,5,1,1,10,10,0,10,0,0.0,0.0,6.91,27.55,0.0,0,0,2,0,0,0,0,0.01
fixedR,batched k=1,,"{""batch_k"": 1, ""ci_slots"": 10}",batched,4,5,50,10,True,50,7.5853,6.5917,6.8998,10.509,37.281,16.452,55.9,4.24,31.91,7.95,21.2,1.61,12.1,3.02,0.0,0.0,701.6,15.42,73,11,5,1,1,11,10,1,10,0,0.0,0.0,8.23,32.81,0.0,0,0,12,0,0,0,0,0.08
fixedR,batched-par k=1,,"{""batch_k"": 1, ""ci_slots"": 10}",batched-par,5,5,50,10,True,50,7.3062,6.8435,7.0965,11.088,37.605,16.805,56.13,8.01,30.32,5.53,20.51,2.93,11.08,2.02,0.0,0.0,650.8,14.85,66,6,4,5,2,10,9,1,9,0,0.0,0.0,6.71,26.82,0.0,0,0,6,0,0,0,0,0.01
fixedR,batched k=1,,"{""batch_k"": 1, ""ci_slots"": 10}",batched,1,5,50,10,True,50,8.3123,6.0152,6.8695,10.874,35.77,15.265,58.85,4.33,26.28,10.54,24.46,1.8,10.92,4.38,0.0,0.0,646.6,12.97,68,9,5,2,1,9,9,0,9,0,0.0,0.0,9.59,45.19,0.0,0,0,9,0,0,0,0,0.1
fixedR,batched-par k=1,,"{""batch_k"": 1, ""ci_slots"": 10}",batched-par,6,5,50,10,True,50,7.9703,6.2733,7.2078,11.31,39.383,16.806,55.47,6.65,28.5,9.39,22.11,2.65,11.36,3.74,0.0,0.0,675.3,14.12,74,11,4,0,1,13,10,3,10,0,0.0,0.0,9.59,47.35,0.0,0,0,11,0,0,0,0,0.01
fixedR,batched-par k=1,,"{""batch_k"": 1, ""ci_slots"": 10}",batched-par,7,5,50,10,True,50,6.3174,7.9146,8.0322,10.397,32.152,13.594,56.84,3.41,32.46,7.29,17.96,1.08,10.25,2.3,0.0,0.0,613.6,16.19,61,2,4,0,0,8,8,0,8,0,0.0,0.0,7.03,31.62,0.0,0,0,3,0,0,0,0,0.01
fixedR,batched-par k=1,,"{""batch_k"": 1, ""ci_slots"": 10}",batched-par,8,5,50,10,True,50,7.6626,6.5252,6.5068,10.991,35.55,16.036,61.4,6.17,28.71,3.72,23.52,2.37,11.0,1.43,0.0,0.0,658.6,14.32,68,6,3,4,0,12,9,3,9,0,0.0,0.0,7.69,27.68,0.0,0,0,6,0,0,0,0,0.01
fixedR,batched-par k=1,,"{""batch_k"": 1, ""ci_slots"": 10}",batched-par,9,5,50,10,True,50,8.0345,6.2232,6.433,10.556,37.151,14.189,64.55,4.73,24.71,6.01,25.93,1.9,9.93,2.42,0.0,0.0,589.5,12.23,60,3,4,4,0,7,5,2,5,0,0.0,0.0,7.54,29.97,0.0,0,0,3,0,0,0,0,0.01
fixedR,batched k=1,,"{""batch_k"": 1, ""ci_slots"": 10}",batched,9,5,50,10,True,50,8.0173,6.2365,6.5742,10.822,28.34,14.03,64.69,3.3,25.87,6.14,25.93,1.32,10.37,2.46,0.0,0.0,604.9,12.58,61,6,4,3,0,5,5,0,5,0,0.0,0.0,7.7,26.84,0.0,0,0,6,0,0,0,0,0.07
fixedR,beanstalk,,"{""ci_slots"": 10}",beanstalk,0,5,50,10,True,50,5.9367,8.4223,7.2854,33.71,103.106,39.94,75.33,12.65,0.69,11.33,22.36,3.75,0.2,3.36,0.0,0.14,664.6,18.66,67,0,6,4,1,44,12,0,12,7,48.22,31.87,29.45,99.74,8.4,2,0,0,5,5,7,62,0.01
fixedR,beanstalk,,"{""ci_slots"": 10}",beanstalk,1,5,50,10,True,50,6.3596,7.8622,10.2447,12.474,55.953,22.005,76.92,5.95,0.59,16.54,24.46,1.89,0.19,5.26,0.0,0.0,613.8,16.09,61,0,5,2,1,28,9,0,9,5,34.58,26.06,16.06,66.44,0.0,3,0,0,2,2,7,59,0.01
fixedR,beanstalk,,"{""ci_slots"": 10}",beanstalk,2,5,50,10,True,50,5.3505,9.3449,9.9263,10.631,35.869,15.32,87.1,3.23,0.62,9.06,23.3,0.86,0.17,2.42,0.0,0.0,564.9,17.6,56,0,4,1,0,15,3,0,3,11,30.49,26.64,8.13,34.18,0.0,1,0,0,3,3,1,53,0.01
fixedR,beanstalk,,"{""ci_slots"": 10}",beanstalk,4,5,50,10,True,50,5.0282,9.9439,10.4574,31.308,86.881,35.293,84.33,5.4,0.74,9.53,21.2,1.36,0.19,2.4,0.0,0.0,647.0,21.45,64,0,5,1,2,48,10,0,10,5,39.7,25.33,27.22,97.19,0.0,2,0,0,4,4,6,60,0.01
fixedR,beanstalk,,"{""ci_slots"": 10}",beanstalk,5,5,50,10,True,50,6.5231,7.6651,9.7954,18.678,62.827,25.614,62.87,7.93,0.57,28.62,20.51,2.59,0.19,9.34,0.0,0.68,624.5,15.96,62,0,7,2,0,33,9,0,9,6,62.77,25.74,24.35,97.62,23.2,2,0,0,2,2,8,60,0.01
fixedR,beanstalk,,"{""ci_slots"": 10}",beanstalk,6,5,50,10,True,50,5.6153,8.9042,8.2778,17.596,73.225,27.138,78.74,9.17,0.69,11.4,22.11,2.57,0.19,3.2,0.0,0.0,648.7,19.25,63,0,6,2,3,36,10,0,10,3,37.16,28.48,21.27,82.71,0.0,3,0,0,3,3,9,60,0.01
fixedR,beanstalk,,"{""ci_slots"": 10}",beanstalk,7,5,50,10,True,50,4.7037,10.6298,11.5606,15.113,53.642,21.281,76.34,5.72,0.78,17.16,17.96,1.34,0.18,4.04,0.0,0.0,614.0,21.75,61,0,6,2,1,30,8,0,8,5,34.7,23.2,13.13,56.07,0.0,3,0,0,2,2,7,59,0.01
fixedR,beanstalk,,"{""ci_slots"": 10}",beanstalk,3,5,50,10,True,50,4.7894,10.4398,11.9144,36.508,111.438,45.519,80.75,9.09,0.87,9.29,19.34,2.18,0.21,2.22,0.0,0.0,689.9,24.01,68,0,6,4,0,53,14,0,14,5,44.42,24.36,34.38,112.81,1.0,3,0,0,4,4,10,64,0.02
fixedR,beanstalk,,"{""ci_slots"": 10}",beanstalk,8,5,50,10,True,50,5.4514,9.1719,9.3129,11.422,63.058,21.977,86.31,3.29,0.67,9.73,23.52,0.9,0.18,2.65,0.0,0.0,631.5,19.31,63,0,5,0,0,26,9,0,9,8,35.47,26.66,15.03,65.85,0.0,3,0,0,4,4,5,58,0.01
fixedR,beanstalk,,"{""ci_slots"": 10}",beanstalk,9,5,50,10,True,50,6.0476,8.2677,9.6972,11.202,60.368,21.381,85.76,3.91,0.58,9.75,25.93,1.18,0.17,2.95,0.0,0.0,554.6,15.28,55,0,5,2,1,21,5,0,5,5,36.08,25.98,16.39,77.35,0.0,1,0,0,0,0,5,55,0.01
fixedR,beanstalk quarantine,,"{""ci_slots"": 10, ""green_mode"": ""quarantine""}",beanstalk,0,5,50,10,True,50,6.0751,8.2303,8.2346,22.063,61.079,26.191,73.62,12.36,0.68,13.35,22.36,3.75,0.21,4.05,0.0,0.09,837.5,22.98,83,0,7,4,1,27,12,0,12,7,48.22,32.84,6.56,33.78,7.8,2,0,0,5,5,7,78,0.01
fixedR,beanstalk quarantine,,"{""ci_slots"": 10, ""green_mode"": ""quarantine""}",beanstalk,2,5,50,10,True,50,5.3207,9.3973,9.9929,10.632,32.015,14.64,87.59,3.24,0.62,8.55,23.3,0.86,0.17,2.27,0.0,0.0,635.8,19.92,64,0,6,1,0,12,3,0,3,10,30.49,27.81,6.34,24.45,0.0,1,0,0,3,3,1,60,0.01
fixedR,beanstalk quarantine,,"{""ci_slots"": 10, ""green_mode"": ""quarantine""}",beanstalk,3,5,50,10,True,50,4.7854,10.4485,12.2048,20.851,53.46,24.446,80.82,9.1,0.87,9.21,19.34,2.18,0.21,2.2,0.0,0.0,908.7,31.65,89,0,7,4,0,40,14,0,14,5,44.42,24.36,8.72,32.92,1.0,3,0,0,7,7,10,82,0.01
fixedR,beanstalk quarantine,,"{""ci_slots"": 10, ""green_mode"": ""quarantine""}",beanstalk,4,5,50,10,True,50,4.7992,10.4183,9.9366,17.073,58.007,22.702,88.35,5.66,0.78,5.21,21.2,1.36,0.19,1.25,0.0,0.0,815.3,28.31,81,0,7,1,2,26,10,0,10,4,40.44,27.41,6.55,30.81,0.0,2,0,0,6,6,6,75,0.01
fixedR,beanstalk quarantine,,"{""ci_slots"": 10, ""green_mode"": ""quarantine""}",beanstalk,5,5,50,10,True,50,7.7601,6.4432,8.5921,17.48,92.239,27.519,52.85,8.35,0.49,38.32,20.51,3.24,0.19,14.87,0.0,4.09,792.3,17.02,79,0,7,3,0,28,9,0,9,6,108.46,40.38,29.32,141.84,67.6,2,0,0,2,2,8,77,0.01
fixedR,beanstalk quarantine,,"{""ci_slots"": 10, ""green_mode"": ""quarantine""}",beanstalk,6,5,50,10,True,50,5.8039,8.6149,9.3712,12.634,56.579,22.322,76.18,10.69,0.69,12.44,22.11,3.1,0.2,3.61,0.0,0.01,774.5,22.24,77,0,6,4,3,23,10,0,10,4,54.43,34.74,7.02,29.47,0.7,2,0,0,4,4,9,73,0.01
fixedR,beanstalk quarantine,,"{""ci_slots"": 10, ""green_mode"": ""quarantine""}",beanstalk,7,5,50,10,True,50,4.4609,11.2084,11.4691,14.721,41.839,19.232,80.5,6.03,0.84,12.64,17.96,1.34,0.19,2.82,0.0,0.0,768.4,28.71,76,0,6,2,1,27,8,0,8,4,38.0,24.78,5.49,22.2,0.0,2,0,0,4,4,7,72,0.01
fixedR,beanstalk quarantine,,"{""ci_slots"": 10, ""green_mode"": ""quarantine""}",beanstalk,8,5,50,10,True,50,5.4369,9.1964,9.4042,11.178,42.849,18.643,86.54,3.3,0.66,9.5,23.52,0.9,0.18,2.58,0.0,0.0,749.7,22.98,74,0,6,0,0,22,9,0,9,9,35.47,26.25,6.55,25.69,0.0,3,0,0,4,4,5,70,0.01
fixedR,beanstalk quarantine,,"{""ci_slots"": 10, ""green_mode"": ""quarantine""}",beanstalk,9,5,50,10,True,50,6.0425,8.2748,9.7,10.556,30.543,14.926,85.83,3.91,0.58,9.68,25.93,1.18,0.17,2.92,0.0,0.0,616.5,17.0,62,0,5,2,1,13,5,0,5,5,36.08,24.43,6.86,33.79,0.0,2,0,0,0,0,5,62,0.05
fixedR,batched-par k=1,,"{""batch_k"": 1, ""ci_slots"": 10}",batched-par,3,5,50,10,True,50,7.2493,6.8973,7.4964,10.855,37.575,17.41,53.35,7.09,32.94,6.62,19.34,2.57,11.94,2.4,0.0,0.0,705.9,16.23,73,8,5,4,0,15,14,1,14,0,0.0,0.0,7.9,29.78,0.0,0,0,8,0,0,0,0,0.16
fixedR,batched-par k=1,,"{""batch_k"": 1, ""ci_slots"": 10}",batched-par,2,5,50,10,True,50,7.6691,6.5197,6.9042,10.389,33.005,13.54,60.77,4.43,24.99,9.81,23.3,1.7,9.58,3.76,0.0,0.0,575.0,12.5,56,1,4,1,0,5,3,2,3,0,0.0,0.0,7.83,38.33,0.0,0,0,1,0,0,0,0,0.17
fixedR,beanstalk quarantine,,"{""ci_slots"": 10, ""green_mode"": ""quarantine""}",beanstalk,1,5,50,10,True,50,6.3838,7.8324,9.8595,11.107,41.373,18.322,76.63,5.92,0.58,16.86,24.46,1.89,0.19,5.38,0.0,0.0,740.0,19.32,73,0,5,2,1,21,9,0,9,5,34.58,26.08,7.07,28.77,0.0,3,0,0,2,2,7,71,0.13
qsem,beanstalk,,"{""q_sem"": 0.2}",beanstalk,8,500,5000,50,False,0,499.9952,0.0,,,,,0.11,8.44,0.13,91.32,267.5,21104.12,335.82,228290.13,0.0,228290.13,667408.3,44.49,66400,0,50,32030,3632,38631,46126,547,46100,618,13788.73,51.52,14999.85,29999.71,29984.2,479,0,0,14019,27762,32654,38631,84.03
qsem,beanstalk,,"{""q_sem"": 0.2}",beanstalk,1,500,5000,50,False,1,500.2402,0.002,,11.866,11.866,11.866,0.27,7.49,0.15,92.09,686.43,18729.17,379.53,230324.98,0.0,230324.98,787430.5,52.47,78351,0,50,32750,3187,37024,50618,780,50515,1584,8381.48,54.52,14992.74,29999.94,29992.8,446,0,0,15447,41292,35951,37025,87.53
qsem,beanstalk,,"{""q_sem"": 0.2}",beanstalk,3,500,5000,50,False,1,500.1865,0.002,,10.582,10.582,10.582,0.2,9.45,0.16,90.2,488.43,23637.01,392.85,225574.98,0.0,225574.98,738134.7,49.19,73462,0,50,40109,3949,38958,49445,628,49411,1081,10279.51,55.57,14992.57,29998.16,29996.1,443,0,0,15089,34491,34984,38959,91.26
qsem,beanstalk,,"{""q_sem"": 0.2}",beanstalk,2,500,5000,50,False,6,500.2325,0.012,,9.952,10.34,9.935,0.2,7.91,0.14,91.76,494.31,19775.92,338.01,229507.98,0.0,229507.98,719135.8,47.92,71589,0,50,30297,5333,37476,47481,660,47444,1138,5628.92,54.28,14992.85,29999.82,29997.3,482,0,0,14647,34085,33494,37482,91.58
qsem,beanstalk,,"{""q_sem"": 0.2}",beanstalk,4,500,5000,50,False,5,500.255,0.01,,9.117,10.957,9.561,0.21,9.01,0.15,90.62,534.44,22537.14,387.05,226668.88,0.0,226668.88,755840.6,50.36,75197,0,50,35374,2202,37647,49935,688,49859,1188,8469.67,58.1,14992.36,30000.0,29988.6,460,0,0,15085,37512,35538,37651,91.72
qsem,beanstalk,,"{""q_sem"": 0.2}",beanstalk,7,500,5000,50,False,4,500.2637,0.008,,10.842,11.567,10.942,0.19,8.53,0.14,91.13,481.35,21336.7,360.36,227953.47,0.0,227953.47,814167.0,54.25,81071,0,50,26514,6546,43516,54835,722,54786,1089,20175.0,48.93,14992.02,29999.92,30000.5,468,0,0,16715,37532,38842,43520,94.8
qsem,beanstalk,,"{""q_sem"": 0.2}",beanstalk,9,500,5000,50,False,2,500.1891,0.004,,9.285,9.432,9.285,0.19,8.1,0.15,91.56,478.32,20259.04,362.73,228994.44,0.0,228994.44,841650.5,56.09,83773,0,50,27207,3370,45958,57190,721,57155,1095,11392.57,46.36,14993.65,29999.32,29993.0,427,0,0,17226,37792,40685,45960,113.16
qsem,beanstalk,,"{""q_sem"": 0.2}",beanstalk,6,500,5000,50,False,2,500.2101,0.004,,10.531,10.625,10.531,0.19,8.7,0.16,90.96,462.88,21755.02,392.16,227495.0,0.0,227495.0,873255.6,58.19,86906,0,50,31015,3645,46304,58745,768,58734,1067,8097.27,48.68,14993.08,29999.38,29995.1,441,0,0,17918,40593,41595,46306,116.61
qsem,beanstalk,,"{""q_sem"": 0.2}",beanstalk,5,500,5000,50,False,5,500.2409,0.01,,10.282,10.427,10.062,0.19,8.41,0.16,91.24,477.38,21031.22,394.66,228217.18,0.0,228217.18,885904.5,59.03,88177,0,50,29793,7322,47841,60031,766,59938,1126,6862.96,47.29,14992.7,29999.92,29997.1,494,0,0,18228,40296,42569,47845,123.24
qsem,beanstalk,,"{""q_sem"": 0.2}",beanstalk,0,500,5000,50,False,620,921.4327,0.6729,,25258.786,25273.669,25049.369,0.12,9.57,0.15,90.16,536.44,44097.69,696.83,415385.37,0.0,415385.37,1426608.9,51.61,141995,0,50,63342,11019,83545,99564,1150,99529,1217,23861.44,48.82,13919.38,29999.92,55256.5,485,0,0,30271,58428,70443,83550,128.08
