group,label,note,overrides,policy,seed,N,M,R,complete,green,makespan_h,green_per_h,steady_green_per_h,lat_p50_min,lat_p95_min,lat_mean_min,busy_pct,rework_pct,blocked_pct,idle_pct,busy_agent_h,rework_agent_h,blocked_agent_h,idle_agent_h,idle_placement_agent_h,idle_paused_agent_h,ci_min,ci_util_pct,ci_runs,ci_aborted,ci_max_busy,conflicts,dissolved,reds,culprits,false_blames,fixes,overlap_starts,max_red_age_min,mean_red_age_min,green_staleness_min,green_gap_max_min,paused_min,max_open_reds,bisect_rounds,cancelled_units,searches,search_runs,suspect_hits,val_runs,events,stop_reason,wall_s
main,batched-aimd,,{},batched-aimd,1,1000,10000,100,True,10000,1114.4286,8.9732,9.0464,6533.271,7003.573,6237.776,0.39,1.74,91.54,6.33,4296.05,19444.01,1020185.33,70503.18,6065.01,0.0,1226892.8,18.35,127498,44841,20,23872,5302,38806,4059,168,4059,0,0.0,0.0,12.84,461.86,0.0,0,1958,112849,0,0,0,0,165597,,6.62
main,batched-aimd,,{},batched-aimd,0,1000,10000,100,True,10000,1099.5106,9.095,9.0668,6510.079,7037.385,6220.741,0.39,1.74,92.56,5.31,4294.16,19090.38,1017699.79,58426.23,5989.62,0.0,1218387.3,18.47,126608,44390,20,23881,5416,38881,4031,154,4031,0,0.0,0.0,11.27,78.55,0.0,0,1947,112043,0,0,0,0,164674,,6.66
main,batched-aimd,,{},batched-aimd,2,1000,10000,100,True,10000,1101.2941,9.0802,9.0981,6536.79,6825.927,6227.133,0.39,1.74,92.5,5.37,4277.82,19158.64,1018696.85,59160.83,5547.05,0.0,1220378.7,18.47,126918,44720,20,23137,5187,38082,4031,131,4031,0,0.0,0.0,11.27,106.39,0.0,0,1982,112276,0,0,0,0,164217,,5.98
main,batched-aimd,,{},batched-aimd,3,1000,10000,100,True,10000,1112.0936,8.992,9.0174,6569.707,6954.396,6262.016,0.38,1.74,92.11,5.77,4227.47,19302.36,1024366.95,64196.84,4939.71,0.0,1228240.5,18.41,127633,44449,20,24231,5634,39017,4067,146,4067,0,0.0,0.0,11.6,135.73,0.0,0,1973,113013,0,0,0,0,166077,,6.14
main,batched k=4,,{},batched,4,1000,10000,100,True,10000,2069.8225,4.8313,4.842,12372.947,13715.098,11728.636,0.21,0.88,93.56,5.35,4278.65,18234.73,1936537.92,110771.21,10016.01,0.0,2311162.4,18.61,237232,99807,20,22384,5125,110868,3879,33,3879,0,0.0,0.0,21.25,179.9,0.0,0,7928,220734,0,0,0,0,273528,,18.77
main,batched-aimd,,{},batched-aimd,4,1000,10000,100,True,10000,1093.0122,9.149,9.2009,6508.892,6851.787,6174.501,0.39,1.77,92.38,5.46,4278.65,19310.67,1009772.82,59650.02,4372.11,0.0,1212666.7,18.49,126327,44987,20,23446,5362,37636,4030,150,4030,0,0.0,0.0,11.12,87.53,0.0,0,1925,111752,0,0,0,0,163953,,6.17
main,batched-aimd,,{},batched-aimd,5,1000,10000,100,True,10000,1103.9675,9.0582,9.028,6578.663,6883.501,6250.466,0.39,1.75,92.61,5.25,4283.64,19361.63,1022382.68,57939.58,4238.73,0.0,1224554.6,18.49,127332,45026,20,24065,5624,38203,4070,159,4070,0,0.0,0.0,11.45,85.24,0.0,0,1936,112592,0,0,0,0,165626,,6.37
main,batched k=4,,{},batched,2,1000,10000,100,True,10000,2083.3183,4.8,4.795,12420.194,13171.623,11852.034,0.21,0.86,93.95,4.98,4277.82,17968.86,1957370.11,103701.5,11265.78,0.0,2324778.5,18.6,238686,99958,20,22334,4895,112023,3916,31,3916,0,0.0,0.0,21.21,153.74,0.0,0,7969,222136,0,0,0,0,274967,,19.32
main,batched k=4,,{},batched,9,1000,10000,100,True,10000,2114.106,4.7301,4.6992,12638.626,13538.138,11996.291,0.2,0.83,93.74,5.23,4248.69,17610.65,1981771.13,110475.5,9641.08,0.0,2360069.1,18.61,242532,103367,20,22160,4529,113290,3983,33,3983,0,0.0,0.0,21.25,180.99,0.0,0,8093,225729,0,0,0,0,278708,,19.33
main,batched k=4,,{},batched,6,1000,10000,100,True,10000,2113.4023,4.7317,4.7433,12551.646,13449.358,11998.074,0.2,0.83,93.79,5.18,4231.65,17565.8,1982113.22,109491.66,11247.76,0.0,2358078.9,18.6,242175,102679,20,21933,5043,113654,3974,35,3974,0,0.0,0.0,21.52,178.66,0.0,0,8093,225431,0,0,0,0,278117,,19.37
main,batched k=4,,{},batched,3,1000,10000,100,True,10000,2079.2591,4.8094,4.7904,12216.097,13327.671,11749.332,0.2,0.86,93.31,5.62,4227.47,17982.68,1940239.34,116809.61,12778.71,0.0,2313644.9,18.55,237773,100298,20,22788,5242,109993,3899,41,3899,0,0.0,0.0,21.34,149.93,0.0,0,7969,221230,0,0,0,0,274501,,19.4
main,batched k=4,,{},batched,5,1000,10000,100,True,10000,2105.3336,4.7498,4.778,12502.173,13753.369,11930.508,0.2,0.84,93.6,5.35,4283.64,17750.55,1970667.44,112631.92,10548.11,0.0,2346360.4,18.57,240952,101896,20,22214,5256,111867,3952,36,3952,0,0.0,0.0,21.02,180.4,0.0,0,8067,224189,0,0,0,0,277154,,19.44
main,batched k=4,,{},batched,8,1000,10000,100,True,10000,2106.6044,4.747,4.7735,12408.562,13652.137,11930.627,0.2,0.86,93.53,5.41,4285.2,18212.93,1970224.96,113881.33,10752.96,0.0,2346636.3,18.57,241020,100830,20,22375,4930,113248,3954,37,3954,0,0.0,0.0,21.13,141.43,0.0,0,8064,224301,0,0,0,0,277386,,19.45
main,batched k=4,,{},batched,0,1000,10000,100,True,10000,2085.2849,4.7955,4.7542,12449.437,13674.383,11842.838,0.21,0.85,93.81,5.14,4294.16,17642.09,1956164.23,107184.39,10932.16,0.0,2319546.1,18.54,238250,100765,20,22406,5116,111883,3906,46,3906,0,0.0,0.0,20.78,150.23,0.0,0,7984,221643,0,0,0,0,274608,,19.6
main,batched k=4,,{},batched,1,1000,10000,100,True,10000,2103.1912,4.7547,4.8084,12311.405,13536.999,11824.883,0.2,0.88,92.83,6.09,4296.05,18501.63,1952312.23,128081.33,9757.68,0.0,2338700.5,18.53,240265,101439,20,22860,4992,112621,3950,39,3950,0,0.0,0.0,21.08,193.04,0.0,0,8052,223522,0,0,0,0,277114,,19.59
main,batched k=4,,{},batched,7,1000,10000,100,True,10000,2072.6067,4.8248,4.7965,12507.076,13290.12,11778.727,0.2,0.88,93.84,5.08,4229.87,18267.24,1944853.87,105255.7,12871.85,0.0,2308480.9,18.56,236995,99379,20,22909,4957,110343,3880,45,3880,0,0.0,0.0,21.34,197.85,0.0,0,7931,220509,0,0,0,0,273829,,19.63
main,batched-aimd,,{},batched-aimd,6,1000,10000,100,True,10000,1114.8926,8.9695,9.0153,6622.825,6931.448,6290.208,0.38,1.67,92.36,5.59,4231.65,18642.71,1029725.21,62293.06,5423.92,0.0,1232659.6,18.43,128267,45186,20,23021,5397,38472,4100,141,4100,0,0.0,0.0,11.62,107.74,0.0,0,1969,113515,0,0,0,0,165529,,8.04
main,batched-aimd,,{},batched-aimd,7,1000,10000,100,True,10000,1106.8828,9.0344,9.0208,6615.058,7040.057,6245.537,0.38,1.81,92.23,5.58,4229.87,20073.58,1020849.27,61730.06,6204.55,0.0,1222297.7,18.4,127095,44496,20,24284,5246,38802,4028,145,4028,0,0.0,0.0,11.41,118.32,0.0,0,1977,112445,0,0,0,0,165552,,8.2
main,batched-aimd,,{},batched-aimd,8,1000,10000,100,True,10000,1108.6272,9.0202,9.0146,6620.51,6954.768,6271.798,0.39,1.76,92.53,5.33,4285.2,19478.31,1025821.42,59042.28,5146.5,0.0,1229755.3,18.49,127837,44748,20,23747,5116,38565,4081,148,4081,0,0.0,0.0,11.38,91.12,0.0,0,1953,113135,0,0,0,0,165813,,8.16
main,batched-aimd,,{},batched-aimd,9,1000,10000,100,True,10000,1118.7453,8.9386,8.9134,6666.422,6977.352,6313.271,0.38,1.68,92.37,5.57,4248.69,18806.93,1033404.99,62284.66,5290.5,0.0,1233128.3,18.37,128099,44601,20,23495,4760,39149,4093,151,4093,0,0.0,0.0,12.05,334.38,0.0,0,1961,113454,0,0,0,0,165838,,8.28
main,batched+place,,{},batched+place,4,1000,10000,100,True,10000,2038.3509,4.9059,4.9283,12031.504,13359.694,11534.334,0.21,0.87,93.44,5.48,4278.65,17692.82,1904696.1,111683.28,12912.1,0.0,2277675.9,18.62,234050,98416,20,22015,5163,108986,3824,29,3824,9987,0.0,0.0,20.98,154.68,0.0,0,7821,217725,0,0,0,0,269918,,30.78
main,batched+place,,{},batched+place,2,1000,10000,100,True,10000,2070.7057,4.8293,4.8366,12284.331,13174.835,11721.425,0.21,0.86,93.48,5.45,4277.82,17778.89,1935792.02,112856.98,9765.17,0.0,2310898.5,18.6,237413,100351,20,22122,4956,110696,3888,37,3888,9983,0.0,0.0,21.47,223.17,0.0,0,7935,220943,0,0,0,0,273460,,31.19
main,batched+place,,{},batched+place,3,1000,10000,100,True,10000,2079.4413,4.809,4.8139,12435.394,13089.009,11776.787,0.2,0.86,93.53,5.41,4227.47,17888.41,1944909.46,112415.94,8242.08,0.0,2320203.8,18.6,238412,101407,20,22627,5278,110852,3907,38,3907,9985,0.0,0.0,21.15,161.74,0.0,0,7969,221845,0,0,0,0,274984,,32.66
main,batched+place,,{},batched+place,5,1000,10000,100,True,10000,2150.9936,4.649,4.653,12777.284,13760.516,12169.363,0.2,0.81,93.48,5.51,4283.64,17521.37,2010705.75,118482.8,9053.48,0.0,2402421.9,18.61,246903,104888,20,21857,5283,115362,4048,37,4048,9986,0.0,0.0,21.48,177.34,0.0,0,8252,229819,0,0,0,0,282845,,32.7
main,batched+place,,{},batched+place,6,1000,10000,100,True,10000,2121.2484,4.7142,4.7569,12608.184,13669.273,11991.656,0.2,0.83,93.39,5.58,4231.65,17674.59,1980934.8,118407.33,10728.91,0.0,2364787.3,18.58,242928,102933,20,21859,5123,114335,3990,32,3990,9984,0.0,0.0,21.05,154.21,0.0,0,8126,226026,0,0,0,0,278809,,32.76
main,batched+place,,{},batched+place,1,1000,10000,100,True,10000,2149.1463,4.653,4.6702,12561.956,14293.046,12109.134,0.2,0.85,93.06,5.89,4296.05,18240.28,1999948.78,126661.21,12696.06,0.0,2385713.2,18.5,244864,102882,20,22514,4963,115141,4026,33,4026,9986,0.0,0.0,21.7,404.68,0.0,0,8205,227859,0,0,0,0,281437,,33.22
main,batched+place,,{},batched+place,0,1000,10000,100,True,10000,2128.8142,4.6975,4.6687,12657.056,13715.297,12066.674,0.2,0.82,93.65,5.33,4294.16,17545.26,1993567.01,113407.76,11641.54,0.0,2368658.2,18.54,243546,103912,20,22197,4951,113936,3999,39,3999,9990,0.0,0.0,21.17,149.54,0.0,0,8160,226676,0,0,0,0,279781,,33.32
main,batched+place,,{},batched+place,7,1000,10000,100,True,10000,2091.1324,4.7821,4.7056,12500.431,13883.451,11863.657,0.2,0.86,93.7,5.24,4229.87,17930.53,1959345.61,109626.43,12214.53,0.0,2325947.1,18.54,238978,100983,20,22437,4945,112160,3921,35,3921,9988,0.0,0.0,20.51,136.72,0.0,0,8020,222230,0,0,0,0,275371,,33.11
main,batched+place,,{},batched+place,8,1000,10000,100,True,10000,2072.8491,4.8243,4.8556,12343.462,13340.649,11678.028,0.21,0.87,93.03,5.9,4285.2,17957.18,1928380.82,122225.94,12734.46,0.0,2304733.3,18.53,236747,100237,20,22228,4938,110342,3891,39,3891,9988,0.0,0.0,21.21,148.41,0.0,0,7951,220217,0,0,0,0,272905,,31.19
fair,beanstalk quarantine,,"{""green_mode"": ""quarantine""}",beanstalk,0,1000,10000,100,True,10000,359.3976,27.8243,32.5711,2169.274,5652.58,2441.287,1.19,10.19,0.1,88.51,4294.16,36632.57,358.68,318112.16,70.54,317189.33,158774.8,7.36,15804,0,100,39884,3483,3220,7648,70,7648,9867,3349.66,1127.62,23.21,529.03,21322.1,764,0,0,2484,3997,5426,11807,98759,,30.94
main,batched+place,,{},batched+place,9,1000,10000,100,True,10000,2132.4614,4.6894,4.6371,12815.373,13591.342,12134.513,0.2,0.82,94.02,4.96,4248.69,17499.72,2004919.15,105793.85,9038.82,0.0,2377507.9,18.58,244223,103651,20,21900,4564,114750,4002,43,4002,9984,0.0,0.0,21.83,160.08,0.0,0,8156,227350,0,0,0,0,280168,,31.94
fair,beanstalk quarantine,,"{""green_mode"": ""quarantine""}",beanstalk,1,1000,10000,100,True,10000,334.5981,29.8866,38.3812,2219.027,6923.542,2807.204,1.28,14.02,0.13,84.56,4296.05,46922.16,444.79,282935.15,190.16,281900.03,158359.1,7.89,15748,0,100,51865,3716,2353,8681,64,8681,9858,2575.36,1257.98,16.61,382.92,19531.6,856,0,0,2832,3872,6111,11876,115048,,37.28
fair,beanstalk quarantine,,"{""green_mode"": ""quarantine""}",beanstalk,6,1000,10000,100,True,10000,385.7713,25.9221,27.0389,1598.129,4720.493,1961.189,1.1,8.62,0.08,90.2,4231.65,33261.28,319.24,347959.15,78.41,347498.67,154338.2,6.67,15367,0,100,35640,3285,3476,7288,59,7288,9853,2536.03,988.12,16.75,248.37,22900.5,518,0,0,2410,3322,5122,12045,94029,,22.93
fair,beanstalk quarantine,,"{""green_mode"": ""quarantine""}",beanstalk,4,1000,10000,100,True,10000,374.0101,26.7372,28.3783,1777.502,4778.549,2087.686,1.14,9.36,0.09,89.41,4278.65,34999.97,327.71,334403.78,124.95,333696.22,153265.6,6.83,15238,0,100,37311,3148,3116,7133,57,7133,9826,2265.85,999.42,21.97,280.19,22217.2,666,0,0,2313,3502,5046,11736,95691,,25.55
fair,beanstalk quarantine,,"{""green_mode"": ""quarantine""}",beanstalk,8,1000,10000,100,True,10000,360.9576,27.7041,29.6936,1764.709,4353.463,1943.301,1.19,10.22,0.09,88.5,4285.2,36883.49,337.98,319450.92,93.07,319208.55,152287.2,7.03,15164,0,100,39015,3121,3212,7413,77,7413,9896,2394.86,924.82,27.23,767.97,20765.8,686,0,0,2518,3460,5145,11704,98067,,25.15
fair,beanstalk quarantine,,"{""green_mode"": ""quarantine""}",beanstalk,5,1000,10000,100,True,10000,385.0936,25.9677,28.0776,1810.684,5496.756,2193.501,1.11,8.81,0.09,89.99,4283.64,33935.27,330.8,346543.93,111.93,345694.52,162035.2,7.01,16113,0,100,36641,3297,3407,7117,83,7117,9816,3052.84,1064.8,23.42,313.76,22618.5,619,0,0,2281,4448,5066,11665,94476,,26.35
fair,beanstalk quarantine,,"{""green_mode"": ""quarantine""}",beanstalk,7,1000,10000,100,True,10000,375.5284,26.6291,26.5858,1885.166,5692.016,2408.424,1.13,9.82,0.1,88.96,4229.87,36871.05,364.3,334063.15,93.47,333788.44,149285.9,6.63,14867,0,100,40933,3284,2391,7357,55,7357,9872,2937.24,1210.88,41.98,1117.75,22389.0,588,0,0,2378,3294,5237,11573,98864,,27.27
fair,beanstalk quarantine,,"{""green_mode"": ""quarantine""}",beanstalk,3,1000,10000,100,True,10000,361.5004,27.6625,30.8657,1996.189,5811.995,2429.453,1.17,10.09,0.1,88.64,4227.47,36471.1,355.63,320446.23,126.6,319836.61,170084.5,7.84,16914,0,100,40144,3504,3693,7518,97,7518,9879,2941.01,1162.95,33.76,639.31,21306.6,622,0,0,2476,5112,5342,11802,100199,,30.33
fair,beanstalk quarantine,,"{""green_mode"": ""quarantine""}",beanstalk,2,1000,10000,100,True,10000,345.8185,28.9169,31.8522,1930.882,5824.139,2316.554,1.24,10.87,0.1,87.79,4277.82,37587.67,361.67,303591.32,93.87,303300.41,147587.1,7.11,14665,0,100,40699,3317,2422,7403,58,7403,9869,3647.94,1096.77,16.42,312.85,20427.5,764,0,0,2432,3109,5224,11556,98493,,34.42
fair,beanstalk quarantine,,"{""green_mode"": ""quarantine""}",beanstalk,9,1000,10000,100,True,10000,335.2246,29.8307,32.0933,1876.489,6104.118,2427.191,1.27,11.8,0.12,86.82,4248.69,39550.7,396.93,291028.32,77.52,290585.74,157059.0,7.81,15635,0,100,44303,3326,3134,7799,76,7799,9854,2682.04,1189.57,20.91,362.93,19776.4,855,0,0,2503,4109,5544,11526,103069,,32.52
fair,beanstalk no-budget,,"{""budget"": false}",beanstalk,1,1000,10000,100,True,10000,199.0749,50.2324,,9988.835,11925.258,9661.206,2.16,60.54,0.42,36.88,4296.05,120520.48,837.43,73420.91,1861.66,0.0,190323.4,15.93,18938,0,98,113266,4409,13542,9430,106,9430,9987,7821.43,309.89,5957.9,11930.13,0.0,415,0,0,2939,5394,6597,13544,187771,,27.2
fair,beanstalk no-budget,,"{""budget"": false}",beanstalk,0,1000,10000,100,True,10000,191.8437,52.1258,,9557.432,11491.262,9275.963,2.24,62.11,0.45,35.21,4294.16,119146.33,863.28,67539.93,1685.29,0.0,196055.4,17.03,19478,0,95,114226,5081,13946,10044,118,10044,9990,7005.22,295.27,5755.31,11510.62,0.0,431,0,0,3016,5531,7146,13947,189333,,28.36
fair,beanstalk no-budget,,"{""budget"": false}",beanstalk,2,1000,10000,100,False,5,498.5318,0.01,,9.992,10.091,9.861,0.86,28.11,0.18,70.85,4277.82,140132.89,895.12,353225.93,1935.04,0.0,244193.9,8.16,24303,0,100,121046,6074,17568,13688,117,13687,9983,20698.44,281.95,14943.75,29899.7,0.0,459,0,0,4175,6731,9630,17572,214163,stalled,31.93
fair,beanstalk no-budget,,"{""budget"": false}",beanstalk,3,1000,10000,100,True,10000,185.2713,53.9749,,8803.768,10725.02,8506.457,2.28,63.81,0.47,33.44,4227.47,118218.94,866.02,61958.85,1902.68,0.0,187115.3,16.83,18607,0,89,115807,5156,13377,9281,113,9281,9985,7476.26,312.05,5184.39,10731.2,0.0,427,0,0,2825,5223,6569,13384,188996,,27.74
fair,beanstalk no-budget,,"{""budget"": false}",beanstalk,7,1000,10000,100,True,10000,189.865,52.669,,8951.659,10866.937,8667.491,2.23,60.01,0.44,37.32,4229.87,113938.98,836.16,70859.99,3002.72,0.0,180656.6,15.86,17994,0,100,111061,4150,13012,8768,102,8768,9987,7183.86,314.57,5206.89,10885.93,0.0,432,0,0,2628,4979,6242,13015,181593,,27.76
fair,beanstalk no-budget,,"{""budget"": false}",beanstalk,4,1000,10000,100,False,19,500.2385,0.038,273.4538,9.067,10.238,9.364,0.86,27.41,0.18,71.56,4278.22,137103.64,877.32,357979.35,1735.04,0.0,236429.5,7.88,23551,0,100,118643,5742,17034,13190,139,13170,9986,27163.36,267.73,14991.98,29999.13,0.0,396,0,0,3988,6501,9342,17047,209619,stalled,32.2
fair,beanstalk no-budget,,"{""budget"": false}",beanstalk,6,1000,10000,100,True,10000,186.9781,53.4822,,9235.129,11200.285,8925.975,2.26,64.2,0.47,33.07,4231.65,120040.53,873.22,61832.66,1708.91,0.0,197270.6,17.58,19613,0,100,115880,5818,13809,10209,129,10209,9984,6886.91,291.13,5595.48,11204.81,0.0,431,0,0,3113,5802,7225,13811,191304,,30.17
fair,beanstalk no-budget,,"{""budget"": false}",beanstalk,5,1000,10000,100,True,10000,191.9718,52.091,,9568.008,11499.836,9200.393,2.23,61.94,0.46,35.37,4283.64,118910.97,873.51,67903.67,2117.49,0.0,197730.3,17.17,19661,0,93,115390,5537,13979,10226,103,10226,9986,6726.64,297.15,5748.3,11507.44,0.0,455,0,0,3127,5680,7202,13981,190021,,30.43
fair,beanstalk no-budget,,"{""budget"": false}",beanstalk,8,1000,10000,100,True,10000,197.3123,50.6811,,9537.295,11419.396,9181.423,2.17,60.78,0.42,36.63,4285.2,119919.37,837.79,72269.92,1446.84,0.0,191765.6,16.2,19078,0,97,112821,5024,13710,9628,108,9628,9988,7026.83,304.88,5521.11,11426.56,0.0,435,0,0,2959,5361,6777,13717,187344,,29.72
fair,beanstalk no-budget,,"{""budget"": false}",beanstalk,9,1000,10000,100,False,2,500.0139,0.004,,9.29,9.441,9.29,0.85,23.97,0.18,75.0,4248.69,119869.33,877.36,375018.51,3216.96,0.0,205240.2,6.84,20440,0,100,114540,5547,14609,11007,129,11000,9984,8346.16,290.52,14989.21,29989.63,0.0,442,0,0,3271,5829,7865,14611,191446,stalled,31.01
fair,beanstalk-noplace quarantine,,"{""green_mode"": ""quarantine""}",beanstalk-noplace,1,1000,10000,100,True,10000,372.0944,26.8749,28.6813,1993.168,6406.905,2556.608,1.15,10.94,0.11,87.8,4296.05,40713.13,404.72,326680.51,202.23,326026.32,159109.1,7.13,15845,0,100,45421,3796,2878,7928,85,7928,0,2732.86,1235.25,19.58,347.85,21701.7,841,0,0,2594,4114,5602,11731,105328,,28.28
fair,beanstalk-noplace quarantine,,"{""green_mode"": ""quarantine""}",beanstalk-noplace,0,1000,10000,100,True,10000,331.4181,30.1734,34.0469,2015.294,6772.206,2714.612,1.3,12.07,0.11,86.52,4294.16,39987.5,380.49,286755.91,17.94,286646.97,159306.5,8.01,15859,0,100,43299,3585,2980,7795,72,7795,0,3379.47,1218.82,18.65,308.2,19649.9,875,0,0,2510,4139,5542,11720,102988,,33.51
fair,beanstalk-noplace quarantine,,"{""green_mode"": ""quarantine""}",beanstalk-noplace,2,1000,10000,100,True,10000,348.6404,28.6829,31.5327,1839.517,5304.874,2223.651,1.23,10.75,0.1,87.92,4277.82,37478.75,356.66,306527.15,68.32,305525.7,159549.1,7.63,15864,0,100,40520,3420,3496,7219,70,7219,0,2423.55,1082.81,30.45,629.35,20669.9,627,0,0,2336,4317,5127,11547,99553,,22.93
fair,beanstalk-noplace quarantine,,"{""green_mode"": ""quarantine""}",beanstalk-noplace,3,1000,10000,100,True,10000,335.1999,29.8329,32.2167,1601.206,4941.015,2034.87,1.26,10.06,0.1,88.58,4227.47,33724.91,327.04,296920.53,141.24,295451.69,159584.1,7.93,15864,0,100,36964,3220,3639,6795,84,6795,0,3167.6,987.04,16.32,260.7,19922.2,635,0,0,2316,4237,4748,11627,94841,,20.26
fair,beanstalk-noplace quarantine,,"{""green_mode"": ""quarantine""}",beanstalk-noplace,4,1000,10000,100,True,10000,354.5072,28.2082,30.3113,1886.87,5366.347,2295.158,1.21,11.05,0.11,87.64,4278.65,39174.1,373.09,310681.37,105.13,310342.33,155173.6,7.3,15462,0,100,42550,3546,2945,7785,54,7785,0,2369.55,1067.45,23.14,558.01,20949.8,781,0,0,2550,3916,5471,11546,102319,,24.16
fair,beanstalk-noplace quarantine,,"{""green_mode"": ""quarantine""}",beanstalk-noplace,5,1000,10000,100,True,10000,329.6584,30.3344,37.8354,2150.714,6877.8,2709.283,1.3,13.62,0.14,84.95,4283.64,44894.57,451.8,280028.38,97.21,278673.31,157924.7,7.98,15712,0,100,50547,4302,2427,8995,52,8995,0,2466.59,1234.33,17.52,316.87,19493.4,975,0,0,2871,3898,6367,11814,112092,,31.94
fair,beanstalk-noplace quarantine,,"{""green_mode"": ""quarantine""}",beanstalk-noplace,6,1000,10000,100,True,10000,389.2402,25.6911,27.525,1823.091,5170.985,2205.961,1.09,8.71,0.08,90.12,4231.65,33905.24,325.47,350777.89,113.8,350203.43,161316.8,6.91,16056,0,100,36225,3275,3391,7447,64,7447,0,3297.17,1046.89,35.48,760.09,23130.3,669,0,0,2473,4084,5200,11972,95322,,19.77
fair,beanstalk quarantine no-budget,,"{""budget"": false, ""green_mode"": ""quarantine""}",beanstalk,0,1000,10000,100,True,10000,253.4883,39.4496,69.3277,5004.368,10722.057,5422.509,1.69,34.9,0.26,63.15,4294.16,88464.92,661.67,160067.5,1471.43,0.0,166828.2,10.97,16604,0,100,86119,3742,2388,7937,68,7937,9990,5472.96,2115.58,37.13,841.56,0.0,2328,0,0,2613,4493,5593,12111,151349,,133.98
fair,beanstalk-noplace quarantine,,"{""green_mode"": ""quarantine""}",beanstalk-noplace,7,1000,10000,100,True,10000,387.1758,25.8281,28.6847,2337.211,7022.378,2896.134,1.09,10.03,0.1,88.77,4229.87,38852.0,380.33,343713.57,195.35,342707.49,161777.9,6.96,16108,0,100,42653,3073,3218,7062,76,7062,0,3983.82,1451.19,46.15,700.95,22199.6,779,0,0,2296,4857,5031,11251,100929,,27.26
fair,beanstalk quarantine no-budget,,"{""budget"": false, ""green_mode"": ""quarantine""}",beanstalk,3,1000,10000,100,True,10000,251.42,39.7741,60.731,4614.711,11451.389,5561.048,1.68,33.88,0.26,64.18,4227.47,85191.79,649.51,161351.21,1586.7,0.0,159324.4,10.56,15848,0,100,84959,3707,1937,7179,83,7179,9985,5193.7,2180.73,12.37,196.23,0.0,2221,0,0,2390,4100,5077,11748,147794,,146.48
main,batched k=4,,{},batched,0,500,5000,50,True,5000,1038.6566,4.8139,4.799,6181.793,6888.958,5899.394,0.41,1.7,92.96,4.92,2143.14,8843.5,482772.69,25568.99,2933.32,0.0,1150096.2,36.91,118125,49416,20,10925,2222,55749,1945,21,1945,0,0.0,0.0,20.74,159.37,0.0,0,3966,109858,0,0,0,0,136016,,12.16
fair,beanstalk-noplace quarantine,,"{""green_mode"": ""quarantine""}",beanstalk-noplace,8,1000,10000,100,True,10000,345.3627,28.9551,33.4223,2411.18,7258.305,2945.018,1.24,12.5,0.12,86.15,4285.2,43158.25,406.48,297512.78,151.1,295825.6,154468.5,7.45,15373,0,100,46498,3535,2601,7854,64,7854,0,4175.9,1364.5,26.41,545.76,20543.1,756,0,0,2657,3999,5440,11374,106180,,30.08
main,batched k=4,,{},batched,1,500,5000,50,True,5000,1020.3855,4.9001,4.8713,5908.028,7101.499,5789.199,0.41,1.67,92.89,5.03,2108.89,8505.77,473927.48,25650.61,2720.15,0.0,1135073.0,37.08,116635,49243,20,10598,2117,55604,1915,20,1915,0,0.0,0.0,20.68,182.43,0.0,0,3902,108438,0,0,0,0,134168,,13.8
fair,beanstalk-noplace quarantine,,"{""green_mode"": ""quarantine""}",beanstalk-noplace,9,1000,10000,100,True,10000,357.0216,28.0095,29.1023,1885.826,5483.104,2335.992,1.19,10.2,0.1,88.5,4248.69,36430.63,361.5,315980.79,90.53,315424.7,159080.1,7.43,15828,0,100,40296,3187,3200,7774,77,7774,0,2944.39,1094.77,17.01,277.15,21112.3,658,0,0,2494,3966,5537,11862,99438,,28.87
main,batched k=4,,{},batched,2,500,5000,50,True,5000,1049.552,4.7639,4.7234,6207.835,6960.865,5938.078,0.41,1.69,92.61,5.3,2128.39,8844.82,485994.99,27807.8,2354.83,0.0,1166898.9,37.06,119783,50063,20,10831,2159,56474,1958,28,1958,0,0.0,0.0,21.76,148.57,0.0,0,4016,111459,0,0,0,0,137600,,14.3
fair,beanstalk quarantine no-budget,,"{""budget"": false, ""green_mode"": ""quarantine""}",beanstalk,2,1000,10000,100,True,10000,264.3228,37.8325,80.9438,4686.073,10732.841,5635.388,1.62,34.46,0.25,63.68,4277.82,91081.55,655.49,168307.96,1479.89,0.0,153109.2,9.65,15239,0,100,86699,3733,2004,7266,53,7266,9983,5053.52,2226.68,23.14,312.78,0.0,3164,0,0,2409,3515,5115,11724,150185,,163.83
fair,beanstalk quarantine no-budget,,"{""budget"": false, ""green_mode"": ""quarantine""}",beanstalk,1,1000,10000,100,True,10000,246.1289,40.6291,80.6614,4792.774,10601.544,5573.478,1.75,39.67,0.27,58.31,4296.05,97636.82,672.95,143523.04,1014.02,0.0,163311.1,11.06,16245,0,100,90943,3552,3957,7268,75,7268,9986,5223.36,2098.22,38.72,780.43,0.0,2796,0,0,2423,4191,5113,12054,157319,,165.09
main,batched k=4,,{},batched,3,500,5000,50,True,5000,1087.0857,4.5995,4.5846,6475.952,7194.546,6156.015,0.39,1.62,92.76,5.22,2143.65,8810.12,504191.12,28397.96,2987.21,0.0,1207032.0,37.01,123858,51709,20,10717,2245,58782,2041,20,2041,0,0.0,0.0,21.79,143.86,0.0,0,4161,115289,0,0,0,0,141636,,14.61
fair,beanstalk quarantine no-budget,,"{""budget"": false, ""green_mode"": ""quarantine""}",beanstalk,7,1000,10000,100,True,10000,264.671,37.7828,68.9829,4282.675,10067.805,5034.671,1.6,34.7,0.25,63.45,4229.87,91836.85,670.88,167933.39,1283.25,0.0,158928.8,10.01,15826,0,100,88771,3332,2111,7459,64,7459,9988,5168.06,1927.08,32.21,738.48,0.0,2326,0,0,2414,4117,5311,11709,153701,,148.43
main,batched k=4,,{},batched,4,500,5000,50,True,5000,1029.0092,4.859,4.8786,6203.366,6882.909,5794.045,0.42,1.72,92.12,5.74,2138.8,8862.97,473974.12,29528.7,3137.59,0.0,1143703.4,37.05,117516,49868,20,10594,2032,54220,1923,23,1923,0,0.0,0.0,21.71,145.08,0.0,0,3938,109335,0,0,0,0,135056,,10.35
main,batched k=4,,{},batched,5,500,5000,50,True,5000,1046.986,4.7756,4.8021,6172.204,6932.548,5952.891,0.4,1.58,93.18,4.84,2084.71,8286.12,487788.12,25334.02,2672.37,0.0,1166292.3,37.13,119696,50758,20,10482,2057,55781,1965,23,1965,0,0.0,0.0,21.78,153.46,0.0,0,4010,111368,0,0,0,0,137166,,10.52
main,batched-aimd,,{},batched-aimd,0,500,5000,50,True,5000,562.7104,8.8856,9.1413,3236.838,3448.674,3087.094,0.76,3.42,88.02,7.8,2143.14,9622.25,247635.62,21954.21,2593.47,0.0,605946.5,35.89,63012,22406,20,11030,2281,18998,1994,82,1994,0,0.0,0.0,21.97,848.65,0.0,0,982,55777,0,0,0,0,81118,,3.46
main,batched k=4,,{},batched,6,500,5000,50,True,5000,1081.9414,4.6213,4.6028,6489.698,7002.99,6100.384,0.39,1.53,92.44,5.63,2135.17,8270.61,500094.74,30470.19,3515.0,0.0,1200850.3,37.0,123528,53382,20,9924,2174,57316,2033,24,2033,0,0.0,0.0,22.18,165.66,0.0,0,4154,114979,0,0,0,0,140509,,10.61
main,batched k=4,,{},batched,7,500,5000,50,True,5000,1044.159,4.7885,4.7353,6254.807,6863.207,5843.232,0.42,1.7,91.57,6.31,2180.71,8888.03,478048.0,32962.76,2885.14,0.0,1156598.2,36.92,118795,50253,20,10821,2252,55821,1962,21,1962,0,0.0,0.0,21.31,158.91,0.0,0,4002,110467,0,0,0,0,136599,,10.92
main,batched-aimd,,{},batched-aimd,1,500,5000,50,True,5000,544.5598,9.1817,9.2019,3197.021,3514.728,3053.79,0.77,3.2,90.26,5.76,2108.89,8714.91,245767.62,15688.5,1576.44,0.0,597572.9,36.58,62022,21625,20,10566,2128,18838,1977,70,1977,0,0.0,0.0,11.42,118.15,0.0,0,966,54864,0,0,0,0,79635,,3.39
fair,beanstalk quarantine no-budget,,"{""budget"": false, ""green_mode"": ""quarantine""}",beanstalk,8,1000,10000,100,True,10000,226.6988,44.1114,65.2792,5287.653,9981.639,5469.965,1.89,39.54,0.28,58.29,4285.2,89635.41,627.21,132150.95,846.04,0.0,151230.8,11.12,15065,0,100,83800,3485,3238,7171,60,7171,9988,5540.68,2322.32,16.79,214.73,0.0,2978,0,0,2427,3203,4986,11862,147781,,152.94
main,batched k=4,,{},batched,8,500,5000,50,True,5000,1058.3708,4.7242,4.6331,6258.365,7339.908,5974.152,0.4,1.59,92.49,5.53,2100.4,8405.56,489440.46,29238.98,4786.04,0.0,1175231.6,37.01,120632,50683,20,10300,2151,57094,1984,22,1984,0,0.0,0.0,21.51,166.63,0.0,0,4046,112247,0,0,0,0,137938,,10.77
main,batched-aimd,,{},batched-aimd,2,500,5000,50,True,5000,547.6668,9.1296,9.1079,3259.494,3500.925,3077.682,0.78,3.38,90.28,5.56,2128.39,9258.56,247214.91,15231.53,1334.96,0.0,603795.3,36.75,62808,21980,20,11251,2250,19213,2008,71,2008,0,0.0,0.0,11.47,76.02,0.0,0,967,55563,0,0,0,0,81138,,3.29
fair,beanstalk quarantine no-budget,,"{""budget"": false, ""green_mode"": ""quarantine""}",beanstalk,6,1000,10000,100,True,10000,244.8166,40.8469,59.3015,6317.292,10864.599,6342.081,1.73,34.83,0.25,63.19,4231.65,85268.57,620.78,154695.63,1169.57,0.0,160995.8,10.96,16024,0,100,81648,3478,3194,7402,65,7402,9983,6744.52,2724.99,25.9,572.45,0.0,2659,0,0,2488,3951,5159,12073,146889,,155.33
fair,beanstalk quarantine no-budget,,"{""budget"": false, ""green_mode"": ""quarantine""}",beanstalk,4,1000,10000,100,True,10000,250.861,39.8627,55.7227,5132.515,11349.362,5809.512,1.71,37.18,0.26,60.85,4278.65,93279.29,659.5,152643.57,1107.21,0.0,169134.5,11.24,16824,0,100,88035,3602,3300,7505,95,7505,9988,5316.82,2330.58,18.9,273.93,0.0,3011,0,0,2486,4935,5306,11889,154590,,171.38
main,batched k=4,,{},batched,9,500,5000,50,True,5000,1080.3346,4.6282,4.5178,6509.563,7137.254,6101.852,0.39,1.55,92.59,5.47,2122.66,8371.71,500116.0,29556.92,1963.55,0.0,1197718.1,36.96,122969,51581,20,10174,2058,59132,2033,14,2033,0,0.0,0.0,21.67,210.88,0.0,0,4126,114419,0,0,0,0,140190,,10.85
main,batched-aimd,,{},batched-aimd,3,500,5000,50,True,5000,560.9203,8.9139,8.9247,3333.708,3547.708,3156.637,0.76,3.24,90.55,5.44,2143.65,9088.49,253964.59,15263.42,1065.73,0.0,616931.1,36.66,64087,22164,20,10985,2276,19405,2054,75,2054,0,0.0,0.0,11.82,92.83,0.0,0,984,56699,0,0,0,0,82201,,3.28
main,batched-aimd,,{},batched-aimd,4,500,5000,50,True,5000,542.1168,9.2231,9.1624,3237.506,3438.877,3053.004,0.79,3.38,90.48,5.35,2138.8,9161.71,245255.27,14502.62,1347.0,0.0,598832.2,36.82,62250,21831,20,10695,2104,18546,1964,64,1964,0,0.0,0.0,11.63,70.83,0.0,0,988,55072,0,0,0,0,79973,,3.24
main,batched-aimd,,{},batched-aimd,5,500,5000,50,True,5000,549.03,9.107,9.1122,3244.019,3496.419,3105.463,0.76,3.12,91.15,4.97,2084.71,8568.0,250220.6,13641.67,1104.99,0.0,607828.7,36.9,63352,22483,20,10611,2075,18667,2002,73,2002,0,0.0,0.0,11.33,77.29,0.0,0,990,56064,0,0,0,0,81038,,3.21
main,batched-aimd,,{},batched-aimd,6,500,5000,50,True,5000,557.9986,8.9606,8.8912,3292.219,3602.232,3136.356,0.77,3.1,90.58,5.56,2135.17,8636.06,252726.94,15501.11,1554.19,0.0,617080.9,36.86,64224,22770,20,10245,2265,19332,2074,73,2074,0,0.0,0.0,11.44,64.78,0.0,0,967,56865,0,0,0,0,81616,,3.23
main,batched-aimd,,{},batched-aimd,8,500,5000,50,True,5000,551.8556,9.0603,9.0352,3229.957,3576.885,3081.004,0.76,3.17,89.88,6.19,2100.4,8739.38,248010.94,17077.06,2643.44,0.0,606188.6,36.62,63132,22326,20,10562,2204,18666,2002,70,2002,0,0.0,0.0,11.92,191.35,0.0,0,988,55796,0,0,0,0,80766,,3.25
main,batched-aimd,,{},batched-aimd,7,500,5000,50,True,5000,551.8659,9.0602,9.1377,3229.008,3484.639,3046.568,0.79,3.46,88.55,7.2,2180.71,9555.49,244325.2,19871.55,1334.16,0.0,602685.8,36.4,62750,22092,20,11308,2360,18832,2002,56,2002,0,0.0,0.0,13.12,301.27,0.0,0,980,55459,0,0,0,0,81116,,3.46
main,batched-aimd,,{},batched-aimd,9,500,5000,50,True,5000,556.5121,8.9845,8.9225,3295.037,3595.346,3124.261,0.76,3.12,90.44,5.67,2122.66,8694.33,251660.71,15778.33,803.69,0.0,614035.7,36.78,63812,22247,20,10500,2131,19254,2046,73,2046,0,0.0,0.0,11.37,67.72,0.0,0,976,56469,0,0,0,0,81431,,3.41
main,batched+place,,{},batched+place,0,500,5000,50,True,5000,1055.9415,4.7351,4.6983,6298.516,6861.592,5945.348,0.41,1.69,92.15,5.75,2143.14,8914.61,486531.03,30381.98,2430.05,0.0,1163742.7,36.74,119534,49940,20,10926,2227,56684,1978,20,1978,4989,0.0,0.0,20.99,153.42,0.0,0,4035,111139,0,0,0,0,137458,,15.61
main,batched+place,,{},batched+place,1,500,5000,50,True,5000,1057.7531,4.727,4.6475,6272.316,7265.636,6005.372,0.4,1.59,93.03,4.98,2108.89,8416.46,492031.24,26319.98,2271.52,0.0,1173795.5,36.99,120454,50495,20,10319,2030,57694,1975,23,1975,4986,0.0,0.0,21.69,151.6,0.0,0,4047,112083,0,0,0,0,137771,,15.29
main,batched+place,,{},batched+place,3,500,5000,50,True,5000,1032.1622,4.8442,4.8041,6106.424,6778.262,5864.185,0.42,1.66,93.03,4.89,2143.65,8592.58,480089.48,25255.37,1682.11,0.0,1143019.0,36.91,117395,49512,20,10570,2254,54311,1925,31,1925,4987,0.0,0.0,21.34,164.78,0.0,0,3948,109174,0,0,0,0,134921,,15.34
main,batched+place,,{},batched+place,2,500,5000,50,True,5000,1047.8266,4.7718,4.7374,6220.666,6703.83,5906.293,0.41,1.65,92.29,5.65,2128.39,8665.94,483525.11,29593.86,3157.77,0.0,1157891.8,36.83,118770,49244,20,10594,2175,56743,1965,19,1965,4986,0.0,0.0,20.4,155.46,0.0,0,3990,110417,0,0,0,0,136348,,15.43
main,batched+place,,{},batched+place,4,500,5000,50,True,5000,1030.5918,4.8516,4.7735,6167.261,7078.604,5855.327,0.42,1.7,92.99,4.89,2138.8,8751.65,479192.24,25213.23,2138.61,0.0,1143684.3,36.99,117452,49431,20,10436,2006,54849,1930,18,1930,4985,0.0,0.0,21.68,153.72,0.0,0,3941,109271,0,0,0,0,134836,,15.25
main,batched+place,,{},batched+place,5,500,5000,50,True,5000,1070.0357,4.6727,4.6531,6400.409,7000.336,6091.911,0.39,1.54,93.35,4.72,2084.71,8226.86,499432.38,25273.88,1302.78,0.0,1187426.1,36.99,121833,50891,20,10255,2068,57912,1990,28,1990,4987,0.0,0.0,21.95,256.58,0.0,0,4074,113393,0,0,0,0,139106,,15.31
main,batched+place,,{},batched+place,6,500,5000,50,True,5000,1107.2877,4.5155,4.4908,6607.918,7108.133,6265.956,0.39,1.46,92.85,5.3,2135.17,8096.46,514066.53,29345.67,2744.72,0.0,1231820.5,37.08,126441,53809,20,9645,2253,60043,2084,17,2084,4984,0.0,0.0,21.76,133.02,0.0,0,4238,117698,0,0,0,0,143187,,15.42
main,serial,,{},serial,0,1000,10000,100,True,10000,2188.6891,4.5689,4.5731,13045.12,13453.715,12422.493,0.2,0.41,94.19,5.21,4294.16,8943.03,2061472.45,113979.46,5700.02,0.0,131194.3,1.0,12823,0,1,9879,2865,2823,2606,217,2606,0,0.0,0.0,8.12,74.57,0.0,0,0,0,0,0,0,0,35525,,1.83
main,serial,,{},serial,1,1000,10000,100,True,10000,2189.8812,4.5665,4.5999,12991.764,13321.872,12370.25,0.2,0.41,93.74,5.66,4296.05,8933.69,2052774.72,123876.76,6091.87,0.0,130979.9,1.0,12810,0,1,9790,2820,2810,2602,208,2602,0,0.0,0.0,8.64,383.88,0.0,0,0,0,0,0,0,0,35410,,1.65
main,serial,,{},serial,2,1000,10000,100,True,10000,2177.3681,4.5927,4.5987,12992.616,13335.24,12358.273,0.2,0.42,94.18,5.21,4277.82,9047.05,2050665.08,113378.15,6076.16,0.0,130569.0,1.0,12758,0,1,9852,2828,2758,2563,195,2563,0,0.0,0.0,7.99,69.95,0.0,0,0,0,0,0,0,0,35368,,1.64
main,serial,,{},serial,3,1000,10000,100,True,10000,2170.5813,4.6071,4.6259,12922.66,13238.83,12287.794,0.19,0.4,93.95,5.45,4227.47,8768.88,2039196.78,118388.17,5103.18,0.0,130050.2,1.0,12719,0,1,9828,2928,2719,2527,192,2527,0,0.0,0.0,7.96,68.07,0.0,0,0,0,0,0,0,0,35266,,1.69
main,serial,,{},serial,4,1000,10000,100,True,10000,2172.3955,4.6032,4.617,12950.736,13342.115,12331.075,0.2,0.41,94.19,5.2,4278.65,8910.69,2046268.52,112937.64,4898.64,0.0,130210.2,1.0,12706,0,1,9794,2836,2706,2526,180,2526,0,0.0,0.0,7.97,77.25,0.0,0,0,0,0,0,0,0,35206,,1.67
main,batched+place,,{},batched+place,7,500,5000,50,True,5000,1062.8117,4.7045,4.6794,6307.694,6899.703,5959.42,0.41,1.67,91.78,6.14,2180.71,8872.76,487745.61,32606.76,2942.57,0.0,1174173.8,36.83,120458,50438,20,10672,2246,57244,1988,17,1988,4988,0.0,0.0,21.44,247.0,0.0,0,4049,112025,0,0,0,0,138135,,15.5
main,batched+place,,{},batched+place,8,500,5000,50,True,5000,1085.4862,4.6062,4.5876,6339.771,7610.144,6094.887,0.39,1.55,92.04,6.03,2100.4,8392.58,499514.69,32735.43,4062.4,0.0,1203917.8,36.97,123587,52313,20,10178,2039,58991,2030,25,2030,4986,0.0,0.0,21.67,217.9,0.0,0,4153,115017,0,0,0,0,140820,,15.56
main,serial,,{},serial,5,1000,10000,100,True,10000,2185.9109,4.5748,4.5873,13032.318,13370.952,12405.584,0.2,0.41,94.18,5.22,4283.64,8860.76,2058736.63,114029.89,4931.88,0.0,131036.8,1.0,12802,0,1,9720,2969,2802,2595,207,2595,0,0.0,0.0,8.09,98.14,0.0,0,0,0,0,0,0,0,35324,,1.68
main,batched+place,,{},batched+place,9,500,5000,50,True,5000,1074.4831,4.6534,4.5614,6463.846,6910.366,6069.413,0.4,1.57,92.57,5.46,2122.66,8446.57,497337.88,29334.46,2379.18,0.0,1192592.8,37.0,122449,51932,20,10244,2051,58018,2023,17,2023,4986,0.0,0.0,21.83,174.84,0.0,0,4108,113948,0,0,0,0,139733,,15.74
main,serial,,{},serial,6,1000,10000,100,True,10000,2194.369,4.5571,4.5851,13061.26,13455.696,12432.096,0.19,0.4,94.02,5.38,4231.65,8790.32,2063225.66,118121.34,5687.35,0.0,131449.7,1.0,12850,0,1,9719,2902,2850,2626,224,2626,0,0.0,0.0,8.21,154.03,0.0,0,0,0,0,0,0,0,35419,,1.75
main,serial,,{},serial,7,1000,10000,100,True,10000,2170.2189,4.6078,4.6132,12991.303,13215.194,12301.23,0.19,0.41,94.06,5.34,4229.87,8821.82,2041383.23,115783.97,6122.95,0.0,130025.6,1.0,12690,0,1,9861,2732,2690,2488,202,2488,0,0.0,0.0,7.94,103.71,0.0,0,0,0,0,0,0,0,35241,,1.64
main,serial,,{},serial,8,1000,10000,100,True,10000,2192.3865,4.5612,4.5802,13055.319,13458.471,12433.28,0.2,0.41,94.11,5.29,4285.2,9067.87,2063145.4,115887.99,5571.83,0.0,131479.9,1.0,12830,0,1,9771,2741,2830,2619,211,2619,0,0.0,0.0,8.11,72.78,0.0,0,0,0,0,0,0,0,35431,,1.8
main,serial,,{},serial,9,1000,10000,100,True,10000,2191.4622,4.5632,4.5912,13060.463,13291.701,12403.808,0.19,0.4,93.93,5.47,4248.69,8822.41,2058478.94,119912.13,5299.64,0.0,131002.9,1.0,12795,0,1,9717,2535,2795,2606,189,2606,0,0.0,0.0,8.48,270.39,0.0,0,0,0,0,0,0,0,35307,,1.73
fair,beanstalk quarantine no-budget,,"{""budget"": false, ""green_mode"": ""quarantine""}",beanstalk,9,1000,10000,100,True,10000,233.4853,42.8292,85.6024,5171.542,10030.164,5721.29,1.82,38.89,0.29,59.0,4248.69,90807.7,676.65,137752.3,666.32,0.0,152909.4,10.91,15230,0,100,88631,3539,2256,7611,65,7611,9984,5364.92,2114.48,12.0,179.29,0.0,3183,0,0,2492,3162,5397,12067,152287,,174.14
fair,beanstalk quarantine no-budget,,"{""budget"": false, ""green_mode"": ""quarantine""}",beanstalk,5,1000,10000,100,True,10000,240.2315,41.6265,72.9664,4463.323,10303.932,5583.751,1.78,38.31,0.28,59.62,4283.64,92036.98,679.91,143230.92,1048.09,0.0,150588.4,10.45,14993,0,100,89528,4031,1643,7473,37,7473,9985,4867.98,2151.17,13.24,207.14,0.0,3154,0,0,2469,2915,5269,12078,152911,,189.87
main,beanstalk-noplace,,{},beanstalk-noplace,0,1000,10000,100,True,10000,381.1562,26.236,50.4864,3517.051,12969.161,6109.141,1.13,12.08,0.11,86.68,4294.16,46051.48,414.48,330396.08,44.84,329968.37,188445.2,8.24,18743,0,94,50095,3947,13268,9650,109,9650,0,2542.92,115.6,4357.23,12988.51,22672.4,207,0,0,2880,5457,6879,13286,120729,,8.57
main,beanstalk-noplace,,{},beanstalk-noplace,1,1000,10000,100,True,10000,451.8394,22.1318,20.2753,6182.579,17251.996,7624.133,0.95,10.46,0.09,88.5,4296.05,47249.96,412.15,399881.27,96.18,399400.96,192318.1,7.09,19123,0,100,50413,3928,13384,9771,129,9771,0,3581.93,118.43,6366.66,17257.23,26253.9,223,0,0,2966,5709,6935,13414,122367,,9.46
main,beanstalk,,{},beanstalk,3,1000,10000,100,True,10000,392.3048,25.4904,22.2923,2186.445,8781.641,3363.864,1.08,11.4,0.1,87.42,4227.47,44737.95,404.16,342935.26,33.87,342474.76,187128.1,7.95,18619,0,93,48946,3942,13026,9334,106,9334,9851,2515.49,114.31,2669.67,8786.57,23266.0,201,0,0,2914,5566,6529,13053,118752,,15.07
main,beanstalk,,{},beanstalk,0,1000,10000,100,True,10000,377.5401,26.4873,31.3814,3623.183,6768.264,4228.23,1.14,12.01,0.11,86.74,4294.16,45360.11,411.55,327474.3,23.84,327228.62,188821.4,8.34,18790,0,92,49518,3933,13179,9623,116,9623,9851,3196.16,114.78,2843.97,6787.62,22275.0,212,0,0,2895,5583,6844,13207,119673,,15.48
main,beanstalk,,{},beanstalk,1,1000,10000,100,True,10000,342.1929,29.2233,29.9217,2212.818,5033.886,2602.846,1.26,13.72,0.12,84.91,4296.05,46936.4,420.78,290539.64,182.46,286607.94,185832.7,9.05,18475,0,98,51269,3869,12999,9372,102,9372,9831,2654.45,117.65,1421.15,5044.56,19853.5,214,0,0,2823,5442,6652,13033,121884,,15.46
main,beanstalk,,{},beanstalk,8,1000,10000,100,True,10000,348.9265,28.6593,29.9519,2473.938,4269.873,2759.673,1.23,12.82,0.11,85.83,4285.2,44749.63,399.18,299492.53,41.4,298913.22,183340.1,8.76,18243,0,95,48415,3797,12761,9088,107,9088,9842,2210.41,117.56,1564.43,4275.94,20732.9,199,0,0,2775,5447,6421,12796,117447,,14.81
main,beanstalk,,{},beanstalk,7,1000,10000,100,True,10000,449.4952,22.2472,25.5548,4002.621,9502.956,4546.887,0.94,10.36,0.09,88.6,4229.87,46588.39,411.25,398265.69,40.35,397974.9,192001.7,7.12,19089,0,96,49948,3971,13421,9808,113,9808,9883,1807.2,116.46,3349.82,9507.49,26525.2,210,0,0,2980,5640,6943,13449,121669,,15.41
main,beanstalk,,{},beanstalk,4,1000,10000,100,True,10000,453.7913,22.0366,22.9188,3806.182,14956.489,6163.75,0.94,10.06,0.09,88.91,4278.65,45629.16,408.42,403475.11,190.2,401675.99,187135.7,6.87,18622,0,100,49124,4150,13103,9515,96,9515,9793,1805.04,117.37,5144.81,14961.91,27016.3,218,0,0,2878,5490,6735,13131,119060,,15.88
main,beanstalk-noplace,,{},beanstalk-noplace,2,1000,10000,100,True,10000,388.2389,25.7573,25.2705,3966.272,7529.709,3979.88,1.1,11.65,0.1,87.15,4277.82,45217.9,407.22,338335.99,36.42,338299.39,179234.1,7.69,17835,0,89,48841,3969,12591,8863,97,8863,0,3649.72,119.39,2615.3,7534.91,23151.8,211,0,0,2705,5215,6256,12620,116698,,6.0
main,beanstalk,,{},beanstalk,9,1000,10000,100,True,10000,348.028,28.7333,34.5944,2349.84,6858.404,3288.458,1.22,13.09,0.12,85.57,4248.69,45542.97,413.16,297823.18,76.98,297016.99,195000.8,9.34,19395,0,100,49716,3792,13410,9945,137,9945,9844,1615.58,114.7,2112.26,6868.54,20502.0,211,0,0,3049,5954,7034,13441,121534,,15.61
main,beanstalk,,{},beanstalk,6,1000,10000,100,True,10000,629.1312,15.8949,15.9382,5791.065,16918.42,7220.247,0.67,7.66,0.06,91.6,4231.65,48216.21,407.78,576275.53,50.12,575851.78,211970.0,5.62,21105,0,97,49131,4215,14826,11292,129,11292,9829,7131.29,113.75,6002.19,16925.79,37402.8,204,0,0,3464,6271,7957,14834,126019,,16.66
main,beanstalk,,{},beanstalk,2,1000,10000,100,True,10000,443.9045,22.5274,149.3739,8867.655,23394.564,10717.388,0.96,10.03,0.09,88.91,4277.82,44537.73,391.75,394697.18,16.09,394424.12,181242.1,6.8,18037,0,95,47591,3707,12882,9028,106,9028,9848,1932.02,117.15,10473.87,23401.27,26504.7,196,0,0,2701,5145,6433,12892,116152,,17.7
main,beanstalk,,{},beanstalk,5,1000,10000,100,False,8217,820.7308,10.0118,30.1061,6120.868,13090.538,6883.817,0.52,6.08,0.05,93.35,4283.64,49881.32,431.29,766134.55,870.21,759940.13,214742.5,4.36,21376,0,100,51470,4644,14958,11608,141,11605,9825,2933.32,114.86,11260.93,29999.91,48881.5,215,0,0,3503,6411,8246,14965,129304,stalled,17.64
main,beanstalk-noplace,,{},beanstalk-noplace,3,1000,10000,100,True,10000,389.4616,25.6765,29.1707,2272.286,10357.335,3613.046,1.09,11.96,0.11,86.85,4227.47,46563.57,416.49,338254.06,63.65,337856.8,191223.3,8.18,19020,0,100,51186,4245,13269,9593,95,9593,0,1565.5,116.91,3091.1,10368.1,22927.2,227,0,0,2959,5721,6729,13299,123190,,6.29
queue,batched k=1,,"{""batch_k"": 1}",batched,0,1000,10000,100,True,10000,682.8458,14.6446,14.6487,4037.136,4385.152,3850.96,0.63,1.95,92.04,5.38,4294.16,13335.39,628491.33,36724.92,4805.06,0.0,743799.9,18.15,78638,22619,20,14609,3660,17207,3462,225,3462,0,0.0,0.0,7.93,70.6,0.0,0,0,64951,0,0,0,0,106934,,3.78
queue,batched k=1,,"{""batch_k"": 1}",batched,1,1000,10000,100,True,10000,676.3535,14.7852,15.0854,3893.922,4344.288,3753.525,0.64,2.06,90.44,6.87,4296.05,13910.81,611676.61,46470.07,4493.02,0.0,730826.6,18.01,77435,22969,20,14744,3606,16387,3432,200,3432,0,0.0,0.0,10.08,432.52,0.0,0,0,63803,0,0,0,0,105811,,3.77
queue,batched k=1,,"{""batch_k"": 1}",batched,2,1000,10000,100,True,10000,676.1642,14.7893,15.0729,3928.539,4207.374,3739.023,0.63,2.04,90.12,7.2,4277.82,13780.79,609389.73,48715.87,4539.0,0.0,725799.2,17.89,76833,22058,20,14722,3664,16131,3396,204,3396,0,0.0,0.0,9.76,359.35,0.0,0,0,63233,0,0,0,0,105155,,3.77
queue,batched k=1,,"{""batch_k"": 1}",batched,3,1000,10000,100,True,10000,651.8235,15.3416,15.4736,3831.806,4153.117,3653.805,0.65,2.1,91.33,5.93,4227.47,13664.22,595303.28,38628.5,2852.11,0.0,710716.1,18.17,75560,22434,20,14972,3805,15686,3343,190,3343,0,0.0,0.0,7.75,61.81,0.0,0,0,62027,0,0,0,0,104065,,3.68
main,beanstalk-noplace,,{},beanstalk-noplace,4,1000,10000,100,True,10000,388.8097,25.7195,29.6703,2601.347,9596.711,3826.259,1.1,12.18,0.11,86.61,4278.65,47369.96,418.16,336742.94,546.99,333176.18,192022.4,8.23,19127,0,100,50583,4321,13546,9992,102,9992,0,3560.93,113.75,2954.02,9604.41,23146.9,216,0,0,3003,5559,7091,13568,123110,,6.24
queue,batched k=1,,"{""batch_k"": 1}",batched,4,1000,10000,100,True,10000,658.8131,15.1788,15.3049,3835.841,4305.88,3695.817,0.65,2.13,91.37,5.85,4278.65,14018.49,601950.97,38565.0,2915.56,0.0,716570.9,18.13,76031,22373,20,14664,3680,16003,3354,195,3354,0,0.0,0.0,7.99,71.44,0.0,0,0,62482,0,0,0,0,104244,,3.75
queue,batched k=1,,"{""batch_k"": 1}",batched,5,1000,10000,100,True,10000,678.6842,14.7344,14.9527,3942.135,4290.15,3787.857,0.63,2.06,90.96,6.35,4283.64,14011.78,617297.79,43091.03,4765.54,0.0,734249.9,18.03,77757,22950,20,14513,3695,16437,3413,230,3413,0,0.0,0.0,8.5,175.95,0.0,0,0,64114,0,0,0,0,105913,,3.69
main,beanstalk-noplace,,{},beanstalk-noplace,6,1000,10000,100,True,10000,353.8383,28.2615,31.713,4005.843,8773.5,4259.123,1.2,12.93,0.12,85.76,4231.65,45739.92,407.96,303458.72,39.5,303104.08,194856.0,9.18,19385,0,100,49537,4093,13439,9868,105,9868,0,3132.67,113.16,3062.87,8783.18,20958.3,208,0,0,3105,5926,6868,13459,121543,,6.66
main,beanstalk-noplace,,{},beanstalk-noplace,5,1000,10000,100,True,10000,498.4512,20.0621,17.6683,3384.013,16531.214,5270.775,0.86,9.52,0.08,89.54,4283.64,47428.34,415.92,446323.32,11.38,446139.27,199482.4,6.67,19845,0,97,50394,4447,13924,10367,128,10367,0,2534.58,117.33,5561.53,16536.85,29666.9,210,0,0,3148,5900,7348,13945,124076,,6.74
main,beanstalk-noplace,,{},beanstalk-noplace,8,1000,10000,100,True,10000,402.4224,24.8495,25.7164,2709.456,6222.264,3260.355,1.06,11.47,0.1,87.36,4285.2,46168.09,407.33,351561.78,452.21,345311.51,190023.7,7.87,18918,0,100,49316,3891,13137,9502,94,9502,0,1738.13,120.08,2033.58,6229.28,23752.8,210,0,0,2953,5744,6643,13174,119976,,5.86
main,beanstalk-noplace,,{},beanstalk-noplace,7,1000,10000,100,True,10000,356.8581,28.0223,26.7634,2660.265,10304.987,4325.048,1.19,12.93,0.12,85.77,4229.87,46139.65,423.62,306064.97,118.47,305369.3,184762.3,8.63,18380,0,93,51020,3955,12888,9316,115,9316,0,2108.19,115.46,3142.18,10316.27,20344.9,209,0,0,2816,5466,6617,12913,120797,,6.63
main,beanstalk-noplace,,{},beanstalk-noplace,9,1000,10000,100,True,10000,372.7127,26.8303,24.7445,4046.782,12514.925,5165.407,1.14,11.88,0.11,86.87,4248.69,44274.87,407.92,323781.22,64.98,323211.96,185487.3,8.29,18469,0,98,48838,3747,12925,9301,103,9301,0,1482.87,116.54,4180.67,12518.06,21697.6,212,0,0,2847,5525,6557,12944,117873,,6.72
queue,batched k=1,,"{""batch_k"": 1}",batched,6,1000,10000,100,True,10000,671.1688,14.8994,14.9783,3924.502,4318.98,3769.276,0.63,1.96,91.64,5.77,4231.65,13136.25,615076.46,38724.44,4217.32,0.0,730771.6,18.15,77361,22688,20,14393,3593,16438,3442,186,3442,0,0.0,0.0,8.1,90.37,0.0,0,0,63733,0,0,0,0,105382,,5.08
queue,batched k=1,,"{""batch_k"": 1}",batched,7,1000,10000,100,True,10000,688.7405,14.5193,14.8728,3990.108,4258.245,3765.466,0.61,2.21,88.91,8.27,4229.87,15190.03,612387.65,56932.9,6743.19,0.0,728271.4,17.62,77211,22988,20,15003,3631,16313,3415,207,3415,0,0.0,0.0,14.58,654.74,0.0,0,0,63589,0,0,0,0,105836,,5.33
queue,batched k=1,,"{""batch_k"": 1}",batched,8,1000,10000,100,True,10000,677.0217,14.7706,15.107,3924.683,4295.854,3763.221,0.63,2.02,90.62,6.73,4285.2,13672.0,613531.46,45533.01,3880.75,0.0,732109.7,18.02,77557,22866,20,14636,3553,16352,3436,195,3436,0,0.0,0.0,10.66,488.05,0.0,0,0,63926,0,0,0,0,105824,,4.97
queue,batched k=1,,"{""batch_k"": 1}",batched,9,1000,10000,100,True,10000,690.7651,14.4767,14.6754,4033.126,4338.467,3849.469,0.62,1.94,90.93,6.51,4248.69,13435.09,628143.03,44938.25,5112.63,0.0,743114.6,17.93,78772,23353,20,14368,3265,16922,3479,212,3479,0,0.0,0.0,9.18,234.67,0.0,0,0,65081,0,0,0,0,106831,,5.17
fair,batched k=1 released,,"{""batch_k"": 1, ""queue_agents"": ""released""}",batched,0,1000,10000,100,True,10000,680.7428,14.6898,14.8175,18934.903,36053.438,18886.13,0.63,2.27,0.0,97.1,4294.16,15471.27,0.0,660977.39,0.0,0.0,732064.8,17.92,77532,22502,20,17280,4866,16434,3426,207,3426,0,0.0,0.0,9.77,316.53,0.0,0,0,63899,0,0,0,0,108445,,4.15
fair,batched k=1 released,,"{""batch_k"": 1, ""queue_agents"": ""released""}",batched,1,1000,10000,100,True,10000,686.055,14.5761,15.2416,18545.688,35539.468,18508.445,0.63,2.35,0.0,97.03,4296.05,16109.96,0.0,665649.02,0.0,0.0,721851.1,17.54,76623,22711,20,17971,5168,16223,3401,188,3401,0,0.0,0.0,19.45,937.83,0.0,0,0,63034,0,0,0,0,108183,,4.19
fair,batched k=1 released,,"{""batch_k"": 1, ""queue_agents"": ""released""}",batched,2,1000,10000,100,True,10000,670.2891,14.9189,15.2344,18708.617,34941.457,18484.315,0.64,2.31,0.0,97.05,4277.82,15466.66,0.0,650544.58,0.0,0.0,720937.4,17.93,76573,22768,20,17050,5042,16019,3380,197,3380,0,0.0,0.0,10.01,361.29,0.0,0,0,62996,0,0,0,0,107200,,4.16
fair,batched k=1 released,,"{""batch_k"": 1, ""queue_agents"": ""released""}",batched,3,1000,10000,100,True,10000,653.196,15.3093,15.5097,18429.62,34484.904,18278.289,0.65,2.38,0.0,96.97,4227.47,15578.25,0.0,633390.23,0.0,0.0,709285.9,18.1,75373,22466,20,17928,5534,15564,3337,185,3337,0,0.0,0.0,8.18,163.91,0.0,0,0,61851,0,0,0,0,106823,,4.11
fair,batched k=1 released,,"{""batch_k"": 1, ""queue_agents"": ""released""}",batched,4,1000,10000,100,True,10000,665.1682,15.0338,15.4159,18022.205,34802.895,18156.888,0.64,2.32,0.0,97.04,4278.65,15422.94,0.0,645466.59,0.0,0.0,719485.2,18.03,76344,22404,20,17299,4874,16204,3369,203,3369,0,0.0,0.0,8.61,184.03,0.0,0,0,62772,0,0,0,0,107215,,5.62
fair,batched k=1 released,,"{""batch_k"": 1, ""queue_agents"": ""released""}",batched,5,1000,10000,100,True,10000,697.4774,14.3374,14.8444,18293.25,36154.342,18711.407,0.61,2.16,0.0,97.22,4283.64,15083.35,0.0,678110.38,0.0,0.0,737867.2,17.63,78231,22818,20,17019,5357,16823,3455,213,3455,0,0.0,0.0,10.5,307.05,0.0,0,0,64563,0,0,0,0,108918,,5.67
fair,batched k=1 released,,"{""batch_k"": 1, ""queue_agents"": ""released""}",batched,6,1000,10000,100,True,10000,680.015,14.7056,15.0446,19405.284,36075.974,19198.733,0.62,2.22,0.0,97.16,4231.65,15092.28,0.0,660691.03,0.0,0.0,736090.7,18.04,78007,22908,20,17004,4871,16467,3448,212,3448,0,0.0,0.0,8.07,92.53,0.0,0,0,64347,0,0,0,0,108671,,4.73
fair,batched k=1 released,,"{""batch_k"": 1, ""queue_agents"": ""released""}",batched,7,1000,10000,100,True,10000,677.2925,14.7647,15.2821,17880.559,34960.009,18048.212,0.62,2.28,0.0,97.09,4229.87,15464.47,0.0,657598.18,0.0,0.0,714172.7,17.57,75741,22617,20,17479,4674,15979,3356,188,3356,0,0.0,0.0,12.58,482.92,0.0,0,0,62197,0,0,0,0,106764,,4.69
fair,batched k=1 released,,"{""batch_k"": 1, ""queue_agents"": ""released""}",batched,8,1000,10000,100,True,10000,678.878,14.7302,15.1241,18187.68,35388.369,18449.398,0.63,2.27,0.0,97.1,4285.2,15431.41,0.0,659161.43,0.0,0.0,726189.8,17.83,76983,22405,20,17083,4863,16186,3383,216,3383,0,0.0,0.0,10.04,384.51,0.0,0,0,63384,0,0,0,0,107665,,4.61
fair,batched k=1 released,,"{""batch_k"": 1, ""queue_agents"": ""released""}",batched,9,1000,10000,100,True,10000,684.4918,14.6094,14.9214,19299.99,36087.227,19196.737,0.62,2.22,0.0,97.16,4248.69,15223.97,0.0,665019.16,0.0,0.0,737142.8,17.95,78085,23360,20,17271,4587,16587,3447,220,3447,0,0.0,0.0,8.44,138.52,0.0,0,0,64418,0,0,0,0,109023,,4.79
main,serial,,{},serial,0,500,5000,50,True,5000,1105.3292,4.5235,4.526,6588.239,6832.435,6264.723,0.39,0.77,93.69,5.15,2143.14,4246.08,517814.15,28461.21,1540.68,0.0,66253.0,2.0,6455,0,1,4425,1181,1455,1362,93,1362,0,0.0,0.0,8.29,80.14,0.0,0,0,0,0,0,0,0,17335,,0.74
main,serial,,{},serial,1,500,5000,50,True,5000,1097.1606,4.5572,4.5692,6517.477,6791.915,6218.867,0.38,0.76,93.71,5.15,2108.89,4176.22,514062.69,28232.51,1605.74,0.0,65785.1,2.0,6426,0,1,4374,1126,1426,1325,101,1325,0,0.0,0.0,8.1,74.02,0.0,0,0,0,0,0,0,0,17226,,0.71
main,serial,,{},serial,2,500,5000,50,True,5000,1101.7993,4.538,4.5175,6584.929,6844.766,6241.513,0.39,0.76,93.65,5.2,2128.39,4200.4,515925.7,28645.14,1301.32,0.0,66087.3,2.0,6449,0,1,4397,1126,1449,1343,106,1343,0,0.0,0.0,8.23,65.61,0.0,0,0,0,0,0,0,0,17295,,0.82
main,serial,,{},serial,3,500,5000,50,True,5000,1099.1455,4.549,4.5503,6569.654,6775.191,6228.141,0.39,0.78,93.65,5.17,2143.65,4312.09,514699.62,28417.39,1212.3,0.0,65899.2,2.0,6437,0,1,4439,1088,1437,1351,86,1351,0,0.0,0.0,8.21,70.21,0.0,0,0,0,0,0,0,0,17313,,0.71
queue,batched-par k=1,,"{""batch_k"": 1}",batched-par,0,1000,10000,100,True,10000,552.4531,18.1011,18.6398,3154.098,3512.469,2990.331,0.78,4.08,86.14,9.01,4294.16,22522.83,475865.68,49770.49,4273.16,0.0,911144.5,27.49,104285,42630,89,26445,5866,24707,4326,195,4326,0,0.0,0.0,17.4,865.75,0.0,0,0,89764,0,0,0,0,145251,,30.21
main,serial,,{},serial,4,500,5000,50,True,5000,1096.7236,4.559,4.5657,6525.039,6763.402,6210.453,0.39,0.78,93.6,5.23,2138.8,4257.5,513280.25,28685.25,1293.17,0.0,65763.5,2.0,6421,0,1,4415,1088,1421,1318,103,1318,0,0.0,0.0,8.13,66.96,0.0,0,0,0,0,0,0,0,17257,,0.7
queue,batched-par k=1,,"{""batch_k"": 1}",batched-par,5,1000,10000,100,True,10000,530.2672,18.8584,19.3807,3072.228,3501.798,2921.014,0.81,4.22,87.59,7.38,4283.64,22382.38,464453.34,39147.84,2982.63,0.0,912903.2,28.69,104017,41696,100,26048,5789,24526,4265,200,4265,0,0.0,0.0,6.66,182.12,0.0,0,0,89552,0,0,0,0,144530,,29.88
queue,batched-par k=1,,"{""batch_k"": 1}",batched-par,4,1000,10000,100,True,10000,541.256,18.4755,19.0232,3113.858,3489.358,2953.501,0.79,4.27,86.67,8.26,4278.65,23136.47,469113.69,44727.23,3577.81,0.0,917033.7,28.24,105542,43562,99,26824,5936,24642,4318,183,4318,0,0.0,0.0,11.56,586.16,0.0,0,0,91041,0,0,0,0,146867,,29.99
main,serial,,{},serial,5,500,5000,50,True,5000,1106.9728,4.5168,4.5155,6590.788,6841.206,6285.147,0.38,0.75,93.88,4.99,2084.71,4168.5,519593.72,27639.45,1008.24,0.0,66406.6,2.0,6482,0,1,4393,1044,1482,1377,105,1377,0,0.0,0.0,8.19,55.58,0.0,0,0,0,0,0,0,0,17357,,0.69
main,serial,,{},serial,6,500,5000,50,True,5000,1114.6783,4.4856,4.498,6636.791,6854.51,6313.081,0.38,0.75,93.65,5.22,2135.17,4166.18,521923.92,29113.86,1592.19,0.0,66836.1,2.0,6534,0,1,4237,1195,1534,1427,107,1427,0,0.0,0.0,8.38,77.41,0.0,0,0,0,0,0,0,0,17305,,0.72
queue,batched-par k=1,,"{""batch_k"": 1}",batched-par,2,1000,10000,100,True,10000,536.0377,18.6554,19.2071,3109.933,3461.079,2948.807,0.8,4.36,87.32,7.52,4277.82,23377.23,468090.55,40292.1,3823.07,0.0,918616.1,28.56,105238,42642,100,26980,5729,24679,4302,197,4302,0,0.0,0.0,7.4,272.63,0.0,0,0,90739,0,0,0,0,146717,,30.29
queue,batched-par k=1,,"{""batch_k"": 1}",batched-par,3,1000,10000,100,True,10000,537.5364,18.6034,19.1682,3095.725,3474.68,2934.154,0.79,4.3,86.68,8.24,4227.47,23093.58,465932.11,44283.24,3360.65,0.0,918165.8,28.47,105168,42845,89,27373,6066,24137,4326,205,4326,0,0.0,0.0,8.93,437.11,0.0,0,0,90637,0,0,0,0,147072,,30.41
main,serial,,{},serial,7,500,5000,50,True,5000,1103.8415,4.5296,4.5645,6530.219,6718.686,6201.429,0.4,0.78,92.86,5.97,2180.71,4284.73,512501.01,32954.29,1487.35,0.0,65933.4,1.99,6437,0,1,4403,1159,1437,1331,106,1331,0,0.0,0.0,8.79,295.39,0.0,0,0,0,0,0,0,0,17277,,0.71
queue,batched-par k=1,,"{""batch_k"": 1}",batched-par,6,1000,10000,100,True,10000,545.2385,18.3406,18.4613,3177.675,3617.359,3044.312,0.78,3.99,89.06,6.17,4231.65,21773.72,485611.55,33621.63,2829.23,0.0,941653.4,28.78,108253,45241,73,25668,5793,24899,4404,201,4404,0,0.0,0.0,6.03,60.86,0.0,0,0,93648,0,0,0,0,148526,,30.08
queue,batched-par k=1,,"{""batch_k"": 1}",batched-par,1,1000,10000,100,True,10000,554.6239,18.0302,18.333,3207.5,3614.041,3041.426,0.77,4.18,87.22,7.83,4296.05,23182.95,483721.46,43423.42,3768.32,0.0,944990.6,28.4,107335,43397,82,26831,5673,25897,4390,205,4390,0,0.0,0.0,10.24,545.47,0.0,0,0,92740,0,0,0,0,148761,,30.65
main,serial,,{},serial,8,500,5000,50,True,5000,1098.3008,4.5525,4.5594,6513.472,6760.199,6192.466,0.38,0.74,93.23,5.65,2100.4,4083.59,511955.25,31011.17,2320.93,0.0,65811.3,2.0,6431,0,1,4347,1097,1431,1334,97,1334,0,0.0,0.0,8.15,82.61,0.0,0,0,0,0,0,0,0,17209,,0.79
main,serial,,{},serial,9,500,5000,50,True,5000,1103.5746,4.5307,4.5146,6573.832,6800.444,6242.082,0.38,0.76,93.51,5.34,2122.66,4169.83,516003.66,29491.13,960.29,0.0,66165.8,2.0,6465,0,1,4341,1047,1465,1362,103,1362,0,0.0,0.0,8.17,72.53,0.0,0,0,0,0,0,0,0,17271,,0.79
queue,batched-par k=1,,"{""batch_k"": 1}",batched-par,7,1000,10000,100,True,10000,559.3925,17.8765,18.338,3219.974,3596.699,3021.821,0.76,4.3,85.74,9.21,4229.87,24028.62,479608.2,51525.82,4938.74,0.0,929340.2,27.69,106001,43729,94,27402,5569,24990,4342,198,4342,0,0.0,0.0,12.28,618.13,0.0,0,0,91461,0,0,0,0,147943,,30.37
queue,batched-par k=1,,"{""batch_k"": 1}",batched-par,8,1000,10000,100,True,10000,539.5915,18.5325,18.7504,3130.329,3666.726,2985.615,0.79,4.29,87.93,6.99,4285.2,23152.06,474450.43,37703.82,2737.71,0.0,921065.2,28.45,106075,44177,84,26685,5551,24695,4354,189,4354,0,0.0,0.0,6.54,119.47,0.0,0,0,91532,0,0,0,0,147303,,28.58
queue,batched-par k=1,,"{""batch_k"": 1}",batched-par,9,1000,10000,100,True,10000,545.6893,18.3254,18.1717,3214.414,3564.174,3033.603,0.78,3.94,88.72,6.57,4248.69,21478.04,484122.51,35840.04,2654.33,0.0,931815.3,28.46,107064,44314,91,25845,5001,24762,4395,224,4395,0,0.0,0.0,7.06,269.37,0.0,0,0,92445,0,0,0,0,147528,,29.1
main,beanstalk-noplace,,{},beanstalk-noplace,0,500,5000,50,True,5000,237.4359,21.0583,21.0059,1509.486,5602.305,2351.154,1.81,11.42,0.08,86.69,2143.14,13562.68,100.8,102911.34,13.61,102571.76,81637.7,11.46,8130,0,50,13332,1292,6484,3441,34,3441,0,1473.06,100.47,1684.39,5611.13,14052.5,110,0,0,1035,1613,2441,6517,44232,,1.6
main,beanstalk,,{},beanstalk,0,500,5000,50,True,5000,230.6717,21.6758,26.0612,1701.744,4583.181,2150.389,1.86,12.04,0.09,86.01,2143.14,13891.56,105.06,99196.08,64.56,98532.5,84307.2,12.18,8394,0,50,13850,1251,6631,3619,41,3619,4818,1039.43,101.11,1399.45,4601.4,13667.5,123,0,0,1062,1727,2599,6667,45396,,4.17
main,beanstalk,,{},beanstalk,1,500,5000,50,False,3077,618.843,4.9722,35.4504,1848.908,2950.135,2067.47,0.68,4.54,0.03,94.74,2107.73,14055.22,102.17,293156.4,35.26,292806.3,81449.7,4.39,8102,0,50,13465,1147,6345,3384,33,3384,4855,996.59,113.0,12364.17,29996.33,36988.1,112,0,0,1032,1730,2386,6370,44031,stalled,4.02
main,beanstalk,,{},beanstalk,2,500,5000,50,True,5000,262.8551,19.0219,18.104,2793.76,10388.15,3770.346,1.62,10.09,0.08,88.22,2128.39,13260.5,99.04,115939.61,72.9,114886.74,84633.3,10.73,8422,0,50,12979,1206,6613,3552,34,3552,4841,696.42,100.03,3852.99,10393.6,15417.7,105,0,0,1098,1793,2489,6629,44233,,4.07
main,beanstalk,,{},beanstalk,3,500,5000,50,True,5000,195.0922,25.6289,23.2326,1474.516,3617.539,1855.959,2.2,13.91,0.11,83.79,2143.65,13570.03,102.76,81729.67,19.47,81687.11,83692.9,14.3,8331,0,50,13625,1268,6495,3485,30,3485,4867,1363.01,98.78,1129.6,3627.81,11542.9,106,0,0,1094,1789,2421,6542,44891,,4.16
main,beanstalk,,{},beanstalk,5,500,5000,50,True,5000,209.4033,23.8774,22.2075,1718.304,2811.531,1876.95,1.99,12.93,0.1,84.98,2084.71,13533.07,106.27,88977.62,20.71,88750.34,81733.0,13.01,8148,0,50,13930,1279,6223,3506,35,3506,4836,1522.38,99.03,1061.86,2817.29,11957.0,110,0,0,1053,1895,2489,6253,44693,,4.1
main,beanstalk,,{},beanstalk,4,500,5000,50,True,5000,277.8569,17.9949,17.4843,3189.168,9766.148,4697.076,1.54,10.82,0.08,87.56,2138.8,15032.19,106.27,121651.18,8.08,121640.86,86494.0,10.38,8607,0,50,14162,1278,6720,3815,38,3815,4837,3184.88,104.86,3346.85,9771.5,16487.8,107,0,0,1147,1861,2707,6746,46750,,4.25
main,beanstalk,,{},beanstalk,6,500,5000,50,True,5000,282.4279,17.7036,18.1576,2702.28,7695.018,3253.133,1.51,10.1,0.07,88.32,2135.17,14261.64,103.16,124713.96,97.88,124528.58,88444.9,10.44,8818,0,50,13354,1353,6828,3966,33,3966,4836,965.38,99.6,2461.6,7701.28,16210.5,116,0,0,1241,1963,2759,6855,45823,,4.3
main,beanstalk-noplace,,{},beanstalk-noplace,1,500,5000,50,True,5000,251.463,19.8836,19.5567,2693.08,10627.651,4544.467,1.68,9.97,0.08,88.28,2108.89,12532.36,95.78,110994.48,3.99,110956.59,78268.6,10.38,7793,0,50,12436,1257,6192,3184,42,3184,0,1413.84,102.08,4071.04,10632.22,14854.9,107,0,0,955,1564,2271,6229,41872,,1.82
main,beanstalk,,{},beanstalk,7,500,5000,50,True,5000,335.969,14.8823,13.0187,2450.659,8913.267,4084.979,1.3,8.74,0.06,89.9,2180.71,14676.29,105.99,151021.5,50.86,150610.31,86867.4,8.62,8639,0,50,14076,1545,6819,3809,32,3809,4841,2740.7,101.97,3589.97,8920.32,19776.7,106,0,0,1120,1780,2721,6859,46577,,4.38
main,beanstalk,,{},beanstalk,8,500,5000,50,True,5000,241.2075,20.729,20.2423,5389.173,11845.601,5732.108,1.74,11.26,0.08,86.92,2100.4,13575.38,101.44,104826.53,194.4,103218.31,82788.2,11.44,8248,0,50,13372,1263,6480,3466,32,3466,4832,1042.77,102.8,4954.32,11849.37,14039.9,108,0,0,1076,1745,2422,6503,44400,,4.55
main,beanstalk,,{},beanstalk,9,500,5000,50,True,5000,246.556,20.2794,21.2477,1993.713,4722.47,2431.203,1.72,10.95,0.08,87.24,2122.66,13504.31,99.23,107551.78,189.0,104884.56,85913.8,11.62,8547,0,50,13015,1266,6708,3672,34,3672,4857,1303.85,97.24,1646.07,4732.09,13951.9,109,0,0,1116,1817,2590,6730,44806,,4.2
main,beanstalk-noplace,,{},beanstalk-noplace,2,500,5000,50,True,5000,237.597,21.044,20.3718,3026.363,7441.938,3532.228,1.79,11.37,0.09,86.75,2128.39,13509.29,101.44,103059.39,52.44,102470.81,80171.0,11.25,7973,0,50,13478,1141,6244,3301,25,3301,0,2969.92,104.04,2505.03,7447.95,14058.6,99,0,0,1002,1690,2325,6283,43832,,1.87
main,beanstalk-noplace,,{},beanstalk-noplace,3,500,5000,50,True,5000,279.5479,17.886,24.9763,3540.303,6054.312,3517.049,1.53,9.55,0.07,88.85,2143.65,13344.93,100.36,124185.04,119.16,123135.39,82779.3,9.87,8227,0,50,13282,1297,6493,3396,32,3396,0,1450.38,104.14,2454.71,6059.19,16386.1,125,0,0,1058,1717,2370,6510,44094,,1.57
main,beanstalk-noplace,,{},beanstalk-noplace,4,500,5000,50,True,5000,270.4707,18.4863,16.3477,1888.186,5058.753,2285.644,1.58,10.36,0.08,87.98,2138.8,14009.03,103.17,118984.35,9.57,118972.89,84384.2,10.4,8393,0,50,13594,1231,6538,3576,28,3576,0,1769.94,100.25,1429.14,5063.06,16042.0,107,0,0,1100,1817,2504,6576,44973,,1.71
main,beanstalk-noplace,,{},beanstalk-noplace,6,500,5000,50,True,5000,213.9946,23.3651,23.1167,1962.783,3455.941,2109.311,2.0,12.33,0.09,85.58,2135.17,13197.43,100.23,91564.48,13.46,91548.37,83748.9,13.05,8327,0,50,12962,1301,6352,3507,40,3507,0,1610.54,99.98,1408.01,3463.6,12553.4,114,0,0,1106,1954,2441,6373,43691,,1.71
main,beanstalk-noplace,,{},beanstalk-noplace,8,500,5000,50,True,5000,219.792,22.7488,33.0089,1745.843,4661.054,2324.787,1.91,12.15,0.09,85.85,2100.4,13352.71,101.31,94341.56,67.45,92819.88,80649.8,12.23,8023,0,50,13524,1227,6296,3288,29,3288,0,1473.54,102.31,1532.81,4680.64,12733.2,104,0,0,1065,1702,2253,6320,44076,,1.65
main,beanstalk-noplace,,{},beanstalk-noplace,5,500,5000,50,True,5000,212.27,23.5549,106.154,4534.365,10458.277,5239.193,1.96,12.51,0.1,85.43,2084.71,13279.67,102.81,90667.82,72.22,89654.14,83291.2,13.08,8293,0,50,13392,1188,6495,3569,33,3569,0,906.07,99.15,4498.74,10464.6,12459.7,126,0,0,1053,1785,2549,6508,44382,,2.12
main,beanstalk-noplace,,{},beanstalk-noplace,7,500,5000,50,True,5000,218.9515,22.8361,22.293,1832.895,6408.833,2769.93,1.99,12.94,0.1,84.97,2180.71,14168.02,105.74,93021.29,62.53,91911.28,81421.1,12.4,8117,0,50,14213,1312,6466,3432,33,3432,0,1830.37,103.19,2084.8,6414.89,12772.5,103,0,0,1025,1616,2440,6501,45401,,1.79
main,beanstalk-noplace,,{},beanstalk-noplace,9,500,5000,50,True,5000,213.6943,23.3979,26.1402,1697.32,4035.091,2324.523,1.99,13.03,0.1,84.89,2122.66,13916.89,105.87,90701.7,18.21,90044.07,81562.1,12.72,8119,0,50,14205,1233,6366,3461,28,3461,0,1010.76,100.69,1508.57,4043.39,11690.2,110,0,0,1042,1730,2447,6389,45417,,1.66
queue,batched k=1,,"{""batch_k"": 1}",batched,0,500,5000,50,True,5000,350.3573,14.2711,15.0316,1953.716,2218.142,1888.376,1.22,3.87,85.96,8.95,2143.14,6773.26,150591.38,15670.88,1454.43,0.0,366309.7,34.85,38790,11335,20,6736,1484,8530,1719,101,1719,0,0.0,0.0,12.19,372.06,0.0,0,0,31970,0,0,0,0,52346,,1.73
queue,batched k=1,,"{""batch_k"": 1}",batched,1,500,5000,50,True,5000,339.2276,14.7394,14.9648,1940.573,2189.106,1864.301,1.24,3.71,87.89,7.16,2108.89,6289.76,149068.69,12146.48,1321.39,0.0,361898.5,35.56,38340,11070,20,6537,1469,8266,1712,88,1712,0,0.0,0.0,8.4,139.07,0.0,0,0,31540,0,0,0,0,51677,,1.77
queue,batched k=1,,"{""batch_k"": 1}",batched,2,500,5000,50,True,5000,342.3254,14.606,14.882,1978.245,2240.503,1883.694,1.24,3.81,87.9,7.05,2128.39,6519.64,150454.83,12059.86,1312.28,0.0,366717.0,35.71,38788,11098,20,6664,1486,8634,1719,102,1719,0,0.0,0.0,8.38,95.3,0.0,0,0,31967,0,0,0,0,52273,,1.76
queue,batched k=1,,"{""batch_k"": 1}",batched,3,500,5000,50,True,5000,346.7189,14.4209,14.697,1994.504,2264.683,1912.504,1.24,3.66,88.27,6.83,2143.65,6350.46,153024.85,11840.48,1020.9,0.0,370649.9,35.63,39256,11537,20,6570,1409,8554,1740,103,1740,0,0.0,0.0,8.73,172.66,0.0,0,0,32413,0,0,0,0,52669,,1.76
queue,batched k=1,,"{""batch_k"": 1}",batched,4,500,5000,50,True,5000,334.4923,14.948,15.072,1925.114,2193.36,1857.061,1.28,3.99,88.54,6.19,2138.8,6669.92,148085.2,10352.23,1025.3,0.0,361849.1,36.06,38480,11238,20,6653,1407,8010,1689,103,1689,0,0.0,0.0,7.96,53.72,0.0,0,0,31688,0,0,0,0,51925,,1.74
queue,batched k=1,,"{""batch_k"": 1}",batched,5,500,5000,50,True,5000,331.8764,15.0658,15.3112,1924.122,2145.805,1859.968,1.26,3.67,89.74,5.34,2084.71,6090.48,148906.82,8856.19,1019.64,0.0,359931.3,36.15,38234,11530,20,6538,1338,8125,1687,100,1687,0,0.0,0.0,7.98,62.03,0.0,0,0,31447,0,0,0,0,51559,,1.73
queue,batched k=1,,"{""batch_k"": 1}",batched,6,500,5000,50,True,5000,352.4394,14.1868,14.5652,2005.142,2252.522,1919.584,1.21,3.47,87.31,8.01,2135.17,6114.77,153850.55,14119.22,1540.89,0.0,374921.5,35.46,39718,11972,20,6206,1543,8740,1777,91,1777,0,0.0,0.0,11.96,404.24,0.0,0,0,32850,0,0,0,0,52792,,1.74
queue,batched k=1,,"{""batch_k"": 1}",batched,7,500,5000,50,True,5000,354.8344,14.0911,14.6338,1993.637,2225.295,1887.553,1.23,3.75,84.91,10.11,2180.71,6651.85,150644.27,17940.39,2075.38,0.0,373580.7,35.09,39578,12156,20,6698,1500,8346,1764,95,1764,0,0.0,0.0,13.16,386.4,0.0,0,0,32719,0,0,0,0,53135,,1.82
queue,batched k=1,,"{""batch_k"": 1}",batched,8,500,5000,50,True,5000,345.0572,14.4904,14.6138,1969.624,2245.455,1886.092,1.22,3.59,87.51,7.68,2100.4,6190.49,150983.85,13253.86,1412.63,0.0,368553.3,35.6,39131,11566,20,6345,1427,8190,1737,101,1737,0,0.0,0.0,8.92,132.66,0.0,0,0,32293,0,0,0,0,52314,,1.71
queue,batched k=1,,"{""batch_k"": 1}",batched,9,500,5000,50,True,5000,366.8154,13.6308,14.2641,1999.579,2299.212,1929.912,1.16,3.31,84.38,11.15,2122.66,6068.61,154757.36,20459.07,2152.44,0.0,376307.3,34.2,39826,12166,20,6316,1363,8449,1766,106,1766,0,0.0,0.0,40.86,1209.82,0.0,0,0,32954,0,0,0,0,53014,,1.92
main,batched k=4,,{},batched,0,100,1000,10,True,1000,174.2611,5.7385,5.7869,1024.927,1261.85,964.004,2.39,5.12,87.08,5.41,417.26,891.41,15175.33,942.11,101.35,0.0,96033.6,91.85,9931,3844,10,965,171,4412,323,5,323,0,0.0,0.0,19.47,121.69,0.0,0,657,8513,0,0,0,0,12224,,0.59
main,batched k=4,,{},batched,1,100,1000,10,True,1000,178.4786,5.6029,5.3692,999.214,1420.508,992.412,2.36,4.67,88.01,4.97,420.41,833.07,15707.12,887.26,24.9,0.0,98738.7,92.2,10226,4246,10,858,175,4453,337,2,337,0,0.0,0.0,20.86,160.26,0.0,0,678,8786,0,0,0,0,12423,,0.58
main,batched k=4,,{},batched,2,100,1000,10,True,1000,169.8508,5.8875,5.7061,992.4,1336.508,928.87,2.56,5.04,86.1,6.29,434.8,856.32,14624.85,1069.11,132.19,0.0,93264.6,91.52,9644,3810,10,897,158,4234,315,2,315,0,0.0,0.0,20.66,124.54,0.0,0,642,8257,0,0,0,0,11858,,0.56
main,batched k=4,,{},batched,3,100,1000,10,True,1000,185.9683,5.3773,5.2118,1051.07,1334.638,1032.719,2.11,4.59,87.96,5.34,392.43,854.27,16357.72,992.41,165.91,0.0,102420.8,91.79,10534,4061,10,976,193,4788,347,3,347,0,0.0,0.0,19.4,101.0,0.0,0,701,9039,0,0,0,0,12860,,0.61
main,batched k=4,,{},batched,4,100,1000,10,True,1000,181.9831,5.495,5.5143,1037.66,1313.665,988.706,2.4,5.24,85.31,7.05,436.73,952.71,15525.73,1283.15,20.43,0.0,99983.3,91.57,10365,4283,10,945,181,4447,337,3,337,0,0.0,0.0,20.43,129.23,0.0,0,691,8889,0,0,0,0,12650,,0.59
main,batched k=4,,{},batched,5,100,1000,10,True,1000,190.9013,5.2383,5.1347,1093.451,1501.527,1072.61,2.26,4.81,88.84,4.1,431.22,918.08,16958.75,782.07,54.43,0.0,106395.7,92.89,10999,4469,10,948,144,4669,355,7,355,0,0.0,0.0,22.46,132.92,0.0,0,727,9458,0,0,0,0,13309,,0.61
main,batched k=4,,{},batched,6,100,1000,10,True,1000,188.5092,5.3048,5.0974,1071.411,1420.8,1044.744,2.26,5.08,87.29,5.38,425.13,958.22,16454.18,1013.38,82.67,0.0,104008.3,91.96,10747,4308,10,974,183,4736,351,3,351,0,0.0,0.0,22.67,159.19,0.0,0,714,9242,0,0,0,0,13075,,0.64
main,batched k=4,,{},batched,7,100,1000,10,True,1000,164.242,6.0886,6.1007,927.126,1196.272,879.866,2.59,5.08,84.21,8.12,425.68,834.42,13830.01,1334.09,110.25,0.0,89250.1,90.57,9241,3714,10,880,205,3878,303,4,303,0,0.0,0.0,21.45,147.8,0.0,0,620,7888,0,0,0,0,11428,,0.49
main,batched k=4,,{},batched,8,100,1000,10,True,1000,177.615,5.6302,5.5626,1036.584,1446.751,972.06,2.32,5.33,85.88,6.47,411.47,947.5,15253.51,1149.02,14.26,0.0,97308.9,91.31,10052,3867,10,1025,172,4557,326,7,326,0,0.0,0.0,20.37,157.47,0.0,0,671,8608,0,0,0,0,12410,,0.59
main,batched k=4,,{},batched,9,100,1000,10,True,1000,178.8502,5.5913,5.517,1017.629,1264.647,950.953,2.42,4.7,83.92,8.96,433.66,840.9,15008.31,1602.15,369.14,0.0,94272.2,87.85,9728,3787,10,804,136,4249,321,2,321,0,0.0,0.0,30.26,482.82,0.0,0,642,8332,0,0,0,0,11855,,0.52
main,batched-aimd,,{},batched-aimd,0,100,1000,10,True,1000,103.2423,9.6859,9.8823,563.692,731.176,554.942,4.04,8.71,80.88,6.37,417.26,898.8,8350.24,657.94,44.99,0.0,56218.1,90.75,5960,2062,10,930,153,1665,321,16,321,0,0.0,0.0,11.87,78.78,0.0,0,220,4588,0,0,0,0,8227,,0.28
main,batched-aimd,,{},batched-aimd,1,100,1000,10,True,1000,104.7631,9.5453,9.2383,585.581,757.462,568.974,4.01,8.14,82.38,5.47,420.41,852.3,8630.61,572.99,27.49,0.0,57491.0,91.46,6119,2080,10,842,177,1810,333,12,333,0,0.0,0.0,11.42,59.51,0.0,0,222,4748,0,0,0,0,8306,,0.28
main,batched-aimd,,{},batched-aimd,2,100,1000,10,True,1000,101.7822,9.8249,9.8216,558.537,710.611,536.693,4.27,8.19,79.69,7.85,434.8,833.68,8111.2,798.53,203.88,0.0,54551.0,89.33,5787,1969,10,855,152,1655,304,8,304,0,0.0,0.0,13.32,132.09,0.0,0,231,4442,0,0,0,0,7954,,0.27
main,batched-aimd,,{},batched-aimd,3,100,1000,10,True,1000,104.5301,9.5666,9.7953,554.817,716.593,548.609,3.75,8.2,79.27,8.77,392.43,857.43,8286.06,917.09,105.54,0.0,55502.9,88.5,5886,2050,10,916,185,1671,340,11,340,0,0.0,0.0,14.18,189.94,0.0,0,207,4558,0,0,0,0,8153,,0.28
main,batched-aimd,,{},batched-aimd,4,100,1000,10,True,1000,106.4489,9.3942,9.8975,566.745,736.994,557.07,4.1,9.48,77.74,8.68,436.73,1009.01,8275.49,923.67,63.73,0.0,56514.2,88.48,6034,2063,10,931,162,1696,343,10,343,0,0.0,0.0,13.73,109.27,0.0,0,210,4663,0,0,0,0,8318,,0.28
main,batched-aimd,,{},batched-aimd,5,100,1000,10,True,1000,107.3773,9.313,9.3725,601.084,780.936,583.307,4.02,8.82,81.71,5.45,431.22,947.45,8774.32,584.73,91.68,0.0,58823.7,91.3,6241,2140,10,933,147,1754,353,16,353,0,0.0,0.0,12.36,85.2,0.0,0,219,4813,0,0,0,0,8543,,0.28
main,batched-aimd,,{},batched-aimd,6,100,1000,10,True,1000,104.3426,9.5838,9.516,570.139,749.23,561.021,4.07,9.52,80.09,6.31,425.13,993.58,8356.76,658.79,17.5,0.0,56517.8,90.28,6003,1947,10,949,179,1804,344,11,344,0,0.0,0.0,11.78,72.56,0.0,0,208,4655,0,0,0,0,8307,,0.27
main,batched-aimd,,{},batched-aimd,7,100,1000,10,True,1000,99.0188,10.0991,10.4874,524.682,677.719,512.71,4.3,8.36,77.94,9.4,425.68,827.45,7717.72,931.04,56.03,0.0,52676.9,88.66,5602,1904,10,846,196,1564,304,11,304,0,0.0,0.0,15.23,210.02,0.0,0,207,4304,0,0,0,0,7763,,0.35
main,batched-aimd,,{},batched-aimd,8,100,1000,10,True,1000,104.1159,9.6047,9.7273,564.046,750.358,552.044,3.95,9.14,79.23,7.68,411.47,951.3,8249.44,799.37,10.62,0.0,56020.8,89.68,5929,2069,10,967,149,1595,327,17,327,0,0.0,0.0,12.46,129.05,0.0,0,213,4578,0,0,0,0,8240,,0.28
main,batched-aimd,,{},batched-aimd,9,100,1000,10,True,1000,108.5537,9.212,9.9774,542.733,705.274,530.828,3.99,8.1,73.4,14.51,433.66,879.64,7967.48,1574.59,152.99,0.0,53277.5,81.8,5677,1994,10,779,121,1551,322,9,322,0,0.0,0.0,34.8,557.79,0.0,0,202,4374,0,0,0,0,7787,,0.26
main,batched+place,,{},batched+place,0,100,1000,10,True,1000,185.644,5.3867,5.468,1049.974,1465.313,1012.476,2.25,4.92,85.97,6.85,417.26,914.29,15960.32,1272.53,166.0,0.0,101630.0,91.24,10508,4150,10,943,177,4666,344,3,344,989,0.0,0.0,21.04,142.23,0.0,0,699,9004,0,0,0,0,12798,,0.8
main,batched+place,,{},batched+place,1,100,1000,10,True,1000,188.8833,5.2943,5.2323,1049.964,1456.975,1038.237,2.23,4.44,87.17,6.16,420.41,839.37,16464.58,1163.97,88.86,0.0,102842.4,90.75,10625,4362,10,839,175,4693,343,6,343,986,0.0,0.0,23.91,310.6,0.0,0,696,9138,0,0,0,0,12813,,0.77
main,batched+place,,{},batched+place,2,100,1000,10,True,1000,175.8264,5.6874,5.3978,1028.345,1317.963,967.661,2.47,4.71,87.02,5.8,434.8,827.99,15299.69,1020.16,237.69,0.0,96377.6,91.36,9956,4012,10,819,144,4279,325,7,325,987,0.0,0.0,20.47,140.58,0.0,0,660,8524,0,0,0,0,12107,,0.74
main,batched+place,,{},batched+place,3,100,1000,10,True,1000,190.5743,5.2473,5.3123,1069.276,1338.33,1039.237,2.06,4.54,86.35,7.05,392.43,864.3,16456.31,1344.38,142.87,0.0,103894.4,90.86,10735,4236,10,949,200,4895,350,2,350,986,0.0,0.0,22.07,164.06,0.0,0,714,9209,0,0,0,0,13036,,0.82
main,batched+place,,{},batched+place,4,100,1000,10,True,1000,201.9658,4.9513,4.9242,1130.285,1483.104,1111.053,2.16,4.75,86.93,6.15,436.73,960.11,17557.45,1242.3,262.85,0.0,110816.5,91.45,11440,4542,10,907,162,5139,375,4,375,988,0.0,0.0,20.76,124.94,0.0,0,767,9829,0,0,0,0,13726,,0.82
main,batched+place,,{},batched+place,5,100,1000,10,True,1000,186.7027,5.3561,5.4988,1037.456,1433.622,1024.393,2.31,4.83,86.61,6.24,431.22,902.28,16170.94,1165.83,11.65,0.0,102673.3,91.65,10619,4208,10,921,123,4775,348,2,348,984,0.0,0.0,20.35,117.35,0.0,0,706,9110,0,0,0,0,12890,,0.78
main,batched+place,,{},batched+place,6,100,1000,10,True,1000,207.5644,4.8178,4.8217,1161.98,1491.342,1133.093,2.05,4.68,86.31,6.97,425.13,970.41,17914.47,1446.43,87.21,0.0,112403.7,90.26,11633,4747,10,950,177,5337,377,6,377,984,0.0,0.0,23.24,237.01,0.0,0,775,10008,0,0,0,0,13966,,0.88
main,batched+place,,{},batched+place,7,100,1000,10,True,1000,153.1434,6.5298,6.5643,891.336,1189.879,838.035,2.78,5.44,85.76,6.02,425.68,833.81,13133.44,921.41,62.67,0.0,84875.6,92.37,8786,3441,10,872,186,3589,286,0,286,987,0.0,0.0,19.56,117.1,0.0,0,587,7506,0,0,0,0,10944,,0.7
main,batched+place,,{},batched+place,8,100,1000,10,True,1000,172.4507,5.7988,5.8673,975.314,1328.797,949.963,2.39,4.9,86.91,5.8,411.47,845.05,14987.66,1000.89,45.68,0.0,94512.5,91.34,9760,3881,10,908,128,4149,318,5,318,988,0.0,0.0,21.82,145.22,0.0,0,653,8345,0,0,0,0,11991,,0.74
main,batched+place,,{},batched+place,9,100,1000,10,True,1000,190.6231,5.246,5.2208,1060.616,1493.774,1039.036,2.27,4.45,86.4,6.88,433.66,848.06,16469.21,1311.37,251.01,0.0,103226.4,90.25,10666,4261,10,803,142,4681,352,4,352,984,0.0,0.0,22.83,119.94,0.0,0,709,9166,0,0,0,0,12825,,0.77
queue,batched k=16,,"{""batch_k"": 16}",batched,0,100,1000,10,True,1000,290.8309,3.4384,3.4377,1736.736,2183.47,1636.044,1.43,3.48,90.28,4.81,417.26,1012.06,26255.33,1398.43,176.9,0.0,104785.9,60.05,11087,5021,10,1133,199,5316,330,1,330,0,0.0,0.0,34.58,216.81,0.0,0,1330,9016,0,0,0,0,13551,,1.94
queue,batched k=16,,"{""batch_k"": 16}",batched,1,100,1000,10,True,1000,310.3156,3.2225,3.0562,1820.491,2445.539,1756.145,1.35,3.09,91.23,4.32,420.41,959.73,28309.36,1342.07,29.37,0.0,113088.6,60.74,11891,5181,10,1030,222,5892,352,2,352,0,0.0,0.0,32.95,251.67,0.0,0,1414,9690,0,0,0,0,14275,,1.94
queue,batched-par k=1,,"{""batch_k"": 1}",batched-par,1,500,5000,50,True,5000,269.412,18.5589,19.0501,1520.872,1861.756,1448.451,1.57,7.44,82.16,8.83,2108.89,10025.52,110678.71,11892.89,1533.7,0.0,447840.3,55.41,51572,21369,50,11748,2353,12095,2081,108,2081,0,0.0,0.0,8.78,290.13,0.0,0,0,44383,0,0,0,0,70509,,12.19
queue,batched-par k=1,,"{""batch_k"": 1}",batched-par,0,500,5000,50,True,5000,295.383,16.9272,18.8762,1545.57,1821.748,1471.019,1.45,7.5,75.51,15.55,2143.14,11070.02,111514.85,22963.49,1994.06,0.0,455650.6,51.42,51968,21148,50,12256,2414,12349,2157,91,2157,0,0.0,0.0,41.29,1056.76,0.0,0,0,44720,0,0,0,0,71472,,12.49
queue,batched-par k=1,,"{""batch_k"": 1}",batched-par,4,500,5000,50,True,5000,265.5458,18.8291,19.3188,1475.661,1843.618,1429.497,1.61,8.29,81.43,8.67,2138.8,11012.2,108112.55,11509.37,1015.54,0.0,439452.5,55.16,50185,20778,50,11984,2263,11441,2064,77,2064,0,0.0,0.0,7.08,160.21,0.0,0,0,43044,0,0,0,0,69310,,11.96
queue,batched-par k=1,,"{""batch_k"": 1}",batched-par,2,500,5000,50,True,5000,269.1262,18.5786,19.2124,1521.583,1844.201,1446.288,1.58,7.87,81.7,8.85,2128.39,10590.95,109933.06,11910.71,984.49,0.0,455236.2,56.38,51997,20979,50,12114,2409,12343,2082,101,2082,0,0.0,0.0,7.03,149.68,0.0,0,0,44814,0,0,0,0,71294,,12.37
queue,batched-par k=1,,"{""batch_k"": 1}",batched-par,3,500,5000,50,True,5000,276.4845,18.0842,18.6659,1558.501,1938.246,1485.033,1.55,7.39,82.13,8.93,2143.65,10209.52,113543.25,12345.82,729.61,0.0,455948.4,54.97,51862,20579,50,11756,2411,12421,2117,98,2117,0,0.0,0.0,8.55,254.86,0.0,0,0,44647,0,0,0,0,70833,,12.55
queue,batched-par k=1,,"{""batch_k"": 1}",batched-par,5,500,5000,50,True,5000,268.4643,18.6245,19.2126,1540.822,1826.903,1473.724,1.55,7.37,84.12,6.96,2084.71,9892.19,112918.17,9337.08,491.26,0.0,456834.3,56.72,52639,22030,50,11619,2224,12144,2153,85,2153,0,0.0,0.0,6.11,114.02,0.0,0,0,45401,0,0,0,0,71496,,12.19
queue,batched-par k=1,,"{""batch_k"": 1}",batched-par,7,500,5000,50,True,5000,289.7082,17.2587,17.9406,1601.537,1970.004,1500.012,1.51,7.33,78.97,12.2,2180.71,10615.06,114385.95,17672.41,1538.55,0.0,462255.5,53.19,52765,21480,50,11964,2432,12403,2143,88,2143,0,0.0,0.0,12.68,381.57,0.0,0,0,45534,0,0,0,0,71960,,12.68
queue,batched k=16,,"{""batch_k"": 16}",batched,2,100,1000,10,True,1000,283.3734,3.5289,3.364,1713.006,2211.697,1592.043,1.53,3.41,90.23,4.83,434.8,966.48,25567.57,1368.49,173.69,0.0,102945.0,60.55,10833,4816,10,1052,178,5246,318,3,318,0,0.0,0.0,32.49,183.24,0.0,0,1292,8805,0,0,0,0,13206,,2.12
queue,batched-par k=1,,"{""batch_k"": 1}",batched-par,9,500,5000,50,True,5000,281.7666,17.7452,17.6587,1632.884,1972.922,1530.727,1.51,6.83,83.72,7.95,2122.66,9616.33,117944.26,11200.07,798.83,0.0,466485.6,55.19,53178,21525,50,11160,2170,12544,2161,111,2161,0,0.0,0.0,8.53,295.75,0.0,0,0,45906,0,0,0,0,71610,,12.8
queue,batched-par k=1,,"{""batch_k"": 1}",batched-par,6,500,5000,50,True,5000,296.8932,16.8411,17.5835,1638.536,1995.449,1565.399,1.44,6.61,81.27,10.69,2135.17,9808.74,120641.18,15861.54,1395.65,0.0,486040.2,54.57,55753,23018,50,11038,2368,13253,2239,104,2239,0,0.0,0.0,16.81,611.17,0.0,0,0,48410,0,0,0,0,74134,,13.44
queue,batched-par k=1,,"{""batch_k"": 1}",batched-par,8,500,5000,50,True,5000,280.2934,17.8385,17.6886,1613.971,2064.072,1527.728,1.5,7.03,83.81,7.66,2100.4,9847.92,117462.76,10735.61,1766.73,0.0,471062.0,56.02,54140,22480,50,11393,2304,12467,2165,92,2165,0,0.0,0.0,6.75,108.11,0.0,0,0,46883,0,0,0,0,72790,,13.23
queue,batched k=16,,"{""batch_k"": 16}",batched,3,100,1000,10,True,1000,311.4342,3.211,3.1253,1771.361,2395.964,1751.344,1.26,3.14,90.58,5.02,392.43,978.66,28210.41,1561.91,363.59,0.0,109917.4,58.82,11548,5138,10,1165,238,5627,351,4,351,0,0.0,0.0,32.13,184.16,0.0,0,1417,9357,0,0,0,0,14068,,2.87
queue,batched-par k=4,,"{""batch_k"": 4}",batched-par,0,100,1000,10,True,1000,164.8785,6.0651,6.218,993.707,1254.77,915.425,2.53,5.58,86.95,4.93,417.26,920.85,14336.24,813.51,106.07,0.0,91661.4,92.66,9659,4145,10,984,169,3973,325,4,325,0,0.0,0.0,21.05,143.33,0.0,0,661,8234,0,0,0,0,11972,,1.14
queue,batched k=16,,"{""batch_k"": 16}",batched,4,100,1000,10,True,1000,298.5056,3.35,3.3123,1728.42,2226.015,1661.698,1.46,3.67,89.11,5.76,436.73,1095.17,26599.8,1718.86,104.44,0.0,106584.2,59.51,11269,5099,10,1136,195,5397,338,4,338,0,0.0,0.0,33.86,274.44,0.0,0,1361,9145,0,0,0,0,13747,,2.77
queue,batched-par k=4,,"{""batch_k"": 4}",batched-par,1,100,1000,10,True,1000,165.7876,6.0318,5.9628,940.721,1304.125,913.156,2.54,5.06,86.74,5.66,420.41,839.01,14380.26,939.08,42.99,0.0,91407.4,91.89,9825,4176,10,871,186,4160,338,2,338,0,0.0,0.0,19.16,108.1,0.0,0,684,8348,0,0,0,0,12036,,1.36
queue,batched-par k=4,,"{""batch_k"": 4}",batched-par,3,100,1000,10,True,1000,177.6366,5.6295,5.5001,994.562,1315.006,976.355,2.21,4.81,86.79,6.18,392.43,854.85,15417.72,1098.64,129.46,0.0,97726.2,91.69,10332,4303,10,973,187,4362,351,5,351,0,0.0,0.0,19.65,109.82,0.0,0,711,8822,0,0,0,0,12661,,1.23
queue,batched-par k=4,,"{""batch_k"": 4}",batched-par,4,100,1000,10,True,1000,173.7297,5.7561,5.8744,959.936,1274.383,936.079,2.51,5.68,84.12,7.68,436.73,986.95,14614.36,1334.93,67.28,0.0,94671.2,90.82,10154,4413,10,942,177,4203,345,3,345,0,0.0,0.0,21.31,184.89,0.0,0,704,8644,0,0,0,0,12444,,1.23
queue,batched k=16,,"{""batch_k"": 16}",batched,7,100,1000,10,True,1000,278.3899,3.5921,3.5452,1637.766,2048.184,1537.424,1.53,3.44,88.61,6.43,425.68,956.66,24667.07,1789.58,125.23,0.0,100977.1,60.45,10673,4801,10,1051,234,5102,312,4,312,0,0.0,0.0,33.83,248.51,0.0,0,1281,8669,0,0,0,0,13040,,3.08
queue,batched-par k=4,,"{""batch_k"": 4}",batched-par,2,100,1000,10,True,1000,154.6951,6.4643,6.1714,910.405,1198.691,842.756,2.81,5.54,85.25,6.39,434.8,857.56,13188.37,988.77,208.51,0.0,84571.9,91.12,9030,3747,10,901,153,3828,311,2,311,0,0.0,0.0,17.83,108.44,0.0,0,624,7653,0,0,0,0,11244,,1.4
queue,batched k=16,,"{""batch_k"": 16}",batched,6,100,1000,10,True,1000,310.2579,3.2231,3.0876,1790.473,2322.801,1739.188,1.37,3.47,89.96,5.2,425.13,1077.06,27909.41,1614.19,68.27,0.0,110113.4,59.15,11608,5129,10,1154,218,5659,347,5,347,0,0.0,0.0,35.59,210.97,0.0,0,1417,9420,0,0,0,0,14114,,3.34
queue,batched k=16,,"{""batch_k"": 16}",batched,5,100,1000,10,True,1000,322.4346,3.1014,3.0474,1865.668,2592.619,1819.461,1.34,3.2,90.85,4.61,431.22,1032.25,29292.11,1487.88,122.17,0.0,115498.6,59.7,12135,5293,10,1132,163,5930,367,2,367,0,0.0,0.0,35.56,199.88,0.0,0,1471,9863,0,0,0,0,14636,,3.47
queue,batched-par k=4,,"{""batch_k"": 4}",batched-par,6,100,1000,10,True,1000,181.042,5.5236,5.2653,1039.261,1408.322,1009.184,2.35,5.49,87.42,4.75,425.13,993.76,15825.97,859.34,36.87,0.0,100168.7,92.21,10580,4326,10,994,175,4593,359,4,359,0,0.0,0.0,20.34,123.81,0.0,0,729,9046,0,0,0,0,12937,,1.14
queue,batched-par k=4,,"{""batch_k"": 4}",batched-par,7,100,1000,10,True,1000,161.4413,6.1942,6.3615,882.129,1157.366,838.036,2.64,5.21,81.3,10.85,425.68,841.34,13125.92,1751.19,199.16,0.0,84404.1,87.14,8886,3534,10,886,197,3827,304,2,304,0,0.0,0.0,28.93,476.71,0.0,0,608,7533,0,0,0,0,11078,,0.99
queue,batched-par k=4,,"{""batch_k"": 4}",batched-par,5,100,1000,10,True,1000,177.8401,5.623,5.5823,989.255,1433.818,993.587,2.42,5.14,87.98,4.46,431.22,913.82,15645.97,793.0,86.69,0.0,99101.5,92.88,10422,4413,10,951,140,4278,353,4,353,0,0.0,0.0,21.02,131.64,0.0,0,708,8914,0,0,0,0,12730,,1.23
fair,batched k=4 suspects,,"{""queue_suspects"": true}",batched,0,100,1000,10,True,1000,75.5405,13.2379,14.3033,391.047,579.952,391.513,5.52,13.0,73.38,8.1,417.26,981.69,5543.53,611.57,77.47,0.0,40012.4,88.28,4204,1475,10,1024,186,1846,337,2,337,0,0.0,0.0,11.14,78.98,0.0,0,142,3421,0,0,301,0,6567,,0.35
fair,batched k=4 suspects,,"{""queue_suspects"": true}",batched,1,100,1000,10,True,1000,78.3327,12.7661,13.0587,394.505,606.435,401.445,5.37,12.46,72.96,9.22,420.41,975.85,5714.9,722.11,56.05,0.0,41095.8,87.44,4329,1515,10,918,193,1956,352,4,352,0,0.0,0.0,10.83,104.9,0.0,0,147,3508,0,0,324,0,6603,,0.36
queue,batched-par k=4,,"{""batch_k"": 4}",batched-par,8,100,1000,10,True,1000,164.2395,6.0887,6.0047,923.239,1309.559,897.211,2.51,5.76,85.28,6.45,411.47,946.59,14006.92,1058.96,107.35,0.0,90116.9,91.45,9651,4006,10,1024,165,4101,334,4,334,0,0.0,0.0,21.2,194.04,0.0,0,668,8207,0,0,0,0,12013,,0.76
fair,batched k=4 suspects,,"{""queue_suspects"": true}",batched,2,100,1000,10,True,1000,76.6766,13.0418,13.1415,387.092,574.928,391.283,5.67,11.85,73.2,9.28,434.8,908.3,5613.09,711.46,109.59,0.0,40333.8,87.67,4241,1466,10,929,164,1887,324,1,324,0,0.0,0.0,12.69,164.95,0.0,0,149,3436,0,0,284,0,6495,,0.33
queue,batched k=16,,"{""batch_k"": 16}",batched,9,100,1000,10,True,1000,298.0743,3.3549,3.1653,1779.728,2212.124,1677.193,1.45,3.12,90.66,4.77,433.66,930.75,27022.46,1420.56,168.93,0.0,109419.3,61.18,11498,5131,10,926,158,5595,332,4,332,0,0.0,0.0,32.25,179.16,0.0,0,1348,9403,0,0,0,0,13760,,3.08
queue,batched-par k=4,,"{""batch_k"": 4}",batched-par,9,100,1000,10,True,1000,170.2112,5.8751,5.8656,968.993,1204.303,906.031,2.55,5.21,83.51,8.74,433.66,887.01,14213.5,1486.95,254.04,0.0,90463.9,88.58,9657,4053,10,803,133,4005,327,3,327,0,0.0,0.0,26.05,417.57,0.0,0,664,8205,0,0,0,0,11790,,0.62
fair,batched k=4 suspects,,"{""queue_suspects"": true}",batched,4,100,1000,10,True,1000,80.524,12.4187,13.6601,384.436,585.719,393.435,5.42,13.06,68.37,13.14,436.73,1051.42,5505.82,1058.42,100.18,0.0,39928.2,82.64,4181,1332,10,992,167,1940,352,1,352,0,0.0,0.0,13.93,150.91,0.0,0,136,3377,0,0,310,0,6526,,0.36
fair,batched k=4 suspects,,"{""queue_suspects"": true}",batched,6,100,1000,10,True,1000,85.221,11.7342,11.3816,468.799,652.439,451.093,4.99,12.08,76.14,6.79,425.13,1029.25,6488.97,578.75,48.83,0.0,45573.9,89.13,4780,1667,10,1035,179,2194,361,3,361,0,0.0,0.0,10.91,66.39,0.0,0,167,3906,0,0,324,0,7179,,0.35
queue,batched k=16,,"{""batch_k"": 16}",batched,8,100,1000,10,True,1000,296.9862,3.3672,3.2523,1777.346,2360.51,1658.461,1.39,3.57,89.5,5.54,411.47,1060.92,26580.09,1646.13,41.95,0.0,106425.3,59.73,11247,5136,10,1229,194,5316,338,2,338,0,0.0,0.0,33.63,167.65,0.0,0,1359,9138,0,0,0,0,13816,,3.37
fair,batched k=4 suspects,,"{""queue_suspects"": true}",batched,7,100,1000,10,True,1000,72.3062,13.8301,15.2332,346.031,544.752,350.428,5.89,13.0,67.77,13.34,425.68,939.98,4900.49,964.47,123.74,0.0,36590.1,84.34,3856,1316,10,916,201,1596,318,1,318,0,0.0,0.0,15.35,207.15,0.0,0,121,3111,0,0,286,0,6091,,0.33
fair,batched k=4 suspects,,"{""queue_suspects"": true}",batched,3,100,1000,10,True,1000,88.0525,11.3569,11.8242,432.266,673.029,444.754,4.46,10.78,73.4,11.36,392.43,949.48,6463.08,1000.26,248.58,0.0,44831.2,84.86,4688,1659,10,1012,189,2146,362,3,362,0,0.0,0.0,15.52,184.4,0.0,0,164,3840,0,0,319,0,7065,,0.47
fair,batched k=4 suspects,,"{""queue_suspects"": true}",batched,5,100,1000,10,True,1000,84.2291,11.8724,12.2637,431.112,707.041,441.645,5.12,12.41,74.97,7.49,431.22,1045.67,6315.07,630.94,102.69,0.0,44780.3,88.61,4675,1655,10,1021,139,2088,363,3,363,0,0.0,0.0,11.4,83.11,0.0,0,159,3822,0,0,320,0,7062,,0.43
fair,batched k=4 suspects,,"{""queue_suspects"": true}",batched,8,100,1000,10,True,1000,81.8701,12.2145,12.6601,401.857,698.668,419.759,5.03,12.28,73.17,9.52,411.47,1005.66,5990.32,779.57,18.96,0.0,43390.2,88.33,4553,1675,10,1068,161,1976,343,3,343,0,0.0,0.0,12.15,98.72,0.0,0,164,3721,0,0,294,0,6967,,0.4
fair,batched k=4 suspects,,"{""queue_suspects"": true}",batched,9,100,1000,10,True,1000,84.9151,11.7765,13.7935,363.249,580.55,375.096,5.11,11.02,62.6,21.27,433.66,936.11,5315.49,1806.25,330.69,0.0,37961.1,74.51,3978,1350,10,833,132,1755,340,0,340,0,0.0,0.0,41.82,464.72,0.0,0,125,3199,0,0,310,0,6151,,0.37
fair,batched-par k=4 suspects,,"{""batch_k"": 4, ""queue_suspects"": true}",batched-par,1,100,1000,10,True,1000,74.6711,13.3921,13.6866,376.291,587.483,372.65,5.63,13.57,69.6,11.19,420.41,1013.56,5197.27,835.87,39.85,0.0,37607.4,83.94,4016,1445,10,965,181,1782,366,3,366,0,0.0,0.0,12.48,170.74,0.0,0,133,3191,0,0,329,0,6350,,0.39
fair,batched-par k=4 suspects,,"{""batch_k"": 4, ""queue_suspects"": true}",batched-par,0,100,1000,10,True,1000,78.6378,12.7165,14.0901,390.726,623.196,388.602,5.31,13.05,69.31,12.33,417.26,1026.11,5450.6,969.82,167.18,0.0,39215.5,83.11,4145,1525,10,1043,176,1777,333,3,333,0,0.0,0.0,13.7,160.3,0.0,0,151,3323,0,0,290,0,6524,,0.47
fair,batched-par k=4 suspects,,"{""batch_k"": 4, ""queue_suspects"": true}",batched-par,4,100,1000,10,True,1000,77.0738,12.9746,13.6314,382.274,603.992,387.108,5.67,13.57,70.14,10.62,436.73,1046.22,5405.58,818.84,67.53,0.0,38926.8,84.18,4120,1483,10,1014,188,1797,367,2,367,0,0.0,0.0,11.79,129.76,0.0,0,141,3284,0,0,322,0,6503,,0.35
fair,batched-par k=4 suspects,,"{""batch_k"": 4, ""queue_suspects"": true}",batched-par,2,100,1000,10,True,1000,76.5006,13.0718,12.9872,399.108,594.038,385.405,5.68,12.14,71.83,10.35,434.8,928.69,5494.72,791.84,161.69,0.0,39475.5,86.0,4204,1624,10,949,161,1733,333,2,333,0,0.0,0.0,13.09,139.27,0.0,0,159,3375,0,0,287,0,6488,,0.43
fair,batched-par k=4 suspects,,"{""batch_k"": 4, ""queue_suspects"": true}",batched-par,8,100,1000,10,True,1000,73.5319,13.5995,14.0055,351.379,649.082,370.185,5.6,14.55,69.35,10.5,411.47,1070.02,5099.73,771.97,46.89,0.0,37694.7,85.44,4031,1461,10,1118,165,1677,333,3,333,0,0.0,0.0,10.61,98.25,0.0,0,155,3205,0,0,283,0,6485,,0.37
fair,batched-par k=4 suspects,,"{""batch_k"": 4, ""queue_suspects"": true}",batched-par,7,100,1000,10,True,1000,67.6396,14.7842,16.3772,329.389,512.822,326.86,6.29,14.21,66.32,13.17,425.68,961.49,4486.17,890.61,53.17,0.0,33136.7,81.65,3511,1215,10,976,212,1505,318,3,318,0,0.0,0.0,13.45,181.77,0.0,0,120,2734,0,0,277,0,5808,,0.45
fair,batched-par k=4 suspects,,"{""batch_k"": 4, ""queue_suspects"": true}",batched-par,6,100,1000,10,True,1000,80.1805,12.4719,12.1989,420.921,656.61,418.152,5.3,13.5,73.42,7.78,425.13,1082.49,5886.71,623.71,43.63,0.0,42312.1,87.95,4446,1619,10,1055,184,1927,363,3,363,0,0.0,0.0,11.04,64.65,0.0,0,156,3589,0,0,318,0,6867,,0.46
fair,batched-par k=4 suspects,,"{""batch_k"": 4, ""queue_suspects"": true}",batched-par,9,100,1000,10,True,1000,82.9518,12.0552,14.4061,369.776,577.472,359.62,5.23,11.65,60.61,22.52,433.66,966.18,5027.48,1867.86,288.87,0.0,36079.5,72.49,3786,1253,10,883,150,1752,349,1,349,0,0.0,0.0,57.46,700.19,0.0,0,126,2985,0,0,309,0,6019,,0.4
fair,batched-par k=4 suspects,,"{""batch_k"": 4, ""queue_suspects"": true}",batched-par,3,100,1000,10,True,1000,80.1582,12.4753,12.8129,407.591,656.463,404.034,4.9,12.06,71.95,11.1,392.43,966.81,5767.08,889.49,110.06,0.0,40174.6,83.53,4277,1559,10,1066,201,1825,345,5,345,0,0.0,0.0,12.42,147.36,0.0,0,163,3410,0,0,296,0,6693,,0.56
fair,beanstalk quarantine,,"{""green_mode"": ""quarantine""}",beanstalk,2,100,1000,10,True,1000,70.6852,14.1472,14.3519,313.104,783.407,321.36,6.15,11.48,0.1,82.27,434.8,811.39,6.74,5815.58,18.94,5778.98,11497.1,27.11,1146,0,10,579,68,423,324,5,324,907,557.72,243.06,21.06,194.58,3952.2,34,0,0,131,247,210,899,4850,,0.38
fair,batched-par k=4 suspects,,"{""batch_k"": 4, ""queue_suspects"": true}",batched-par,5,100,1000,10,True,1000,80.4982,12.4226,12.7135,432.026,677.238,430.831,5.36,12.95,76.25,5.44,431.22,1042.52,6138.0,438.08,93.48,0.0,43615.6,90.3,4575,1630,10,1032,144,1973,372,2,372,0,0.0,0.0,10.58,67.94,0.0,0,167,3705,0,0,325,0,6981,,0.55
fair,beanstalk quarantine,,"{""green_mode"": ""quarantine""}",beanstalk,0,100,1000,10,True,1000,74.8278,13.364,15.3122,405.325,1150.195,458.842,5.58,12.55,0.1,81.78,417.26,939.13,7.26,6119.14,38.68,5999.23,11061.6,24.64,1099,0,10,678,79,332,348,3,348,891,716.65,329.07,23.41,197.04,4108.0,41,0,0,125,165,240,934,5008,,0.52
fair,beanstalk quarantine,,"{""green_mode"": ""quarantine""}",beanstalk,1,100,1000,10,True,1000,63.7484,15.6867,15.1129,327.276,1012.768,397.538,6.59,11.98,0.11,81.32,420.41,763.43,6.73,5184.27,5.63,5136.78,10262.2,26.83,1019,0,10,575,73,391,300,3,300,894,756.18,309.09,23.42,168.77,3640.5,32,0,0,101,148,212,871,4643,,0.51
fair,beanstalk quarantine,,"{""green_mode"": ""quarantine""}",beanstalk,3,100,1000,10,True,1000,62.4579,16.0108,19.4201,302.964,792.107,346.824,6.28,14.35,0.12,79.25,392.43,896.27,7.34,4949.75,22.24,4853.34,10572.8,28.21,1053,0,10,713,105,362,330,5,330,907,603.59,247.46,35.45,410.86,3588.0,37,0,0,102,147,240,906,5012,,0.41
fair,beanstalk quarantine,,"{""green_mode"": ""quarantine""}",beanstalk,6,100,1000,10,True,1000,66.3278,15.0766,15.5177,310.17,1037.252,404.87,6.41,13.41,0.11,80.07,425.13,889.7,7.18,5310.77,12.54,5225.16,11118.6,27.94,1108,0,10,676,93,456,345,2,345,891,799.26,287.69,20.82,155.86,3693.0,45,0,0,119,201,239,907,5031,,0.42
fair,beanstalk quarantine,,"{""green_mode"": ""quarantine""}",beanstalk,9,100,1000,10,True,1000,68.8587,14.5225,14.1522,306.847,1222.741,429.234,6.3,11.7,0.1,81.9,433.66,805.45,6.9,5639.86,9.31,5620.22,10810.4,26.17,1075,0,10,590,75,334,341,3,341,891,1083.68,326.18,37.96,451.62,3993.4,38,0,0,119,155,241,920,4812,,0.36
fair,beanstalk quarantine,,"{""green_mode"": ""quarantine""}",beanstalk,5,100,1000,10,True,1000,66.8764,14.953,14.3752,299.78,970.464,392.304,6.45,14.12,0.11,79.33,431.22,944.13,7.32,5304.97,8.96,5245.58,11061.6,27.57,1101,0,10,686,87,365,355,3,355,917,896.09,276.05,21.22,237.77,3803.0,42,0,0,107,125,261,976,5050,,0.57
fair,beanstalk quarantine,,"{""green_mode"": ""quarantine""}",beanstalk,8,100,1000,10,True,1000,69.0124,14.4901,15.9939,340.789,1001.906,404.363,5.96,13.43,0.11,80.5,411.47,926.84,7.46,5555.47,5.35,5543.64,11289.2,27.26,1125,0,10,741,65,368,353,4,353,900,793.34,289.4,15.49,117.3,3948.8,36,0,0,128,165,240,960,5197,,0.41
fair,beanstalk quarantine,,"{""green_mode"": ""quarantine""}",beanstalk,4,100,1000,10,True,1000,62.0945,16.1045,16.8654,380.728,1081.717,435.953,7.03,14.48,0.12,78.37,436.73,898.99,7.32,4866.41,6.51,4823.85,10763.2,28.89,1067,0,10,711,87,401,344,3,344,898,909.97,324.8,20.88,183.15,3531.5,45,0,0,116,163,241,904,5061,,0.6
fair,beanstalk quarantine,,"{""green_mode"": ""quarantine""}",beanstalk,7,100,1000,10,True,1000,75.4863,13.2474,12.9768,316.744,934.724,363.777,5.64,10.54,0.09,83.73,425.68,795.51,6.89,6320.55,9.05,6308.11,11221.9,24.78,1123,0,10,582,96,374,326,3,326,876,747.89,264.08,19.22,131.36,4298.9,39,0,0,108,187,237,936,4816,,0.47
fair,beanstalk no-budget,,"{""budget"": false}",beanstalk,1,100,1000,10,True,1000,37.2367,26.8552,,1410.374,1690.548,1366.241,11.29,38.09,0.24,50.37,420.41,1418.44,9.05,1875.78,0.0,0.0,9841.9,44.05,978,0,10,1058,107,753,386,4,386,987,1322.06,117.3,688.88,1694.27,0.0,50,0,0,111,220,279,758,5681,,0.41
fair,beanstalk no-budget,,"{""budget"": false}",beanstalk,0,100,1000,10,True,1000,61.3084,16.311,,3293.909,3660.784,3273.561,6.81,28.94,0.17,64.08,417.26,1774.37,10.26,3928.95,94.77,0.0,11570.9,31.46,1150,0,10,1302,137,847,478,8,478,990,860.53,127.04,1839.25,3678.5,0.0,51,0,0,144,302,342,848,6514,,0.51
fair,beanstalk no-budget,,"{""budget"": false}",beanstalk,2,100,1000,10,True,1000,35.4405,28.2163,,1581.189,1935.549,1540.318,12.27,45.04,0.27,42.42,434.8,1596.37,9.66,1503.21,52.52,0.0,10808.5,50.83,1078,0,10,1250,116,735,394,10,394,987,1140.03,134.21,889.63,1937.49,0.0,52,0,0,120,331,284,747,6199,,0.45
fair,beanstalk no-budget,,"{""budget"": false}",beanstalk,4,100,1000,10,True,1000,40.0081,24.9949,,1659.061,1987.221,1619.552,10.92,40.66,0.25,48.18,436.73,1626.62,9.83,1927.63,38.12,0.0,10693.5,44.55,1059,0,10,1215,140,739,435,6,435,987,1056.23,123.73,861.55,1997.3,0.0,49,0,0,147,316,295,743,6181,,0.48
fair,beanstalk no-budget,,"{""budget"": false}",beanstalk,3,100,1000,10,True,1000,30.059,33.2679,,1387.584,1716.489,1351.982,13.06,50.42,0.32,36.2,392.43,1515.62,9.67,1088.18,4.01,0.0,10098.5,55.99,1003,0,10,1234,132,752,366,5,366,986,1371.92,125.16,822.73,1721.39,0.0,45,0,0,115,247,256,756,5998,,0.52
fair,beanstalk no-budget,,"{""budget"": false}",beanstalk,5,100,1000,10,True,1000,46.3946,21.5542,,2434.552,2765.562,2392.666,9.29,34.46,0.21,56.03,431.22,1598.98,9.6,2599.66,70.92,0.0,10684.4,38.38,1059,0,10,1233,98,841,389,2,389,984,832.44,122.86,1379.88,2771.67,0.0,40,0,0,113,216,278,843,6124,,0.52
fair,beanstalk no-budget,,"{""budget"": false}",beanstalk,6,100,1000,10,True,1000,35.2802,28.3445,,1762.455,2097.174,1693.231,12.05,49.56,0.28,38.1,425.13,1748.63,9.95,1344.31,33.98,0.0,11331.2,53.53,1132,0,10,1252,146,883,452,6,452,984,1412.67,137.39,1042.4,2100.69,0.0,55,0,0,138,245,320,887,6347,,0.45
fair,beanstalk no-budget,,"{""budget"": false}",beanstalk,7,100,1000,10,True,1000,29.7942,33.5635,,1450.969,1767.885,1405.878,14.29,47.56,0.31,37.84,425.68,1417.0,9.22,1127.53,49.85,0.0,9778.0,54.7,978,0,10,1164,161,750,328,7,328,986,803.19,130.51,876.8,1770.48,0.0,45,0,0,93,224,242,754,5779,,0.45
fair,beanstalk no-budget,,"{""budget"": false}",beanstalk,8,100,1000,10,True,1000,38.9422,25.6791,,1979.207,2316.639,1939.864,10.57,45.35,0.26,43.82,411.47,1766.06,10.21,1706.48,16.41,0.0,11052.2,47.3,1096,0,10,1390,104,874,390,6,390,988,1566.58,138.61,1152.38,2320.55,0.0,49,0,0,122,216,274,880,6473,,0.5
fair,beanstalk no-budget,,"{""budget"": false}",beanstalk,9,100,1000,10,True,1000,35.5212,28.1522,,1777.843,2111.909,1733.993,12.21,46.12,0.27,41.4,433.66,1638.28,9.73,1470.45,27.32,0.0,10580.3,49.64,1052,0,10,1231,92,819,405,3,405,984,1342.13,122.77,1065.64,2131.27,0.0,46,0,0,119,232,289,820,6128,,0.49
fair,beanstalk-noplace quarantine,,"{""green_mode"": ""quarantine""}",beanstalk-noplace,1,100,1000,10,True,1000,61.6392,16.2234,14.1794,249.005,706.478,288.31,6.82,11.64,0.11,81.43,420.41,717.65,6.5,5019.37,8.71,4995.76,10876.2,29.41,1083,0,10,521,91,437,296,7,296,0,572.56,231.52,17.39,152.99,3559.9,32,0,0,102,172,215,911,4607,,0.16
fair,beanstalk-noplace quarantine,,"{""green_mode"": ""quarantine""}",beanstalk-noplace,0,100,1000,10,True,1000,61.3002,16.3132,16.6623,285.948,847.838,341.773,6.81,12.83,0.11,80.25,417.26,786.45,7.02,4919.28,7.12,4883.76,10508.0,28.57,1048,0,10,652,84,371,295,3,295,0,744.71,258.76,24.47,219.84,3504.8,31,0,0,108,161,200,887,4810,,0.18
fair,beanstalk-noplace quarantine,,"{""green_mode"": ""quarantine""}",beanstalk-noplace,2,100,1000,10,True,1000,64.7315,15.4484,14.7999,374.248,995.598,393.908,6.72,13.84,0.11,79.33,434.8,895.83,7.2,5135.32,12.53,5111.98,11126.5,28.65,1106,0,10,665,91,434,329,5,329,0,611.17,312.75,17.06,147.21,3696.0,43,0,0,128,170,218,936,4957,,0.2
fair,beanstalk-noplace quarantine,,"{""green_mode"": ""quarantine""}",beanstalk-noplace,3,100,1000,10,True,1000,61.0683,16.3751,19.1368,279.234,851.221,345.298,6.43,15.31,0.12,78.15,392.43,934.75,7.45,4772.19,15.82,4726.44,11315.4,30.88,1116,0,10,743,89,432,346,2,346,0,531.1,229.38,15.88,88.72,3387.4,36,0,0,127,200,239,916,5169,,0.19
fair,beanstalk quarantine no-budget,,"{""budget"": false, ""green_mode"": ""quarantine""}",beanstalk,0,100,1000,10,True,1000,46.573,21.4717,31.7407,904.967,1759.952,921.866,8.96,29.55,0.19,61.3,417.26,1376.29,8.91,2854.84,12.82,0.0,10989.0,39.33,1093,0,10,1082,120,270,351,3,351,990,1110.77,616.4,31.88,326.89,0.0,134,0,0,121,201,249,892,5782,,0.98
fair,beanstalk-noplace quarantine,,"{""green_mode"": ""quarantine""}",beanstalk-noplace,4,100,1000,10,True,1000,82.4655,12.1263,11.7094,261.484,842.352,341.999,5.3,10.32,0.09,84.3,436.73,851.31,7.01,6951.5,22.84,6917.24,11746.5,23.74,1168,0,10,628,80,431,348,5,348,0,771.94,262.0,34.66,374.35,4813.3,38,0,0,131,176,235,992,5001,,0.16
fair,beanstalk quarantine no-budget,,"{""budget"": false, ""green_mode"": ""quarantine""}",beanstalk,1,100,1000,10,True,1000,49.9755,20.0098,32.8809,744.35,1814.481,775.34,8.41,24.45,0.16,66.97,420.41,1222.14,8.13,3346.87,3.17,0.0,9414.6,31.4,934,0,10,881,105,192,337,5,337,987,1095.76,480.66,36.84,326.73,0.0,195,0,0,113,149,237,785,5202,,0.97
fair,beanstalk-noplace quarantine,,"{""green_mode"": ""quarantine""}",beanstalk-noplace,5,100,1000,10,True,1000,64.8087,15.43,14.6653,288.364,819.93,344.531,6.65,13.56,0.11,79.68,431.22,878.75,7.11,5163.78,10.74,5124.19,10629.0,27.33,1059,0,10,676,64,364,310,2,310,0,600.68,240.67,16.05,108.29,3712.4,38,0,0,97,135,224,924,4898,,0.18
fair,beanstalk quarantine no-budget,,"{""budget"": false, ""green_mode"": ""quarantine""}",beanstalk,2,100,1000,10,True,1000,40.0663,24.9586,30.0398,1022.755,1686.459,946.567,10.85,34.16,0.22,54.77,434.8,1368.55,8.7,2194.58,21.2,0.0,10806.7,44.95,1076,0,10,1020,94,281,356,3,356,987,1174.2,631.7,15.47,137.29,0.0,152,0,0,136,223,235,853,5658,,1.0
fair,beanstalk quarantine no-budget,,"{""budget"": false, ""green_mode"": ""quarantine""}",beanstalk,5,100,1000,10,True,1000,62.6728,15.9559,19.7085,869.554,2734.356,1020.72,6.88,22.26,0.14,70.73,431.22,1394.91,8.57,4432.58,31.72,0.0,11509.4,30.61,1142,0,10,987,82,442,353,2,353,984,1328.69,718.19,17.81,148.42,0.0,45,0,0,118,171,251,971,5663,,0.91
fair,beanstalk quarantine no-budget,,"{""budget"": false, ""green_mode"": ""quarantine""}",beanstalk,4,100,1000,10,True,1000,47.6403,20.9906,30.7519,879.968,1918.489,925.324,9.17,31.43,0.19,59.21,436.73,1497.32,8.97,2821.01,23.55,0.0,10839.3,37.92,1078,0,10,1076,129,294,379,5,379,987,1042.08,560.28,17.82,113.39,0.0,179,0,0,130,230,265,848,5822,,1.0
fair,beanstalk quarantine no-budget,,"{""budget"": false, ""green_mode"": ""quarantine""}",beanstalk,3,100,1000,10,True,1000,44.8025,22.3202,28.4916,1383.82,1930.756,1253.935,8.76,30.17,0.2,60.87,392.43,1351.63,9.18,2727.01,24.53,0.0,10155.2,37.78,1010,0,10,1073,120,333,371,6,371,986,1612.12,683.09,22.63,166.42,0.0,201,0,0,127,230,262,780,5676,,1.01
fair,beanstalk-noplace quarantine,,"{""green_mode"": ""quarantine""}",beanstalk-noplace,8,100,1000,10,True,1000,64.2456,15.5653,16.7916,251.028,845.183,320.799,6.4,13.02,0.11,80.46,411.47,836.75,7.24,5169.1,5.39,5031.02,11236.0,29.15,1118,0,10,668,76,425,314,6,314,0,629.04,239.12,15.54,124.48,3654.1,42,0,0,115,196,211,922,4936,,0.18
fair,beanstalk-noplace quarantine,,"{""green_mode"": ""quarantine""}",beanstalk-noplace,7,100,1000,10,True,1000,58.2429,17.1695,16.5284,291.007,837.568,316.159,7.31,13.73,0.12,78.85,425.68,799.4,6.94,4592.27,13.07,4374.24,9946.3,28.46,992,0,10,634,113,329,297,4,297,0,717.8,249.37,14.93,142.35,3270.7,33,0,0,91,103,226,889,4748,,0.18
main,serial,,{},serial,0,100,1000,10,True,1000,222.5524,4.4933,4.5294,1289.121,1420.189,1235.708,1.87,2.92,89.62,5.58,417.26,649.03,19946.1,1242.85,49.75,0.0,13282.4,9.95,1296,0,1,565,126,296,275,21,275,0,0.0,0.0,8.26,53.95,0.0,0,0,0,0,0,0,0,3157,,0.12
fair,beanstalk-noplace quarantine,,"{""green_mode"": ""quarantine""}",beanstalk-noplace,6,100,1000,10,True,1000,66.042,15.1419,15.4683,404.646,1230.617,504.515,6.44,14.62,0.11,78.83,425.13,965.5,7.44,5206.14,10.37,5168.19,10821.1,27.31,1078,0,10,729,100,319,351,4,351,0,1003.09,320.79,23.67,289.03,3734.8,38,0,0,119,206,247,871,5115,,0.22
fair,beanstalk-noplace quarantine,,"{""green_mode"": ""quarantine""}",beanstalk-noplace,9,100,1000,10,True,1000,71.5349,13.9792,15.2873,271.745,1013.315,386.051,6.06,12.51,0.1,81.33,433.66,894.91,6.98,5817.95,18.02,5728.98,10701.4,24.93,1063,0,10,634,51,363,337,1,337,0,825.04,288.72,24.88,227.72,4106.1,37,0,0,103,136,249,927,4890,,0.2
main,serial,,{},serial,1,100,1000,10,True,1000,225.9379,4.426,4.4226,1310.494,1451.441,1253.751,1.86,2.74,89.74,5.65,420.41,619.81,20276.04,1277.53,24.94,0.0,13460.9,9.93,1315,0,1,541,103,315,290,25,290,0,0.0,0.0,8.53,72.21,0.0,0,0,0,0,0,0,0,3171,,0.12
main,serial,,{},serial,2,100,1000,10,True,1000,219.4636,4.5566,4.5073,1282.772,1446.216,1220.058,1.98,2.64,90.02,5.36,434.8,578.66,19755.63,1177.26,39.47,0.0,13157.0,9.99,1281,0,1,540,111,281,265,16,265,0,0.0,0.0,8.07,57.07,0.0,0,0,0,0,0,0,0,3102,,0.12
fair,beanstalk quarantine no-budget,,"{""budget"": false, ""green_mode"": ""quarantine""}",beanstalk,7,100,1000,10,True,1000,42.209,23.6917,29.8313,912.15,1742.741,885.727,10.09,31.9,0.21,57.81,425.68,1346.61,8.69,2439.92,27.88,0.0,9783.7,38.63,976,0,10,1067,157,334,305,2,305,987,1059.73,555.73,20.8,136.97,0.0,168,0,0,98,164,220,812,5554,,0.96
main,serial,,{},serial,3,100,1000,10,True,1000,223.522,4.4738,4.46,1293.617,1450.938,1246.125,1.76,2.65,90.26,5.33,392.43,593.2,20175.55,1191.02,102.92,0.0,13405.7,10.0,1303,0,1,584,125,303,289,14,289,0,0.0,0.0,8.24,65.19,0.0,0,0,0,0,0,0,0,3190,,0.12
main,serial,,{},serial,6,100,1000,10,True,1000,229.7635,4.3523,4.286,1345.568,1500.219,1285.046,1.85,3.07,90.14,4.93,425.13,705.79,20711.64,1133.78,27.68,0.0,13744.9,9.97,1339,0,1,583,120,339,318,21,318,0,0.0,0.0,8.75,53.18,0.0,0,0,0,0,0,0,0,3261,,0.1
main,serial,,{},serial,5,100,1000,10,True,1000,223.2002,4.4803,4.4763,1290.498,1463.133,1242.21,1.93,2.93,89.83,5.31,431.22,654.04,20049.47,1185.29,46.67,0.0,13331.9,9.96,1306,0,1,570,94,306,284,22,284,0,0.0,0.0,8.34,51.03,0.0,0,0,0,0,0,0,0,3182,,0.11
main,serial,,{},serial,4,100,1000,10,True,1000,234.0559,4.2725,4.3707,1323.054,1482.974,1271.425,1.87,2.89,87.64,7.6,436.73,676.93,20513.48,1778.45,33.39,0.0,13704.3,9.76,1338,0,1,539,118,338,317,21,317,0,0.0,0.0,10.97,206.25,0.0,0,0,0,0,0,0,0,3215,,0.11
fair,beanstalk quarantine no-budget,,"{""budget"": false, ""green_mode"": ""quarantine""}",beanstalk,8,100,1000,10,True,1000,46.2752,21.6099,28.0789,877.454,2079.86,972.025,8.89,31.49,0.2,59.42,411.47,1457.24,9.24,2749.57,29.86,0.0,10651.0,38.36,1055,0,10,1171,113,152,339,5,339,988,1334.96,563.11,25.73,252.29,0.0,158,0,0,125,242,231,813,5896,,0.92
main,serial,,{},serial,7,100,1000,10,True,1000,218.9235,4.5678,4.6542,1256.337,1390.099,1197.759,1.94,2.63,88.55,6.87,425.68,576.46,19386.18,1504.03,36.1,0.0,12929.6,9.84,1261,0,1,524,142,261,244,17,244,0,0.0,0.0,9.49,198.03,0.0,0,0,0,0,0,0,0,3046,,0.1
fair,beanstalk quarantine no-budget,,"{""budget"": false, ""green_mode"": ""quarantine""}",beanstalk,6,100,1000,10,True,1000,50.3615,19.8565,26.9338,976.282,1840.984,997.46,8.44,31.15,0.19,60.23,425.13,1568.59,9.34,3033.09,57.52,0.0,10696.6,35.4,1065,0,10,1161,134,221,387,2,387,984,1162.49,563.73,27.86,249.06,0.0,222,0,0,132,169,268,896,5976,,1.07
main,serial,,{},serial,8,100,1000,10,True,1000,223.0847,4.4826,4.5187,1287.218,1451.367,1235.145,1.84,2.85,89.42,5.88,411.47,636.75,19949.0,1311.24,16.01,0.0,13280.6,9.92,1300,0,1,574,114,300,284,16,284,0,0.0,0.0,8.52,100.16,0.0,0,0,0,0,0,0,0,3174,,0.09
fair,beanstalk quarantine no-budget,,"{""budget"": false, ""green_mode"": ""quarantine""}",beanstalk,9,100,1000,10,True,1000,63.7924,15.6759,14.5691,1195.676,3118.202,1312.36,6.8,20.43,0.13,72.65,433.66,1302.97,8.2,4634.41,31.1,0.0,11547.3,30.17,1150,0,10,915,80,407,346,8,346,984,1926.4,926.12,29.04,243.35,0.0,35,0,0,117,248,247,902,5524,,0.92
main,serial,,{},serial,9,100,1000,10,True,1000,224.3022,4.4583,4.4488,1301.849,1433.571,1239.738,1.93,2.86,89.26,5.95,433.66,642.0,20020.31,1334.26,91.08,0.0,13323.0,9.9,1302,0,1,528,89,302,280,22,280,0,0.0,0.0,8.74,106.75,0.0,0,0,0,0,0,0,0,3132,,0.09
main,beanstalk-noplace,,{},beanstalk-noplace,0,100,1000,10,True,1000,58.5589,17.0768,21.8239,505.29,823.881,545.315,7.13,14.95,0.13,77.79,417.26,875.58,7.55,4555.51,21.68,4228.51,10088.4,28.71,997,0,10,765,83,761,315,3,315,0,332.31,82.7,311.81,838.97,3259.0,29,0,0,98,205,221,792,4996,,0.11
main,beanstalk-noplace,,{},beanstalk-noplace,1,100,1000,10,True,1000,61.0765,16.3729,15.262,632.949,1659.846,767.036,6.88,13.92,0.12,79.08,420.41,850.15,7.24,4829.85,3.04,4620.87,10417.7,28.43,1037,0,10,652,88,798,351,4,351,0,652.41,82.3,513.58,1665.35,3330.2,27,0,0,101,217,254,820,4904,,0.11
main,beanstalk-noplace,,{},beanstalk-noplace,3,100,1000,10,True,1000,63.5701,15.7307,18.0614,503.343,1049.606,606.198,6.17,12.74,0.12,80.97,392.43,809.89,7.48,5147.21,18.78,4840.64,9952.9,26.09,983,0,10,733,104,738,309,4,309,0,496.98,82.59,355.84,1050.51,3462.8,26,0,0,104,229,210,754,4908,,0.11
main,beanstalk,,{},beanstalk,1,100,1000,10,True,1000,67.7447,14.7613,13.2649,777.895,1218.377,712.619,6.21,12.17,0.1,81.52,420.41,824.43,7.07,5522.57,12.95,5456.15,10559.7,25.98,1049,0,10,594,101,786,361,5,361,883,702.06,87.23,441.87,1224.08,3607.9,31,0,0,111,238,255,811,4826,,0.31
main,beanstalk,,{},beanstalk,2,100,1000,10,True,1000,55.1952,18.1175,19.2231,508.508,1165.587,615.881,7.88,15.15,0.12,76.85,434.8,835.97,6.9,4241.85,44.67,4015.18,10423.3,31.47,1038,0,10,631,73,759,303,4,303,926,289.22,81.46,379.17,1169.2,2915.3,26,0,0,105,258,202,780,4783,,0.31
main,beanstalk,,{},beanstalk,0,100,1000,10,True,1000,80.3591,12.4441,17.5529,1390.288,2158.747,1206.143,5.19,12.88,0.1,81.83,417.26,1035.03,7.71,6575.92,41.7,6495.68,12272.6,25.45,1219,0,10,710,94,896,460,7,460,930,388.64,81.45,789.86,2158.95,4320.9,31,0,0,157,308,310,911,5441,,0.33
main,beanstalk-noplace,,{},beanstalk-noplace,2,100,1000,10,True,1000,51.951,19.2489,20.9787,657.475,1166.645,691.909,8.37,16.22,0.14,75.27,434.8,842.76,7.03,3910.51,20.67,3704.0,10741.3,34.46,1066,0,10,642,81,771,325,3,325,0,328.94,79.81,483.27,1169.68,2791.0,27,0,0,110,271,222,795,4875,,0.18
main,beanstalk,,{},beanstalk,3,100,1000,10,True,1000,53.9508,18.5354,19.0382,556.925,842.306,556.193,7.27,16.01,0.14,76.57,392.43,863.7,7.67,4131.28,4.91,4117.16,10239.3,31.63,1019,0,10,743,112,771,345,3,345,908,449.25,83.05,331.81,844.79,3061.0,29,0,0,108,229,241,790,5027,,0.32
main,beanstalk,,{},beanstalk,7,100,1000,10,True,1000,106.3813,9.4001,16.2399,1154.999,3411.129,1586.365,4.0,9.43,0.07,86.49,425.68,1003.6,7.56,9201.3,12.23,9150.04,11548.4,18.09,1152,0,10,669,91,894,438,7,438,899,463.63,88.9,1192.03,3413.73,5762.5,29,0,0,125,244,321,908,5235,,0.33
main,beanstalk,,{},beanstalk,6,100,1000,10,True,1000,80.3564,12.4446,12.0542,563.697,2704.444,932.725,5.29,12.62,0.1,82.0,425.13,1013.99,7.69,6588.83,6.05,6545.28,10766.7,22.33,1072,0,10,782,103,799,367,7,367,901,607.89,85.17,855.0,2711.0,4393.0,31,0,0,109,255,265,817,5242,,0.33
main,beanstalk,,{},beanstalk,9,100,1000,10,True,1000,63.8482,15.6622,13.7056,1547.916,2772.041,1501.089,6.79,13.42,0.11,79.68,433.66,856.57,7.05,5087.54,51.54,4522.3,10779.5,28.14,1074,0,10,611,76,855,358,3,358,909,491.49,83.63,1085.36,2775.26,3390.6,26,0,0,110,207,251,867,4896,,0.32
main,beanstalk,,{},beanstalk,8,100,1000,10,True,1000,60.8893,16.4233,30.33,584.606,1545.855,718.573,6.76,15.52,0.13,77.59,411.47,945.08,7.76,4724.61,8.62,4386.13,10694.4,29.27,1061,0,10,780,80,809,371,3,371,896,475.76,79.77,479.11,1549.77,3303.0,25,0,0,121,219,255,842,5197,,0.33
main,beanstalk-noplace,,{},beanstalk-noplace,4,100,1000,10,True,1000,65.4727,15.2735,15.7131,457.117,1071.645,558.951,6.67,14.97,0.12,78.24,436.73,979.99,7.67,5122.89,19.47,4964.54,11085.7,28.22,1096,0,10,764,86,777,368,4,368,0,343.88,81.7,322.78,1072.72,3712.9,29,0,0,130,294,243,802,5231,,0.11
main,beanstalk-noplace,,{},beanstalk-noplace,5,100,1000,10,True,1000,65.1929,15.3391,15.5098,610.903,778.275,555.156,6.61,14.08,0.12,79.19,431.22,918.05,7.54,5162.47,6.21,5098.33,10316.0,26.37,1028,0,10,745,92,817,328,3,328,0,526.6,84.47,310.24,780.36,3604.7,25,0,0,90,179,242,849,5013,,0.12
main,beanstalk-noplace,,{},beanstalk-noplace,6,100,1000,10,True,1000,65.1528,15.3485,18.0267,740.526,1284.74,687.219,6.53,14.5,0.11,78.86,425.13,944.63,7.45,5138.07,10.77,4757.58,11101.4,28.4,1098,0,10,701,86,827,381,1,381,0,445.31,83.68,444.51,1293.86,3470.4,29,0,0,115,246,268,852,5128,,0.11
main,beanstalk,,{},beanstalk,4,100,1000,10,True,1000,60.5614,16.5122,15.6569,706.223,1896.145,935.401,7.21,14.57,0.12,78.09,436.73,882.54,7.43,4729.44,2.25,4647.01,10940.8,30.11,1085,0,10,692,88,792,380,3,380,904,432.37,81.2,619.15,1896.05,3339.3,29,0,0,120,277,263,808,5110,,0.38
main,beanstalk-noplace,,{},beanstalk-noplace,7,100,1000,10,True,1000,61.583,16.2383,17.1162,802.502,1769.917,893.438,6.91,14.81,0.12,78.16,425.68,911.92,7.29,4813.41,1.7,4790.1,10146.9,27.46,1016,0,10,701,123,804,327,6,327,0,444.75,92.09,647.4,1772.4,3468.9,30,0,0,90,189,243,827,4935,,0.1
main,beanstalk,,{},beanstalk,5,100,1000,10,True,1000,62.5513,15.9869,15.4059,569.826,818.491,554.456,6.89,14.56,0.12,78.43,431.22,910.59,7.53,4905.79,1.44,4791.57,10358.3,27.6,1032,0,10,721,89,792,362,3,362,908,410.21,81.15,318.95,825.73,3556.1,27,0,0,108,215,259,817,5042,,0.38
main,beanstalk-noplace,,{},beanstalk-noplace,8,100,1000,10,True,1000,72.2328,13.8441,28.3028,1006.126,2604.179,1303.656,5.7,13.54,0.11,80.65,411.47,978.22,7.91,5825.67,0.48,5816.91,11547.0,26.64,1146,0,10,766,103,858,423,5,423,0,480.44,82.41,954.23,2609.27,4177.5,30,0,0,142,262,287,883,5375,,0.11
main,beanstalk-noplace,,{},beanstalk-noplace,9,100,1000,10,True,1000,62.0188,16.1241,31.2817,683.874,1551.938,810.937,6.99,14.5,0.12,78.39,433.66,899.23,7.28,4861.72,40.04,4389.69,10360.7,27.84,1028,0,10,664,67,784,349,9,349,0,331.38,82.42,538.62,1558.33,3290.7,26,0,0,102,219,256,809,4923,,0.17
queue,batched k=1,,"{""batch_k"": 1}",batched,1,100,1000,10,True,1000,66.4588,15.0469,15.0266,340.45,528.824,346.783,6.33,11.94,75.02,6.71,420.41,793.77,4985.94,445.76,14.69,0.0,35319.4,88.57,3874,1083,10,703,141,722,320,13,320,0,0.0,0.0,7.61,42.96,0.0,0,0,2541,0,0,0,0,5910,,0.16
queue,batched k=1,,"{""batch_k"": 1}",batched,2,100,1000,10,True,1000,66.5585,15.0244,15.3232,330.008,515.187,335.456,6.53,12.17,71.83,9.47,434.8,810.17,4780.76,630.11,57.64,0.0,34687.0,86.86,3896,1211,10,719,137,703,309,24,309,0,0.0,0.0,8.5,62.85,0.0,0,0,2563,0,0,0,0,5948,,0.16
queue,batched k=1,,"{""batch_k"": 1}",batched,0,100,1000,10,True,1000,68.5197,14.5943,15.8856,333.032,496.075,339.312,6.09,12.39,70.14,11.38,417.26,849.23,4805.97,779.52,91.19,0.0,35102.7,85.38,3886,1205,10,767,144,707,308,24,308,0,0.0,0.0,10.89,170.11,0.0,0,0,2554,0,0,0,0,5985,,0.17
queue,batched k=1,,"{""batch_k"": 1}",batched,3,100,1000,10,True,1000,72.7666,13.7426,14.7414,343.85,536.489,354.24,5.39,11.19,69.94,13.47,392.43,814.47,5089.54,980.22,138.67,0.0,35900.9,82.23,3941,1164,10,742,149,743,328,17,328,0,0.0,0.0,10.7,125.01,0.0,0,0,2596,0,0,0,0,6028,,0.18
queue,batched k=1,,"{""batch_k"": 1}",batched,7,100,1000,10,True,1000,62.7234,15.943,16.922,304.384,485.625,313.403,6.79,12.91,70.37,9.94,425.68,809.56,4413.82,623.28,68.67,0.0,32889.0,87.39,3632,1034,10,711,158,666,287,23,287,0,0.0,0.0,7.81,52.89,0.0,0,0,2322,0,0,0,0,5653,,0.16
queue,batched k=1,,"{""batch_k"": 1}",batched,5,100,1000,10,True,1000,69.5343,14.3814,14.6971,343.778,545.341,355.738,6.2,12.81,72.45,8.53,431.22,891.06,5037.9,593.24,35.89,0.0,36251.2,86.89,4000,1200,10,770,103,735,320,25,320,0,0.0,0.0,8.53,63.05,0.0,0,0,2655,0,0,0,0,6115,,0.17
queue,batched k=1,,"{""batch_k"": 1}",batched,8,100,1000,10,True,1000,72.3893,13.8142,15.3502,332.336,505.554,341.608,5.68,12.61,66.04,15.67,411.47,912.77,4780.69,1134.0,58.29,0.0,34928.5,80.42,3899,1196,10,773,130,696,322,15,322,0,0.0,0.0,20.18,329.38,0.0,0,0,2562,0,0,0,0,6009,,0.17
queue,batched k=1,,"{""batch_k"": 1}",batched,6,100,1000,10,True,1000,74.0343,13.5072,14.1227,362.645,555.611,368.031,5.74,12.76,70.09,11.41,425.13,944.9,5188.95,844.45,22.75,0.0,37193.3,83.73,4103,1197,10,795,154,834,345,17,345,0,0.0,0.0,10.01,115.15,0.0,0,0,2741,0,0,0,0,6260,,0.17
queue,batched k=1,,"{""batch_k"": 1}",batched,9,100,1000,10,True,1000,77.0727,12.9748,15.5778,327.178,491.725,331.339,5.63,11.17,60.48,22.72,433.66,860.99,4661.33,1751.3,99.42,0.0,34110.8,73.76,3854,1185,10,687,106,714,303,25,303,0,0.0,0.0,49.14,597.22,0.0,0,0,2526,0,0,0,0,5869,,0.17
queue,batched k=1,,"{""batch_k"": 1}",batched,4,100,1000,10,True,1000,73.5146,13.6027,14.2767,351.823,548.845,368.215,5.94,12.7,70.78,10.58,436.73,933.67,5203.25,777.81,40.07,0.0,37635.9,85.33,4140,1262,10,712,146,801,333,27,333,0,0.0,0.0,9.62,79.09,0.0,0,0,2780,0,0,0,0,6212,,0.22
queue,batched-par k=1,,"{""batch_k"": 1}",batched-par,0,100,1000,10,True,1000,56.9616,17.5557,21.0238,236.777,453.24,254.614,7.33,17.55,56.95,18.18,417.26,999.89,3243.68,1035.33,80.58,0.0,27263.6,79.77,3274,1162,10,877,178,610,337,29,337,0,0.0,0.0,10.54,114.96,0.0,0,0,1908,0,0,0,0,5517,,0.19
queue,batched-par k=1,,"{""batch_k"": 1}",batched-par,2,100,1000,10,True,1000,52.761,18.9534,20.0908,234.615,448.084,248.91,8.24,16.97,61.66,13.13,434.8,895.26,3253.24,692.79,59.24,0.0,26707.2,84.37,3117,1050,10,801,143,607,316,27,316,0,0.0,0.0,7.87,102.38,0.0,0,0,1774,0,0,0,0,5261,,0.18
queue,batched-par k=1,,"{""batch_k"": 1}",batched-par,1,100,1000,10,True,1000,55.4903,18.0212,20.9538,223.717,434.604,244.102,7.58,17.56,55.75,19.11,420.41,974.54,3093.83,1060.25,53.83,0.0,26106.8,78.41,3121,1078,10,805,168,594,343,27,343,0,0.0,0.0,10.56,136.98,0.0,0,0,1751,0,0,0,0,5296,,0.19
queue,batched-par k=1,,"{""batch_k"": 1}",batched-par,4,100,1000,10,True,1000,61.4641,16.2697,21.1314,213.382,465.155,243.385,7.11,16.7,49.29,26.9,436.73,1026.56,3029.86,1653.26,156.83,0.0,26092.7,70.75,3165,1145,10,819,152,611,349,16,349,0,0.0,0.0,25.62,333.13,0.0,0,0,1800,0,0,0,0,5349,,0.18
queue,batched-par k=1,,"{""batch_k"": 1}",batched-par,5,100,1000,10,True,1000,55.8829,17.8946,20.8595,223.194,474.817,246.657,7.72,19.03,54.53,18.72,431.22,1063.54,3047.4,1046.13,90.11,0.0,26347.3,78.58,3069,998,10,890,122,571,324,11,324,0,0.0,0.0,13.62,222.64,0.0,0,0,1734,0,0,0,0,5294,,0.18
queue,batched-par k=1,,"{""batch_k"": 1}",batched-par,9,100,1000,10,True,1000,54.7178,18.2756,23.2681,198.257,384.861,220.739,7.93,17.5,49.74,24.84,433.66,957.52,2721.47,1359.13,157.68,0.0,23992.2,73.08,2921,1044,10,762,118,526,319,21,319,0,0.0,0.0,17.23,220.69,0.0,0,0,1581,0,0,0,0,5023,,0.17
queue,batched-par k=1,,"{""batch_k"": 1}",batched-par,7,100,1000,10,True,1000,52.5795,19.0188,22.2268,207.793,446.376,231.035,8.1,17.66,55.57,18.67,425.68,928.67,2921.92,981.68,43.68,0.0,25382.6,80.46,2963,986,10,808,175,491,309,14,309,0,0.0,0.0,11.61,166.4,0.0,0,0,1640,0,0,0,0,5094,,0.18
queue,batched-par k=1,,"{""batch_k"": 1}",batched-par,6,100,1000,10,True,1000,59.25,16.8776,19.4225,234.955,500.341,259.927,7.18,18.24,54.88,19.71,425.13,1080.48,3251.63,1167.76,22.57,0.0,27486.9,77.32,3261,1181,10,909,174,626,351,23,351,0,0.0,0.0,12.04,200.39,0.0,0,0,1887,0,0,0,0,5544,,0.19
queue,batched-par k=1,,"{""batch_k"": 1}",batched-par,8,100,1000,10,True,1000,52.1966,19.1583,22.0228,200.484,479.306,230.603,7.88,20.16,53.47,18.48,411.47,1052.27,2791.12,964.8,24.25,0.0,24966.8,79.72,3000,998,10,932,143,556,326,22,326,0,0.0,0.0,9.31,118.36,0.0,0,0,1652,0,0,0,0,5280,,0.19
queue,batched-par k=1,,"{""batch_k"": 1}",batched-par,3,100,1000,10,True,1000,55.0601,18.162,20.168,231.63,437.355,251.436,7.13,16.53,59.58,16.76,392.43,910.22,3280.39,922.98,99.4,0.0,27065.0,81.93,3230,1161,10,860,155,619,349,22,349,0,0.0,0.0,9.77,138.7,0.0,0,0,1859,0,0,0,0,5461,,0.25
main,batched k=4,,{},batched,0,20,200,2,True,200,32.0078,6.2485,6.5428,124.843,352.171,147.59,12.56,14.34,62.51,10.58,80.43,91.78,400.18,67.76,0.0,0.0,3400.9,88.54,364,79,2,52,3,171,54,0,54,0,0.0,0.0,21.24,120.79,0.0,0,101,127,0,0,0,0,670,,0.02
main,batched k=4,,{},batched,1,20,200,2,True,200,29.6307,6.7498,7.0503,113.107,310.248,132.565,15.01,14.0,60.57,10.42,88.97,82.94,358.94,61.76,0.0,0.0,3185.1,89.58,342,81,2,28,5,156,47,1,47,0,0.0,0.0,22.28,118.81,0.0,0,92,124,0,0,0,0,618,,0.02
fair,batched k=1 released,,"{""batch_k"": 1, ""queue_agents"": ""released""}",batched,1,100,1000,10,True,1000,73.4644,13.612,14.3289,1886.837,3486.101,1880.059,5.72,14.31,0.0,79.96,420.41,1051.62,0.0,5874.41,0.0,0.0,36801.6,83.49,4089,1237,10,1012,231,824,330,20,330,0,0.0,0.0,9.64,90.67,0.0,0,0,2739,0,0,0,0,6451,,0.21
fair,batched k=1 released,,"{""batch_k"": 1, ""queue_agents"": ""released""}",batched,0,100,1000,10,True,1000,75.7001,13.21,14.1364,1855.524,3527.871,1831.852,5.51,13.91,0.0,80.58,417.26,1053.11,0.0,6099.64,0.0,0.0,37544.3,82.66,4176,1308,10,1040,230,840,356,9,356,0,0.0,0.0,13.23,214.58,0.0,0,0,2811,0,0,0,0,6581,,0.24
main,batched k=4,,{},batched,3,20,200,2,True,200,26.7304,7.4821,7.5957,95.229,328.098,121.934,16.39,12.69,63.34,7.59,87.61,67.82,338.63,40.55,10.15,0.0,2980.5,92.92,316,69,2,40,7,142,44,0,44,0,0.0,0.0,18.02,108.68,0.0,0,85,105,0,0,0,0,600,,0.02
main,batched k=4,,{},batched,4,20,200,2,True,200,33.6256,5.9479,6.7185,108.272,312.801,140.017,12.21,9.71,59.69,18.39,82.1,65.32,401.41,123.69,5.97,0.0,3310.1,82.03,356,70,2,39,8,170,47,3,47,0,0.0,0.0,28.69,237.93,0.0,0,99,119,0,0,0,0,645,,0.02
fair,batched k=1 released,,"{""batch_k"": 1, ""queue_agents"": ""released""}",batched,2,100,1000,10,True,1000,66.5569,15.0247,16.0686,1574.039,3034.304,1550.39,6.53,15.28,0.0,78.18,434.8,1017.29,0.0,5203.6,0.0,0.0,33216.8,83.18,3702,1067,10,1035,210,710,296,21,296,0,0.0,0.0,8.92,70.46,0.0,0,0,2385,0,0,0,0,6054,,0.2
main,batched k=4,,{},batched,6,20,200,2,True,200,39.012,5.1266,6.9835,111.586,313.291,132.206,10.67,10.15,46.33,32.85,83.28,79.23,361.46,256.28,14.59,0.0,3011.5,64.33,320,60,2,44,4,159,43,1,43,0,0.0,0.0,104.34,643.64,0.0,0,86,108,0,0,0,0,608,,0.02
main,batched k=4,,{},batched,5,20,200,2,True,200,36.5156,5.4771,7.5532,91.415,316.695,126.325,11.36,10.99,46.67,30.99,82.94,80.23,340.86,226.29,12.85,0.0,2927.4,66.81,311,60,2,56,7,143,44,1,44,0,0.0,0.0,89.33,575.05,0.0,0,80,103,0,0,0,0,612,,0.02
main,batched k=4,,{},batched,7,20,200,2,True,200,24.1254,8.29,9.0422,83.269,259.642,104.102,17.53,14.04,57.88,10.56,84.57,67.73,279.28,50.93,6.98,0.0,2577.9,89.05,279,57,2,32,4,122,41,0,41,0,0.0,0.0,16.3,84.99,0.0,0,73,88,0,0,0,0,552,,0.02
main,batched k=4,,{},batched,2,20,200,2,True,200,27.1693,7.3612,8.455,90.72,235.969,101.67,16.51,12.79,49.58,21.12,89.73,69.51,269.39,114.76,28.36,0.0,2512.4,77.06,268,62,2,36,4,108,32,1,32,0,0.0,0.0,31.73,246.69,0.0,0,69,82,0,0,0,0,537,,0.08
main,batched k=4,,{},batched,9,20,200,2,True,200,29.9746,6.6723,9.0866,61.73,252.351,101.002,14.95,16.62,39.54,28.89,89.6,99.63,237.04,173.22,31.82,0.0,2438.3,67.79,259,56,2,45,6,104,37,0,37,0,0.0,0.0,54.19,356.79,0.0,0,61,81,0,0,0,0,541,,0.02
main,batched k=4,,{},batched,8,20,200,2,True,200,47.0169,4.2538,9.2728,73.355,246.786,104.897,10.61,11.97,25.21,52.2,99.8,112.59,237.07,490.88,46.56,0.0,2493.1,44.19,267,54,2,42,4,110,37,1,37,0,0.0,0.0,237.31,1112.97,0.0,0,65,84,0,0,0,0,547,,0.02
main,batched-aimd,,{},batched-aimd,0,20,200,2,True,200,31.1687,6.4167,6.6784,126.855,295.658,140.923,12.9,15.39,59.96,11.74,80.43,95.94,373.8,73.2,0.0,0.0,3262.7,87.23,347,68,2,54,3,132,54,3,54,0,0.0,0.0,14.54,83.5,0.0,0,62,98,0,0,0,0,658,,0.02
main,batched-aimd,,{},batched-aimd,1,20,200,2,True,200,28.0803,7.1224,7.7564,103.634,281.487,119.764,15.84,15.48,55.61,13.07,88.97,86.93,312.29,73.42,5.01,0.0,2960.6,87.86,321,65,2,29,5,117,48,0,48,0,0.0,0.0,13.9,101.41,0.0,0,59,87,0,0,0,0,598,,0.02
main,batched-aimd,,{},batched-aimd,3,20,200,2,True,200,24.6768,8.1048,8.6508,97.919,249.504,106.938,17.75,12.84,59.38,10.02,87.61,63.39,293.07,49.47,19.9,0.0,2677.9,90.43,290,47,2,36,6,104,44,0,44,0,0.0,0.0,10.53,43.01,0.0,0,53,71,0,0,0,0,570,,0.02
main,batched-aimd,,{},batched-aimd,2,20,200,2,True,200,23.4829,8.5168,9.4135,85.425,195.328,88.843,19.11,14.82,48.23,17.84,89.73,69.63,226.52,83.78,16.68,0.0,2274.9,80.73,236,37,2,36,3,78,30,0,30,0,0.0,0.0,27.92,224.64,0.0,0,44,59,0,0,0,0,502,,0.02
main,batched-aimd,,{},batched-aimd,4,20,200,2,True,200,29.0646,6.8812,8.8617,100.449,243.916,112.079,14.12,11.15,53.12,21.61,82.1,64.81,308.79,125.59,15.84,0.0,2727.7,78.21,298,51,2,33,10,107,47,1,47,0,0.0,0.0,28.06,256.71,0.0,0,50,79,0,0,0,0,579,,0.02
main,batched-aimd,,{},batched-aimd,5,20,200,2,True,200,29.7877,6.7142,8.0603,97.535,266.024,114.678,13.92,13.59,50.57,21.91,82.94,80.98,301.28,130.55,8.0,0.0,2770.1,77.5,300,64,2,59,7,107,46,4,46,0,0.0,0.0,31.21,270.41,0.0,0,50,83,0,0,0,0,609,,0.02
main,batched-aimd,,{},batched-aimd,6,20,200,2,True,200,37.3886,5.3492,7.4548,99.808,273.648,120.998,11.14,10.71,43.23,34.93,83.28,80.08,323.25,261.17,58.15,0.0,2890.3,64.42,310,56,2,39,4,110,45,1,45,0,0.0,0.0,99.24,628.76,0.0,0,57,79,0,0,0,0,595,,0.02
main,batched-aimd,,{},batched-aimd,7,20,200,2,True,200,26.2473,7.6198,8.1422,85.531,285.157,116.197,16.11,18.47,55.31,10.11,84.57,96.97,290.35,53.06,7.59,0.0,2878.1,91.38,318,65,2,43,6,113,42,2,42,0,0.0,0.0,12.6,80.36,0.0,0,61,90,0,0,0,0,605,,0.02
main,batched-aimd,,{},batched-aimd,8,20,200,2,True,200,47.754,4.1881,8.6658,89.106,234.039,109.791,10.45,12.46,25.86,51.23,99.8,118.96,247.01,489.31,134.53,0.0,2578.9,45.0,272,46,2,40,1,91,38,3,38,0,0.0,0.0,237.68,1135.3,0.0,0,47,66,0,0,0,0,553,,0.02
main,batched-aimd,,{},batched-aimd,9,20,200,2,True,200,29.328,6.8194,8.9359,74.674,232.788,101.974,15.28,17.35,40.6,26.77,89.6,101.77,238.14,157.05,9.7,0.0,2448.1,69.56,257,39,2,43,6,92,42,0,42,0,0.0,0.0,42.92,336.77,0.0,0,41,65,0,0,0,0,542,,0.02
fair,batched k=1 released,,"{""batch_k"": 1, ""queue_agents"": ""released""}",batched,5,100,1000,10,True,1000,70.7842,14.1274,15.2187,1827.309,3326.103,1779.58,6.09,15.58,0.0,78.33,431.22,1102.61,0.0,5544.58,0.0,0.0,37022.9,87.17,4025,1153,10,1104,221,846,336,16,336,0,0.0,0.0,9.27,112.69,0.0,0,0,2673,0,0,0,0,6481,,0.21
fair,batched k=1 released,,"{""batch_k"": 1, ""queue_agents"": ""released""}",batched,4,100,1000,10,True,1000,72.3791,13.8161,15.3711,1684.2,3277.756,1714.332,6.03,15.57,0.0,78.39,436.73,1127.07,0.0,5674.12,0.0,0.0,36354.2,83.71,4002,1189,10,1095,257,831,331,16,331,0,0.0,0.0,9.59,94.74,0.0,0,0,2655,0,0,0,0,6444,,0.22
main,batched+place,,{},batched+place,1,20,200,2,True,200,28.7811,6.949,8.0623,96.656,293.027,123.294,15.46,13.4,58.0,13.15,88.97,77.15,333.83,75.67,6.88,0.0,3076.7,89.08,335,73,2,27,3,157,47,0,47,163,0.0,0.0,17.81,92.22,0.0,0,93,109,0,0,0,0,609,,0.04
main,batched+place,,{},batched+place,0,20,200,2,True,200,30.5235,6.5523,6.7204,129.526,288.48,144.319,13.18,10.52,68.28,8.02,80.43,64.23,416.84,48.98,2.47,0.0,3317.2,90.56,357,80,2,33,3,163,49,2,49,159,0.0,0.0,18.56,89.85,0.0,0,98,122,0,0,0,0,641,,0.05
main,batched+place,,{},batched+place,2,20,200,2,True,200,17.9724,11.1282,11.9702,58.693,175.026,72.072,24.96,12.91,53.92,8.2,89.73,46.42,193.82,29.48,5.73,0.0,2038.8,94.54,216,40,2,31,4,79,26,0,26,165,0.0,0.0,16.38,71.43,0.0,0,50,65,0,0,0,0,473,,0.04
main,batched+place,,{},batched+place,3,20,200,2,True,200,28.1334,7.109,8.479,117.335,261.206,121.153,15.57,10.84,60.94,12.66,87.61,60.97,342.88,71.22,27.98,0.0,3069.9,90.93,329,70,2,26,8,152,48,1,48,165,0.0,0.0,17.09,78.85,0.0,0,89,109,0,0,0,0,604,,0.04
main,batched+place,,{},batched+place,4,20,200,2,True,200,30.9394,6.4643,7.4551,119.031,288.519,138.129,13.27,9.33,65.08,12.32,82.1,57.71,402.72,76.25,13.24,0.0,3301.6,88.93,355,77,2,28,8,168,51,0,51,155,0.0,0.0,22.4,98.72,0.0,0,97,128,0,0,0,0,634,,0.05
fair,batched k=1 released,,"{""batch_k"": 1, ""queue_agents"": ""released""}",batched,6,100,1000,10,True,1000,73.9828,13.5167,14.3345,1777.9,3439.474,1782.793,5.75,15.02,0.0,79.24,425.13,1110.86,0.0,5862.29,0.0,0.0,37348.5,84.14,4074,1196,10,1082,278,856,334,18,334,0,0.0,0.0,9.78,103.64,0.0,0,0,2722,0,0,0,0,6508,,0.23
main,batched+place,,{},batched+place,5,20,200,2,True,200,30.1449,6.6346,6.5643,133.993,294.101,145.093,13.76,8.76,71.46,6.02,82.94,52.81,430.83,36.32,6.0,0.0,3334.1,92.17,355,73,2,28,10,168,50,0,50,159,0.0,0.0,21.48,82.64,0.0,0,99,124,0,0,0,0,633,,0.04
fair,batched k=1 released,,"{""batch_k"": 1, ""queue_agents"": ""released""}",batched,8,100,1000,10,True,1000,69.4445,14.4,16.0007,1595.224,3165.001,1625.879,5.93,14.8,0.0,79.28,411.47,1027.57,0.0,5505.41,0.0,0.0,34749.0,83.4,3839,1106,10,1074,217,703,307,20,307,0,0.0,0.0,10.86,132.99,0.0,0,0,2512,0,0,0,0,6240,,0.22
queue,batched k=16,,"{""batch_k"": 16}",batched,0,20,200,2,True,200,44.3381,4.5108,4.4644,207.952,443.995,217.849,9.07,9.85,72.04,9.04,80.43,87.32,638.84,80.17,0.0,0.0,4585.7,86.19,499,128,2,45,4,264,53,1,53,0,0.0,0.0,32.04,168.81,0.0,0,180,185,0,0,0,0,798,,0.03
main,batched+place,,{},batched+place,6,20,200,2,True,200,40.1045,4.987,8.1012,109.652,282.534,129.419,10.38,10.47,43.32,35.83,83.28,83.95,347.45,287.42,30.04,0.0,2993.4,62.2,314,52,2,38,7,155,48,0,48,174,0.0,0.0,115.47,700.04,0.0,0,85,95,0,0,0,0,600,,0.04
fair,batched k=1 released,,"{""batch_k"": 1, ""queue_agents"": ""released""}",batched,9,100,1000,10,True,1000,82.2747,12.1544,14.9015,1736.985,3317.442,1733.487,5.27,12.97,0.0,81.76,433.66,1066.72,0.0,6727.09,0.0,0.0,35915.5,72.76,3963,1119,10,1002,241,835,320,24,320,0,0.0,0.0,44.44,569.96,0.0,0,0,2619,0,0,0,0,6309,,0.22
queue,batched k=16,,"{""batch_k"": 16}",batched,1,20,200,2,True,200,39.5209,5.0606,4.9541,190.452,403.766,191.232,11.26,10.58,70.07,8.1,88.97,83.59,553.85,64.01,26.96,0.0,4054.1,85.48,436,101,2,28,5,233,47,1,47,0,0.0,0.0,28.78,133.14,0.0,0,157,158,0,0,0,0,712,,0.03
main,batched+place,,{},batched+place,9,20,200,2,True,200,34.5395,5.7905,8.3072,97.108,250.821,116.005,12.97,13.45,42.52,31.05,89.6,92.94,293.75,214.51,16.18,0.0,2821.5,68.07,304,63,2,31,6,136,43,0,43,164,0.0,0.0,44.55,259.41,0.0,0,78,94,0,0,0,0,578,,0.04
main,batched+place,,{},batched+place,7,20,200,2,True,200,25.374,7.8821,8.7507,87.478,248.966,103.264,16.66,12.84,54.98,15.51,84.57,65.18,279.03,78.7,10.98,0.0,2655.0,87.19,286,53,2,29,8,127,37,0,37,153,0.0,0.0,19.45,140.93,0.0,0,76,91,0,0,0,0,552,,0.04
queue,batched k=16,,"{""batch_k"": 16}",batched,2,20,200,2,True,200,25.5727,7.8208,7.2409,101.771,258.121,113.225,17.54,12.71,61.08,8.66,89.73,65.03,312.39,44.31,3.99,0.0,2559.8,83.42,276,61,2,39,3,127,29,1,29,0,0.0,0.0,22.49,117.25,0.0,0,90,87,0,0,0,0,545,,0.02
main,batched+place,,{},batched+place,8,20,200,2,True,200,53.2924,3.7529,9.1854,83.007,285.681,117.896,9.36,10.26,26.61,53.77,99.8,109.34,283.65,573.06,28.38,0.0,2778.9,43.45,299,68,2,20,6,126,41,1,41,171,0.0,0.0,416.96,1617.39,0.0,0,73,94,0,0,0,0,561,,0.04
fair,batched k=1 released,,"{""batch_k"": 1, ""queue_agents"": ""released""}",batched,3,100,1000,10,True,1000,73.4375,13.617,15.182,1796.997,3313.135,1764.592,5.34,14.74,0.0,79.92,392.43,1082.11,0.0,5869.2,0.0,0.0,36031.8,81.77,3977,1239,10,1121,277,760,326,20,326,0,0.0,0.0,17.94,295.1,0.0,0,0,2631,0,0,0,0,6444,,0.28
queue,batched k=16,,"{""batch_k"": 16}",batched,4,20,200,2,True,200,42.7488,4.6785,4.7385,187.316,451.295,206.461,9.6,7.15,73.34,9.9,82.1,61.13,627.08,84.67,7.16,0.0,4421.5,86.19,475,116,2,35,7,247,45,1,45,0,0.0,0.0,25.94,121.94,0.0,0,170,181,0,0,0,0,756,,0.03
queue,batched k=16,,"{""batch_k"": 16}",batched,6,20,200,2,True,200,52.929,3.7786,4.9979,174.705,390.764,186.04,7.87,8.03,50.56,33.55,83.28,84.96,535.17,355.17,230.06,0.0,3806.8,59.94,413,99,2,40,5,212,43,2,43,0,0.0,0.0,149.67,907.13,0.0,0,142,151,0,0,0,0,698,,0.03
queue,batched k=16,,"{""batch_k"": 16}",batched,9,20,200,2,True,200,37.4611,5.3389,5.7927,136.279,406.503,172.532,11.96,14.13,62.63,11.28,89.6,105.83,469.27,84.52,0.0,0.0,3668.8,81.61,400,95,2,44,2,202,42,0,42,0,0.0,0.0,31.74,174.21,0.0,0,138,141,0,0,0,0,686,,0.02
queue,batched k=16,,"{""batch_k"": 16}",batched,8,20,200,2,True,200,52.6318,3.8,7.6367,102.487,350.909,133.878,9.48,9.23,33.16,48.12,99.8,97.19,349.07,506.58,54.99,0.0,2869.4,45.43,306,64,2,38,0,145,34,1,34,0,0.0,0.0,320.66,1389.74,0.0,0,93,98,0,0,0,0,579,,0.02
queue,batched k=16,,"{""batch_k"": 16}",batched,5,20,200,2,True,200,42.0116,4.7606,5.1293,145.22,486.202,193.485,9.87,9.72,67.04,13.37,82.94,81.67,563.28,112.34,0.0,0.0,4058.9,80.51,436,114,2,58,7,225,45,3,45,0,0.0,0.0,34.37,214.51,0.0,0,153,158,0,0,0,0,742,,0.03
queue,batched k=16,,"{""batch_k"": 16}",batched,7,20,200,2,True,200,34.1918,5.8493,6.1317,145.085,336.233,161.4,12.37,10.01,68.66,8.96,84.57,68.45,469.55,61.27,12.28,0.0,3558.6,86.73,391,102,2,34,6,191,39,1,39,0,0.0,0.0,23.84,123.37,0.0,0,138,137,0,0,0,0,665,,0.02
queue,batched-par k=4,,"{""batch_k"": 4}",batched-par,2,20,200,2,True,200,26.0684,7.6721,8.0157,74.158,293.062,103.908,17.21,14.04,52.39,16.36,89.73,73.19,273.17,85.28,12.75,0.0,2547.3,81.43,267,50,2,37,3,116,35,3,35,0,0.0,0.0,35.65,221.71,0.0,0,69,82,0,0,0,0,542,,0.02
queue,batched-par k=4,,"{""batch_k"": 4}",batched-par,0,20,200,2,True,200,32.8115,6.0954,6.8889,116.928,300.696,137.526,12.26,13.86,55.99,17.89,80.43,90.98,367.44,117.38,0.0,0.0,3158.5,80.22,333,59,2,48,2,158,52,1,52,0,0.0,0.0,24.38,157.43,0.0,0,92,106,0,0,0,0,634,,0.02
queue,batched-par k=4,,"{""batch_k"": 4}",batched-par,1,20,200,2,True,200,30.4132,6.5761,7.2331,110.224,355.746,130.882,14.63,15.39,56.33,13.65,88.97,93.63,342.64,83.02,0.0,0.0,3153.8,86.42,330,66,2,29,5,159,52,0,52,0,0.0,0.0,19.3,81.73,0.0,0,92,103,0,0,0,0,611,,0.02
queue,batched-par k=4,,"{""batch_k"": 4}",batched-par,3,20,200,2,True,200,30.4359,6.5712,7.4007,100.983,321.984,125.918,14.39,11.92,57.03,16.65,87.61,72.56,347.16,101.38,8.71,0.0,3044.5,83.36,323,61,2,35,6,152,49,2,49,0,0.0,0.0,23.33,179.29,0.0,0,89,97,0,0,0,0,609,,0.02
fair,batched k=1 released,,"{""batch_k"": 1, ""queue_agents"": ""released""}",batched,7,100,1000,10,True,1000,65.5589,15.2535,15.7099,1624.612,3042.385,1584.993,6.49,15.99,0.0,77.52,425.68,1048.09,0.0,5082.11,0.0,0.0,33630.3,85.5,3719,1090,10,1043,272,726,294,20,294,0,0.0,0.0,10.79,169.69,0.0,0,0,2405,0,0,0,0,6076,,0.26
queue,batched-par k=4,,"{""batch_k"": 4}",batched-par,4,20,200,2,True,200,33.4711,5.9753,6.6846,141.457,308.226,138.726,12.26,9.74,59.33,18.66,82.1,65.23,397.19,124.9,6.18,0.0,3284.6,81.78,347,75,2,31,7,165,47,2,47,0,0.0,0.0,37.52,273.64,0.0,0,96,123,0,0,0,0,627,,0.02
queue,batched-par k=4,,"{""batch_k"": 4}",batched-par,8,20,200,2,True,200,46.8376,4.2701,9.6088,77.44,251.531,101.553,10.65,12.25,23.88,53.21,99.8,114.78,223.73,498.44,47.79,0.0,2395.6,42.62,248,43,2,36,2,96,36,1,36,0,0.0,0.0,251.88,1154.81,0.0,0,58,68,0,0,0,0,521,,0.02
queue,batched-par k=4,,"{""batch_k"": 4}",batched-par,9,20,200,2,True,200,30.3127,6.5979,8.7886,75.853,213.969,107.245,14.78,16.05,42.91,26.26,89.6,97.32,260.17,159.17,20.68,0.0,2584.1,71.04,274,52,2,41,6,115,38,0,38,0,0.0,0.0,45.57,330.09,0.0,0,70,81,0,0,0,0,553,,0.02
queue,batched-par k=4,,"{""batch_k"": 4}",batched-par,5,20,200,2,True,200,28.0808,7.1223,7.4985,105.618,301.504,126.166,14.77,11.65,63.23,10.35,82.94,65.44,355.11,58.12,16.03,0.0,3031.7,89.97,318,65,2,53,6,141,42,2,42,0,0.0,0.0,19.66,100.04,0.0,0,84,105,0,0,0,0,615,,0.02
queue,batched-par k=4,,"{""batch_k"": 4}",batched-par,6,20,200,2,True,200,39.1509,5.1084,6.9704,116.581,331.502,131.564,10.64,10.2,45.8,33.36,83.28,79.9,358.65,261.19,28.76,0.0,3010.1,64.07,314,60,2,40,4,143,44,1,44,0,0.0,0.0,119.79,706.46,0.0,0,84,100,0,0,0,0,599,,0.02
fair,batched k=4 suspects,,"{""queue_suspects"": true}",batched,1,20,200,2,True,200,18.4653,10.8311,12.5604,37.756,188.411,67.676,24.09,22.83,38.26,14.83,88.97,84.3,141.29,54.75,7.85,0.0,1848.7,83.43,196,32,2,23,5,68,47,1,47,0,0.0,0.0,13.16,71.79,0.0,0,20,48,0,0,35,0,467,,0.02
fair,batched k=4 suspects,,"{""queue_suspects"": true}",batched,0,20,200,2,True,200,24.8286,8.0552,11.7975,43.802,267.885,79.059,16.2,22.2,30.87,30.73,80.43,110.25,153.28,152.61,9.9,0.0,1964.0,65.92,205,34,2,58,2,77,58,0,58,0,0.0,0.0,28.89,201.46,0.0,0,20,47,0,0,46,0,521,,0.02
fair,batched k=4 suspects,,"{""queue_suspects"": true}",batched,3,20,200,2,True,200,16.3445,12.2366,14.2493,40.348,183.289,58.32,26.8,19.68,39.78,13.73,87.61,64.35,130.05,44.88,25.97,0.0,1706.1,86.99,181,27,2,38,7,59,45,0,45,0,0.0,0.0,10.12,52.19,0.0,0,16,38,0,0,37,0,464,,0.02
fair,batched k=4 suspects,,"{""queue_suspects"": true}",batched,4,20,200,2,True,200,21.4748,9.3132,14.6042,39.031,164.097,56.986,19.12,15.31,28.92,36.66,82.1,65.75,124.21,157.44,8.59,0.0,1614.2,62.64,171,28,2,37,9,55,47,1,47,0,0.0,0.0,52.18,338.07,0.0,0,16,33,0,0,39,0,456,,0.02
fair,batched k=4 suspects,,"{""queue_suspects"": true}",batched,6,20,200,2,True,200,26.6299,7.5103,15.0806,31.864,153.721,55.163,15.64,15.43,19.1,49.84,83.28,82.18,101.7,265.45,14.94,0.0,1486.6,46.52,158,28,2,40,6,40,43,1,43,0,0.0,0.0,134.41,638.25,0.0,0,6,31,0,0,39,0,442,,0.02
fair,batched k=4 suspects,,"{""queue_suspects"": true}",batched,8,20,200,2,True,200,40.8766,4.8928,14.42,30.13,190.517,66.284,12.21,13.71,13.32,60.77,99.8,112.05,108.9,496.78,131.12,0.0,1676.1,34.17,173,26,2,41,7,49,36,1,36,0,0.0,0.0,303.75,1199.46,0.0,0,12,33,0,0,26,0,451,,0.02
fair,batched k=4 suspects,,"{""queue_suspects"": true}",batched,7,20,200,2,True,200,20.9276,9.5568,15.6273,29.987,193.105,56.737,20.2,19.59,25.6,34.61,84.57,81.97,107.15,144.86,26.09,0.0,1592.1,63.4,168,28,2,38,4,47,39,2,39,0,0.0,0.0,51.94,322.4,0.0,0,10,37,0,0,31,0,447,,0.02
queue,batched k=16,,"{""batch_k"": 16}",batched,3,20,200,2,True,200,39.0416,5.1227,4.9017,161.104,442.256,194.058,11.22,8.88,73.96,5.94,87.61,69.33,577.53,46.36,13.88,0.0,4152.7,88.64,448,111,2,40,9,232,45,0,45,0,0.0,0.0,25.65,132.55,0.0,0,160,164,0,0,0,0,733,,0.08
fair,batched-par k=4 suspects,,"{""batch_k"": 4, ""queue_suspects"": true}",batched-par,1,20,200,2,True,200,17.1588,11.6558,13.3633,27.727,216.15,59.74,25.93,26.22,31.81,16.05,88.97,89.97,109.16,55.07,7.77,0.0,1691.9,82.17,181,25,2,28,4,59,48,1,48,0,0.0,0.0,12.82,80.02,0.0,0,13,31,0,0,37,0,458,,0.02
fair,batched-par k=4 suspects,,"{""batch_k"": 4, ""queue_suspects"": true}",batched-par,0,20,200,2,True,200,22.6866,8.8158,11.3142,47.316,264.762,80.333,17.73,23.87,35.15,23.26,80.43,108.29,159.48,105.53,14.34,0.0,2031.5,74.62,217,37,2,58,2,77,63,0,63,0,0.0,0.0,17.99,112.36,0.0,0,22,48,0,0,52,0,538,,0.02
fair,batched-par k=4 suspects,,"{""batch_k"": 4, ""queue_suspects"": true}",batched-par,2,20,200,2,True,200,18.1712,11.0064,14.0326,33.387,192.21,54.398,24.69,17.35,32.55,25.42,89.73,63.05,118.28,92.37,17.06,0.0,1564.0,71.72,165,26,2,32,4,46,31,0,31,0,0.0,0.0,34.04,240.84,0.0,0,15,37,0,0,25,0,428,,0.02
fair,batched-par k=4 suspects,,"{""batch_k"": 4, ""queue_suspects"": true}",batched-par,3,20,200,2,True,200,14.45,13.8408,16.1682,28.342,162.616,48.492,30.31,22.69,33.24,13.75,87.61,65.58,96.06,39.75,4.39,0.0,1522.7,87.81,161,24,2,39,6,48,45,1,45,0,0.0,0.0,8.36,40.88,0.0,0,8,27,0,0,37,0,446,,0.02
fair,batched-par k=4 suspects,,"{""batch_k"": 4, ""queue_suspects"": true}",batched-par,4,20,200,2,True,200,22.859,8.7493,13.043,46.2,185.815,67.206,17.96,14.44,34.56,33.04,82.1,66.01,158.01,151.06,8.35,0.0,1810.8,66.01,197,32,2,35,13,73,47,0,47,0,0.0,0.0,56.71,365.65,0.0,0,25,47,0,0,34,0,479,,0.02
fair,batched-par k=4 suspects,,"{""batch_k"": 4, ""queue_suspects"": true}",batched-par,5,20,200,2,True,200,18.3822,10.8801,13.1893,40.258,232.297,64.15,22.56,21.69,36.48,19.28,82.94,79.73,134.1,70.87,9.42,0.0,1743.8,79.05,189,35,2,55,6,61,48,4,48,0,0.0,0.0,12.0,68.57,0.0,0,15,40,0,0,42,0,496,,0.02
fair,batched-par k=4 suspects,,"{""batch_k"": 4, ""queue_suspects"": true}",batched-par,7,20,200,2,True,200,20.1606,9.9204,13.6587,25.176,222.46,60.915,20.97,24.63,25.73,28.67,84.57,99.29,103.76,115.59,14.01,0.0,1711.3,70.74,175,27,2,47,3,48,37,2,37,0,0.0,0.0,31.13,226.99,0.0,0,10,34,0,0,29,0,461,,0.02
fair,batched-par k=4 suspects,,"{""batch_k"": 4, ""queue_suspects"": true}",batched-par,6,20,200,2,True,200,26.3535,7.5891,15.4451,30.283,154.195,54.796,15.8,15.37,19.28,49.55,83.28,81.04,101.62,261.14,0.0,0.0,1488.0,47.05,154,17,2,40,6,46,43,0,43,0,0.0,0.0,127.02,612.52,0.0,0,7,22,0,0,36,0,437,,0.02
queue,batched-par k=4,,"{""batch_k"": 4}",batched-par,7,20,200,2,True,200,22.2114,9.0044,10.4478,83.742,231.24,91.19,19.04,14.57,53.85,12.54,84.57,64.74,239.22,55.69,3.9,0.0,2347.3,88.07,245,41,2,31,6,103,34,0,34,0,0.0,0.0,15.44,90.3,0.0,0,61,65,0,0,0,0,510,,0.07
fair,batched k=4 suspects,,"{""queue_suspects"": true}",batched,2,20,200,2,True,200,16.1873,12.3554,14.5615,27.751,152.288,49.209,27.72,18.68,31.99,21.62,89.73,60.47,103.56,69.99,27.7,0.0,1537.3,79.14,159,26,2,35,5,42,26,2,26,0,0.0,0.0,13.13,80.52,0.0,0,14,33,0,0,15,0,422,,0.07
fair,batched k=4 suspects,,"{""queue_suspects"": true}",batched,9,20,200,2,True,200,23.7727,8.413,15.5007,28.825,129.053,56.921,18.84,19.02,20.89,41.25,89.6,90.41,99.33,196.12,36.11,0.0,1576.7,55.27,171,31,2,40,5,48,40,0,40,0,0.0,0.0,34.21,176.97,0.0,0,10,34,0,0,25,0,451,,0.06
fair,beanstalk quarantine,,"{""green_mode"": ""quarantine""}",beanstalk,0,20,200,2,True,200,25.3547,7.8881,9.6454,129.489,425.289,161.058,15.86,16.91,0.18,67.05,80.43,85.73,0.92,340.02,0.17,295.64,1533.0,50.39,154,0,2,32,7,39,59,0,59,124,271.18,152.2,28.4,194.14,1094.6,12,0,0,19,23,42,131,736,,0.04
fair,beanstalk quarantine,,"{""green_mode"": ""quarantine""}",beanstalk,2,20,200,2,True,200,16.1347,12.3956,17.6108,53.444,247.043,86.729,27.81,14.65,0.24,57.3,89.73,47.26,0.78,184.92,5.13,138.5,1192.1,61.57,120,0,2,22,5,30,22,0,22,154,176.97,104.89,32.54,190.63,477.9,5,0,0,15,36,11,84,607,,0.04
fair,beanstalk quarantine,,"{""green_mode"": ""quarantine""}",beanstalk,1,20,200,2,True,200,24.8151,8.0596,7.9624,129.193,453.034,168.456,17.93,16.82,0.18,65.08,88.97,83.49,0.87,322.97,4.34,316.19,1614.5,54.22,161,0,2,29,2,42,49,0,49,141,381.77,167.43,21.84,151.3,1208.7,8,0,0,16,26,34,135,715,,0.04
fair,beanstalk quarantine,,"{""green_mode"": ""quarantine""}",beanstalk,3,20,200,2,True,200,22.1559,9.0269,8.0255,97.173,323.665,115.641,19.77,14.22,0.19,65.81,87.61,63.02,0.86,291.62,5.6,257.23,1521.0,57.21,151,0,2,30,8,40,42,0,42,136,276.91,130.21,16.33,74.05,1090.4,6,0,0,17,27,27,124,695,,0.04
fair,batched k=4 suspects,,"{""queue_suspects"": true}",batched,5,20,200,2,True,200,23.7808,8.4102,11.5721,44.435,205.398,72.579,17.44,17.58,33.29,31.7,82.94,83.62,158.31,150.75,26.62,0.0,1909.8,66.92,203,41,2,58,6,68,53,0,53,0,0.0,0.0,56.61,372.41,0.0,0,21,50,0,0,44,0,514,,0.08
fair,beanstalk quarantine,,"{""green_mode"": ""quarantine""}",beanstalk,4,20,200,2,True,200,19.4326,10.292,12.1918,103.82,289.687,123.405,21.12,16.07,0.23,62.58,82.1,62.44,0.9,243.21,1.12,205.08,1615.5,69.28,160,0,2,29,12,39,51,0,51,133,242.98,108.56,25.07,149.8,861.3,9,0,0,17,53,35,107,717,,0.04
fair,batched-par k=4 suspects,,"{""batch_k"": 4, ""queue_suspects"": true}",batched-par,9,20,200,2,True,200,23.6999,8.4388,16.2445,29.072,146.164,55.109,18.9,18.78,19.97,42.34,89.6,89.02,94.68,200.7,0.0,0.0,1516.6,53.33,162,22,2,40,4,44,38,0,38,0,0.0,0.0,38.73,192.65,0.0,0,8,28,0,0,24,0,440,,0.06
fair,beanstalk quarantine,,"{""green_mode"": ""quarantine""}",beanstalk,6,20,200,2,True,200,35.106,5.697,5.2203,137.025,738.979,232.888,11.86,12.75,0.13,75.26,83.28,89.54,0.9,528.41,0.0,512.41,1480.7,35.15,147,0,2,30,3,37,54,0,54,132,786.2,231.93,89.73,529.83,1888.6,10,0,0,15,25,42,122,715,,0.04
fair,batched-par k=4 suspects,,"{""batch_k"": 4, ""queue_suspects"": true}",batched-par,8,20,200,2,True,200,41.3534,4.8364,12.8743,32.495,186.932,68.767,12.07,11.94,15.78,60.22,99.8,98.73,130.5,498.04,107.43,0.0,1812.4,36.52,190,28,2,35,4,65,40,1,40,0,0.0,0.0,377.21,1354.48,0.0,0,21,41,0,0,24,0,466,,0.07
fair,beanstalk quarantine,,"{""green_mode"": ""quarantine""}",beanstalk,5,20,200,2,True,200,47.1377,4.2429,8.9304,154.334,469.183,193.939,8.8,11.21,0.1,79.9,82.94,105.66,0.91,753.25,15.89,502.72,1775.2,31.38,176,0,2,29,6,41,59,0,59,126,440.61,186.12,85.26,354.26,2174.8,8,0,0,17,31,43,145,751,,0.05
fair,beanstalk quarantine,,"{""green_mode"": ""quarantine""}",beanstalk,7,20,200,2,True,200,19.7888,10.1067,10.8178,83.66,405.939,130.106,21.37,16.47,0.22,61.95,84.57,65.18,0.86,245.17,1.99,241.54,1345.1,56.65,137,0,2,23,5,35,41,0,41,142,334.09,155.23,15.59,91.73,907.0,11,0,0,10,13,33,124,663,,0.04
fair,beanstalk quarantine,,"{""green_mode"": ""quarantine""}",beanstalk,8,20,200,2,True,200,47.1459,4.2422,3.8281,92.832,951.181,221.328,10.58,12.88,0.09,76.44,99.8,121.49,0.88,720.74,2.34,681.7,1817.7,32.13,181,0,2,26,5,45,50,0,50,140,1118.31,282.36,116.62,730.14,2622.8,7,0,0,21,38,30,143,731,,0.04
fair,beanstalk quarantine,,"{""green_mode"": ""quarantine""}",beanstalk,9,20,200,2,True,200,21.3437,9.3704,14.8952,89.057,250.294,105.201,20.99,18.12,0.2,60.69,89.6,77.34,0.85,259.09,20.23,125.35,1313.7,51.29,131,0,2,31,3,32,39,0,39,150,384.52,120.49,31.4,178.5,942.1,6,0,0,14,19,28,112,670,,0.04
fair,beanstalk no-budget,,"{""budget"": false}",beanstalk,0,20,200,2,True,200,22.6543,8.8284,,1172.056,1339.875,1135.99,17.75,34.31,0.25,47.69,80.43,155.46,1.11,216.09,0.0,0.0,1498.3,55.12,150,0,2,72,6,51,74,2,74,181,1084.08,136.47,662.11,1341.5,0.0,17,0,0,26,96,50,54,844,,0.04
fair,beanstalk no-budget,,"{""budget"": false}",beanstalk,2,20,200,2,True,200,12.7588,15.6754,,476.68,634.053,441.526,35.16,30.05,0.34,34.44,89.73,76.69,0.87,87.88,3.15,0.0,1038.9,67.86,104,0,2,46,6,80,21,1,21,187,316.73,119.02,269.3,635.42,0.0,9,0,0,10,17,13,87,639,,0.04
fair,beanstalk no-budget,,"{""budget"": false}",beanstalk,1,20,200,2,True,200,16.7969,11.907,,808.479,987.177,798.323,26.48,30.63,0.27,42.61,88.97,102.9,0.91,143.16,0.0,0.0,1092.1,54.18,108,0,2,36,5,74,49,1,49,183,620.37,126.38,487.62,991.25,0.0,15,0,0,13,31,37,77,679,,0.04
fair,beanstalk no-budget,,"{""budget"": false}",beanstalk,3,20,200,2,True,200,14.8952,13.4271,,684.832,857.259,650.135,29.41,30.57,0.32,39.7,87.61,91.08,0.95,118.26,1.27,0.0,1177.8,65.9,116,0,2,50,9,55,53,1,53,189,340.66,113.24,419.67,865.92,0.0,14,0,0,16,57,38,59,723,,0.04
fair,beanstalk no-budget,,"{""budget"": false}",beanstalk,4,20,200,2,True,200,11.211,17.8397,,474.727,639.737,460.441,36.62,35.74,0.43,27.22,82.1,80.13,0.96,61.03,3.55,0.0,1055.1,78.43,105,0,2,48,7,47,52,1,52,185,431.06,101.33,306.28,641.52,0.0,15,0,0,15,54,38,51,704,,0.04
fair,beanstalk no-budget,,"{""budget"": false}",beanstalk,5,20,200,2,True,200,18.1018,11.0486,,650.462,799.033,637.424,22.91,26.93,0.28,49.89,82.94,97.48,1.0,180.61,0.0,0.0,1248.1,57.46,123,0,2,52,11,32,62,0,62,179,569.78,146.48,326.69,800.27,0.0,21,0,0,20,87,43,36,750,,0.04
fair,beanstalk no-budget,,"{""budget"": false}",beanstalk,6,20,200,2,True,200,24.5366,8.1511,,1269.043,1451.419,1253.072,16.97,20.45,0.18,62.4,83.28,100.35,0.91,306.19,17.15,0.0,1061.0,36.04,106,0,2,40,12,74,46,1,46,181,710.67,117.21,718.87,1454.79,0.0,11,0,0,12,29,35,77,679,,0.04
fair,beanstalk no-budget,,"{""budget"": false}",beanstalk,8,20,200,2,True,200,37.1991,5.3765,,714.156,957.785,738.483,13.41,15.51,0.12,70.95,99.8,115.43,0.89,527.86,23.69,0.0,1196.0,26.79,119,0,2,31,7,72,44,1,44,188,560.62,119.86,561.81,1257.42,0.0,9,0,0,17,44,28,75,668,,0.04
fair,beanstalk no-budget,,"{""budget"": false}",beanstalk,9,20,200,2,True,200,17.6242,11.348,,418.525,588.086,417.706,25.42,22.05,0.25,52.28,89.6,77.72,0.89,184.28,0.37,0.0,965.0,45.63,96,0,2,36,6,65,42,0,42,181,382.73,96.12,258.93,586.55,0.0,12,0,0,10,27,32,69,650,,0.04
fair,beanstalk no-budget,,"{""budget"": false}",beanstalk,7,20,200,2,True,200,14.2015,14.083,,553.332,753.361,528.187,29.77,35.1,0.31,34.81,84.57,99.71,0.89,98.86,6.9,0.0,1111.1,65.2,112,0,2,45,5,90,38,1,38,180,441.42,93.88,338.09,756.45,0.0,9,0,0,8,15,31,97,679,,0.04
fair,beanstalk quarantine no-budget,,"{""budget"": false, ""green_mode"": ""quarantine""}",beanstalk,0,20,200,2,True,200,20.7779,9.6256,14.6941,167.555,690.694,234.509,19.35,27.42,0.23,52.99,80.43,113.95,0.97,220.21,0.0,0.0,1301.9,52.22,131,0,2,51,5,32,60,1,60,182,424.81,202.9,26.93,138.6,0.0,22,0,0,20,34,41,97,754,,0.05
fair,beanstalk quarantine no-budget,,"{""budget"": false, ""green_mode"": ""quarantine""}",beanstalk,1,20,200,2,True,200,26.916,7.4305,10.234,221.645,784.853,348.449,16.53,22.42,0.18,60.88,88.97,120.69,0.95,327.71,0.0,0.0,1342.3,41.56,135,0,2,38,4,29,55,1,55,184,578.77,330.41,35.85,174.82,0.0,25,0,0,17,31,41,104,721,,0.04
fair,beanstalk-noplace quarantine,,"{""green_mode"": ""quarantine""}",beanstalk-noplace,0,20,200,2,True,200,24.0704,8.3089,9.682,132.382,420.174,164.909,16.71,23.99,0.21,59.1,80.43,115.47,1.0,284.52,2.67,212.51,1715.0,59.37,171,0,2,59,2,42,56,0,56,0,258.95,134.18,19.02,120.76,1191.8,11,0,0,21,42,37,129,800,,0.02
fair,beanstalk-noplace quarantine,,"{""green_mode"": ""quarantine""}",beanstalk-noplace,1,20,200,2,True,200,22.6394,8.8342,8.1237,148.575,362.654,152.782,19.65,21.18,0.19,58.98,88.97,95.89,0.85,267.07,0.0,266.87,1471.4,54.16,147,0,2,26,6,32,46,0,46,0,310.7,166.0,15.16,76.14,1196.0,9,0,0,12,19,34,128,689,,0.02
fair,beanstalk quarantine no-budget,,"{""budget"": false, ""green_mode"": ""quarantine""}",beanstalk,4,20,200,2,True,200,14.9034,13.4198,16.3591,315.888,528.242,273.115,27.54,27.53,0.32,44.61,82.1,82.05,0.94,132.98,6.86,0.0,1189.4,66.5,119,0,2,43,8,21,54,0,54,184,406.68,207.1,16.36,87.01,0.0,25,0,0,17,28,39,91,712,,0.05
fair,beanstalk quarantine no-budget,,"{""budget"": false, ""green_mode"": ""quarantine""}",beanstalk,5,20,200,2,True,200,23.1341,8.6452,13.9935,318.901,594.011,311.264,17.93,20.89,0.21,60.97,82.94,96.65,0.98,282.11,0.0,0.0,1342.1,48.34,133,0,2,46,6,21,59,0,59,179,367.15,217.99,79.43,354.46,0.0,18,0,0,21,53,40,80,742,,0.05
fair,beanstalk quarantine no-budget,,"{""budget"": false, ""green_mode"": ""quarantine""}",beanstalk,6,20,200,2,True,200,24.2364,8.252,17.9965,300.195,505.244,294.642,17.18,18.04,0.18,64.6,83.28,87.45,0.89,313.11,0.0,0.0,1222.7,42.04,122,0,2,29,9,30,51,3,51,182,407.07,189.94,101.95,389.98,0.0,25,0,0,17,58,38,64,685,,0.04
fair,beanstalk-noplace quarantine,,"{""green_mode"": ""quarantine""}",beanstalk-noplace,2,20,200,2,True,200,21.1308,9.4649,10.4468,90.124,325.272,128.974,21.23,14.08,0.19,64.49,89.73,59.52,0.82,272.54,9.34,212.0,1230.0,48.51,123,0,2,33,4,27,24,0,24,0,385.8,165.78,24.8,137.1,815.8,5,0,0,10,15,15,108,637,,0.02
fair,beanstalk-noplace quarantine,,"{""green_mode"": ""quarantine""}",beanstalk-noplace,4,20,200,2,True,200,16.9385,11.8074,14.4592,97.21,310.633,111.731,24.24,17.81,0.26,57.69,82.1,60.35,0.87,195.45,6.78,179.97,1408.4,69.29,141,0,2,30,9,33,45,0,45,0,275.09,115.2,15.55,78.11,703.9,9,0,0,15,30,31,111,690,,0.02
fair,beanstalk-noplace quarantine,,"{""green_mode"": ""quarantine""}",beanstalk-noplace,3,20,200,2,True,200,18.4707,10.8279,11.4947,76.105,293.448,104.252,23.72,18.99,0.25,57.04,87.61,70.16,0.91,210.73,4.12,204.71,1455.1,65.65,145,0,2,38,5,43,46,0,46,0,256.11,113.52,14.71,57.9,831.0,8,0,0,18,29,30,115,712,,0.02
fair,beanstalk quarantine no-budget,,"{""budget"": false, ""green_mode"": ""quarantine""}",beanstalk,7,20,200,2,True,200,16.1371,12.3938,15.904,224.584,532.794,212.895,26.2,32.34,0.28,41.18,84.57,104.37,0.91,132.89,6.35,0.0,1228.2,63.43,124,0,2,52,4,23,38,0,38,182,326.08,195.5,16.32,101.53,0.0,18,0,0,13,23,28,101,702,,0.05
fair,beanstalk-noplace quarantine,,"{""green_mode"": ""quarantine""}",beanstalk-noplace,5,20,200,2,True,200,23.4416,8.5318,7.9935,105.86,327.54,137.218,17.69,19.12,0.21,62.98,82.94,89.63,0.98,295.28,0.0,264.87,1546.4,54.98,155,0,2,57,9,45,51,1,51,0,313.12,121.31,20.56,92.33,1074.2,10,0,0,19,31,36,124,771,,0.02
fair,beanstalk quarantine no-budget,,"{""budget"": false, ""green_mode"": ""quarantine""}",beanstalk,8,20,200,2,True,200,37.1537,5.383,15.1174,181.379,437.931,217.509,13.43,15.39,0.11,71.07,99.8,114.33,0.85,528.1,20.24,0.0,1372.9,30.79,137,0,2,27,9,38,40,0,40,189,560.51,202.39,151.65,560.64,0.0,9,0,0,19,52,22,85,671,,0.04
fair,beanstalk quarantine no-budget,,"{""budget"": false, ""green_mode"": ""quarantine""}",beanstalk,2,20,200,2,True,200,12.622,15.8454,14.8585,264.187,531.872,234.852,35.54,25.88,0.33,38.25,89.73,65.33,0.83,96.56,3.57,0.0,1095.7,72.34,110,0,2,36,6,23,21,0,21,188,476.81,261.52,13.92,85.58,0.0,10,0,0,12,23,12,87,624,,0.06
fair,beanstalk-noplace quarantine,,"{""green_mode"": ""quarantine""}",beanstalk-noplace,6,20,200,2,True,200,26.1015,7.6624,17.103,66.349,211.075,84.519,15.95,16.33,0.18,67.54,83.28,85.25,0.92,352.58,15.1,330.41,1368.6,43.69,136,0,2,43,7,41,43,1,43,0,406.58,108.29,65.36,385.52,939.0,8,0,0,9,19,35,117,705,,0.02
fair,beanstalk-noplace quarantine,,"{""green_mode"": ""quarantine""}",beanstalk-noplace,8,20,200,2,True,200,50.7363,3.9419,9.0354,114.243,316.846,135.996,9.84,12.83,0.09,77.25,99.8,130.2,0.9,783.83,54.73,565.29,1725.7,28.34,175,0,2,42,6,42,36,2,36,0,559.97,154.77,148.59,558.74,1168.1,5,0,0,19,52,21,123,731,,0.02
fair,beanstalk-noplace quarantine,,"{""green_mode"": ""quarantine""}",beanstalk-noplace,7,20,200,2,True,200,20.5489,9.7329,9.0622,84.713,273.715,100.791,20.58,18.72,0.21,60.49,84.57,76.94,0.86,248.62,2.38,244.03,1324.8,53.73,133,0,2,32,5,34,37,0,37,0,277.96,118.08,18.78,124.1,958.2,6,0,0,8,11,30,122,670,,0.02
fair,beanstalk-noplace quarantine,,"{""green_mode"": ""quarantine""}",beanstalk-noplace,9,20,200,2,True,200,23.6415,8.4597,17.4317,66.321,246.788,99.134,18.95,20.56,0.19,60.3,89.6,97.21,0.9,285.12,0.0,205.27,1368.0,48.22,138,0,2,45,6,41,39,0,39,0,384.24,112.63,46.42,267.6,1111.8,5,0,0,12,22,29,116,706,,0.02
main,serial,,{},serial,0,20,200,2,True,200,47.1722,4.2398,4.4975,221.536,381.635,229.07,8.53,10.1,70.83,10.54,80.43,95.32,668.24,99.45,0.0,0.0,2647.7,46.77,257,0,1,53,2,57,54,3,54,0,0.0,0.0,11.76,134.91,0.0,0,0,0,0,0,0,0,567,,0.02
main,serial,,{},serial,2,20,200,2,True,200,43.3383,4.6149,4.8907,204.285,297.367,205.589,10.35,7.81,71.26,10.58,89.73,67.67,617.62,91.74,4.97,0.0,2420.2,46.54,236,0,1,34,5,36,33,3,33,0,0.0,0.0,12.85,182.07,0.0,0,0,0,0,0,0,0,506,,0.02
main,serial,,{},serial,1,20,200,2,True,200,45.6651,4.3797,4.5703,212.207,361.113,223.326,9.74,9.42,72.09,8.75,88.97,86.05,658.37,79.91,0.0,0.0,2612.0,47.67,254,0,1,25,8,54,47,7,47,0,0.0,0.0,10.62,132.69,0.0,0,0,0,0,0,0,0,533,,0.02
main,serial,,{},serial,5,20,200,2,True,200,43.8054,4.5656,4.6212,209.686,354.349,221.091,9.47,7.74,76.38,6.41,82.94,67.8,669.17,56.2,0.0,0.0,2571.4,48.92,253,0,1,53,8,53,50,3,50,0,0.0,0.0,8.32,61.58,0.0,0,0,0,0,0,0,0,559,,0.02
main,serial,,{},serial,4,20,200,2,True,200,46.645,4.2877,4.7007,215.994,318.114,216.609,8.8,6.22,71.18,13.8,82.1,58.02,664.01,128.77,5.97,0.0,2526.5,45.14,248,0,1,34,11,48,46,2,46,0,0.0,0.0,19.23,259.81,0.0,0,0,0,0,0,0,0,530,,0.02
main,serial,,{},serial,3,20,200,2,True,200,43.7852,4.5678,4.7167,209.301,317.3,216.286,10.0,8.17,74.16,7.67,87.61,71.53,649.43,67.14,0.75,0.0,2543.2,48.4,248,0,1,39,8,48,46,2,46,0,0.0,0.0,8.78,57.25,0.0,0,0,0,0,0,0,0,535,,0.02
main,serial,,{},serial,6,20,200,2,True,200,52.4369,3.8141,4.678,212.743,335.305,219.601,7.94,7.5,62.3,22.26,83.28,78.61,653.39,233.46,27.31,0.0,2515.6,39.98,246,0,1,41,4,46,41,5,41,0,0.0,0.0,58.03,566.37,0.0,0,0,0,0,0,0,0,533,,0.02
main,serial,,{},serial,7,20,200,2,True,200,42.9437,4.6573,4.7989,205.948,358.446,213.321,9.85,9.0,73.79,7.36,84.57,77.28,633.79,63.24,0.0,0.0,2498.8,48.49,242,0,1,41,7,42,39,3,39,0,0.0,0.0,8.25,78.36,0.0,0,0,0,0,0,0,0,525,,0.02
main,serial,,{},serial,8,20,200,2,True,200,63.7778,3.1359,4.8504,197.886,340.016,215.905,7.82,7.56,48.86,35.75,99.8,96.46,623.23,456.07,26.04,0.0,2487.6,32.5,240,0,1,37,6,40,37,3,37,0,0.0,0.0,194.96,1198.89,0.0,0,0,0,0,0,0,0,517,,0.02
fair,beanstalk quarantine no-budget,,"{""budget"": false, ""green_mode"": ""quarantine""}",beanstalk,3,20,200,2,True,200,14.2824,14.0032,14.5216,381.219,634.242,354.699,30.67,29.02,0.33,39.98,87.61,82.9,0.94,114.2,2.76,0.0,1273.2,74.29,126,0,2,46,5,17,44,1,44,189,511.39,249.24,21.79,145.16,0.0,26,0,0,15,37,31,89,705,,0.09
main,serial,,{},serial,9,20,200,2,True,200,43.3227,4.6165,4.7906,196.63,295.474,212.65,10.34,8.98,72.82,7.85,89.6,77.84,630.99,68.02,2.89,0.0,2519.5,48.46,246,0,1,42,7,46,41,5,41,0,0.0,0.0,8.56,84.97,0.0,0,0,0,0,0,0,0,534,,0.02
fair,beanstalk quarantine no-budget,,"{""budget"": false, ""green_mode"": ""quarantine""}",beanstalk,9,20,200,2,True,200,20.8772,9.5798,16.6746,244.369,451.78,215.28,21.46,23.4,0.22,54.92,89.6,97.71,0.93,229.31,0.0,0.0,1357.8,54.2,136,0,2,37,5,32,49,1,49,181,382.33,174.97,41.66,208.84,0.0,14,0,0,20,43,33,93,706,,0.09
main,beanstalk-noplace,,{},beanstalk-noplace,0,20,200,2,True,200,25.3752,7.8817,14.2,464.078,613.161,405.214,15.85,18.48,0.19,65.49,80.43,93.78,0.94,332.35,0.0,252.38,1476.8,48.5,147,0,2,48,1,98,50,1,50,0,311.3,90.06,250.92,617.34,1143.5,8,0,0,16,40,35,107,744,,0.02
main,beanstalk,,{},beanstalk,3,20,200,2,True,200,17.1353,11.6718,15.2151,292.79,611.631,334.473,25.56,19.61,0.26,54.57,87.61,67.2,0.88,187.02,3.03,182.67,1276.1,62.06,125,0,2,31,5,80,43,0,43,157,228.8,82.05,234.17,621.03,739.2,8,0,0,16,36,27,89,672,,0.03
main,beanstalk,,{},beanstalk,2,20,200,2,True,200,16.1607,12.3757,15.5169,153.364,418.132,186.892,27.76,19.31,0.26,52.67,89.73,62.41,0.83,170.24,0.7,117.36,1140.3,58.8,114,0,2,33,5,73,25,0,25,158,170.18,77.05,135.52,422.06,455.3,6,0,0,12,24,14,90,630,,0.04
main,beanstalk,,{},beanstalk,1,20,200,2,True,200,21.1761,9.4446,14.7781,279.415,369.807,251.133,21.01,16.48,0.2,62.31,88.97,69.79,0.85,263.92,4.09,236.32,1269.3,49.95,128,0,2,18,3,74,48,2,48,152,183.3,88.36,139.61,373.88,830.2,12,0,0,16,34,35,94,662,,0.04
main,beanstalk,,{},beanstalk,4,20,200,2,True,200,16.8763,11.851,21.9446,280.982,443.717,289.376,24.32,18.29,0.26,57.12,82.1,61.72,0.89,192.81,1.57,189.22,1306.8,64.53,131,0,2,34,9,85,48,1,48,141,148.58,70.4,189.52,445.5,725.0,8,0,0,13,36,36,95,696,,0.04
main,beanstalk,,{},beanstalk,0,20,200,2,True,200,24.7464,8.082,15.9433,324.211,589.088,348.564,16.25,17.16,0.19,66.4,80.43,84.94,0.95,328.61,6.75,246.06,1543.3,51.97,154,0,2,34,5,85,62,0,62,134,200.93,83.87,224.49,583.39,1108.0,9,0,0,19,58,43,96,743,,0.04
main,beanstalk,,{},beanstalk,8,20,200,2,True,200,38.2079,5.2345,23.7908,963.799,1816.636,1092.088,13.06,11.35,0.11,75.48,99.8,86.73,0.83,576.8,5.64,564.48,1341.1,29.25,134,0,2,22,9,98,38,0,38,140,969.22,119.82,757.82,1821.9,2015.8,7,0,0,17,29,21,105,654,,0.03
main,beanstalk-noplace,,{},beanstalk-noplace,1,20,200,2,True,200,34.8288,5.7424,4.7513,701.935,1026.923,645.87,12.77,18.8,0.14,68.29,88.97,130.97,0.94,475.69,0.77,474.03,1502.1,35.94,150,0,2,30,5,108,59,0,59,0,398.14,119.67,477.88,1027.59,1841.9,9,0,0,17,27,42,123,725,,0.02
main,beanstalk,,{},beanstalk,9,20,200,2,True,200,24.3154,8.2252,29.2495,555.603,851.442,487.044,18.42,13.41,0.18,67.99,89.6,65.2,0.87,330.64,0.0,319.33,1212.0,41.54,121,0,2,32,3,88,41,0,41,146,382.36,84.97,307.7,852.86,975.4,6,0,0,13,27,30,94,665,,0.03
main,beanstalk-noplace,,{},beanstalk-noplace,2,20,200,2,True,200,19.7197,10.1422,13.2131,311.882,456.48,268.194,22.75,15.89,0.21,61.15,89.73,62.67,0.83,241.17,1.54,230.57,1139.3,48.14,114,0,2,35,4,75,25,0,25,0,402.33,102.39,174.52,461.22,932.2,7,0,0,9,21,16,93,634,,0.02
main,beanstalk,,{},beanstalk,5,20,200,2,True,200,23.0224,8.6872,,881.967,1356.83,971.753,18.01,18.52,0.2,63.27,82.94,85.27,0.91,291.32,0.0,290.65,1419.7,51.39,141,0,2,34,10,99,59,0,59,128,662.66,88.99,667.69,1358.07,1218.8,10,0,0,17,39,43,102,725,,0.05
main,beanstalk-noplace,,{},beanstalk-noplace,3,20,200,2,True,200,21.2347,9.4185,11.6273,362.639,797.761,410.712,20.63,21.23,0.22,57.91,87.61,90.18,0.95,245.95,0.76,216.08,1528.2,59.97,151,0,2,48,4,111,52,1,52,0,219.09,83.36,302.09,799.0,986.1,8,0,0,20,27,33,124,752,,0.02
main,beanstalk,,{},beanstalk,7,20,200,2,True,200,22.2859,8.9743,10.4633,266.293,480.212,292.765,18.97,19.99,0.2,60.84,84.57,89.09,0.9,271.16,2.07,263.46,1235.4,46.19,126,0,2,41,4,89,42,1,42,150,277.37,87.99,177.36,479.07,995.0,7,0,0,10,19,33,107,691,,0.04
main,beanstalk,,{},beanstalk,6,20,200,2,True,200,32.7917,6.0991,953.7206,684.327,986.252,636.776,12.7,13.3,0.14,73.87,83.28,87.21,0.91,484.43,16.52,207.1,1389.5,35.31,139,0,2,31,9,106,56,2,56,132,409.29,90.65,478.57,991.53,824.8,9,0,0,14,27,44,112,714,,0.05
main,beanstalk-noplace,,{},beanstalk-noplace,4,20,200,2,True,200,23.5289,8.5002,13.1748,200.766,323.841,191.265,17.45,14.61,0.19,67.74,82.1,68.77,0.92,318.79,9.5,263.54,1252.3,44.35,126,0,2,40,11,72,48,0,48,0,166.6,73.43,135.3,399.29,717.8,9,0,0,14,37,34,89,699,,0.02
main,beanstalk-noplace,,{},beanstalk-noplace,5,20,200,2,True,200,22.686,8.816,11.9945,429.594,781.907,422.689,18.28,21.52,0.22,59.99,82.94,97.62,0.98,272.18,0.0,270.21,1449.8,53.26,145,0,2,54,12,101,54,2,54,0,427.9,81.11,335.14,786.05,1163.8,8,0,0,15,37,41,108,762,,0.02
main,beanstalk-noplace,,{},beanstalk-noplace,8,20,200,2,True,200,43.8147,4.5647,11.679,256.07,781.5,343.518,11.39,14.33,0.1,74.17,99.8,125.6,0.91,649.98,46.0,212.84,1496.1,28.45,150,0,2,44,7,88,40,0,40,0,558.92,116.65,394.26,1158.48,858.0,7,0,0,15,41,25,109,717,,0.02
main,beanstalk-noplace,,{},beanstalk-noplace,6,20,200,2,True,200,28.1621,7.1018,6.673,192.372,965.356,271.215,14.79,13.68,0.16,71.38,83.28,77.06,0.88,402.03,0.0,240.23,1195.6,35.38,119,0,2,36,7,88,41,0,41,0,406.39,91.64,321.2,971.39,1027.2,8,0,0,7,14,34,105,671,,0.02
main,beanstalk-noplace,,{},beanstalk-noplace,7,20,200,2,True,200,20.8011,9.6149,11.5685,200.033,478.254,228.684,20.33,19.12,0.21,60.35,84.57,79.53,0.86,251.06,0.93,197.24,1268.4,50.81,127,0,2,31,4,88,39,0,39,0,434.45,102.34,159.92,482.42,977.3,8,0,0,10,23,30,104,667,,0.02
main,beanstalk-noplace,,{},beanstalk-noplace,9,20,200,2,True,200,23.6064,8.4723,7.7109,138.434,889.365,266.37,18.98,19.97,0.19,60.86,89.6,94.28,0.91,287.35,0.0,258.88,1225.2,43.25,124,0,2,44,7,79,39,1,39,0,381.4,90.47,307.99,892.14,799.6,7,0,0,11,33,29,91,689,,0.02
queue,batched k=1,,"{""batch_k"": 1}",batched,0,20,200,2,True,200,28.1937,7.0938,8.0165,103.01,252.263,121.161,14.26,16.23,55.4,14.11,80.43,91.49,312.38,79.57,0.0,0.0,2914.3,86.14,299,32,2,51,4,59,54,2,54,0,0.0,0.0,10.51,69.63,0.0,0,0,43,0,0,0,0,606,,0.02
queue,batched k=1,,"{""batch_k"": 1}",batched,3,20,200,2,True,200,24.7829,8.0701,8.4031,98.204,217.233,109.589,17.68,13.34,60.36,8.63,87.61,66.11,299.18,42.75,3.55,0.0,2769.6,93.13,279,25,2,37,8,45,42,3,42,0,0.0,0.0,7.01,33.39,0.0,0,0,34,0,0,0,0,561,,0.02
queue,batched k=1,,"{""batch_k"": 1}",batched,1,20,200,2,True,200,27.4735,7.2797,8.2153,91.319,241.199,114.792,16.19,16.4,53.24,14.17,88.97,90.1,292.54,77.86,0.0,0.0,2861.6,86.8,294,33,2,26,6,54,49,3,49,0,0.0,0.0,11.74,116.35,0.0,0,0,42,0,0,0,0,572,,0.02
queue,batched k=1,,"{""batch_k"": 1}",batched,2,20,200,2,True,200,26.5,7.5472,8.4223,94.424,213.782,107.482,16.93,13.62,53.98,15.47,89.73,72.19,286.08,82.0,8.73,0.0,2698.8,84.87,276,28,2,32,6,40,30,10,30,0,0.0,0.0,18.35,200.3,0.0,0,0,36,0,0,0,0,548,,0.02
queue,batched k=1,,"{""batch_k"": 1}",batched,4,20,200,2,True,200,31.4074,6.3679,8.0332,104.086,246.14,119.266,13.07,10.84,52.45,23.64,82.1,68.07,329.49,148.49,7.56,0.0,2889.0,76.65,295,35,2,38,10,54,45,5,45,0,0.0,0.0,37.91,341.83,0.0,0,0,45,0,0,0,0,583,,0.02
queue,batched k=1,,"{""batch_k"": 1}",batched,5,20,200,2,True,200,29.8704,6.6956,8.2539,98.806,243.235,115.029,13.88,13.15,51.03,21.93,82.94,78.59,304.84,131.04,0.0,0.0,2802.9,78.2,286,28,2,56,9,49,46,2,46,0,0.0,0.0,27.5,261.44,0.0,0,0,38,0,0,0,0,590,,0.02
queue,batched k=1,,"{""batch_k"": 1}",batched,8,20,200,2,True,200,54.3589,3.6793,8.4909,82.277,221.689,115.104,9.18,11.44,23.85,55.53,99.8,124.41,259.27,603.7,26.11,0.0,2715.7,41.63,275,26,2,38,7,46,39,5,39,0,0.0,0.0,362.89,1516.99,0.0,0,0,31,0,0,0,0,557,,0.02
queue,batched k=1,,"{""batch_k"": 1}",batched,7,20,200,2,True,200,24.6792,8.104,8.7243,82.34,245.654,107.514,17.13,18.5,54.11,10.26,84.57,91.31,267.07,50.64,0.0,0.0,2690.6,90.85,279,27,2,42,6,43,41,2,41,0,0.0,0.0,7.82,63.02,0.0,0,0,36,0,0,0,0,564,,0.02
queue,batched k=1,,"{""batch_k"": 1}",batched,9,20,200,2,True,200,31.0072,6.4501,9.049,78.915,180.35,106.958,14.45,16.12,41.37,28.06,89.6,99.98,256.54,174.02,10.91,0.0,2623.6,70.51,269,27,2,44,7,38,38,0,38,0,0.0,0.0,27.28,185.79,0.0,0,0,31,0,0,0,0,551,,0.02
queue,batched-par k=1,,"{""batch_k"": 1}",batched-par,2,20,200,2,True,200,23.827,8.3938,9.576,76.394,202.364,91.934,18.83,13.78,50.52,16.86,89.73,65.68,240.76,80.36,8.37,0.0,2449.3,85.66,246,10,2,35,6,36,32,4,32,0,0.0,0.0,14.21,168.14,0.0,0,0,10,0,0,0,0,517,,0.02
queue,batched-par k=1,,"{""batch_k"": 1}",batched-par,1,20,200,2,True,200,26.438,7.5649,8.7315,81.802,251.742,104.48,16.83,17.08,48.78,17.31,88.97,90.32,257.94,91.52,0.0,0.0,2686.0,84.66,269,14,2,29,5,54,48,6,48,0,0.0,0.0,11.74,102.95,0.0,0,0,15,0,0,0,0,552,,0.02
queue,batched-par k=1,,"{""batch_k"": 1}",batched-par,0,20,200,2,True,200,28.5103,7.015,8.6164,92.239,246.248,111.668,14.11,16.07,49.21,20.62,80.43,91.62,280.6,117.55,0.0,0.0,2743.6,80.19,279,19,2,54,4,57,53,1,53,0,0.0,0.0,15.44,157.36,0.0,0,0,25,0,0,0,0,587,,0.02
queue,batched-par k=1,,"{""batch_k"": 1}",batched-par,3,20,200,2,True,200,23.1174,8.6515,9.0202,87.462,193.811,100.942,18.95,14.59,58.19,8.28,87.61,67.45,269.03,38.26,4.21,0.0,2621.8,94.51,264,15,2,38,9,47,44,3,44,0,0.0,0.0,5.85,35.58,0.0,0,0,17,0,0,0,0,549,,0.02
queue,batched-par k=1,,"{""batch_k"": 1}",batched-par,4,20,200,2,True,200,28.7858,6.9479,9.083,87.021,217.817,101.876,14.26,11.57,47.41,26.75,82.1,66.63,272.96,154.03,8.07,0.0,2587.0,74.89,262,13,2,38,11,49,47,1,47,0,0.0,0.0,42.89,364.07,0.0,0,0,14,0,0,0,0,548,,0.02
queue,batched-par k=1,,"{""batch_k"": 1}",batched-par,5,20,200,2,True,200,29.3914,6.8047,8.5723,92.407,233.28,113.347,14.11,14.06,50.22,21.62,82.94,82.64,295.19,127.06,0.0,0.0,2784.5,78.95,284,21,2,60,8,54,47,6,47,0,0.0,0.0,25.56,250.81,0.0,0,0,31,0,0,0,0,597,,0.02
queue,batched-par k=1,,"{""batch_k"": 1}",batched-par,6,20,200,2,True,200,34.98,5.7175,8.6612,93.649,213.817,108.707,11.9,11.81,39.99,36.3,83.28,82.61,279.74,253.97,28.09,0.0,2669.2,63.59,269,18,2,43,4,48,43,5,43,0,0.0,0.0,113.96,678.18,0.0,0,0,21,0,0,0,0,560,,0.02
queue,batched-par k=1,,"{""batch_k"": 1}",batched-par,7,20,200,2,True,200,24.1479,8.2823,8.8228,76.606,228.494,104.319,17.51,20.79,51.21,10.49,84.57,100.43,247.31,50.66,0.0,0.0,2660.0,91.79,266,20,2,47,6,43,41,2,41,0,0.0,0.0,7.29,52.08,0.0,0,0,23,0,0,0,0,556,,0.02
queue,batched-par k=1,,"{""batch_k"": 1}",batched-par,8,20,200,2,True,200,46.0931,4.339,9.1477,74.404,203.141,104.715,10.83,12.17,25.69,51.31,99.8,112.2,236.85,473.01,18.85,0.0,2587.9,46.79,258,12,2,39,5,45,39,6,39,0,0.0,0.0,223.95,1078.68,0.0,0,0,13,0,0,0,0,542,,0.02
queue,batched-par k=1,,"{""batch_k"": 1}",batched-par,9,20,200,2,True,200,30.8269,6.4878,9.6465,73.907,161.977,100.968,14.53,16.57,38.02,30.88,89.6,102.16,234.4,190.38,0.0,0.0,2523.3,68.21,256,13,2,46,8,43,38,4,38,0,0.0,0.0,30.03,223.08,0.0,0,0,14,0,0,0,0,544,,0.02
fair,batched k=1 released,,"{""batch_k"": 1, ""queue_agents"": ""released""}",batched,2,20,200,2,True,200,28.4324,7.0342,8.1068,578.835,1040.348,543.186,15.78,20.85,0.0,63.37,89.73,118.54,0.0,360.38,0.0,0.0,2821.0,82.68,288,31,2,92,18,52,44,6,44,0,0.0,0.0,13.81,141.32,0.0,0,0,38,0,0,0,0,630,,0.02
fair,batched k=1 released,,"{""batch_k"": 1, ""queue_agents"": ""released""}",batched,0,20,200,2,True,200,30.3071,6.5991,7.5365,655.602,1200.063,638.786,13.27,22.26,0.0,64.48,80.43,134.9,0.0,390.81,0.0,0.0,3004.1,82.6,314,38,2,115,17,67,62,1,62,0,0.0,0.0,13.83,136.35,0.0,0,0,51,0,0,0,0,692,,0.03
fair,batched k=1 released,,"{""batch_k"": 1, ""queue_agents"": ""released""}",batched,4,20,200,2,True,200,32.0197,6.2462,7.4288,609.049,1179.59,612.712,12.82,16.56,0.0,70.62,82.1,106.02,0.0,452.27,0.0,0.0,2979.2,77.53,306,31,2,86,35,67,58,3,58,0,0.0,0.0,32.65,315.96,0.0,0,0,45,0,0,0,0,653,,0.02
fair,batched k=1 released,,"{""batch_k"": 1, ""queue_agents"": ""released""}",batched,3,20,200,2,True,200,25.0641,7.9795,8.0181,567.182,1049.438,565.217,17.48,21.78,0.0,60.74,87.61,109.18,0.0,304.49,0.0,0.0,2879.9,95.75,292,31,2,94,20,56,51,2,51,0,0.0,0.0,6.56,32.38,0.0,0,0,39,0,0,0,0,639,,0.03
main,batched k=4,,{},batched,0,5,50,2,True,50,12.2713,4.0746,4.6958,10.871,137.673,34.292,36.45,21.75,24.83,16.98,22.36,13.34,15.23,10.42,2.94,0.0,729.7,49.55,76,11,2,0,2,17,12,1,12,0,0.0,0.0,23.29,139.45,0.0,0,4,11,0,0,0,0,139,,0.01
fair,batched k=1 released,,"{""batch_k"": 1, ""queue_agents"": ""released""}",batched,1,20,200,2,True,200,29.008,6.8946,8.0089,563.583,1085.449,565.742,15.34,22.65,0.0,62.02,88.97,131.38,0.0,359.81,0.0,0.0,2998.8,86.15,314,35,2,77,12,65,60,3,60,0,0.0,0.0,12.57,124.01,0.0,0,0,51,0,0,0,0,654,,0.03
queue,batched k=1,,"{""batch_k"": 1}",batched,6,20,200,2,True,200,36.672,5.4538,7.9904,102.046,242.757,119.418,11.35,11.4,42.87,34.37,83.28,83.6,314.46,252.1,14.52,0.0,2844.3,64.63,295,32,2,40,4,52,44,6,44,0,0.0,0.0,107.04,667.62,0.0,0,0,45,0,0,0,0,585,,0.06
fair,batched k=1 released,,"{""batch_k"": 1, ""queue_agents"": ""released""}",batched,6,20,200,2,True,200,40.944,4.8847,7.9566,577.687,1123.132,585.151,10.17,15.83,0.0,74.0,83.28,129.62,0.0,605.99,0.0,0.0,2876.7,58.55,294,31,2,99,12,55,48,5,48,0,0.0,0.0,144.85,825.36,0.0,0,0,41,0,0,0,0,646,,0.02
fair,batched k=1 released,,"{""batch_k"": 1, ""queue_agents"": ""released""}",batched,5,20,200,2,True,200,33.9076,5.8984,7.624,632.507,1150.721,629.774,12.23,19.78,0.0,67.99,82.94,134.12,0.0,461.09,0.0,0.0,3041.1,74.74,317,38,2,118,34,68,60,2,60,0,0.0,0.0,38.78,351.96,0.0,0,0,55,0,0,0,0,697,,0.03
main,batched k=4,,{},batched,1,5,50,2,True,50,11.815,4.2319,5.6286,10.86,83.031,25.426,41.4,15.22,20.65,22.73,24.46,8.99,12.2,13.43,0.0,0.0,619.4,43.69,63,4,2,2,1,10,9,0,9,0,0.0,0.0,32.38,190.14,0.0,0,1,6,0,0,0,0,124,,0.01
main,batched k=4,,{},batched,2,5,50,2,True,50,9.1596,5.4587,6.272,10.629,71.939,18.805,50.88,12.71,21.51,14.9,23.3,5.82,9.85,6.83,2.04,0.0,520.8,47.38,51,1,2,1,0,3,3,0,3,0,0.0,0.0,12.0,81.13,0.0,0,0,1,0,0,0,0,105,,0.01
main,batched k=4,,{},batched,5,5,50,2,True,50,12.1115,4.1283,5.5506,11.245,91.588,34.344,33.86,22.03,25.23,18.88,20.51,13.34,15.28,11.43,3.41,0.0,659.9,45.4,66,5,2,3,1,13,9,0,9,0,0.0,0.0,21.14,133.76,0.0,0,4,6,0,0,0,0,128,,0.01
fair,batched k=1 released,,"{""batch_k"": 1, ""queue_agents"": ""released""}",batched,7,20,200,2,True,200,30.161,6.6311,7.9966,572.383,1164.625,609.356,14.02,25.75,0.0,60.23,84.57,155.3,0.0,363.35,0.0,0.0,2943.2,81.32,304,32,2,105,17,62,53,5,53,0,0.0,0.0,14.91,162.45,0.0,0,0,46,0,0,0,0,667,,0.03
main,batched k=4,,{},batched,4,5,50,2,True,50,8.8695,5.6373,5.9206,11.682,82.989,25.592,47.81,17.89,30.2,4.1,21.2,7.93,13.39,1.82,0.0,0.0,629.6,59.15,63,6,2,2,1,13,10,1,10,0,0.0,0.0,10.34,47.12,0.0,0,1,8,0,0,0,0,126,,0.01
main,batched k=4,,{},batched,3,5,50,2,True,50,9.1926,5.4392,5.5314,12.952,78.944,29.778,42.07,24.71,29.28,3.94,19.34,11.36,13.46,1.81,0.0,0.0,652.3,59.13,69,9,2,5,0,16,14,0,14,0,0.0,0.0,9.98,33.55,0.0,0,2,9,0,0,0,0,138,,0.01
main,batched k=4,,{},batched,6,5,50,2,True,50,11.3989,4.3864,4.9396,12.05,151.462,32.437,38.79,24.41,23.01,13.79,22.11,13.92,13.12,7.86,0.0,0.0,681.3,49.81,71,9,2,1,1,14,10,1,10,0,0.0,0.0,15.6,96.0,0.0,0,3,9,0,0,0,0,133,,0.01
main,batched k=4,,{},batched,8,5,50,2,True,50,9.7998,5.1021,5.1584,11.449,117.921,27.422,48.01,21.52,25.12,5.35,23.52,10.54,12.31,2.62,0.0,0.0,622.0,52.89,65,6,2,4,0,12,9,1,9,0,0.0,0.0,9.75,46.98,0.0,0,2,7,0,0,0,0,129,,0.01
main,batched k=4,,{},batched,7,5,50,2,True,50,8.918,5.6066,5.8489,13.838,94.932,28.568,40.27,16.77,36.62,6.34,17.96,7.48,16.33,2.83,2.65,0.0,665.2,62.16,70,9,2,1,0,16,8,2,8,0,0.0,0.0,10.3,46.34,0.0,0,5,12,0,0,0,0,131,,0.01
main,batched-aimd,,{},batched-aimd,0,5,50,2,True,50,12.28,4.0717,5.1974,10.999,123.165,31.736,36.42,21.47,21.6,20.51,22.36,13.19,13.26,12.59,0.0,0.0,685.6,46.52,69,6,2,0,2,14,12,0,12,0,0.0,0.0,22.93,142.77,0.0,0,2,8,0,0,0,0,131,,0.01
main,batched-aimd,,{},batched-aimd,1,5,50,2,True,50,12.0044,4.1652,5.5086,11.556,91.773,26.726,40.75,14.98,22.13,22.14,24.46,8.99,13.28,13.29,0.0,0.0,644.7,44.75,66,6,2,2,1,12,9,0,9,0,0.0,0.0,33.09,189.79,0.0,0,2,8,0,0,0,0,127,,0.01
main,batched-aimd,,{},batched-aimd,2,5,50,2,True,50,10.6587,4.691,6.0789,10.871,64.159,21.031,43.72,13.07,19.82,23.39,23.3,6.96,10.56,12.47,0.0,0.0,566.3,44.28,56,2,2,1,0,5,3,1,3,0,0.0,0.0,27.59,170.21,0.0,0,1,2,0,0,0,0,111,,0.01
fair,batched k=1 released,,"{""batch_k"": 1, ""queue_agents"": ""released""}",batched,9,20,200,2,True,200,30.3283,6.5945,8.1489,522.993,1040.681,531.87,14.77,19.15,0.0,66.08,89.6,116.17,0.0,400.8,0.0,0.0,2869.2,78.84,296,33,2,86,23,56,52,2,52,0,0.0,0.0,16.96,162.29,0.0,0,0,42,0,0,0,0,636,,0.03
main,batched-aimd,,{},batched-aimd,6,5,50,2,True,50,11.6536,4.2905,4.7944,11.09,149.954,34.431,37.94,26.27,22.97,12.82,22.11,15.31,13.39,7.47,0.0,0.0,691.2,49.43,73,8,2,1,1,16,10,3,10,0,0.0,0.0,13.94,82.34,0.0,0,2,9,0,0,0,0,137,,0.01
main,batched-aimd,,{},batched-aimd,5,5,50,2,True,50,11.4879,4.3524,5.163,13.24,77.538,32.872,35.7,25.9,21.79,16.61,20.51,14.88,12.52,9.54,2.96,0.0,621.1,45.05,64,7,2,3,1,11,9,2,9,0,0.0,0.0,16.29,104.06,0.0,0,0,7,0,0,0,0,128,,0.01
main,batched-aimd,,{},batched-aimd,7,5,50,2,True,50,8.3179,6.0111,6.9808,13.129,84.065,23.167,43.17,13.55,32.87,10.41,17.96,5.63,13.67,4.33,0.0,0.0,622.3,62.34,65,8,2,0,0,12,8,1,8,0,0.0,0.0,10.57,54.15,0.0,0,3,9,0,0,0,0,124,,0.01
main,batched-aimd,,{},batched-aimd,8,5,50,2,True,50,9.9453,5.0275,5.0274,11.738,100.236,28.02,47.31,20.69,26.27,5.73,23.52,10.29,13.06,2.85,0.0,0.0,657.5,55.09,67,6,2,4,0,13,9,2,9,0,0.0,0.0,10.11,43.64,0.0,0,2,7,0,0,0,0,132,,0.01
main,batched-aimd,,{},batched-aimd,9,5,50,2,True,50,9.5953,5.2109,5.4437,10.816,73.289,24.022,54.05,17.79,23.93,4.22,25.93,8.54,11.48,2.03,0.0,0.0,557.8,48.45,55,2,2,4,1,7,5,1,5,0,0.0,0.0,10.71,50.32,0.0,0,1,3,0,0,0,0,115,,0.01
main,batched+place,,{},batched+place,2,5,50,2,True,50,8.7595,5.7081,7.0268,11.544,67.204,19.107,53.2,10.73,25.63,10.44,23.3,4.7,11.22,4.57,0.0,0.0,578.1,55.0,57,5,2,0,1,6,3,3,3,6,0.0,0.0,10.05,57.48,0.0,0,0,5,0,0,0,0,113,,0.01
main,batched+place,,{},batched+place,3,5,50,2,True,50,9.0828,5.5049,5.8879,11.894,85.998,29.294,42.58,20.78,32.97,3.67,19.34,9.44,14.97,1.67,0.0,0.0,700.0,64.23,73,10,2,1,0,18,15,0,15,10,0.0,0.0,10.87,42.48,0.0,0,3,11,0,0,0,0,139,,0.01
main,batched+place,,{},batched+place,4,5,50,2,True,50,8.7905,5.688,6.1775,11.633,83.145,23.952,48.24,16.49,28.92,6.35,21.2,7.25,12.71,2.79,0.0,0.0,623.6,59.11,64,8,2,1,1,12,10,1,10,3,0.0,0.0,10.69,55.67,0.0,0,1,8,0,0,0,0,126,,0.01
main,batched+place,,{},batched+place,7,5,50,2,True,50,8.9575,5.5819,5.9965,12.65,84.959,26.334,40.09,17.66,31.34,10.91,17.96,7.91,14.04,4.89,1.64,0.0,613.5,57.08,63,9,2,2,0,12,9,0,9,3,0.0,0.0,10.76,44.41,0.0,0,3,9,0,0,0,0,124,,0.01
main,batched+place,,{},batched+place,6,5,50,2,True,50,9.8676,5.0671,4.8301,11.512,143.704,31.243,44.81,28.31,24.46,2.42,22.11,13.97,12.07,1.2,0.0,0.0,659.0,55.65,65,2,2,4,1,11,10,0,10,6,0.0,0.0,9.93,39.41,0.0,0,1,5,0,0,0,0,129,,0.01
main,batched+place,,{},batched+place,9,5,50,2,True,50,8.6165,5.8028,6.218,10.898,59.881,18.559,60.19,9.17,26.73,3.91,25.93,3.95,11.51,1.68,1.03,0.0,564.4,54.59,56,2,2,1,0,6,5,0,5,7,0.0,0.0,9.88,38.75,0.0,0,1,4,0,0,0,0,112,,0.01
queue,batched k=16,,"{""batch_k"": 16}",batched,0,5,50,2,True,50,12.2713,4.0746,4.6958,10.871,137.673,34.292,36.45,21.75,24.83,16.98,22.36,13.34,15.23,10.42,2.94,0.0,729.7,49.55,76,11,2,0,2,17,12,1,12,0,0.0,0.0,23.29,139.45,0.0,0,4,11,0,0,0,0,139,,0.01
queue,batched k=16,,"{""batch_k"": 16}",batched,1,5,50,2,True,50,11.815,4.2319,5.6286,10.86,83.031,25.426,41.4,15.22,20.65,22.73,24.46,8.99,12.2,13.43,0.0,0.0,619.4,43.69,63,4,2,2,1,10,9,0,9,0,0.0,0.0,32.38,190.14,0.0,0,1,6,0,0,0,0,124,,0.01
queue,batched k=16,,"{""batch_k"": 16}",batched,2,5,50,2,True,50,9.1596,5.4587,6.272,10.629,71.939,18.805,50.88,12.71,21.51,14.9,23.3,5.82,9.85,6.83,2.04,0.0,520.8,47.38,51,1,2,1,0,3,3,0,3,0,0.0,0.0,12.0,81.13,0.0,0,0,1,0,0,0,0,105,,0.01
queue,batched k=16,,"{""batch_k"": 16}",batched,3,5,50,2,True,50,9.1926,5.4392,5.5314,12.952,78.944,29.778,42.07,24.71,29.28,3.94,19.34,11.36,13.46,1.81,0.0,0.0,652.3,59.13,69,9,2,5,0,16,14,0,14,0,0.0,0.0,9.98,33.55,0.0,0,2,9,0,0,0,0,138,,0.01
main,batched k=4,,{},batched,9,5,50,2,True,50,9.7541,5.1261,5.4292,11.041,72.741,24.854,53.17,18.46,24.01,4.36,25.93,9.0,11.71,2.13,0.0,0.0,553.0,47.25,57,5,2,4,1,7,5,1,5,0,0.0,0.0,10.94,55.74,0.0,0,1,5,0,0,0,0,117,,0.04
queue,batched k=16,,"{""batch_k"": 16}",batched,5,5,50,2,True,50,12.1115,4.1283,5.5506,11.245,91.588,34.344,33.86,22.03,25.23,18.88,20.51,13.34,15.28,11.43,3.41,0.0,659.9,45.4,66,5,2,3,1,13,9,0,9,0,0.0,0.0,21.14,133.76,0.0,0,4,6,0,0,0,0,128,,0.01
queue,batched k=16,,"{""batch_k"": 16}",batched,6,5,50,2,True,50,11.3989,4.3864,4.9396,12.05,151.462,32.437,38.79,24.41,23.01,13.79,22.11,13.92,13.12,7.86,0.0,0.0,681.3,49.81,71,9,2,1,1,14,10,1,10,0,0.0,0.0,15.6,96.0,0.0,0,3,9,0,0,0,0,133,,0.01
queue,batched k=16,,"{""batch_k"": 16}",batched,8,5,50,2,True,50,9.7998,5.1021,5.1584,11.449,117.921,27.422,48.01,21.52,25.12,5.35,23.52,10.54,12.31,2.62,0.0,0.0,622.0,52.89,65,6,2,4,0,12,9,1,9,0,0.0,0.0,9.75,46.98,0.0,0,2,7,0,0,0,0,129,,0.01
queue,batched k=16,,"{""batch_k"": 16}",batched,7,5,50,2,True,50,8.918,5.6066,5.8489,13.838,94.932,28.568,40.27,16.77,36.62,6.34,17.96,7.48,16.33,2.83,2.65,0.0,665.2,62.16,70,9,2,1,0,16,8,2,8,0,0.0,0.0,10.3,46.34,0.0,0,5,12,0,0,0,0,131,,0.01
fair,batched k=1 released,,"{""batch_k"": 1, ""queue_agents"": ""released""}",batched,8,20,200,2,True,200,55.6517,3.5938,7.5651,641.869,1137.801,621.839,8.97,15.37,0.0,75.66,99.8,171.09,0.0,842.15,0.0,0.0,3060.9,45.83,312,35,2,81,19,70,54,8,54,0,0.0,0.0,262.71,1291.94,0.0,0,0,50,0,0,0,0,655,,0.07
main,batched-aimd,,{},batched-aimd,4,5,50,2,True,50,8.5677,5.8359,6.5678,11.713,83.585,23.417,49.49,17.49,28.06,4.96,21.2,7.49,12.02,2.12,0.0,0.0,639.3,62.18,64,5,2,1,1,11,10,1,10,0,0.0,0.0,9.41,39.78,0.0,0,0,6,0,0,0,0,126,,0.05
main,batched-aimd,,{},batched-aimd,3,5,50,2,True,50,9.199,5.4354,5.6315,14.926,78.752,29.3,42.04,25.56,27.53,4.87,19.34,11.76,12.66,2.24,0.98,0.0,647.5,58.65,67,7,2,6,0,14,14,0,14,0,0.0,0.0,9.42,31.48,0.0,0,0,7,0,0,0,0,137,,0.05
queue,batched-par k=4,,"{""batch_k"": 4}",batched-par,0,5,50,2,True,50,11.9937,4.1688,5.084,11.314,119.816,31.7,37.29,23.38,20.67,18.66,22.36,14.02,12.4,11.19,0.0,0.0,673.0,46.76,67,3,2,1,2,14,12,0,12,0,0.0,0.0,22.25,150.48,0.0,0,2,4,0,0,0,0,130,,0.01
main,batched+place,,{},batched+place,0,5,50,2,True,50,13.8215,3.6175,4.9617,11.379,140.77,39.483,32.36,28.76,18.85,20.03,22.36,19.88,13.03,13.84,0.0,0.0,724.2,43.67,75,9,2,4,2,16,12,2,12,6,0.0,0.0,26.39,151.69,0.0,0,2,10,0,0,0,0,143,,0.04
main,batched+place,,{},batched+place,1,5,50,2,True,50,10.4461,4.7865,5.4267,11.081,82.256,25.01,46.83,18.3,21.61,13.27,24.46,9.56,11.28,6.93,0.0,0.0,610.2,48.68,64,8,2,3,1,9,9,0,9,4,0.0,0.0,14.3,88.14,0.0,0,0,8,0,0,0,0,126,,0.05
queue,batched-par k=4,,"{""batch_k"": 4}",batched-par,1,5,50,2,True,50,11.6502,4.2918,5.6716,10.85,91.686,24.288,41.99,14.7,20.05,23.26,24.46,8.56,11.68,13.55,0.0,0.0,604.8,43.26,63,4,2,1,0,11,9,0,9,0,0.0,0.0,30.99,183.95,0.0,0,2,4,0,0,0,0,123,,0.01
queue,batched-par k=4,,"{""batch_k"": 4}",batched-par,3,5,50,2,True,50,9.4237,5.3057,5.9362,12.641,75.276,30.71,41.04,26.24,28.07,4.65,19.34,12.36,13.23,2.19,0.0,0.0,672.0,59.42,69,4,2,5,0,17,14,2,14,0,0.0,0.0,9.43,33.78,0.0,0,1,5,0,0,0,0,140,,0.01
queue,batched-par k=4,,"{""batch_k"": 4}",batched-par,4,5,50,2,True,50,8.6259,5.7965,5.9581,11.832,81.792,24.061,49.16,18.79,27.7,4.35,21.2,8.1,11.95,1.88,0.0,0.0,621.3,60.02,61,3,2,2,1,11,10,1,10,0,0.0,0.0,7.8,30.01,0.0,0,0,3,0,0,0,0,124,,0.01
queue,batched-par k=4,,"{""batch_k"": 4}",batched-par,5,5,50,2,True,50,11.5438,4.3313,5.4545,11.352,72.345,31.04,35.53,23.94,20.88,19.66,20.51,13.82,12.05,11.35,0.0,0.0,616.2,44.48,61,4,2,3,1,10,9,1,9,0,0.0,0.0,20.11,134.0,0.0,0,0,4,0,0,0,0,124,,0.01
queue,batched-par k=4,,"{""batch_k"": 4}",batched-par,6,5,50,2,True,50,11.6326,4.2983,5.0709,10.84,147.964,32.31,38.01,23.97,22.32,15.7,22.11,13.94,12.98,9.13,0.0,0.0,624.8,44.76,64,4,2,1,1,13,10,1,10,0,0.0,0.0,15.9,102.21,0.0,0,2,4,0,0,0,0,126,,0.01
queue,batched-par k=4,,"{""batch_k"": 4}",batched-par,7,5,50,2,True,50,7.9972,6.2522,6.385,11.28,73.265,23.234,44.9,14.02,34.4,6.68,17.96,5.61,13.76,2.67,0.0,0.0,626.2,65.25,62,2,2,0,0,12,8,1,8,0,0.0,0.0,8.11,30.89,0.0,0,3,3,0,0,0,0,121,,0.01
main,batched+place,,{},batched+place,5,5,50,2,True,50,13.0292,3.8375,5.7934,11.822,84.84,28.999,31.48,19.7,17.39,31.43,20.51,12.83,11.33,20.47,0.0,0.0,589.3,37.69,60,4,2,2,0,9,9,0,9,13,0.0,0.0,54.29,276.79,0.0,0,0,4,0,0,0,0,121,,0.05
queue,batched-par k=4,,"{""batch_k"": 4}",batched-par,9,5,50,2,True,50,9.4045,5.3166,5.5943,10.517,75.556,22.493,55.15,17.7,22.16,4.99,25.93,8.32,10.42,2.35,0.0,0.0,544.6,48.26,55,2,2,4,0,6,5,1,5,0,0.0,0.0,9.39,38.9,0.0,0,0,2,0,0,0,0,115,,0.01
queue,batched-par k=4,,"{""batch_k"": 4}",batched-par,8,5,50,2,True,50,10.1731,4.9149,5.1336,11.307,112.856,27.945,46.25,22.0,23.78,7.97,23.52,11.19,12.1,4.05,0.0,0.0,624.5,51.15,64,4,2,4,0,12,9,1,9,0,0.0,0.0,9.88,40.86,0.0,0,2,4,0,0,0,0,128,,0.01
main,batched+place,,{},batched+place,8,5,50,2,True,50,8.8396,5.6564,5.7787,11.034,62.416,19.571,53.22,11.42,25.48,9.87,23.52,5.05,11.26,4.36,0.0,0.0,610.4,57.54,63,6,2,1,0,9,9,0,9,7,0.0,0.0,9.42,39.79,0.0,0,0,6,0,0,0,0,123,,0.04
main,serial,,{},serial,0,5,50,2,True,50,17.4659,2.8627,4.184,19.806,147.577,49.429,25.61,24.39,22.77,27.23,22.36,21.3,19.89,23.78,0.0,0.0,645.4,30.8,63,0,1,1,2,13,12,1,12,0,0.0,0.0,43.48,245.27,0.0,0,0,0,0,0,0,0,127,,0.01
main,serial,,{},serial,1,5,50,2,True,50,13.8991,3.5974,4.5441,23.435,96.304,38.832,35.2,16.72,29.85,18.24,24.46,11.62,20.74,12.68,0.0,0.0,635.6,38.11,62,0,1,0,0,12,9,3,9,0,0.0,0.0,20.35,147.8,0.0,0,0,0,0,0,0,0,124,,0.01
main,serial,,{},serial,3,5,50,2,True,50,12.2944,4.0669,4.0991,35.096,98.123,47.499,31.46,23.23,41.16,4.15,19.34,14.28,25.3,2.55,0.0,0.0,688.6,46.67,67,0,1,6,0,17,16,1,16,0,0.0,0.0,9.11,40.18,0.0,0,0,0,0,0,0,0,140,,0.01
main,serial,,{},serial,2,5,50,2,True,50,10.7333,4.6584,5.2145,20.614,75.737,28.197,43.42,10.85,32.94,12.8,23.3,5.82,17.68,6.87,0.0,0.0,533.1,41.39,53,0,1,1,0,3,3,0,3,0,0.0,0.0,11.41,88.22,0.0,0,0,0,0,0,0,0,107,,0.01
main,serial,,{},serial,4,5,50,2,True,50,10.7363,4.6571,4.7118,25.673,90.767,36.952,39.49,15.59,41.77,3.14,21.2,8.37,22.43,1.69,0.0,0.0,608.5,47.23,61,0,1,2,1,11,10,1,10,0,0.0,0.0,7.68,30.39,0.0,0,0,0,0,0,0,0,124,,0.01
main,serial,,{},serial,6,5,50,2,True,50,13.2235,3.7811,4.1756,25.847,156.463,42.874,33.43,22.94,31.09,12.53,22.11,15.17,20.56,8.28,0.0,0.0,630.3,39.72,62,0,1,2,2,12,10,2,10,0,0.0,0.0,14.01,103.49,0.0,0,0,0,0,0,0,0,126,,0.01
main,serial,,{},serial,8,5,50,2,True,50,11.2084,4.4609,4.642,23.534,103.425,34.658,41.98,15.47,36.07,6.49,23.52,8.67,20.21,3.64,0.0,0.0,616.5,45.83,59,0,1,3,0,9,9,0,9,0,0.0,0.0,8.11,34.58,0.0,0,0,0,0,0,0,0,121,,0.01
main,serial,,{},serial,5,5,50,2,True,50,12.6842,3.9419,4.5902,22.794,84.774,41.833,32.33,21.79,33.18,12.7,20.51,13.82,21.04,8.05,0.0,0.0,603.7,39.66,60,0,1,3,2,10,9,1,9,0,0.0,0.0,12.22,85.41,0.0,0,0,0,0,0,0,0,123,,0.01
main,serial,,{},serial,9,5,50,2,True,50,15.6696,3.1909,4.4933,23.517,85.021,39.659,33.1,17.08,25.1,24.72,25.93,13.38,19.67,19.37,0.0,0.0,568.9,30.26,56,0,1,4,1,6,5,1,5,0,0.0,0.0,43.54,265.38,0.0,0,0,0,0,0,0,0,116,,0.01
main,serial,,{},serial,7,5,50,2,True,50,10.4452,4.7869,5.0039,29.544,102.175,38.844,34.38,10.3,51.68,3.64,17.96,5.38,26.99,1.9,0.0,0.0,593.6,47.36,58,0,1,0,0,8,8,0,8,0,0.0,0.0,7.16,25.6,0.0,0,0,0,0,0,0,0,116,,0.01
queue,batched k=16,,"{""batch_k"": 16}",batched,4,5,50,2,True,50,8.8695,5.6373,5.9206,11.682,82.989,25.592,47.81,17.89,30.2,4.1,21.2,7.93,13.39,1.82,0.0,0.0,629.6,59.15,63,6,2,2,1,13,10,1,10,0,0.0,0.0,10.34,47.12,0.0,0,1,8,0,0,0,0,126,,0.04
main,beanstalk,,{},beanstalk,1,5,50,2,True,50,9.7976,5.1033,7.977,43.079,140.607,58.102,49.93,20.3,0.38,29.39,24.46,9.94,0.19,14.4,1.69,7.1,604.4,51.41,59,0,2,2,0,37,9,0,9,2,90.62,63.07,51.3,179.9,134.7,3,0,0,2,2,7,57,181,,0.01
main,beanstalk,,{},beanstalk,2,5,50,2,True,50,6.427,7.7797,7.5953,15.696,118.176,41.754,72.51,13.43,0.51,13.54,23.3,4.32,0.17,4.35,0.69,2.21,525.5,68.14,53,0,2,1,0,25,3,0,3,2,88.93,75.25,31.04,126.69,87.4,2,0,0,3,3,1,50,161,,0.01
main,beanstalk,,{},beanstalk,0,5,50,2,True,50,11.8392,4.2232,3.7013,108.668,281.728,113.617,37.78,34.62,0.34,27.26,22.36,20.49,0.2,16.14,0.0,12.96,619.1,43.58,62,0,2,4,1,39,12,0,12,6,147.66,88.2,89.56,285.49,373.7,4,0,0,5,5,7,57,194,,0.01
main,beanstalk,,{},beanstalk,4,5,50,2,True,50,7.7504,6.4512,10.8554,139.051,209.11,125.986,54.71,18.86,0.49,25.94,21.2,7.31,0.19,10.05,0.6,9.29,560.6,60.27,56,0,2,2,2,47,10,0,10,1,98.78,60.05,95.01,209.12,186.4,3,0,0,4,4,6,52,180,,0.01
main,beanstalk,,{},beanstalk,5,5,50,2,True,50,14.541,3.4385,4.527,277.898,430.517,219.682,28.2,19.95,0.27,51.58,20.51,14.5,0.19,37.5,0.0,16.35,519.1,29.75,52,0,2,3,0,37,9,0,9,6,278.48,74.32,142.5,432.05,293.4,3,0,0,2,2,8,50,176,,0.01
main,beanstalk,,{},beanstalk,3,5,50,2,True,50,7.9627,6.2793,6.0086,92.095,254.751,113.744,48.57,28.32,0.54,22.58,19.34,11.27,0.21,8.99,0.0,8.26,601.9,62.99,60,0,2,4,0,49,15,0,15,4,102.6,56.63,93.54,264.11,193.5,4,0,0,5,5,10,55,198,,0.01
main,beanstalk,,{},beanstalk,8,5,50,2,True,50,6.7982,7.3549,7.8102,31.257,114.861,45.711,69.21,13.19,0.54,17.06,23.52,4.48,0.18,5.8,0.0,1.02,559.1,68.53,55,0,2,0,0,30,9,0,9,6,65.71,52.37,32.07,119.42,73.6,3,0,0,4,5,5,50,173,,0.01
main,beanstalk,,{},beanstalk,7,5,50,2,True,50,7.7819,6.4252,5.5069,152.413,227.988,130.268,46.15,21.48,0.48,31.9,17.96,8.36,0.19,12.41,0.0,8.66,514.6,55.11,52,0,2,1,1,38,10,0,10,2,105.24,66.18,89.83,238.91,220.0,3,0,0,3,4,7,48,174,,0.01
queue,batched k=16,,"{""batch_k"": 16}",batched,9,5,50,2,True,50,9.7541,5.1261,5.4292,11.041,72.741,24.854,53.17,18.46,24.01,4.36,25.93,9.0,11.71,2.13,0.0,0.0,553.0,47.25,57,5,2,4,1,7,5,1,5,0,0.0,0.0,10.94,55.74,0.0,0,1,5,0,0,0,0,117,,0.04
main,beanstalk,,{},beanstalk,6,5,50,2,True,50,15.5987,3.2054,6.3422,124.256,269.671,119.631,28.34,21.48,0.25,49.92,22.11,16.75,0.2,38.94,0.0,16.93,570.0,30.45,56,0,2,5,1,37,10,0,10,6,153.15,92.66,99.78,277.88,330.7,3,0,0,1,1,9,55,186,,0.01
main,beanstalk,,{},beanstalk,9,5,50,2,True,50,7.5059,6.6614,7.4069,51.287,135.672,61.76,69.1,12.05,0.47,18.39,25.93,4.52,0.17,6.9,0.0,4.29,465.2,51.65,47,0,2,1,1,29,5,0,5,9,134.01,65.96,47.41,135.0,113.6,2,0,0,0,0,5,47,159,,0.01
main,beanstalk-noplace,,{},beanstalk-noplace,1,5,50,2,True,50,10.4192,4.7988,8.2601,58.882,109.208,57.434,46.95,18.64,0.36,34.05,24.46,9.71,0.19,17.74,0.84,3.3,560.9,44.86,56,0,2,2,1,34,9,0,9,0,94.22,67.83,52.46,183.02,95.9,3,0,0,2,2,7,54,178,,0.01
main,beanstalk-noplace,,{},beanstalk-noplace,0,5,50,2,True,50,12.3729,4.0411,4.3131,160.562,249.09,142.949,36.15,25.33,0.31,38.21,22.36,15.67,0.19,23.64,0.0,11.29,594.9,40.07,58,0,2,1,1,37,12,0,12,0,137.86,84.84,100.51,260.28,357.9,3,0,0,5,6,7,52,184,,0.01
main,beanstalk-noplace,,{},beanstalk-noplace,2,5,50,2,True,50,7.4715,6.6921,8.0054,11.496,94.975,28.223,62.37,15.58,0.45,21.59,23.3,5.82,0.17,8.07,0.0,0.54,525.0,58.56,53,0,2,1,0,10,3,0,3,0,79.75,70.1,20.32,94.75,41.9,2,0,0,4,4,1,49,161,,0.01
main,beanstalk-noplace,,{},beanstalk-noplace,3,5,50,2,True,50,9.2216,5.422,5.9595,83.043,320.135,124.843,41.94,32.64,0.48,24.94,19.34,15.05,0.22,11.5,0.0,9.53,650.5,58.78,64,0,2,7,1,51,15,0,15,0,78.16,55.42,104.15,314.77,186.4,4,0,0,5,5,10,59,208,,0.01
main,beanstalk-noplace,,{},beanstalk-noplace,4,5,50,2,True,50,7.771,6.4342,6.3971,63.841,119.773,61.744,54.56,18.31,0.5,26.63,21.2,7.11,0.19,10.35,0.0,7.32,573.7,61.52,58,0,2,2,2,38,10,0,10,0,93.09,60.16,41.22,129.14,178.8,3,0,0,4,4,6,54,182,,0.01
main,beanstalk-noplace,,{},beanstalk-noplace,5,5,50,2,True,50,14.0701,3.5536,10.2081,50.579,277.538,80.014,29.15,31.39,0.29,39.17,20.51,22.08,0.2,27.56,0.0,22.35,529.3,31.35,53,0,2,6,1,32,9,0,9,0,271.18,77.3,83.04,274.49,298.7,3,0,0,1,1,8,52,183,,0.01
main,beanstalk-noplace,,{},beanstalk-noplace,8,5,50,2,True,50,8.0696,6.1961,10.0575,66.09,175.76,79.921,58.3,29.06,0.48,12.15,23.52,11.73,0.19,4.9,0.0,0.98,577.1,59.6,58,0,2,4,0,36,9,0,9,0,71.66,53.33,49.21,173.6,70.1,2,0,0,4,4,5,54,184,,0.01
main,beanstalk-noplace,,{},beanstalk-noplace,7,5,50,2,True,50,6.804,7.3486,9.795,73.556,126.554,67.952,52.78,15.81,0.52,30.89,17.96,5.38,0.18,10.51,0.0,5.8,473.3,57.97,48,0,2,0,0,33,8,0,8,0,95.37,56.28,42.95,131.22,110.6,2,0,0,1,1,7,47,164,,0.01
queue,batched-par k=4,,"{""batch_k"": 4}",batched-par,2,5,50,2,True,50,9.7102,5.1492,5.7566,10.92,81.391,21.75,47.99,16.01,21.32,14.67,23.3,7.77,10.35,7.12,2.07,0.0,578.2,49.62,56,1,2,1,0,6,3,3,3,0,0.0,0.0,12.63,87.5,0.0,0,0,1,0,0,0,0,113,,0.04
main,beanstalk-noplace,,{},beanstalk-noplace,6,5,50,2,True,50,10.1401,4.9309,6.2649,121.824,225.468,123.748,43.6,25.62,0.37,30.41,22.11,12.99,0.19,15.42,0.33,14.92,581.5,47.79,57,0,2,1,2,45,10,0,10,0,156.44,91.82,88.34,230.55,342.8,4,0,0,1,1,9,56,179,,0.01
main,beanstalk-noplace,,{},beanstalk-noplace,9,5,50,2,True,50,7.823,6.3914,8.3666,67.359,136.437,67.218,66.3,13.11,0.46,20.14,25.93,5.13,0.18,7.88,0.0,5.2,508.5,54.16,51,0,2,2,1,34,5,0,5,0,135.0,68.06,46.74,135.76,132.7,2,0,0,0,0,5,51,165,,0.01
queue,batched k=1,,"{""batch_k"": 1}",batched,0,5,50,2,True,50,11.9992,4.167,5.0861,10.871,122.245,30.71,37.27,22.24,20.42,20.07,22.36,13.34,12.25,12.04,3.3,0.0,685.5,47.61,71,8,2,0,2,13,12,1,12,0,0.0,0.0,25.37,164.64,0.0,0,0,8,0,0,0,0,134,,0.01
queue,batched k=1,,"{""batch_k"": 1}",batched,4,5,50,2,True,50,8.874,5.6344,5.9547,13.019,79.526,25.369,47.78,16.83,30.81,4.57,21.2,7.47,13.67,2.03,0.0,0.0,690.8,64.87,68,5,2,1,1,12,10,2,10,0,0.0,0.0,9.13,36.77,0.0,0,0,6,0,0,0,0,131,,0.01
queue,batched k=1,,"{""batch_k"": 1}",batched,2,5,50,2,True,50,9.4645,5.2829,5.9959,10.879,82.536,20.612,49.24,14.31,21.98,14.46,23.3,6.77,10.4,6.84,0.0,0.0,573.1,50.46,57,3,2,1,0,4,3,1,3,0,0.0,0.0,11.8,81.88,0.0,0,0,3,0,0,0,0,112,,0.01
queue,batched k=1,,"{""batch_k"": 1}",batched,3,5,50,2,True,50,9.4272,5.3038,5.3691,13.83,79.5,30.862,41.02,24.94,29.62,4.41,19.34,11.76,13.96,2.08,0.95,0.0,722.3,63.85,73,7,2,6,0,14,14,0,14,0,0.0,0.0,9.8,33.85,0.0,0,0,9,0,0,0,0,143,,0.01
queue,batched k=1,,"{""batch_k"": 1}",batched,1,5,50,2,True,50,11.6887,4.2776,5.6741,11.088,81.204,24.96,41.85,15.39,20.2,22.56,24.46,8.99,11.81,13.18,0.0,0.0,631.7,45.04,64,4,2,2,1,9,9,0,9,0,0.0,0.0,30.53,186.28,0.0,0,0,5,0,0,0,0,125,,0.01
queue,batched k=1,,"{""batch_k"": 1}",batched,5,5,50,2,True,50,11.5843,4.3162,5.3954,12.469,74.436,31.467,35.4,23.04,22.24,19.32,20.51,13.34,12.88,11.19,0.0,0.0,653.5,47.01,66,7,2,3,1,9,9,0,9,0,0.0,0.0,19.92,128.44,0.0,0,0,7,0,0,0,0,128,,0.01
queue,batched k=1,,"{""batch_k"": 1}",batched,7,5,50,2,True,50,8.1319,6.1486,6.349,15.083,77.667,25.184,44.16,17.88,33.74,4.22,17.96,7.27,13.72,1.72,0.0,0.0,674.7,69.14,71,9,2,1,0,11,8,3,8,0,0.0,0.0,8.82,31.76,0.0,0,0,10,0,0,0,0,133,,0.01
queue,batched k=1,,"{""batch_k"": 1}",batched,6,5,50,2,True,50,10.9429,4.5692,5.0165,11.554,149.161,31.93,40.4,26.6,22.04,10.97,22.11,14.55,12.06,6.0,0.0,0.0,665.9,50.71,70,7,2,1,1,12,10,2,10,0,0.0,0.0,12.37,61.46,0.0,0,0,8,0,0,0,0,133,,0.01
queue,batched k=1,,"{""batch_k"": 1}",batched,8,5,50,2,True,50,9.6935,5.1581,5.2386,11.588,92.204,26.309,48.54,20.76,24.47,6.23,23.52,10.06,11.86,3.02,0.0,0.0,631.2,54.26,66,7,2,3,0,9,9,0,9,0,0.0,0.0,8.74,32.22,0.0,0,0,7,0,0,0,0,128,,0.01
queue,batched k=1,,"{""batch_k"": 1}",batched,9,5,50,2,True,50,9.5566,5.232,5.7665,11.237,65.583,23.377,54.27,17.4,23.37,4.96,25.93,8.31,11.17,2.37,0.0,0.0,605.5,52.8,61,3,2,4,0,7,5,2,5,0,0.0,0.0,9.11,32.59,0.0,0,0,4,0,0,0,0,122,,0.01
queue,batched-par k=1,,"{""batch_k"": 1}",batched-par,0,5,50,2,True,50,11.86,4.2158,5.2067,11.314,116.179,30.915,37.71,23.64,19.8,18.85,22.36,14.02,11.74,11.18,0.0,0.0,669.1,47.02,66,4,2,1,2,12,12,0,12,0,0.0,0.0,22.14,150.54,0.0,0,0,4,0,0,0,0,129,,0.01
queue,batched-par k=1,,"{""batch_k"": 1}",batched-par,1,5,50,2,True,50,11.5995,4.3105,5.5944,10.635,88.759,24.537,42.17,15.5,19.75,22.57,24.46,8.99,11.46,13.09,0.0,0.0,606.4,43.57,62,3,2,2,1,9,9,0,9,0,0.0,0.0,28.73,175.89,0.0,0,0,3,0,0,0,0,123,,0.01
queue,batched-par k=1,,"{""batch_k"": 1}",batched-par,2,5,50,2,True,50,9.7188,5.1446,5.7568,10.92,81.683,21.792,47.95,15.99,21.38,14.68,23.3,7.77,10.39,7.13,0.0,0.0,588.8,50.49,57,1,2,1,0,6,3,3,3,0,0.0,0.0,12.75,88.58,0.0,0,0,1,0,0,0,0,114,,0.01
queue,batched-par k=1,,"{""batch_k"": 1}",batched-par,3,5,50,2,True,50,9.9484,5.0259,5.4171,13.611,83.107,34.469,38.88,31.47,26.28,3.38,19.34,15.65,13.07,1.68,0.0,0.0,713.6,59.78,72,4,2,6,0,18,16,2,16,0,0.0,0.0,9.69,37.76,0.0,0,0,4,0,0,0,0,146,,0.01
queue,batched-par k=1,,"{""batch_k"": 1}",batched-par,6,5,50,2,True,50,10.8238,4.6195,5.0814,10.781,148.667,29.262,40.85,24.0,21.06,14.09,22.11,12.99,11.4,7.63,0.0,0.0,613.3,47.22,62,2,2,1,3,10,10,0,10,0,0.0,0.0,16.25,106.77,0.0,0,0,2,0,0,0,0,123,,0.01
queue,batched-par k=1,,"{""batch_k"": 1}",batched-par,5,5,50,2,True,50,11.6642,4.2866,5.567,11.326,71.429,31.141,35.16,24.16,20.33,20.34,20.51,14.09,11.86,11.86,0.0,0.0,655.5,46.83,66,6,2,4,1,10,9,1,9,0,0.0,0.0,22.7,142.22,0.0,0,0,6,0,0,0,0,130,,0.01
queue,batched-par k=1,,"{""batch_k"": 1}",batched-par,7,5,50,2,True,50,7.5315,6.6388,6.8612,11.216,71.207,20.582,47.68,14.82,30.72,6.77,17.96,5.58,11.57,2.55,0.0,0.0,594.2,65.74,60,1,2,0,0,9,8,1,8,0,0.0,0.0,6.64,33.14,0.0,0,0,1,0,0,0,0,119,,0.01
queue,batched-par k=1,,"{""batch_k"": 1}",batched-par,8,5,50,2,True,50,9.7329,5.1372,5.2111,11.725,107.949,26.415,48.34,22.12,23.12,6.43,23.52,10.76,11.25,3.13,0.0,0.0,617.6,52.88,63,3,2,3,0,10,9,1,9,0,0.0,0.0,9.08,34.93,0.0,0,0,3,0,0,0,0,126,,0.01
queue,batched-par k=1,,"{""batch_k"": 1}",batched-par,9,5,50,2,True,50,9.5802,5.2191,5.4491,10.958,74.241,24.478,54.14,19.6,22.98,3.28,25.93,9.39,11.01,1.57,0.0,0.0,590.1,51.33,59,3,2,4,0,6,5,1,5,0,0.0,0.0,9.35,42.08,0.0,0,0,3,0,0,0,0,119,,0.01
queue,batched-par k=1,,"{""batch_k"": 1}",batched-par,4,5,50,2,True,50,9.0109,5.5488,5.6382,11.834,92.549,26.142,47.06,20.69,27.67,4.59,21.2,9.32,12.46,2.07,0.0,0.0,643.5,59.51,64,3,2,1,1,11,10,1,10,0,0.0,0.0,8.01,36.72,0.0,0,0,3,0,0,0,0,126,,0.03
